id	bf16_hex	float32_hex	n_decimal	n_hex_float	exact_numerator	exact_denominator	category	count
0	2dfc	2dfc0000	2.864908310584724e-11	0x1.f800000000000p-36	63	2199023255552	normal	1
1	2eeb	2eeb0000	1.0686562745831907e-10	0x1.d600000000000p-34	235	2199023255552	normal	1
2	2ef1	2ef10000	1.0959411156363785e-10	0x1.e200000000000p-34	241	2199023255552	normal	1
3	2f1a	2f1a0000	1.4006218407303095e-10	0x1.3400000000000p-33	77	549755813888	normal	1
4	2f1f	2f1f0000	1.446096575818956e-10	0x1.3e00000000000p-33	159	1099511627776	normal	1
5	2f2c	2f2c0000	1.5643308870494366e-10	0x1.5800000000000p-33	43	274877906944	normal	1
6	2f84	2f840000	2.4010660126805305e-10	0x1.0800000000000p-32	33	137438953472	normal	1
7	2fa2	2fa20000	2.9467628337442875e-10	0x1.4400000000000p-32	81	274877906944	normal	1
8	2fb7	2fb70000	3.3287506084889174e-10	0x1.6e00000000000p-32	183	549755813888	normal	1
9	3003	30030000	4.765752237290144e-10	0x1.0600000000000p-31	131	274877906944	normal	1
10	3024	30240000	5.966285243630409e-10	0x1.4800000000000p-31	41	68719476736	normal	1
11	3044	30440000	7.130438461899757e-10	0x1.8800000000000p-31	49	68719476736	normal	1
12	304b	304b0000	7.385096978396177e-10	0x1.9600000000000p-31	203	274877906944	normal	1
13	3052	30520000	7.639755494892597e-10	0x1.a400000000000p-31	105	137438953472	normal	1
14	306c	306c0000	8.585629984736443e-10	0x1.d800000000000p-31	59	68719476736	normal	1
15	3080	30800000	9.313225746154785e-10	0x1.0000000000000p-30	1	1073741824	normal	1
16	309b	309b0000	1.127773430198431e-09	0x1.3600000000000p-30	155	137438953472	normal	1
17	309d	309d0000	1.1423253454267979e-09	0x1.3a00000000000p-30	157	137438953472	normal	1
18	30a0	30a00000	1.1641532182693481e-09	0x1.4000000000000p-30	5	4294967296	normal	1
19	30a8	30a80000	1.2223608791828156e-09	0x1.5000000000000p-30	21	17179869184	normal	1
20	30b3	30b30000	1.3023964129388332e-09	0x1.6600000000000p-30	179	137438953472	normal	1
21	30b6	30b60000	1.3242242857813835e-09	0x1.6c00000000000p-30	91	68719476736	normal	1
22	30b8	30b80000	1.3387762010097504e-09	0x1.7000000000000p-30	23	17179869184	normal	1
23	30b9	30b90000	1.3460521586239338e-09	0x1.7200000000000p-30	185	137438953472	normal	1
24	30be	30be0000	1.382431946694851e-09	0x1.7c00000000000p-30	95	68719476736	normal	1
25	30c0	30c00000	1.3969838619232178e-09	0x1.8000000000000p-30	3	2147483648	normal	1
26	30cc	30cc0000	1.4842953532934189e-09	0x1.9800000000000p-30	51	34359738368	normal	1
27	30d0	30d00000	1.5133991837501526e-09	0x1.a000000000000p-30	13	8589934592	normal	1
28	30d1	30d10000	1.520675141364336e-09	0x1.a200000000000p-30	209	137438953472	normal	1
29	30d7	30d70000	1.5643308870494366e-09	0x1.ae00000000000p-30	215	137438953472	normal	1
30	30d8	30d80000	1.57160684466362e-09	0x1.b000000000000p-30	27	17179869184	normal	1
31	30e0	30e00000	1.6298145055770874e-09	0x1.c000000000000p-30	7	4294967296	normal	1
32	30e2	30e20000	1.6443664208054543e-09	0x1.c400000000000p-30	113	68719476736	normal	1
33	30ec	30ec0000	1.7171259969472885e-09	0x1.d800000000000p-30	59	34359738368	normal	1
34	30fa	30fa0000	1.8189894035458565e-09	0x1.f400000000000p-30	125	68719476736	normal	1
35	3104	31040000	1.9208528101444244e-09	0x1.0800000000000p-29	33	17179869184	normal	1
36	3107	31070000	1.964508555829525e-09	0x1.0e00000000000p-29	135	68719476736	normal	1
37	310c	310c0000	2.0372681319713593e-09	0x1.1800000000000p-29	35	17179869184	normal	1
38	310e	310e0000	2.066371962428093e-09	0x1.1c00000000000p-29	71	34359738368	normal	1
39	3117	31170000	2.1973391994833946e-09	0x1.2e00000000000p-29	151	68719476736	normal	1
40	311a	311a0000	2.240994945168495e-09	0x1.3400000000000p-29	77	34359738368	normal	2
41	311f	311f0000	2.3137545213103294e-09	0x1.3e00000000000p-29	159	68719476736	normal	1
42	3124	31240000	2.3865140974521637e-09	0x1.4800000000000p-29	41	17179869184	normal	1
43	3125	31250000	2.4010660126805305e-09	0x1.4a00000000000p-29	165	68719476736	normal	1
44	312b	312b0000	2.4883775040507317e-09	0x1.5600000000000p-29	171	68719476736	normal	2
45	3137	31370000	2.663000486791134e-09	0x1.6e00000000000p-29	183	68719476736	normal	1
46	3138	31380000	2.6775524020195007e-09	0x1.7000000000000p-29	23	8589934592	normal	1
47	313a	313a0000	2.7066562324762344e-09	0x1.7400000000000p-29	93	34359738368	normal	1
48	313f	313f0000	2.7794158086180687e-09	0x1.7e00000000000p-29	191	68719476736	normal	1
49	3144	31440000	2.852175384759903e-09	0x1.8800000000000p-29	49	17179869184	normal	1
50	314b	314b0000	2.954038791358471e-09	0x1.9600000000000p-29	203	68719476736	normal	2
51	3153	31530000	3.0704541131854057e-09	0x1.a600000000000p-29	211	68719476736	normal	1
52	3154	31540000	3.0850060284137726e-09	0x1.a800000000000p-29	53	17179869184	normal	1
53	3157	31570000	3.128661774098873e-09	0x1.ae00000000000p-29	215	68719476736	normal	1
54	3159	31590000	3.157765604555607e-09	0x1.b200000000000p-29	217	68719476736	normal	1
55	315f	315f0000	3.245077095925808e-09	0x1.be00000000000p-29	223	68719476736	normal	1
56	3160	31600000	3.259629011154175e-09	0x1.c000000000000p-29	7	2147483648	normal	1
57	3162	31620000	3.2887328416109085e-09	0x1.c400000000000p-29	113	34359738368	normal	1
58	3165	31650000	3.332388587296009e-09	0x1.ca00000000000p-29	229	68719476736	normal	1
59	3166	31660000	3.346940502524376e-09	0x1.cc00000000000p-29	115	34359738368	normal	1
60	3169	31690000	3.3905962482094765e-09	0x1.d200000000000p-29	233	68719476736	normal	1
61	316c	316c0000	3.434251993894577e-09	0x1.d800000000000p-29	59	17179869184	normal	1
62	316e	316e0000	3.4633558243513107e-09	0x1.dc00000000000p-29	119	34359738368	normal	1
63	3170	31700000	3.4924596548080444e-09	0x1.e000000000000p-29	15	4294967296	normal	1
64	3173	31730000	3.536115400493145e-09	0x1.e600000000000p-29	243	68719476736	normal	1
65	3175	31750000	3.5652192309498787e-09	0x1.ea00000000000p-29	245	68719476736	normal	1
66	317b	317b0000	3.65253072232008e-09	0x1.f600000000000p-29	251	68719476736	normal	1
67	3184	31840000	3.841705620288849e-09	0x1.0800000000000p-28	33	8589934592	normal	1
68	3185	31850000	3.8708094507455826e-09	0x1.0a00000000000p-28	133	34359738368	normal	1
69	3188	31880000	3.958120942115784e-09	0x1.1000000000000p-28	17	4294967296	normal	1
70	3189	31890000	3.987224772572517e-09	0x1.1200000000000p-28	137	34359738368	normal	2
71	318c	318c0000	4.0745362639427185e-09	0x1.1800000000000p-28	35	8589934592	normal	1
72	318e	318e0000	4.132743924856186e-09	0x1.1c00000000000p-28	71	17179869184	normal	1
73	3192	31920000	4.249159246683121e-09	0x1.2400000000000p-28	73	17179869184	normal	1
74	3194	31940000	4.307366907596588e-09	0x1.2800000000000p-28	37	8589934592	normal	1
75	3195	31950000	4.336470738053322e-09	0x1.2a00000000000p-28	149	34359738368	normal	1
76	3196	31960000	4.3655745685100555e-09	0x1.2c00000000000p-28	75	17179869184	normal	1
77	3198	31980000	4.423782229423523e-09	0x1.3000000000000p-28	19	4294967296	normal	2
78	319a	319a0000	4.48198989033699e-09	0x1.3400000000000p-28	77	17179869184	normal	1
79	319c	319c0000	4.540197551250458e-09	0x1.3800000000000p-28	39	8589934592	normal	1
80	319e	319e0000	4.598405212163925e-09	0x1.3c00000000000p-28	79	17179869184	normal	1
81	31a5	31a50000	4.802132025361061e-09	0x1.4a00000000000p-28	165	34359738368	normal	1
82	31a9	31a90000	4.918547347187996e-09	0x1.5200000000000p-28	169	34359738368	normal	1
83	31aa	31aa0000	4.94765117764473e-09	0x1.5400000000000p-28	85	17179869184	normal	1
84	31af	31af0000	5.093170329928398e-09	0x1.5e00000000000p-28	175	34359738368	normal	1
85	31b6	31b60000	5.296897143125534e-09	0x1.6c00000000000p-28	91	17179869184	normal	1
86	31bf	31bf0000	5.558831617236137e-09	0x1.7e00000000000p-28	191	34359738368	normal	2
87	31c0	31c00000	5.587935447692871e-09	0x1.8000000000000p-28	3	536870912	normal	1
88	31c4	31c40000	5.704350769519806e-09	0x1.8800000000000p-28	49	8589934592	normal	1
89	31c5	31c50000	5.73345459997654e-09	0x1.8a00000000000p-28	197	34359738368	normal	1
90	31c6	31c60000	5.762558430433273e-09	0x1.8c00000000000p-28	99	17179869184	normal	1
91	31cb	31cb0000	5.908077582716942e-09	0x1.9600000000000p-28	203	34359738368	normal	1
92	31cc	31cc0000	5.9371814131736755e-09	0x1.9800000000000p-28	51	8589934592	normal	3
93	31cd	31cd0000	5.966285243630409e-09	0x1.9a00000000000p-28	205	34359738368	normal	1
94	31cf	31cf0000	6.024492904543877e-09	0x1.9e00000000000p-28	207	34359738368	normal	1
95	31d0	31d00000	6.05359673500061e-09	0x1.a000000000000p-28	13	2147483648	normal	2
96	31d3	31d30000	6.1409082263708115e-09	0x1.a600000000000p-28	211	34359738368	normal	1
97	31da	31da0000	6.344635039567947e-09	0x1.b400000000000p-28	109	17179869184	normal	1
98	31db	31db0000	6.373738870024681e-09	0x1.b600000000000p-28	219	34359738368	normal	1
99	31dc	31dc0000	6.402842700481415e-09	0x1.b800000000000p-28	55	8589934592	normal	1
100	31de	31de0000	6.461050361394882e-09	0x1.bc00000000000p-28	111	17179869184	normal	1
101	31df	31df0000	6.490154191851616e-09	0x1.be00000000000p-28	223	34359738368	normal	1
102	31e2	31e20000	6.577465683221817e-09	0x1.c400000000000p-28	113	17179869184	normal	3
103	31e5	31e50000	6.664777174592018e-09	0x1.ca00000000000p-28	229	34359738368	normal	1
104	31e6	31e60000	6.693881005048752e-09	0x1.cc00000000000p-28	115	17179869184	normal	1
105	31e9	31e90000	6.781192496418953e-09	0x1.d200000000000p-28	233	34359738368	normal	1
106	31ea	31ea0000	6.810296326875687e-09	0x1.d400000000000p-28	117	17179869184	normal	1
107	31f0	31f00000	6.984919309616089e-09	0x1.e000000000000p-28	15	2147483648	normal	2
108	31f6	31f60000	7.159542292356491e-09	0x1.ec00000000000p-28	123	17179869184	normal	1
109	31f9	31f90000	7.246853783726692e-09	0x1.f200000000000p-28	249	34359738368	normal	1
110	31fa	31fa0000	7.275957614183426e-09	0x1.f400000000000p-28	125	17179869184	normal	1
111	31fc	31fc0000	7.334165275096893e-09	0x1.f800000000000p-28	63	8589934592	normal	1
112	31fd	31fd0000	7.363269105553627e-09	0x1.fa00000000000p-28	253	34359738368	normal	1
113	31fe	31fe0000	7.392372936010361e-09	0x1.fc00000000000p-28	127	17179869184	normal	3
114	3200	32000000	7.450580596923828e-09	0x1.0000000000000p-27	1	134217728	normal	2
115	3202	32020000	7.566995918750763e-09	0x1.0400000000000p-27	65	8589934592	normal	1
116	3203	32030000	7.62520357966423e-09	0x1.0600000000000p-27	131	17179869184	normal	2
117	3204	32040000	7.683411240577698e-09	0x1.0800000000000p-27	33	4294967296	normal	3
118	3205	32050000	7.741618901491165e-09	0x1.0a00000000000p-27	133	17179869184	normal	1
119	3206	32060000	7.799826562404633e-09	0x1.0c00000000000p-27	67	8589934592	normal	2
120	3207	32070000	7.8580342233181e-09	0x1.0e00000000000p-27	135	17179869184	normal	3
121	3208	32080000	7.916241884231567e-09	0x1.1000000000000p-27	17	2147483648	normal	1
122	3209	32090000	7.974449545145035e-09	0x1.1200000000000p-27	137	17179869184	normal	2
123	320a	320a0000	8.032657206058502e-09	0x1.1400000000000p-27	69	8589934592	normal	1
124	320c	320c0000	8.149072527885437e-09	0x1.1800000000000p-27	35	4294967296	normal	1
125	320d	320d0000	8.207280188798904e-09	0x1.1a00000000000p-27	141	17179869184	normal	1
126	3211	32110000	8.440110832452774e-09	0x1.2200000000000p-27	145	17179869184	normal	1
127	3212	32120000	8.498318493366241e-09	0x1.2400000000000p-27	73	8589934592	normal	1
128	3214	32140000	8.614733815193176e-09	0x1.2800000000000p-27	37	4294967296	normal	3
129	3216	32160000	8.731149137020111e-09	0x1.2c00000000000p-27	75	8589934592	normal	1
130	3217	32170000	8.789356797933578e-09	0x1.2e00000000000p-27	151	17179869184	normal	1
131	3219	32190000	8.905772119760513e-09	0x1.3200000000000p-27	153	17179869184	normal	2
132	321c	321c0000	9.080395102500916e-09	0x1.3800000000000p-27	39	4294967296	normal	2
133	321e	321e0000	9.19681042432785e-09	0x1.3c00000000000p-27	79	8589934592	normal	1
134	321f	321f0000	9.255018085241318e-09	0x1.3e00000000000p-27	159	17179869184	normal	1
135	3220	32200000	9.313225746154785e-09	0x1.4000000000000p-27	5	536870912	normal	1
136	3221	32210000	9.371433407068253e-09	0x1.4200000000000p-27	161	17179869184	normal	1
137	3222	32220000	9.42964106798172e-09	0x1.4400000000000p-27	81	8589934592	normal	1
138	3227	32270000	9.720679372549057e-09	0x1.4e00000000000p-27	167	17179869184	normal	1
139	3228	32280000	9.778887033462524e-09	0x1.5000000000000p-27	21	2147483648	normal	1
140	322d	322d0000	1.0069925338029861e-08	0x1.5a00000000000p-27	173	17179869184	normal	2
141	322f	322f0000	1.0186340659856796e-08	0x1.5e00000000000p-27	175	17179869184	normal	1
142	3230	32300000	1.0244548320770264e-08	0x1.6000000000000p-27	11	1073741824	normal	1
143	3232	32320000	1.0360963642597198e-08	0x1.6400000000000p-27	89	8589934592	normal	1
144	3233	32330000	1.0419171303510666e-08	0x1.6600000000000p-27	179	17179869184	normal	2
145	3234	32340000	1.0477378964424133e-08	0x1.6800000000000p-27	45	4294967296	normal	1
146	3235	32350000	1.05355866253376e-08	0x1.6a00000000000p-27	181	17179869184	normal	1
147	3236	32360000	1.0593794286251068e-08	0x1.6c00000000000p-27	91	8589934592	normal	1
148	3237	32370000	1.0652001947164536e-08	0x1.6e00000000000p-27	183	17179869184	normal	1
149	3238	32380000	1.0710209608078003e-08	0x1.7000000000000p-27	23	2147483648	normal	1
150	323c	323c0000	1.0943040251731873e-08	0x1.7800000000000p-27	47	4294967296	normal	2
151	323e	323e0000	1.1059455573558807e-08	0x1.7c00000000000p-27	95	8589934592	normal	2
152	323f	323f0000	1.1117663234472275e-08	0x1.7e00000000000p-27	191	17179869184	normal	1
153	3240	32400000	1.1175870895385742e-08	0x1.8000000000000p-27	3	268435456	normal	1
154	3241	32410000	1.123407855629921e-08	0x1.8200000000000p-27	193	17179869184	normal	2
155	3243	32430000	1.1350493878126144e-08	0x1.8600000000000p-27	195	17179869184	normal	2
156	3244	32440000	1.1408701539039612e-08	0x1.8800000000000p-27	49	4294967296	normal	1
157	3245	32450000	1.146690919995308e-08	0x1.8a00000000000p-27	197	17179869184	normal	1
158	3246	32460000	1.1525116860866547e-08	0x1.8c00000000000p-27	99	8589934592	normal	2
159	3248	32480000	1.1641532182693481e-08	0x1.9000000000000p-27	25	2147483648	normal	2
160	3249	32490000	1.1699739843606949e-08	0x1.9200000000000p-27	201	17179869184	normal	1
161	324a	324a0000	1.1757947504520416e-08	0x1.9400000000000p-27	101	8589934592	normal	1
162	324b	324b0000	1.1816155165433884e-08	0x1.9600000000000p-27	203	17179869184	normal	1
163	324c	324c0000	1.1874362826347351e-08	0x1.9800000000000p-27	51	4294967296	normal	4
164	324d	324d0000	1.1932570487260818e-08	0x1.9a00000000000p-27	205	17179869184	normal	1
165	324f	324f0000	1.2048985809087753e-08	0x1.9e00000000000p-27	207	17179869184	normal	3
166	3250	32500000	1.210719347000122e-08	0x1.a000000000000p-27	13	1073741824	normal	1
167	3252	32520000	1.2223608791828156e-08	0x1.a400000000000p-27	105	8589934592	normal	5
168	3253	32530000	1.2281816452741623e-08	0x1.a600000000000p-27	211	17179869184	normal	1
169	3254	32540000	1.234002411365509e-08	0x1.a800000000000p-27	53	4294967296	normal	1
170	3255	32550000	1.2398231774568558e-08	0x1.aa00000000000p-27	213	17179869184	normal	2
171	3256	32560000	1.2456439435482025e-08	0x1.ac00000000000p-27	107	8589934592	normal	3
172	3257	32570000	1.2514647096395493e-08	0x1.ae00000000000p-27	215	17179869184	normal	1
173	3258	32580000	1.257285475730896e-08	0x1.b000000000000p-27	27	2147483648	normal	2
174	3259	32590000	1.2631062418222427e-08	0x1.b200000000000p-27	217	17179869184	normal	1
175	325b	325b0000	1.2747477740049362e-08	0x1.b600000000000p-27	219	17179869184	normal	2
176	325d	325d0000	1.2863893061876297e-08	0x1.ba00000000000p-27	221	17179869184	normal	2
177	325e	325e0000	1.2922100722789764e-08	0x1.bc00000000000p-27	111	8589934592	normal	1
178	3262	32620000	1.3154931366443634e-08	0x1.c400000000000p-27	113	8589934592	normal	1
179	3263	32630000	1.3213139027357101e-08	0x1.c600000000000p-27	227	17179869184	normal	1
180	3266	32660000	1.3387762010097504e-08	0x1.cc00000000000p-27	115	8589934592	normal	1
181	3269	32690000	1.3562384992837906e-08	0x1.d200000000000p-27	233	17179869184	normal	1
182	326a	326a0000	1.3620592653751373e-08	0x1.d400000000000p-27	117	8589934592	normal	1
183	326b	326b0000	1.367880031466484e-08	0x1.d600000000000p-27	235	17179869184	normal	3
184	326c	326c0000	1.3737007975578308e-08	0x1.d800000000000p-27	59	4294967296	normal	1
185	326e	326e0000	1.3853423297405243e-08	0x1.dc00000000000p-27	119	8589934592	normal	1
186	326f	326f0000	1.391163095831871e-08	0x1.de00000000000p-27	239	17179869184	normal	2
187	3270	32700000	1.3969838619232178e-08	0x1.e000000000000p-27	15	1073741824	normal	2
188	3271	32710000	1.4028046280145645e-08	0x1.e200000000000p-27	241	17179869184	normal	1
189	3273	32730000	1.414446160197258e-08	0x1.e600000000000p-27	243	17179869184	normal	2
190	3275	32750000	1.4260876923799515e-08	0x1.ea00000000000p-27	245	17179869184	normal	2
191	3276	32760000	1.4319084584712982e-08	0x1.ec00000000000p-27	123	8589934592	normal	2
192	3278	32780000	1.4435499906539917e-08	0x1.f000000000000p-27	31	2147483648	normal	2
193	327a	327a0000	1.4551915228366852e-08	0x1.f400000000000p-27	125	8589934592	normal	2
194	327b	327b0000	1.461012288928032e-08	0x1.f600000000000p-27	251	17179869184	normal	1
195	327c	327c0000	1.4668330550193787e-08	0x1.f800000000000p-27	63	4294967296	normal	1
196	327f	327f0000	1.4842953532934189e-08	0x1.fe00000000000p-27	255	17179869184	normal	2
197	3280	32800000	1.4901161193847656e-08	0x1.0000000000000p-26	1	67108864	normal	2
198	3281	32810000	1.501757651567459e-08	0x1.0200000000000p-26	129	8589934592	normal	5
199	3282	32820000	1.5133991837501526e-08	0x1.0400000000000p-26	65	4294967296	normal	1
200	3283	32830000	1.525040715932846e-08	0x1.0600000000000p-26	131	8589934592	normal	2
201	3284	32840000	1.5366822481155396e-08	0x1.0800000000000p-26	33	2147483648	normal	2
202	3285	32850000	1.548323780298233e-08	0x1.0a00000000000p-26	133	8589934592	normal	2
203	3286	32860000	1.5599653124809265e-08	0x1.0c00000000000p-26	67	4294967296	normal	6
204	3287	32870000	1.57160684466362e-08	0x1.0e00000000000p-26	135	8589934592	normal	4
205	3288	32880000	1.5832483768463135e-08	0x1.1000000000000p-26	17	1073741824	normal	4
206	3289	32890000	1.594889909029007e-08	0x1.1200000000000p-26	137	8589934592	normal	1
207	328a	328a0000	1.6065314412117004e-08	0x1.1400000000000p-26	69	4294967296	normal	1
208	328b	328b0000	1.618172973394394e-08	0x1.1600000000000p-26	139	8589934592	normal	2
209	328d	328d0000	1.641456037759781e-08	0x1.1a00000000000p-26	141	8589934592	normal	2
210	328e	328e0000	1.6530975699424744e-08	0x1.1c00000000000p-26	71	4294967296	normal	1
211	328f	328f0000	1.664739102125168e-08	0x1.1e00000000000p-26	143	8589934592	normal	5
212	3290	32900000	1.6763806343078613e-08	0x1.2000000000000p-26	9	536870912	normal	2
213	3292	32920000	1.6996636986732483e-08	0x1.2400000000000p-26	73	4294967296	normal	4
214	3293	32930000	1.7113052308559418e-08	0x1.2600000000000p-26	147	8589934592	normal	4
215	3294	32940000	1.7229467630386353e-08	0x1.2800000000000p-26	37	2147483648	normal	1
216	3296	32960000	1.7462298274040222e-08	0x1.2c00000000000p-26	75	4294967296	normal	1
217	3297	32970000	1.7578713595867157e-08	0x1.2e00000000000p-26	151	8589934592	normal	2
218	3298	32980000	1.7695128917694092e-08	0x1.3000000000000p-26	19	1073741824	normal	3
219	329a	329a0000	1.792795956134796e-08	0x1.3400000000000p-26	77	4294967296	normal	2
220	329b	329b0000	1.8044374883174896e-08	0x1.3600000000000p-26	155	8589934592	normal	3
221	329c	329c0000	1.816079020500183e-08	0x1.3800000000000p-26	39	2147483648	normal	2
222	329d	329d0000	1.8277205526828766e-08	0x1.3a00000000000p-26	157	8589934592	normal	3
223	329f	329f0000	1.8510036170482635e-08	0x1.3e00000000000p-26	159	8589934592	normal	2
224	32a0	32a00000	1.862645149230957e-08	0x1.4000000000000p-26	5	268435456	normal	3
225	32a1	32a10000	1.8742866814136505e-08	0x1.4200000000000p-26	161	8589934592	normal	3
226	32a2	32a20000	1.885928213596344e-08	0x1.4400000000000p-26	81	4294967296	normal	2
227	32a3	32a30000	1.8975697457790375e-08	0x1.4600000000000p-26	163	8589934592	normal	4
228	32a4	32a40000	1.909211277961731e-08	0x1.4800000000000p-26	41	2147483648	normal	1
229	32a6	32a60000	1.932494342327118e-08	0x1.4c00000000000p-26	83	4294967296	normal	3
230	32a7	32a70000	1.9441358745098114e-08	0x1.4e00000000000p-26	167	8589934592	normal	2
231	32a8	32a80000	1.955777406692505e-08	0x1.5000000000000p-26	21	1073741824	normal	1
232	32a9	32a90000	1.9674189388751984e-08	0x1.5200000000000p-26	169	8589934592	normal	3
233	32aa	32aa0000	1.979060471057892e-08	0x1.5400000000000p-26	85	4294967296	normal	2
234	32ab	32ab0000	1.9907020032405853e-08	0x1.5600000000000p-26	171	8589934592	normal	3
235	32ac	32ac0000	2.0023435354232788e-08	0x1.5800000000000p-26	43	2147483648	normal	2
236	32ad	32ad0000	2.0139850676059723e-08	0x1.5a00000000000p-26	173	8589934592	normal	2
237	32ae	32ae0000	2.0256265997886658e-08	0x1.5c00000000000p-26	87	4294967296	normal	3
238	32af	32af0000	2.0372681319713593e-08	0x1.5e00000000000p-26	175	8589934592	normal	2
239	32b0	32b00000	2.0489096641540527e-08	0x1.6000000000000p-26	11	536870912	normal	1
240	32b1	32b10000	2.0605511963367462e-08	0x1.6200000000000p-26	177	8589934592	normal	5
241	32b3	32b30000	2.0838342607021332e-08	0x1.6600000000000p-26	179	8589934592	normal	2
242	32b4	32b40000	2.0954757928848267e-08	0x1.6800000000000p-26	45	2147483648	normal	1
243	32b5	32b50000	2.10711732506752e-08	0x1.6a00000000000p-26	181	8589934592	normal	4
244	32b6	32b60000	2.1187588572502136e-08	0x1.6c00000000000p-26	91	4294967296	normal	3
245	32b7	32b70000	2.130400389432907e-08	0x1.6e00000000000p-26	183	8589934592	normal	3
246	32b9	32b90000	2.153683453798294e-08	0x1.7200000000000p-26	185	8589934592	normal	1
247	32ba	32ba0000	2.1653249859809875e-08	0x1.7400000000000p-26	93	4294967296	normal	1
248	32bb	32bb0000	2.176966518163681e-08	0x1.7600000000000p-26	187	8589934592	normal	2
249	32bc	32bc0000	2.1886080503463745e-08	0x1.7800000000000p-26	47	2147483648	normal	2
250	32bd	32bd0000	2.200249582529068e-08	0x1.7a00000000000p-26	189	8589934592	normal	2
251	32be	32be0000	2.2118911147117615e-08	0x1.7c00000000000p-26	95	4294967296	normal	2
252	32c0	32c00000	2.2351741790771484e-08	0x1.8000000000000p-26	3	134217728	normal	2
253	32c1	32c10000	2.246815711259842e-08	0x1.8200000000000p-26	193	8589934592	normal	2
254	32c2	32c20000	2.2584572434425354e-08	0x1.8400000000000p-26	97	4294967296	normal	1
255	32c3	32c30000	2.270098775625229e-08	0x1.8600000000000p-26	195	8589934592	normal	3
256	32c4	32c40000	2.2817403078079224e-08	0x1.8800000000000p-26	49	2147483648	normal	1
257	32c5	32c50000	2.293381839990616e-08	0x1.8a00000000000p-26	197	8589934592	normal	2
258	32c7	32c70000	2.3166649043560028e-08	0x1.8e00000000000p-26	199	8589934592	normal	4
259	32c8	32c80000	2.3283064365386963e-08	0x1.9000000000000p-26	25	1073741824	normal	1
260	32c9	32c90000	2.3399479687213898e-08	0x1.9200000000000p-26	201	8589934592	normal	4
261	32ca	32ca0000	2.3515895009040833e-08	0x1.9400000000000p-26	101	4294967296	normal	2
262	32cb	32cb0000	2.3632310330867767e-08	0x1.9600000000000p-26	203	8589934592	normal	7
263	32cd	32cd0000	2.3865140974521637e-08	0x1.9a00000000000p-26	205	8589934592	normal	7
264	32ce	32ce0000	2.3981556296348572e-08	0x1.9c00000000000p-26	103	4294967296	normal	5
265	32cf	32cf0000	2.4097971618175507e-08	0x1.9e00000000000p-26	207	8589934592	normal	3
266	32d0	32d00000	2.421438694000244e-08	0x1.a000000000000p-26	13	536870912	normal	2
267	32d1	32d10000	2.4330802261829376e-08	0x1.a200000000000p-26	209	8589934592	normal	4
268	32d2	32d20000	2.444721758365631e-08	0x1.a400000000000p-26	105	4294967296	normal	2
269	32d5	32d50000	2.4796463549137115e-08	0x1.aa00000000000p-26	213	8589934592	normal	1
270	32d6	32d60000	2.491287887096405e-08	0x1.ac00000000000p-26	107	4294967296	normal	1
271	32d7	32d70000	2.5029294192790985e-08	0x1.ae00000000000p-26	215	8589934592	normal	2
272	32d8	32d80000	2.514570951461792e-08	0x1.b000000000000p-26	27	1073741824	normal	1
273	32da	32da0000	2.537854015827179e-08	0x1.b400000000000p-26	109	4294967296	normal	3
274	32db	32db0000	2.5494955480098724e-08	0x1.b600000000000p-26	219	8589934592	normal	1
275	32dc	32dc0000	2.561137080192566e-08	0x1.b800000000000p-26	55	2147483648	normal	2
276	32dd	32dd0000	2.5727786123752594e-08	0x1.ba00000000000p-26	221	8589934592	normal	2
277	32de	32de0000	2.584420144557953e-08	0x1.bc00000000000p-26	111	4294967296	normal	2
278	32df	32df0000	2.5960616767406464e-08	0x1.be00000000000p-26	223	8589934592	normal	4
279	32e0	32e00000	2.60770320892334e-08	0x1.c000000000000p-26	7	268435456	normal	1
280	32e1	32e10000	2.6193447411060333e-08	0x1.c200000000000p-26	225	8589934592	normal	2
281	32e2	32e20000	2.6309862732887268e-08	0x1.c400000000000p-26	113	4294967296	normal	3
282	32e4	32e40000	2.6542693376541138e-08	0x1.c800000000000p-26	57	2147483648	normal	1
283	32e5	32e50000	2.6659108698368073e-08	0x1.ca00000000000p-26	229	8589934592	normal	3
284	32e6	32e60000	2.6775524020195007e-08	0x1.cc00000000000p-26	115	4294967296	normal	2
285	32e7	32e70000	2.6891939342021942e-08	0x1.ce00000000000p-26	231	8589934592	normal	2
286	32e8	32e80000	2.7008354663848877e-08	0x1.d000000000000p-26	29	1073741824	normal	3
287	32e9	32e90000	2.7124769985675812e-08	0x1.d200000000000p-26	233	8589934592	normal	1
288	32ea	32ea0000	2.7241185307502747e-08	0x1.d400000000000p-26	117	4294967296	normal	1
289	32eb	32eb0000	2.735760062932968e-08	0x1.d600000000000p-26	235	8589934592	normal	2
290	32ec	32ec0000	2.7474015951156616e-08	0x1.d800000000000p-26	59	2147483648	normal	3
291	32ed	32ed0000	2.759043127298355e-08	0x1.da00000000000p-26	237	8589934592	normal	3
292	32ee	32ee0000	2.7706846594810486e-08	0x1.dc00000000000p-26	119	4294967296	normal	1
293	32ef	32ef0000	2.782326191663742e-08	0x1.de00000000000p-26	239	8589934592	normal	2
294	32f1	32f10000	2.805609256029129e-08	0x1.e200000000000p-26	241	8589934592	normal	1
295	32f2	32f20000	2.8172507882118225e-08	0x1.e400000000000p-26	121	4294967296	normal	3
296	32f3	32f30000	2.828892320394516e-08	0x1.e600000000000p-26	243	8589934592	normal	1
297	32f4	32f40000	2.8405338525772095e-08	0x1.e800000000000p-26	61	2147483648	normal	2
298	32f5	32f50000	2.852175384759903e-08	0x1.ea00000000000p-26	245	8589934592	normal	2
299	32f6	32f60000	2.8638169169425964e-08	0x1.ec00000000000p-26	123	4294967296	normal	2
300	32f7	32f70000	2.87545844912529e-08	0x1.ee00000000000p-26	247	8589934592	normal	1
301	32f8	32f80000	2.8870999813079834e-08	0x1.f000000000000p-26	31	1073741824	normal	3
302	32f9	32f90000	2.898741513490677e-08	0x1.f200000000000p-26	249	8589934592	normal	2
303	32fa	32fa0000	2.9103830456733704e-08	0x1.f400000000000p-26	125	4294967296	normal	1
304	32fd	32fd0000	2.9453076422214508e-08	0x1.fa00000000000p-26	253	8589934592	normal	2
305	32ff	32ff0000	2.9685907065868378e-08	0x1.fe00000000000p-26	255	8589934592	normal	3
306	3300	33000000	2.9802322387695312e-08	0x1.0000000000000p-25	1	33554432	normal	1
307	3301	33010000	3.003515303134918e-08	0x1.0200000000000p-25	129	4294967296	normal	3
308	3302	33020000	3.026798367500305e-08	0x1.0400000000000p-25	65	2147483648	normal	4
309	3303	33030000	3.050081431865692e-08	0x1.0600000000000p-25	131	4294967296	normal	5
310	3304	33040000	3.073364496231079e-08	0x1.0800000000000p-25	33	1073741824	normal	5
311	3305	33050000	3.096647560596466e-08	0x1.0a00000000000p-25	133	4294967296	normal	6
312	3306	33060000	3.119930624961853e-08	0x1.0c00000000000p-25	67	2147483648	normal	4
313	3307	33070000	3.14321368932724e-08	0x1.0e00000000000p-25	135	4294967296	normal	2
314	3308	33080000	3.166496753692627e-08	0x1.1000000000000p-25	17	536870912	normal	8
315	3309	33090000	3.189779818058014e-08	0x1.1200000000000p-25	137	4294967296	normal	5
316	330a	330a0000	3.213062882423401e-08	0x1.1400000000000p-25	69	2147483648	normal	1
317	330b	330b0000	3.236345946788788e-08	0x1.1600000000000p-25	139	4294967296	normal	5
318	330c	330c0000	3.259629011154175e-08	0x1.1800000000000p-25	35	1073741824	normal	3
319	330d	330d0000	3.282912075519562e-08	0x1.1a00000000000p-25	141	4294967296	normal	5
320	330e	330e0000	3.306195139884949e-08	0x1.1c00000000000p-25	71	2147483648	normal	3
321	330f	330f0000	3.329478204250336e-08	0x1.1e00000000000p-25	143	4294967296	normal	5
322	3310	33100000	3.3527612686157227e-08	0x1.2000000000000p-25	9	268435456	normal	3
323	3311	33110000	3.3760443329811096e-08	0x1.2200000000000p-25	145	4294967296	normal	5
324	3312	33120000	3.3993273973464966e-08	0x1.2400000000000p-25	73	2147483648	normal	2
325	3313	33130000	3.4226104617118835e-08	0x1.2600000000000p-25	147	4294967296	normal	5
326	3314	33140000	3.4458935260772705e-08	0x1.2800000000000p-25	37	1073741824	normal	8
327	3315	33150000	3.4691765904426575e-08	0x1.2a00000000000p-25	149	4294967296	normal	2
328	3316	33160000	3.4924596548080444e-08	0x1.2c00000000000p-25	75	2147483648	normal	6
329	3318	33180000	3.5390257835388184e-08	0x1.3000000000000p-25	19	536870912	normal	6
330	3319	33190000	3.562308847904205e-08	0x1.3200000000000p-25	153	4294967296	normal	5
331	331a	331a0000	3.585591912269592e-08	0x1.3400000000000p-25	77	2147483648	normal	5
332	331b	331b0000	3.608874976634979e-08	0x1.3600000000000p-25	155	4294967296	normal	4
333	331c	331c0000	3.632158041000366e-08	0x1.3800000000000p-25	39	1073741824	normal	10
334	331d	331d0000	3.655441105365753e-08	0x1.3a00000000000p-25	157	4294967296	normal	4
335	331e	331e0000	3.67872416973114e-08	0x1.3c00000000000p-25	79	2147483648	normal	4
336	331f	331f0000	3.702007234096527e-08	0x1.3e00000000000p-25	159	4294967296	normal	1
337	3320	33200000	3.725290298461914e-08	0x1.4000000000000p-25	5	134217728	normal	6
338	3321	33210000	3.748573362827301e-08	0x1.4200000000000p-25	161	4294967296	normal	7
339	3322	33220000	3.771856427192688e-08	0x1.4400000000000p-25	81	2147483648	normal	2
340	3323	33230000	3.795139491558075e-08	0x1.4600000000000p-25	163	4294967296	normal	6
341	3324	33240000	3.818422555923462e-08	0x1.4800000000000p-25	41	1073741824	normal	5
342	3325	33250000	3.841705620288849e-08	0x1.4a00000000000p-25	165	4294967296	normal	3
343	3326	33260000	3.864988684654236e-08	0x1.4c00000000000p-25	83	2147483648	normal	3
344	3327	33270000	3.888271749019623e-08	0x1.4e00000000000p-25	167	4294967296	normal	4
345	3328	33280000	3.91155481338501e-08	0x1.5000000000000p-25	21	536870912	normal	4
346	3329	33290000	3.934837877750397e-08	0x1.5200000000000p-25	169	4294967296	normal	4
347	332a	332a0000	3.958120942115784e-08	0x1.5400000000000p-25	85	2147483648	normal	4
348	332b	332b0000	3.9814040064811707e-08	0x1.5600000000000p-25	171	4294967296	normal	4
349	332c	332c0000	4.0046870708465576e-08	0x1.5800000000000p-25	43	1073741824	normal	8
350	332d	332d0000	4.0279701352119446e-08	0x1.5a00000000000p-25	173	4294967296	normal	2
351	332e	332e0000	4.0512531995773315e-08	0x1.5c00000000000p-25	87	2147483648	normal	3
352	332f	332f0000	4.0745362639427185e-08	0x1.5e00000000000p-25	175	4294967296	normal	2
353	3330	33300000	4.0978193283081055e-08	0x1.6000000000000p-25	11	268435456	normal	4
354	3331	33310000	4.1211023926734924e-08	0x1.6200000000000p-25	177	4294967296	normal	4
355	3332	33320000	4.1443854570388794e-08	0x1.6400000000000p-25	89	2147483648	normal	4
356	3333	33330000	4.1676685214042664e-08	0x1.6600000000000p-25	179	4294967296	normal	9
357	3334	33340000	4.190951585769653e-08	0x1.6800000000000p-25	45	1073741824	normal	4
358	3335	33350000	4.21423465013504e-08	0x1.6a00000000000p-25	181	4294967296	normal	7
359	3336	33360000	4.237517714500427e-08	0x1.6c00000000000p-25	91	2147483648	normal	3
360	3337	33370000	4.260800778865814e-08	0x1.6e00000000000p-25	183	4294967296	normal	1
361	3338	33380000	4.284083843231201e-08	0x1.7000000000000p-25	23	536870912	normal	7
362	3339	33390000	4.307366907596588e-08	0x1.7200000000000p-25	185	4294967296	normal	4
363	333a	333a0000	4.330649971961975e-08	0x1.7400000000000p-25	93	2147483648	normal	5
364	333b	333b0000	4.353933036327362e-08	0x1.7600000000000p-25	187	4294967296	normal	5
365	333c	333c0000	4.377216100692749e-08	0x1.7800000000000p-25	47	1073741824	normal	5
366	333d	333d0000	4.400499165058136e-08	0x1.7a00000000000p-25	189	4294967296	normal	5
367	333e	333e0000	4.423782229423523e-08	0x1.7c00000000000p-25	95	2147483648	normal	5
368	333f	333f0000	4.44706529378891e-08	0x1.7e00000000000p-25	191	4294967296	normal	5
369	3340	33400000	4.470348358154297e-08	0x1.8000000000000p-25	3	67108864	normal	2
370	3341	33410000	4.493631422519684e-08	0x1.8200000000000p-25	193	4294967296	normal	9
371	3342	33420000	4.516914486885071e-08	0x1.8400000000000p-25	97	2147483648	normal	3
372	3343	33430000	4.540197551250458e-08	0x1.8600000000000p-25	195	4294967296	normal	3
373	3344	33440000	4.563480615615845e-08	0x1.8800000000000p-25	49	1073741824	normal	4
374	3345	33450000	4.586763679981232e-08	0x1.8a00000000000p-25	197	4294967296	normal	3
375	3346	33460000	4.6100467443466187e-08	0x1.8c00000000000p-25	99	2147483648	normal	3
376	3347	33470000	4.6333298087120056e-08	0x1.8e00000000000p-25	199	4294967296	normal	6
377	3348	33480000	4.6566128730773926e-08	0x1.9000000000000p-25	25	536870912	normal	5
378	3349	33490000	4.6798959374427795e-08	0x1.9200000000000p-25	201	4294967296	normal	3
379	334b	334b0000	4.7264620661735535e-08	0x1.9600000000000p-25	203	4294967296	normal	3
380	334c	334c0000	4.7497451305389404e-08	0x1.9800000000000p-25	51	1073741824	normal	3
381	334d	334d0000	4.7730281949043274e-08	0x1.9a00000000000p-25	205	4294967296	normal	5
382	334e	334e0000	4.7963112592697144e-08	0x1.9c00000000000p-25	103	2147483648	normal	5
383	334f	334f0000	4.819594323635101e-08	0x1.9e00000000000p-25	207	4294967296	normal	4
384	3350	33500000	4.842877388000488e-08	0x1.a000000000000p-25	13	268435456	normal	6
385	3351	33510000	4.866160452365875e-08	0x1.a200000000000p-25	209	4294967296	normal	3
386	3352	33520000	4.889443516731262e-08	0x1.a400000000000p-25	105	2147483648	normal	3
387	3353	33530000	4.912726581096649e-08	0x1.a600000000000p-25	211	4294967296	normal	6
388	3354	33540000	4.936009645462036e-08	0x1.a800000000000p-25	53	1073741824	normal	5
389	3355	33550000	4.959292709827423e-08	0x1.aa00000000000p-25	213	4294967296	normal	7
390	3356	33560000	4.98257577419281e-08	0x1.ac00000000000p-25	107	2147483648	normal	5
391	3357	33570000	5.005858838558197e-08	0x1.ae00000000000p-25	215	4294967296	normal	4
392	3358	33580000	5.029141902923584e-08	0x1.b000000000000p-25	27	536870912	normal	8
393	3359	33590000	5.052424967288971e-08	0x1.b200000000000p-25	217	4294967296	normal	2
394	335a	335a0000	5.075708031654358e-08	0x1.b400000000000p-25	109	2147483648	normal	2
395	335b	335b0000	5.098991096019745e-08	0x1.b600000000000p-25	219	4294967296	normal	4
396	335c	335c0000	5.122274160385132e-08	0x1.b800000000000p-25	55	1073741824	normal	2
397	335d	335d0000	5.145557224750519e-08	0x1.ba00000000000p-25	221	4294967296	normal	7
398	335e	335e0000	5.168840289115906e-08	0x1.bc00000000000p-25	111	2147483648	normal	6
399	335f	335f0000	5.192123353481293e-08	0x1.be00000000000p-25	223	4294967296	normal	3
400	3360	33600000	5.21540641784668e-08	0x1.c000000000000p-25	7	134217728	normal	6
401	3361	33610000	5.2386894822120667e-08	0x1.c200000000000p-25	225	4294967296	normal	2
402	3362	33620000	5.2619725465774536e-08	0x1.c400000000000p-25	113	2147483648	normal	3
403	3363	33630000	5.2852556109428406e-08	0x1.c600000000000p-25	227	4294967296	normal	5
404	3364	33640000	5.3085386753082275e-08	0x1.c800000000000p-25	57	1073741824	normal	4
405	3365	33650000	5.3318217396736145e-08	0x1.ca00000000000p-25	229	4294967296	normal	2
406	3366	33660000	5.3551048040390015e-08	0x1.cc00000000000p-25	115	2147483648	normal	4
407	3367	33670000	5.3783878684043884e-08	0x1.ce00000000000p-25	231	4294967296	normal	3
408	3368	33680000	5.4016709327697754e-08	0x1.d000000000000p-25	29	536870912	normal	5
409	3369	33690000	5.4249539971351624e-08	0x1.d200000000000p-25	233	4294967296	normal	3
410	336a	336a0000	5.448237061500549e-08	0x1.d400000000000p-25	117	2147483648	normal	7
411	336b	336b0000	5.471520125865936e-08	0x1.d600000000000p-25	235	4294967296	normal	8
412	336c	336c0000	5.494803190231323e-08	0x1.d800000000000p-25	59	1073741824	normal	4
413	336d	336d0000	5.51808625459671e-08	0x1.da00000000000p-25	237	4294967296	normal	6
414	336e	336e0000	5.541369318962097e-08	0x1.dc00000000000p-25	119	2147483648	normal	1
415	336f	336f0000	5.564652383327484e-08	0x1.de00000000000p-25	239	4294967296	normal	11
416	3370	33700000	5.587935447692871e-08	0x1.e000000000000p-25	15	268435456	normal	4
417	3371	33710000	5.611218512058258e-08	0x1.e200000000000p-25	241	4294967296	normal	3
418	3372	33720000	5.634501576423645e-08	0x1.e400000000000p-25	121	2147483648	normal	2
419	3373	33730000	5.657784640789032e-08	0x1.e600000000000p-25	243	4294967296	normal	5
420	3374	33740000	5.681067705154419e-08	0x1.e800000000000p-25	61	1073741824	normal	8
421	3375	33750000	5.704350769519806e-08	0x1.ea00000000000p-25	245	4294967296	normal	1
422	3376	33760000	5.727633833885193e-08	0x1.ec00000000000p-25	123	2147483648	normal	3
423	3377	33770000	5.75091689825058e-08	0x1.ee00000000000p-25	247	4294967296	normal	6
424	3378	33780000	5.774199962615967e-08	0x1.f000000000000p-25	31	536870912	normal	4
425	3379	33790000	5.797483026981354e-08	0x1.f200000000000p-25	249	4294967296	normal	7
426	337a	337a0000	5.820766091346741e-08	0x1.f400000000000p-25	125	2147483648	normal	5
427	337b	337b0000	5.844049155712128e-08	0x1.f600000000000p-25	251	4294967296	normal	6
428	337c	337c0000	5.8673322200775146e-08	0x1.f800000000000p-25	63	1073741824	normal	5
429	337d	337d0000	5.8906152844429016e-08	0x1.fa00000000000p-25	253	4294967296	normal	3
430	337e	337e0000	5.9138983488082886e-08	0x1.fc00000000000p-25	127	2147483648	normal	7
431	337f	337f0000	5.9371814131736755e-08	0x1.fe00000000000p-25	255	4294967296	normal	4
432	3380	33800000	5.960464477539063e-08	0x1.0000000000000p-24	1	16777216	normal	4
433	3381	33810000	6.007030606269836e-08	0x1.0200000000000p-24	129	2147483648	normal	7
434	3382	33820000	6.05359673500061e-08	0x1.0400000000000p-24	65	1073741824	normal	6
435	3383	33830000	6.100162863731384e-08	0x1.0600000000000p-24	131	2147483648	normal	9
436	3384	33840000	6.146728992462158e-08	0x1.0800000000000p-24	33	536870912	normal	11
437	3385	33850000	6.193295121192932e-08	0x1.0a00000000000p-24	133	2147483648	normal	8
438	3386	33860000	6.239861249923706e-08	0x1.0c00000000000p-24	67	1073741824	normal	8
439	3387	33870000	6.28642737865448e-08	0x1.0e00000000000p-24	135	2147483648	normal	8
440	3388	33880000	6.332993507385254e-08	0x1.1000000000000p-24	17	268435456	normal	5
441	3389	33890000	6.379559636116028e-08	0x1.1200000000000p-24	137	2147483648	normal	13
442	338a	338a0000	6.426125764846802e-08	0x1.1400000000000p-24	69	1073741824	normal	10
443	338b	338b0000	6.472691893577576e-08	0x1.1600000000000p-24	139	2147483648	normal	8
444	338c	338c0000	6.51925802230835e-08	0x1.1800000000000p-24	35	536870912	normal	11
445	338d	338d0000	6.565824151039124e-08	0x1.1a00000000000p-24	141	2147483648	normal	9
446	338e	338e0000	6.612390279769897e-08	0x1.1c00000000000p-24	71	1073741824	normal	8
447	338f	338f0000	6.658956408500671e-08	0x1.1e00000000000p-24	143	2147483648	normal	3
448	3390	33900000	6.705522537231445e-08	0x1.2000000000000p-24	9	134217728	normal	5
449	3391	33910000	6.752088665962219e-08	0x1.2200000000000p-24	145	2147483648	normal	7
450	3392	33920000	6.798654794692993e-08	0x1.2400000000000p-24	73	1073741824	normal	10
451	3393	33930000	6.845220923423767e-08	0x1.2600000000000p-24	147	2147483648	normal	13
452	3394	33940000	6.891787052154541e-08	0x1.2800000000000p-24	37	536870912	normal	3
453	3395	33950000	6.938353180885315e-08	0x1.2a00000000000p-24	149	2147483648	normal	8
454	3396	33960000	6.984919309616089e-08	0x1.2c00000000000p-24	75	1073741824	normal	16
455	3397	33970000	7.031485438346863e-08	0x1.2e00000000000p-24	151	2147483648	normal	9
456	3398	33980000	7.078051567077637e-08	0x1.3000000000000p-24	19	268435456	normal	10
457	3399	33990000	7.12461769580841e-08	0x1.3200000000000p-24	153	2147483648	normal	7
458	339a	339a0000	7.171183824539185e-08	0x1.3400000000000p-24	77	1073741824	normal	10
459	339b	339b0000	7.217749953269958e-08	0x1.3600000000000p-24	155	2147483648	normal	7
460	339c	339c0000	7.264316082000732e-08	0x1.3800000000000p-24	39	536870912	normal	12
461	339d	339d0000	7.310882210731506e-08	0x1.3a00000000000p-24	157	2147483648	normal	8
462	339e	339e0000	7.35744833946228e-08	0x1.3c00000000000p-24	79	1073741824	normal	7
463	339f	339f0000	7.404014468193054e-08	0x1.3e00000000000p-24	159	2147483648	normal	9
464	33a0	33a00000	7.450580596923828e-08	0x1.4000000000000p-24	5	67108864	normal	4
465	33a1	33a10000	7.497146725654602e-08	0x1.4200000000000p-24	161	2147483648	normal	10
466	33a2	33a20000	7.543712854385376e-08	0x1.4400000000000p-24	81	1073741824	normal	14
467	33a3	33a30000	7.59027898311615e-08	0x1.4600000000000p-24	163	2147483648	normal	11
468	33a4	33a40000	7.636845111846924e-08	0x1.4800000000000p-24	41	536870912	normal	2
469	33a5	33a50000	7.683411240577698e-08	0x1.4a00000000000p-24	165	2147483648	normal	5
470	33a6	33a60000	7.729977369308472e-08	0x1.4c00000000000p-24	83	1073741824	normal	6
471	33a7	33a70000	7.776543498039246e-08	0x1.4e00000000000p-24	167	2147483648	normal	9
472	33a8	33a80000	7.82310962677002e-08	0x1.5000000000000p-24	21	268435456	normal	9
473	33a9	33a90000	7.869675755500793e-08	0x1.5200000000000p-24	169	2147483648	normal	8
474	33aa	33aa0000	7.916241884231567e-08	0x1.5400000000000p-24	85	1073741824	normal	5
475	33ab	33ab0000	7.962808012962341e-08	0x1.5600000000000p-24	171	2147483648	normal	5
476	33ac	33ac0000	8.009374141693115e-08	0x1.5800000000000p-24	43	536870912	normal	11
477	33ad	33ad0000	8.055940270423889e-08	0x1.5a00000000000p-24	173	2147483648	normal	11
478	33ae	33ae0000	8.102506399154663e-08	0x1.5c00000000000p-24	87	1073741824	normal	6
479	33af	33af0000	8.149072527885437e-08	0x1.5e00000000000p-24	175	2147483648	normal	8
480	33b0	33b00000	8.195638656616211e-08	0x1.6000000000000p-24	11	134217728	normal	4
481	33b1	33b10000	8.242204785346985e-08	0x1.6200000000000p-24	177	2147483648	normal	5
482	33b2	33b20000	8.288770914077759e-08	0x1.6400000000000p-24	89	1073741824	normal	12
483	33b3	33b30000	8.335337042808533e-08	0x1.6600000000000p-24	179	2147483648	normal	10
484	33b4	33b40000	8.381903171539307e-08	0x1.6800000000000p-24	45	536870912	normal	7
485	33b5	33b50000	8.42846930027008e-08	0x1.6a00000000000p-24	181	2147483648	normal	6
486	33b6	33b60000	8.475035429000854e-08	0x1.6c00000000000p-24	91	1073741824	normal	2
487	33b7	33b70000	8.521601557731628e-08	0x1.6e00000000000p-24	183	2147483648	normal	9
488	33b8	33b80000	8.568167686462402e-08	0x1.7000000000000p-24	23	268435456	normal	11
489	33b9	33b90000	8.614733815193176e-08	0x1.7200000000000p-24	185	2147483648	normal	8
490	33ba	33ba0000	8.66129994392395e-08	0x1.7400000000000p-24	93	1073741824	normal	6
491	33bb	33bb0000	8.707866072654724e-08	0x1.7600000000000p-24	187	2147483648	normal	10
492	33bc	33bc0000	8.754432201385498e-08	0x1.7800000000000p-24	47	536870912	normal	9
493	33bd	33bd0000	8.800998330116272e-08	0x1.7a00000000000p-24	189	2147483648	normal	5
494	33be	33be0000	8.847564458847046e-08	0x1.7c00000000000p-24	95	1073741824	normal	11
495	33bf	33bf0000	8.89413058757782e-08	0x1.7e00000000000p-24	191	2147483648	normal	5
496	33c0	33c00000	8.940696716308594e-08	0x1.8000000000000p-24	3	33554432	normal	7
497	33c1	33c10000	8.987262845039368e-08	0x1.8200000000000p-24	193	2147483648	normal	5
498	33c2	33c20000	9.033828973770142e-08	0x1.8400000000000p-24	97	1073741824	normal	9
499	33c3	33c30000	9.080395102500916e-08	0x1.8600000000000p-24	195	2147483648	normal	9
500	33c4	33c40000	9.12696123123169e-08	0x1.8800000000000p-24	49	536870912	normal	5
501	33c5	33c50000	9.173527359962463e-08	0x1.8a00000000000p-24	197	2147483648	normal	7
502	33c6	33c60000	9.220093488693237e-08	0x1.8c00000000000p-24	99	1073741824	normal	4
503	33c7	33c70000	9.266659617424011e-08	0x1.8e00000000000p-24	199	2147483648	normal	8
504	33c8	33c80000	9.313225746154785e-08	0x1.9000000000000p-24	25	268435456	normal	9
505	33c9	33c90000	9.359791874885559e-08	0x1.9200000000000p-24	201	2147483648	normal	9
506	33ca	33ca0000	9.406358003616333e-08	0x1.9400000000000p-24	101	1073741824	normal	4
507	33cb	33cb0000	9.452924132347107e-08	0x1.9600000000000p-24	203	2147483648	normal	11
508	33cc	33cc0000	9.499490261077881e-08	0x1.9800000000000p-24	51	536870912	normal	14
509	33cd	33cd0000	9.546056389808655e-08	0x1.9a00000000000p-24	205	2147483648	normal	9
510	33ce	33ce0000	9.592622518539429e-08	0x1.9c00000000000p-24	103	1073741824	normal	12
511	33cf	33cf0000	9.639188647270203e-08	0x1.9e00000000000p-24	207	2147483648	normal	13
512	33d0	33d00000	9.685754776000977e-08	0x1.a000000000000p-24	13	134217728	normal	4
513	33d1	33d10000	9.73232090473175e-08	0x1.a200000000000p-24	209	2147483648	normal	10
514	33d2	33d20000	9.778887033462524e-08	0x1.a400000000000p-24	105	1073741824	normal	10
515	33d3	33d30000	9.825453162193298e-08	0x1.a600000000000p-24	211	2147483648	normal	3
516	33d4	33d40000	9.872019290924072e-08	0x1.a800000000000p-24	53	536870912	normal	11
517	33d5	33d50000	9.918585419654846e-08	0x1.aa00000000000p-24	213	2147483648	normal	5
518	33d6	33d60000	9.96515154838562e-08	0x1.ac00000000000p-24	107	1073741824	normal	8
519	33d7	33d70000	1.0011717677116394e-07	0x1.ae00000000000p-24	215	2147483648	normal	12
520	33d8	33d80000	1.0058283805847168e-07	0x1.b000000000000p-24	27	268435456	normal	7
521	33d9	33d90000	1.0104849934577942e-07	0x1.b200000000000p-24	217	2147483648	normal	10
522	33da	33da0000	1.0151416063308716e-07	0x1.b400000000000p-24	109	1073741824	normal	4
523	33db	33db0000	1.019798219203949e-07	0x1.b600000000000p-24	219	2147483648	normal	12
524	33dc	33dc0000	1.0244548320770264e-07	0x1.b800000000000p-24	55	536870912	normal	6
525	33dd	33dd0000	1.0291114449501038e-07	0x1.ba00000000000p-24	221	2147483648	normal	13
526	33de	33de0000	1.0337680578231812e-07	0x1.bc00000000000p-24	111	1073741824	normal	9
527	33df	33df0000	1.0384246706962585e-07	0x1.be00000000000p-24	223	2147483648	normal	14
528	33e0	33e00000	1.043081283569336e-07	0x1.c000000000000p-24	7	67108864	normal	3
529	33e1	33e10000	1.0477378964424133e-07	0x1.c200000000000p-24	225	2147483648	normal	15
530	33e2	33e20000	1.0523945093154907e-07	0x1.c400000000000p-24	113	1073741824	normal	13
531	33e3	33e30000	1.0570511221885681e-07	0x1.c600000000000p-24	227	2147483648	normal	7
532	33e4	33e40000	1.0617077350616455e-07	0x1.c800000000000p-24	57	536870912	normal	9
533	33e5	33e50000	1.0663643479347229e-07	0x1.ca00000000000p-24	229	2147483648	normal	10
534	33e6	33e60000	1.0710209608078003e-07	0x1.cc00000000000p-24	115	1073741824	normal	6
535	33e7	33e70000	1.0756775736808777e-07	0x1.ce00000000000p-24	231	2147483648	normal	8
536	33e8	33e80000	1.0803341865539551e-07	0x1.d000000000000p-24	29	268435456	normal	13
537	33e9	33e90000	1.0849907994270325e-07	0x1.d200000000000p-24	233	2147483648	normal	9
538	33ea	33ea0000	1.0896474123001099e-07	0x1.d400000000000p-24	117	1073741824	normal	6
539	33eb	33eb0000	1.0943040251731873e-07	0x1.d600000000000p-24	235	2147483648	normal	10
540	33ec	33ec0000	1.0989606380462646e-07	0x1.d800000000000p-24	59	536870912	normal	7
541	33ed	33ed0000	1.103617250919342e-07	0x1.da00000000000p-24	237	2147483648	normal	9
542	33ee	33ee0000	1.1082738637924194e-07	0x1.dc00000000000p-24	119	1073741824	normal	9
543	33ef	33ef0000	1.1129304766654968e-07	0x1.de00000000000p-24	239	2147483648	normal	5
544	33f0	33f00000	1.1175870895385742e-07	0x1.e000000000000p-24	15	134217728	normal	9
545	33f1	33f10000	1.1222437024116516e-07	0x1.e200000000000p-24	241	2147483648	normal	10
546	33f2	33f20000	1.126900315284729e-07	0x1.e400000000000p-24	121	1073741824	normal	5
547	33f3	33f30000	1.1315569281578064e-07	0x1.e600000000000p-24	243	2147483648	normal	11
548	33f4	33f40000	1.1362135410308838e-07	0x1.e800000000000p-24	61	536870912	normal	7
549	33f5	33f50000	1.1408701539039612e-07	0x1.ea00000000000p-24	245	2147483648	normal	4
550	33f6	33f60000	1.1455267667770386e-07	0x1.ec00000000000p-24	123	1073741824	normal	9
551	33f7	33f70000	1.150183379650116e-07	0x1.ee00000000000p-24	247	2147483648	normal	6
552	33f8	33f80000	1.1548399925231934e-07	0x1.f000000000000p-24	31	268435456	normal	11
553	33f9	33f90000	1.1594966053962708e-07	0x1.f200000000000p-24	249	2147483648	normal	9
554	33fa	33fa0000	1.1641532182693481e-07	0x1.f400000000000p-24	125	1073741824	normal	8
555	33fb	33fb0000	1.1688098311424255e-07	0x1.f600000000000p-24	251	2147483648	normal	7
556	33fc	33fc0000	1.1734664440155029e-07	0x1.f800000000000p-24	63	536870912	normal	5
557	33fd	33fd0000	1.1781230568885803e-07	0x1.fa00000000000p-24	253	2147483648	normal	5
558	33fe	33fe0000	1.1827796697616577e-07	0x1.fc00000000000p-24	127	1073741824	normal	11
559	33ff	33ff0000	1.1874362826347351e-07	0x1.fe00000000000p-24	255	2147483648	normal	9
560	3400	34000000	1.1920928955078125e-07	0x1.0000000000000p-23	1	8388608	normal	15
561	3401	34010000	1.2014061212539673e-07	0x1.0200000000000p-23	129	1073741824	normal	23
562	3402	34020000	1.210719347000122e-07	0x1.0400000000000p-23	65	536870912	normal	13
563	3403	34030000	1.2200325727462769e-07	0x1.0600000000000p-23	131	1073741824	normal	28
564	3404	34040000	1.2293457984924316e-07	0x1.0800000000000p-23	33	268435456	normal	18
565	3405	34050000	1.2386590242385864e-07	0x1.0a00000000000p-23	133	1073741824	normal	17
566	3406	34060000	1.2479722499847412e-07	0x1.0c00000000000p-23	67	536870912	normal	16
567	3407	34070000	1.257285475730896e-07	0x1.0e00000000000p-23	135	1073741824	normal	10
568	3408	34080000	1.2665987014770508e-07	0x1.1000000000000p-23	17	134217728	normal	18
569	3409	34090000	1.2759119272232056e-07	0x1.1200000000000p-23	137	1073741824	normal	16
570	340a	340a0000	1.2852251529693604e-07	0x1.1400000000000p-23	69	536870912	normal	14
571	340b	340b0000	1.2945383787155151e-07	0x1.1600000000000p-23	139	1073741824	normal	27
572	340c	340c0000	1.30385160446167e-07	0x1.1800000000000p-23	35	268435456	normal	13
573	340d	340d0000	1.3131648302078247e-07	0x1.1a00000000000p-23	141	1073741824	normal	15
574	340e	340e0000	1.3224780559539795e-07	0x1.1c00000000000p-23	71	536870912	normal	17
575	340f	340f0000	1.3317912817001343e-07	0x1.1e00000000000p-23	143	1073741824	normal	14
576	3410	34100000	1.341104507446289e-07	0x1.2000000000000p-23	9	67108864	normal	11
577	3411	34110000	1.3504177331924438e-07	0x1.2200000000000p-23	145	1073741824	normal	12
578	3412	34120000	1.3597309589385986e-07	0x1.2400000000000p-23	73	536870912	normal	16
579	3413	34130000	1.3690441846847534e-07	0x1.2600000000000p-23	147	1073741824	normal	16
580	3414	34140000	1.3783574104309082e-07	0x1.2800000000000p-23	37	268435456	normal	21
581	3415	34150000	1.387670636177063e-07	0x1.2a00000000000p-23	149	1073741824	normal	22
582	3416	34160000	1.3969838619232178e-07	0x1.2c00000000000p-23	75	536870912	normal	11
583	3417	34170000	1.4062970876693726e-07	0x1.2e00000000000p-23	151	1073741824	normal	21
584	3418	34180000	1.4156103134155273e-07	0x1.3000000000000p-23	19	134217728	normal	15
585	3419	34190000	1.424923539161682e-07	0x1.3200000000000p-23	153	1073741824	normal	18
586	341a	341a0000	1.434236764907837e-07	0x1.3400000000000p-23	77	536870912	normal	22
587	341b	341b0000	1.4435499906539917e-07	0x1.3600000000000p-23	155	1073741824	normal	14
588	341c	341c0000	1.4528632164001465e-07	0x1.3800000000000p-23	39	268435456	normal	21
589	341d	341d0000	1.4621764421463013e-07	0x1.3a00000000000p-23	157	1073741824	normal	20
590	341e	341e0000	1.471489667892456e-07	0x1.3c00000000000p-23	79	536870912	normal	16
591	341f	341f0000	1.4808028936386108e-07	0x1.3e00000000000p-23	159	1073741824	normal	23
592	3420	34200000	1.4901161193847656e-07	0x1.4000000000000p-23	5	33554432	normal	12
593	3421	34210000	1.4994293451309204e-07	0x1.4200000000000p-23	161	1073741824	normal	13
594	3422	34220000	1.5087425708770752e-07	0x1.4400000000000p-23	81	536870912	normal	18
595	3423	34230000	1.51805579662323e-07	0x1.4600000000000p-23	163	1073741824	normal	19
596	3424	34240000	1.5273690223693848e-07	0x1.4800000000000p-23	41	268435456	normal	7
597	3425	34250000	1.5366822481155396e-07	0x1.4a00000000000p-23	165	1073741824	normal	14
598	3426	34260000	1.5459954738616943e-07	0x1.4c00000000000p-23	83	536870912	normal	21
599	3427	34270000	1.555308699607849e-07	0x1.4e00000000000p-23	167	1073741824	normal	14
600	3428	34280000	1.564621925354004e-07	0x1.5000000000000p-23	21	134217728	normal	18
601	3429	34290000	1.5739351511001587e-07	0x1.5200000000000p-23	169	1073741824	normal	8
602	342a	342a0000	1.5832483768463135e-07	0x1.5400000000000p-23	85	536870912	normal	17
603	342b	342b0000	1.5925616025924683e-07	0x1.5600000000000p-23	171	1073741824	normal	11
604	342c	342c0000	1.601874828338623e-07	0x1.5800000000000p-23	43	268435456	normal	17
605	342d	342d0000	1.6111880540847778e-07	0x1.5a00000000000p-23	173	1073741824	normal	17
606	342e	342e0000	1.6205012798309326e-07	0x1.5c00000000000p-23	87	536870912	normal	14
607	342f	342f0000	1.6298145055770874e-07	0x1.5e00000000000p-23	175	1073741824	normal	8
608	3430	34300000	1.6391277313232422e-07	0x1.6000000000000p-23	11	67108864	normal	13
609	3431	34310000	1.648440957069397e-07	0x1.6200000000000p-23	177	1073741824	normal	17
610	3432	34320000	1.6577541828155518e-07	0x1.6400000000000p-23	89	536870912	normal	20
611	3433	34330000	1.6670674085617065e-07	0x1.6600000000000p-23	179	1073741824	normal	13
612	3434	34340000	1.6763806343078613e-07	0x1.6800000000000p-23	45	268435456	normal	11
613	3435	34350000	1.685693860054016e-07	0x1.6a00000000000p-23	181	1073741824	normal	19
614	3436	34360000	1.695007085800171e-07	0x1.6c00000000000p-23	91	536870912	normal	12
615	3437	34370000	1.7043203115463257e-07	0x1.6e00000000000p-23	183	1073741824	normal	21
616	3438	34380000	1.7136335372924805e-07	0x1.7000000000000p-23	23	134217728	normal	19
617	3439	34390000	1.7229467630386353e-07	0x1.7200000000000p-23	185	1073741824	normal	14
618	343a	343a0000	1.73225998878479e-07	0x1.7400000000000p-23	93	536870912	normal	28
619	343b	343b0000	1.7415732145309448e-07	0x1.7600000000000p-23	187	1073741824	normal	13
620	343c	343c0000	1.7508864402770996e-07	0x1.7800000000000p-23	47	268435456	normal	17
621	343d	343d0000	1.7601996660232544e-07	0x1.7a00000000000p-23	189	1073741824	normal	19
622	343e	343e0000	1.7695128917694092e-07	0x1.7c00000000000p-23	95	536870912	normal	13
623	343f	343f0000	1.778826117515564e-07	0x1.7e00000000000p-23	191	1073741824	normal	16
624	3440	34400000	1.7881393432617188e-07	0x1.8000000000000p-23	3	16777216	normal	17
625	3441	34410000	1.7974525690078735e-07	0x1.8200000000000p-23	193	1073741824	normal	18
626	3442	34420000	1.8067657947540283e-07	0x1.8400000000000p-23	97	536870912	normal	14
627	3443	34430000	1.816079020500183e-07	0x1.8600000000000p-23	195	1073741824	normal	13
628	3444	34440000	1.825392246246338e-07	0x1.8800000000000p-23	49	268435456	normal	23
629	3445	34450000	1.8347054719924927e-07	0x1.8a00000000000p-23	197	1073741824	normal	18
630	3446	34460000	1.8440186977386475e-07	0x1.8c00000000000p-23	99	536870912	normal	11
631	3447	34470000	1.8533319234848022e-07	0x1.8e00000000000p-23	199	1073741824	normal	16
632	3448	34480000	1.862645149230957e-07	0x1.9000000000000p-23	25	134217728	normal	20
633	3449	34490000	1.8719583749771118e-07	0x1.9200000000000p-23	201	1073741824	normal	16
634	344a	344a0000	1.8812716007232666e-07	0x1.9400000000000p-23	101	536870912	normal	14
635	344b	344b0000	1.8905848264694214e-07	0x1.9600000000000p-23	203	1073741824	normal	13
636	344c	344c0000	1.8998980522155762e-07	0x1.9800000000000p-23	51	268435456	normal	17
637	344d	344d0000	1.909211277961731e-07	0x1.9a00000000000p-23	205	1073741824	normal	25
638	344e	344e0000	1.9185245037078857e-07	0x1.9c00000000000p-23	103	536870912	normal	18
639	344f	344f0000	1.9278377294540405e-07	0x1.9e00000000000p-23	207	1073741824	normal	13
640	3450	34500000	1.9371509552001953e-07	0x1.a000000000000p-23	13	67108864	normal	24
641	3451	34510000	1.94646418094635e-07	0x1.a200000000000p-23	209	1073741824	normal	21
642	3452	34520000	1.955777406692505e-07	0x1.a400000000000p-23	105	536870912	normal	22
643	3453	34530000	1.9650906324386597e-07	0x1.a600000000000p-23	211	1073741824	normal	15
644	3454	34540000	1.9744038581848145e-07	0x1.a800000000000p-23	53	268435456	normal	23
645	3455	34550000	1.9837170839309692e-07	0x1.aa00000000000p-23	213	1073741824	normal	14
646	3456	34560000	1.993030309677124e-07	0x1.ac00000000000p-23	107	536870912	normal	21
647	3457	34570000	2.0023435354232788e-07	0x1.ae00000000000p-23	215	1073741824	normal	19
648	3458	34580000	2.0116567611694336e-07	0x1.b000000000000p-23	27	134217728	normal	16
649	3459	34590000	2.0209699869155884e-07	0x1.b200000000000p-23	217	1073741824	normal	15
650	345a	345a0000	2.0302832126617432e-07	0x1.b400000000000p-23	109	536870912	normal	18
651	345b	345b0000	2.039596438407898e-07	0x1.b600000000000p-23	219	1073741824	normal	11
652	345c	345c0000	2.0489096641540527e-07	0x1.b800000000000p-23	55	268435456	normal	15
653	345d	345d0000	2.0582228899002075e-07	0x1.ba00000000000p-23	221	1073741824	normal	14
654	345e	345e0000	2.0675361156463623e-07	0x1.bc00000000000p-23	111	536870912	normal	22
655	345f	345f0000	2.076849341392517e-07	0x1.be00000000000p-23	223	1073741824	normal	12
656	3460	34600000	2.086162567138672e-07	0x1.c000000000000p-23	7	33554432	normal	22
657	3461	34610000	2.0954757928848267e-07	0x1.c200000000000p-23	225	1073741824	normal	26
658	3462	34620000	2.1047890186309814e-07	0x1.c400000000000p-23	113	536870912	normal	5
659	3463	34630000	2.1141022443771362e-07	0x1.c600000000000p-23	227	1073741824	normal	18
660	3464	34640000	2.123415470123291e-07	0x1.c800000000000p-23	57	268435456	normal	19
661	3465	34650000	2.1327286958694458e-07	0x1.ca00000000000p-23	229	1073741824	normal	26
662	3466	34660000	2.1420419216156006e-07	0x1.cc00000000000p-23	115	536870912	normal	10
663	3467	34670000	2.1513551473617554e-07	0x1.ce00000000000p-23	231	1073741824	normal	14
664	3468	34680000	2.1606683731079102e-07	0x1.d000000000000p-23	29	134217728	normal	11
665	3469	34690000	2.169981598854065e-07	0x1.d200000000000p-23	233	1073741824	normal	25
666	346a	346a0000	2.1792948246002197e-07	0x1.d400000000000p-23	117	536870912	normal	14
667	346b	346b0000	2.1886080503463745e-07	0x1.d600000000000p-23	235	1073741824	normal	16
668	346c	346c0000	2.1979212760925293e-07	0x1.d800000000000p-23	59	268435456	normal	15
669	346d	346d0000	2.207234501838684e-07	0x1.da00000000000p-23	237	1073741824	normal	15
670	346e	346e0000	2.2165477275848389e-07	0x1.dc00000000000p-23	119	536870912	normal	18
671	346f	346f0000	2.2258609533309937e-07	0x1.de00000000000p-23	239	1073741824	normal	19
672	3470	34700000	2.2351741790771484e-07	0x1.e000000000000p-23	15	67108864	normal	13
673	3471	34710000	2.2444874048233032e-07	0x1.e200000000000p-23	241	1073741824	normal	14
674	3472	34720000	2.253800630569458e-07	0x1.e400000000000p-23	121	536870912	normal	10
675	3473	34730000	2.2631138563156128e-07	0x1.e600000000000p-23	243	1073741824	normal	15
676	3474	34740000	2.2724270820617676e-07	0x1.e800000000000p-23	61	268435456	normal	13
677	3475	34750000	2.2817403078079224e-07	0x1.ea00000000000p-23	245	1073741824	normal	14
678	3476	34760000	2.2910535335540771e-07	0x1.ec00000000000p-23	123	536870912	normal	16
679	3477	34770000	2.300366759300232e-07	0x1.ee00000000000p-23	247	1073741824	normal	10
680	3478	34780000	2.3096799850463867e-07	0x1.f000000000000p-23	31	134217728	normal	14
681	3479	34790000	2.3189932107925415e-07	0x1.f200000000000p-23	249	1073741824	normal	18
682	347a	347a0000	2.3283064365386963e-07	0x1.f400000000000p-23	125	536870912	normal	19
683	347b	347b0000	2.337619662284851e-07	0x1.f600000000000p-23	251	1073741824	normal	18
684	347c	347c0000	2.3469328880310059e-07	0x1.f800000000000p-23	63	268435456	normal	17
685	347d	347d0000	2.3562461137771606e-07	0x1.fa00000000000p-23	253	1073741824	normal	17
686	347e	347e0000	2.3655593395233154e-07	0x1.fc00000000000p-23	127	536870912	normal	13
687	347f	347f0000	2.3748725652694702e-07	0x1.fe00000000000p-23	255	1073741824	normal	15
688	3480	34800000	2.384185791015625e-07	0x1.0000000000000p-22	1	4194304	normal	23
689	3481	34810000	2.4028122425079346e-07	0x1.0200000000000p-22	129	536870912	normal	35
690	3482	34820000	2.421438694000244e-07	0x1.0400000000000p-22	65	268435456	normal	38
691	3483	34830000	2.4400651454925537e-07	0x1.0600000000000p-22	131	536870912	normal	35
692	3484	34840000	2.4586915969848633e-07	0x1.0800000000000p-22	33	134217728	normal	30
693	3485	34850000	2.477318048477173e-07	0x1.0a00000000000p-22	133	536870912	normal	38
694	3486	34860000	2.4959444999694824e-07	0x1.0c00000000000p-22	67	268435456	normal	37
695	3487	34870000	2.514570951461792e-07	0x1.0e00000000000p-22	135	536870912	normal	39
696	3488	34880000	2.5331974029541016e-07	0x1.1000000000000p-22	17	67108864	normal	36
697	3489	34890000	2.551823854446411e-07	0x1.1200000000000p-22	137	536870912	normal	52
698	348a	348a0000	2.5704503059387207e-07	0x1.1400000000000p-22	69	268435456	normal	40
699	348b	348b0000	2.5890767574310303e-07	0x1.1600000000000p-22	139	536870912	normal	21
700	348c	348c0000	2.60770320892334e-07	0x1.1800000000000p-22	35	134217728	normal	35
701	348d	348d0000	2.6263296604156494e-07	0x1.1a00000000000p-22	141	536870912	normal	28
702	348e	348e0000	2.644956111907959e-07	0x1.1c00000000000p-22	71	268435456	normal	32
703	348f	348f0000	2.6635825634002686e-07	0x1.1e00000000000p-22	143	536870912	normal	26
704	3490	34900000	2.682209014892578e-07	0x1.2000000000000p-22	9	33554432	normal	29
705	3491	34910000	2.7008354663848877e-07	0x1.2200000000000p-22	145	536870912	normal	35
706	3492	34920000	2.7194619178771973e-07	0x1.2400000000000p-22	73	268435456	normal	25
707	3493	34930000	2.738088369369507e-07	0x1.2600000000000p-22	147	536870912	normal	30
708	3494	34940000	2.7567148208618164e-07	0x1.2800000000000p-22	37	134217728	normal	34
709	3495	34950000	2.775341272354126e-07	0x1.2a00000000000p-22	149	536870912	normal	22
710	3496	34960000	2.7939677238464355e-07	0x1.2c00000000000p-22	75	268435456	normal	30
711	3497	34970000	2.812594175338745e-07	0x1.2e00000000000p-22	151	536870912	normal	30
712	3498	34980000	2.8312206268310547e-07	0x1.3000000000000p-22	19	67108864	normal	32
713	3499	34990000	2.849847078323364e-07	0x1.3200000000000p-22	153	536870912	normal	28
714	349a	349a0000	2.868473529815674e-07	0x1.3400000000000p-22	77	268435456	normal	36
715	349b	349b0000	2.8870999813079834e-07	0x1.3600000000000p-22	155	536870912	normal	33
716	349c	349c0000	2.905726432800293e-07	0x1.3800000000000p-22	39	134217728	normal	36
717	349d	349d0000	2.9243528842926025e-07	0x1.3a00000000000p-22	157	536870912	normal	32
718	349e	349e0000	2.942979335784912e-07	0x1.3c00000000000p-22	79	268435456	normal	35
719	349f	349f0000	2.9616057872772217e-07	0x1.3e00000000000p-22	159	536870912	normal	24
720	34a0	34a00000	2.980232238769531e-07	0x1.4000000000000p-22	5	16777216	normal	34
721	34a1	34a10000	2.998858690261841e-07	0x1.4200000000000p-22	161	536870912	normal	41
722	34a2	34a20000	3.0174851417541504e-07	0x1.4400000000000p-22	81	268435456	normal	27
723	34a3	34a30000	3.03611159324646e-07	0x1.4600000000000p-22	163	536870912	normal	31
724	34a4	34a40000	3.0547380447387695e-07	0x1.4800000000000p-22	41	134217728	normal	39
725	34a5	34a50000	3.073364496231079e-07	0x1.4a00000000000p-22	165	536870912	normal	36
726	34a6	34a60000	3.0919909477233887e-07	0x1.4c00000000000p-22	83	268435456	normal	37
727	34a7	34a70000	3.110617399215698e-07	0x1.4e00000000000p-22	167	536870912	normal	48
728	34a8	34a80000	3.129243850708008e-07	0x1.5000000000000p-22	21	67108864	normal	35
729	34a9	34a90000	3.1478703022003174e-07	0x1.5200000000000p-22	169	536870912	normal	31
730	34aa	34aa0000	3.166496753692627e-07	0x1.5400000000000p-22	85	268435456	normal	29
731	34ab	34ab0000	3.1851232051849365e-07	0x1.5600000000000p-22	171	536870912	normal	40
732	34ac	34ac0000	3.203749656677246e-07	0x1.5800000000000p-22	43	134217728	normal	36
733	34ad	34ad0000	3.2223761081695557e-07	0x1.5a00000000000p-22	173	536870912	normal	37
734	34ae	34ae0000	3.241002559661865e-07	0x1.5c00000000000p-22	87	268435456	normal	36
735	34af	34af0000	3.259629011154175e-07	0x1.5e00000000000p-22	175	536870912	normal	31
736	34b0	34b00000	3.2782554626464844e-07	0x1.6000000000000p-22	11	33554432	normal	23
737	34b1	34b10000	3.296881914138794e-07	0x1.6200000000000p-22	177	536870912	normal	44
738	34b2	34b20000	3.3155083656311035e-07	0x1.6400000000000p-22	89	268435456	normal	33
739	34b3	34b30000	3.334134817123413e-07	0x1.6600000000000p-22	179	536870912	normal	33
740	34b4	34b40000	3.3527612686157227e-07	0x1.6800000000000p-22	45	134217728	normal	32
741	34b5	34b50000	3.371387720108032e-07	0x1.6a00000000000p-22	181	536870912	normal	36
742	34b6	34b60000	3.390014171600342e-07	0x1.6c00000000000p-22	91	268435456	normal	41
743	34b7	34b70000	3.4086406230926514e-07	0x1.6e00000000000p-22	183	536870912	normal	27
744	34b8	34b80000	3.427267074584961e-07	0x1.7000000000000p-22	23	67108864	normal	35
745	34b9	34b90000	3.4458935260772705e-07	0x1.7200000000000p-22	185	536870912	normal	39
746	34ba	34ba0000	3.46451997756958e-07	0x1.7400000000000p-22	93	268435456	normal	24
747	34bb	34bb0000	3.4831464290618896e-07	0x1.7600000000000p-22	187	536870912	normal	31
748	34bc	34bc0000	3.501772880554199e-07	0x1.7800000000000p-22	47	134217728	normal	47
749	34bd	34bd0000	3.520399332046509e-07	0x1.7a00000000000p-22	189	536870912	normal	35
750	34be	34be0000	3.5390257835388184e-07	0x1.7c00000000000p-22	95	268435456	normal	25
751	34bf	34bf0000	3.557652235031128e-07	0x1.7e00000000000p-22	191	536870912	normal	35
752	34c0	34c00000	3.5762786865234375e-07	0x1.8000000000000p-22	3	8388608	normal	36
753	34c1	34c10000	3.594905138015747e-07	0x1.8200000000000p-22	193	536870912	normal	40
754	34c2	34c20000	3.6135315895080566e-07	0x1.8400000000000p-22	97	268435456	normal	39
755	34c3	34c30000	3.632158041000366e-07	0x1.8600000000000p-22	195	536870912	normal	33
756	34c4	34c40000	3.650784492492676e-07	0x1.8800000000000p-22	49	134217728	normal	34
757	34c5	34c50000	3.6694109439849854e-07	0x1.8a00000000000p-22	197	536870912	normal	35
758	34c6	34c60000	3.688037395477295e-07	0x1.8c00000000000p-22	99	268435456	normal	22
759	34c7	34c70000	3.7066638469696045e-07	0x1.8e00000000000p-22	199	536870912	normal	36
760	34c8	34c80000	3.725290298461914e-07	0x1.9000000000000p-22	25	67108864	normal	29
761	34c9	34c90000	3.7439167499542236e-07	0x1.9200000000000p-22	201	536870912	normal	22
762	34ca	34ca0000	3.762543201446533e-07	0x1.9400000000000p-22	101	268435456	normal	33
763	34cb	34cb0000	3.781169652938843e-07	0x1.9600000000000p-22	203	536870912	normal	40
764	34cc	34cc0000	3.7997961044311523e-07	0x1.9800000000000p-22	51	134217728	normal	40
765	34cd	34cd0000	3.818422555923462e-07	0x1.9a00000000000p-22	205	536870912	normal	25
766	34ce	34ce0000	3.8370490074157715e-07	0x1.9c00000000000p-22	103	268435456	normal	34
767	34cf	34cf0000	3.855675458908081e-07	0x1.9e00000000000p-22	207	536870912	normal	44
768	34d0	34d00000	3.8743019104003906e-07	0x1.a000000000000p-22	13	33554432	normal	46
769	34d1	34d10000	3.8929283618927e-07	0x1.a200000000000p-22	209	536870912	normal	41
770	34d2	34d20000	3.91155481338501e-07	0x1.a400000000000p-22	105	268435456	normal	25
771	34d3	34d30000	3.9301812648773193e-07	0x1.a600000000000p-22	211	536870912	normal	34
772	34d4	34d40000	3.948807716369629e-07	0x1.a800000000000p-22	53	134217728	normal	40
773	34d5	34d50000	3.9674341678619385e-07	0x1.aa00000000000p-22	213	536870912	normal	42
774	34d6	34d60000	3.986060619354248e-07	0x1.ac00000000000p-22	107	268435456	normal	39
775	34d7	34d70000	4.0046870708465576e-07	0x1.ae00000000000p-22	215	536870912	normal	33
776	34d8	34d80000	4.023313522338867e-07	0x1.b000000000000p-22	27	67108864	normal	28
777	34d9	34d90000	4.041939973831177e-07	0x1.b200000000000p-22	217	536870912	normal	28
778	34da	34da0000	4.0605664253234863e-07	0x1.b400000000000p-22	109	268435456	normal	26
779	34db	34db0000	4.079192876815796e-07	0x1.b600000000000p-22	219	536870912	normal	25
780	34dc	34dc0000	4.0978193283081055e-07	0x1.b800000000000p-22	55	134217728	normal	40
781	34dd	34dd0000	4.116445779800415e-07	0x1.ba00000000000p-22	221	536870912	normal	35
782	34de	34de0000	4.1350722312927246e-07	0x1.bc00000000000p-22	111	268435456	normal	31
783	34df	34df0000	4.153698682785034e-07	0x1.be00000000000p-22	223	536870912	normal	32
784	34e0	34e00000	4.172325134277344e-07	0x1.c000000000000p-22	7	16777216	normal	25
785	34e1	34e10000	4.1909515857696533e-07	0x1.c200000000000p-22	225	536870912	normal	35
786	34e2	34e20000	4.209578037261963e-07	0x1.c400000000000p-22	113	268435456	normal	38
787	34e3	34e30000	4.2282044887542725e-07	0x1.c600000000000p-22	227	536870912	normal	45
788	34e4	34e40000	4.246830940246582e-07	0x1.c800000000000p-22	57	134217728	normal	35
789	34e5	34e50000	4.2654573917388916e-07	0x1.ca00000000000p-22	229	536870912	normal	28
790	34e6	34e60000	4.284083843231201e-07	0x1.cc00000000000p-22	115	268435456	normal	42
791	34e7	34e70000	4.302710294723511e-07	0x1.ce00000000000p-22	231	536870912	normal	33
792	34e8	34e80000	4.3213367462158203e-07	0x1.d000000000000p-22	29	67108864	normal	30
793	34e9	34e90000	4.33996319770813e-07	0x1.d200000000000p-22	233	536870912	normal	24
794	34ea	34ea0000	4.3585896492004395e-07	0x1.d400000000000p-22	117	268435456	normal	37
795	34eb	34eb0000	4.377216100692749e-07	0x1.d600000000000p-22	235	536870912	normal	29
796	34ec	34ec0000	4.3958425521850586e-07	0x1.d800000000000p-22	59	134217728	normal	36
797	34ed	34ed0000	4.414469003677368e-07	0x1.da00000000000p-22	237	536870912	normal	34
798	34ee	34ee0000	4.4330954551696777e-07	0x1.dc00000000000p-22	119	268435456	normal	29
799	34ef	34ef0000	4.4517219066619873e-07	0x1.de00000000000p-22	239	536870912	normal	31
800	34f0	34f00000	4.470348358154297e-07	0x1.e000000000000p-22	15	33554432	normal	29
801	34f1	34f10000	4.4889748096466064e-07	0x1.e200000000000p-22	241	536870912	normal	26
802	34f2	34f20000	4.507601261138916e-07	0x1.e400000000000p-22	121	268435456	normal	30
803	34f3	34f30000	4.5262277126312256e-07	0x1.e600000000000p-22	243	536870912	normal	41
804	34f4	34f40000	4.544854164123535e-07	0x1.e800000000000p-22	61	134217728	normal	33
805	34f5	34f50000	4.5634806156158447e-07	0x1.ea00000000000p-22	245	536870912	normal	43
806	34f6	34f60000	4.5821070671081543e-07	0x1.ec00000000000p-22	123	268435456	normal	33
807	34f7	34f70000	4.600733518600464e-07	0x1.ee00000000000p-22	247	536870912	normal	38
808	34f8	34f80000	4.6193599700927734e-07	0x1.f000000000000p-22	31	67108864	normal	37
809	34f9	34f90000	4.637986421585083e-07	0x1.f200000000000p-22	249	536870912	normal	36
810	34fa	34fa0000	4.6566128730773926e-07	0x1.f400000000000p-22	125	268435456	normal	29
811	34fb	34fb0000	4.675239324569702e-07	0x1.f600000000000p-22	251	536870912	normal	25
812	34fc	34fc0000	4.6938657760620117e-07	0x1.f800000000000p-22	63	134217728	normal	36
813	34fd	34fd0000	4.7124922275543213e-07	0x1.fa00000000000p-22	253	536870912	normal	36
814	34fe	34fe0000	4.731118679046631e-07	0x1.fc00000000000p-22	127	268435456	normal	24
815	34ff	34ff0000	4.7497451305389404e-07	0x1.fe00000000000p-22	255	536870912	normal	30
816	3500	35000000	4.76837158203125e-07	0x1.0000000000000p-21	1	2097152	normal	40
817	3501	35010000	4.805624485015869e-07	0x1.0200000000000p-21	129	268435456	normal	67
818	3502	35020000	4.842877388000488e-07	0x1.0400000000000p-21	65	134217728	normal	70
819	3503	35030000	4.880130290985107e-07	0x1.0600000000000p-21	131	268435456	normal	72
820	3504	35040000	4.917383193969727e-07	0x1.0800000000000p-21	33	67108864	normal	61
821	3505	35050000	4.954636096954346e-07	0x1.0a00000000000p-21	133	268435456	normal	64
822	3506	35060000	4.991888999938965e-07	0x1.0c00000000000p-21	67	134217728	normal	80
823	3507	35070000	5.029141902923584e-07	0x1.0e00000000000p-21	135	268435456	normal	71
824	3508	35080000	5.066394805908203e-07	0x1.1000000000000p-21	17	33554432	normal	67
825	3509	35090000	5.103647708892822e-07	0x1.1200000000000p-21	137	268435456	normal	66
826	350a	350a0000	5.140900611877441e-07	0x1.1400000000000p-21	69	134217728	normal	60
827	350b	350b0000	5.178153514862061e-07	0x1.1600000000000p-21	139	268435456	normal	78
828	350c	350c0000	5.21540641784668e-07	0x1.1800000000000p-21	35	67108864	normal	66
829	350d	350d0000	5.252659320831299e-07	0x1.1a00000000000p-21	141	268435456	normal	74
830	350e	350e0000	5.289912223815918e-07	0x1.1c00000000000p-21	71	134217728	normal	69
831	350f	350f0000	5.327165126800537e-07	0x1.1e00000000000p-21	143	268435456	normal	59
832	3510	35100000	5.364418029785156e-07	0x1.2000000000000p-21	9	16777216	normal	72
833	3511	35110000	5.401670932769775e-07	0x1.2200000000000p-21	145	268435456	normal	56
834	3512	35120000	5.438923835754395e-07	0x1.2400000000000p-21	73	134217728	normal	72
835	3513	35130000	5.476176738739014e-07	0x1.2600000000000p-21	147	268435456	normal	71
836	3514	35140000	5.513429641723633e-07	0x1.2800000000000p-21	37	67108864	normal	76
837	3515	35150000	5.550682544708252e-07	0x1.2a00000000000p-21	149	268435456	normal	69
838	3516	35160000	5.587935447692871e-07	0x1.2c00000000000p-21	75	134217728	normal	64
839	3517	35170000	5.62518835067749e-07	0x1.2e00000000000p-21	151	268435456	normal	67
840	3518	35180000	5.662441253662109e-07	0x1.3000000000000p-21	19	33554432	normal	68
841	3519	35190000	5.699694156646729e-07	0x1.3200000000000p-21	153	268435456	normal	69
842	351a	351a0000	5.736947059631348e-07	0x1.3400000000000p-21	77	134217728	normal	60
843	351b	351b0000	5.774199962615967e-07	0x1.3600000000000p-21	155	268435456	normal	79
844	351c	351c0000	5.811452865600586e-07	0x1.3800000000000p-21	39	67108864	normal	53
845	351d	351d0000	5.848705768585205e-07	0x1.3a00000000000p-21	157	268435456	normal	64
846	351e	351e0000	5.885958671569824e-07	0x1.3c00000000000p-21	79	134217728	normal	64
847	351f	351f0000	5.923211574554443e-07	0x1.3e00000000000p-21	159	268435456	normal	58
848	3520	35200000	5.960464477539062e-07	0x1.4000000000000p-21	5	8388608	normal	85
849	3521	35210000	5.997717380523682e-07	0x1.4200000000000p-21	161	268435456	normal	76
850	3522	35220000	6.034970283508301e-07	0x1.4400000000000p-21	81	134217728	normal	67
851	3523	35230000	6.07222318649292e-07	0x1.4600000000000p-21	163	268435456	normal	70
852	3524	35240000	6.109476089477539e-07	0x1.4800000000000p-21	41	67108864	normal	65
853	3525	35250000	6.146728992462158e-07	0x1.4a00000000000p-21	165	268435456	normal	71
854	3526	35260000	6.183981895446777e-07	0x1.4c00000000000p-21	83	134217728	normal	76
855	3527	35270000	6.221234798431396e-07	0x1.4e00000000000p-21	167	268435456	normal	62
856	3528	35280000	6.258487701416016e-07	0x1.5000000000000p-21	21	33554432	normal	65
857	3529	35290000	6.295740604400635e-07	0x1.5200000000000p-21	169	268435456	normal	81
858	352a	352a0000	6.332993507385254e-07	0x1.5400000000000p-21	85	134217728	normal	57
859	352b	352b0000	6.370246410369873e-07	0x1.5600000000000p-21	171	268435456	normal	57
860	352c	352c0000	6.407499313354492e-07	0x1.5800000000000p-21	43	67108864	normal	75
861	352d	352d0000	6.444752216339111e-07	0x1.5a00000000000p-21	173	268435456	normal	68
862	352e	352e0000	6.48200511932373e-07	0x1.5c00000000000p-21	87	134217728	normal	50
863	352f	352f0000	6.51925802230835e-07	0x1.5e00000000000p-21	175	268435456	normal	64
864	3530	35300000	6.556510925292969e-07	0x1.6000000000000p-21	11	16777216	normal	62
865	3531	35310000	6.593763828277588e-07	0x1.6200000000000p-21	177	268435456	normal	70
866	3532	35320000	6.631016731262207e-07	0x1.6400000000000p-21	89	134217728	normal	65
867	3533	35330000	6.668269634246826e-07	0x1.6600000000000p-21	179	268435456	normal	81
868	3534	35340000	6.705522537231445e-07	0x1.6800000000000p-21	45	67108864	normal	74
869	3535	35350000	6.742775440216064e-07	0x1.6a00000000000p-21	181	268435456	normal	62
870	3536	35360000	6.780028343200684e-07	0x1.6c00000000000p-21	91	134217728	normal	54
871	3537	35370000	6.817281246185303e-07	0x1.6e00000000000p-21	183	268435456	normal	63
872	3538	35380000	6.854534149169922e-07	0x1.7000000000000p-21	23	33554432	normal	60
873	3539	35390000	6.891787052154541e-07	0x1.7200000000000p-21	185	268435456	normal	63
874	353a	353a0000	6.92903995513916e-07	0x1.7400000000000p-21	93	134217728	normal	55
875	353b	353b0000	6.966292858123779e-07	0x1.7600000000000p-21	187	268435456	normal	62
876	353c	353c0000	7.003545761108398e-07	0x1.7800000000000p-21	47	67108864	normal	74
877	353d	353d0000	7.040798664093018e-07	0x1.7a00000000000p-21	189	268435456	normal	69
878	353e	353e0000	7.078051567077637e-07	0x1.7c00000000000p-21	95	134217728	normal	64
879	353f	353f0000	7.115304470062256e-07	0x1.7e00000000000p-21	191	268435456	normal	59
880	3540	35400000	7.152557373046875e-07	0x1.8000000000000p-21	3	4194304	normal	66
881	3541	35410000	7.189810276031494e-07	0x1.8200000000000p-21	193	268435456	normal	70
882	3542	35420000	7.227063179016113e-07	0x1.8400000000000p-21	97	134217728	normal	67
883	3543	35430000	7.264316082000732e-07	0x1.8600000000000p-21	195	268435456	normal	74
884	3544	35440000	7.301568984985352e-07	0x1.8800000000000p-21	49	67108864	normal	76
885	3545	35450000	7.338821887969971e-07	0x1.8a00000000000p-21	197	268435456	normal	66
886	3546	35460000	7.37607479095459e-07	0x1.8c00000000000p-21	99	134217728	normal	72
887	3547	35470000	7.413327693939209e-07	0x1.8e00000000000p-21	199	268435456	normal	59
888	3548	35480000	7.450580596923828e-07	0x1.9000000000000p-21	25	33554432	normal	77
889	3549	35490000	7.487833499908447e-07	0x1.9200000000000p-21	201	268435456	normal	58
890	354a	354a0000	7.525086402893066e-07	0x1.9400000000000p-21	101	134217728	normal	50
891	354b	354b0000	7.562339305877686e-07	0x1.9600000000000p-21	203	268435456	normal	74
892	354c	354c0000	7.599592208862305e-07	0x1.9800000000000p-21	51	67108864	normal	65
893	354d	354d0000	7.636845111846924e-07	0x1.9a00000000000p-21	205	268435456	normal	64
894	354e	354e0000	7.674098014831543e-07	0x1.9c00000000000p-21	103	134217728	normal	76
895	354f	354f0000	7.711350917816162e-07	0x1.9e00000000000p-21	207	268435456	normal	57
896	3550	35500000	7.748603820800781e-07	0x1.a000000000000p-21	13	16777216	normal	54
897	3551	35510000	7.7858567237854e-07	0x1.a200000000000p-21	209	268435456	normal	65
898	3552	35520000	7.82310962677002e-07	0x1.a400000000000p-21	105	134217728	normal	70
899	3553	35530000	7.860362529754639e-07	0x1.a600000000000p-21	211	268435456	normal	72
900	3554	35540000	7.897615432739258e-07	0x1.a800000000000p-21	53	67108864	normal	69
901	3555	35550000	7.934868335723877e-07	0x1.aa00000000000p-21	213	268435456	normal	69
902	3556	35560000	7.972121238708496e-07	0x1.ac00000000000p-21	107	134217728	normal	58
903	3557	35570000	8.009374141693115e-07	0x1.ae00000000000p-21	215	268435456	normal	55
904	3558	35580000	8.046627044677734e-07	0x1.b000000000000p-21	27	33554432	normal	62
905	3559	35590000	8.083879947662354e-07	0x1.b200000000000p-21	217	268435456	normal	71
906	355a	355a0000	8.121132850646973e-07	0x1.b400000000000p-21	109	134217728	normal	79
907	355b	355b0000	8.158385753631592e-07	0x1.b600000000000p-21	219	268435456	normal	70
908	355c	355c0000	8.195638656616211e-07	0x1.b800000000000p-21	55	67108864	normal	59
909	355d	355d0000	8.23289155960083e-07	0x1.ba00000000000p-21	221	268435456	normal	64
910	355e	355e0000	8.270144462585449e-07	0x1.bc00000000000p-21	111	134217728	normal	58
911	355f	355f0000	8.307397365570068e-07	0x1.be00000000000p-21	223	268435456	normal	78
912	3560	35600000	8.344650268554688e-07	0x1.c000000000000p-21	7	8388608	normal	64
913	3561	35610000	8.381903171539307e-07	0x1.c200000000000p-21	225	268435456	normal	56
914	3562	35620000	8.419156074523926e-07	0x1.c400000000000p-21	113	134217728	normal	68
915	3563	35630000	8.456408977508545e-07	0x1.c600000000000p-21	227	268435456	normal	65
916	3564	35640000	8.493661880493164e-07	0x1.c800000000000p-21	57	67108864	normal	71
917	3565	35650000	8.530914783477783e-07	0x1.ca00000000000p-21	229	268435456	normal	54
918	3566	35660000	8.568167686462402e-07	0x1.cc00000000000p-21	115	134217728	normal	71
919	3567	35670000	8.605420589447021e-07	0x1.ce00000000000p-21	231	268435456	normal	78
920	3568	35680000	8.642673492431641e-07	0x1.d000000000000p-21	29	33554432	normal	59
921	3569	35690000	8.67992639541626e-07	0x1.d200000000000p-21	233	268435456	normal	60
922	356a	356a0000	8.717179298400879e-07	0x1.d400000000000p-21	117	134217728	normal	60
923	356b	356b0000	8.754432201385498e-07	0x1.d600000000000p-21	235	268435456	normal	61
924	356c	356c0000	8.791685104370117e-07	0x1.d800000000000p-21	59	67108864	normal	64
925	356d	356d0000	8.828938007354736e-07	0x1.da00000000000p-21	237	268435456	normal	61
926	356e	356e0000	8.866190910339355e-07	0x1.dc00000000000p-21	119	134217728	normal	60
927	356f	356f0000	8.903443813323975e-07	0x1.de00000000000p-21	239	268435456	normal	54
928	3570	35700000	8.940696716308594e-07	0x1.e000000000000p-21	15	16777216	normal	60
929	3571	35710000	8.977949619293213e-07	0x1.e200000000000p-21	241	268435456	normal	67
930	3572	35720000	9.015202522277832e-07	0x1.e400000000000p-21	121	134217728	normal	65
931	3573	35730000	9.052455425262451e-07	0x1.e600000000000p-21	243	268435456	normal	68
932	3574	35740000	9.08970832824707e-07	0x1.e800000000000p-21	61	67108864	normal	59
933	3575	35750000	9.126961231231689e-07	0x1.ea00000000000p-21	245	268435456	normal	53
934	3576	35760000	9.164214134216309e-07	0x1.ec00000000000p-21	123	134217728	normal	57
935	3577	35770000	9.201467037200928e-07	0x1.ee00000000000p-21	247	268435456	normal	66
936	3578	35780000	9.238719940185547e-07	0x1.f000000000000p-21	31	33554432	normal	78
937	3579	35790000	9.275972843170166e-07	0x1.f200000000000p-21	249	268435456	normal	72
938	357a	357a0000	9.313225746154785e-07	0x1.f400000000000p-21	125	134217728	normal	55
939	357b	357b0000	9.350478649139404e-07	0x1.f600000000000p-21	251	268435456	normal	78
940	357c	357c0000	9.387731552124023e-07	0x1.f800000000000p-21	63	67108864	normal	68
941	357d	357d0000	9.424984455108643e-07	0x1.fa00000000000p-21	253	268435456	normal	62
942	357e	357e0000	9.462237358093262e-07	0x1.fc00000000000p-21	127	134217728	normal	88
943	357f	357f0000	9.499490261077881e-07	0x1.fe00000000000p-21	255	268435456	normal	79
944	3580	35800000	9.5367431640625e-07	0x1.0000000000000p-20	1	1048576	normal	98
945	3581	35810000	9.611248970031738e-07	0x1.0200000000000p-20	129	134217728	normal	150
946	3582	35820000	9.685754776000977e-07	0x1.0400000000000p-20	65	67108864	normal	125
947	3583	35830000	9.760260581970215e-07	0x1.0600000000000p-20	131	134217728	normal	141
948	3584	35840000	9.834766387939453e-07	0x1.0800000000000p-20	33	33554432	normal	135
949	3585	35850000	9.909272193908691e-07	0x1.0a00000000000p-20	133	134217728	normal	125
950	3586	35860000	9.98377799987793e-07	0x1.0c00000000000p-20	67	67108864	normal	128
951	3587	35870000	1.0058283805847168e-06	0x1.0e00000000000p-20	135	134217728	normal	129
952	3588	35880000	1.0132789611816406e-06	0x1.1000000000000p-20	17	16777216	normal	134
953	3589	35890000	1.0207295417785645e-06	0x1.1200000000000p-20	137	134217728	normal	126
954	358a	358a0000	1.0281801223754883e-06	0x1.1400000000000p-20	69	67108864	normal	142
955	358b	358b0000	1.0356307029724121e-06	0x1.1600000000000p-20	139	134217728	normal	124
956	358c	358c0000	1.043081283569336e-06	0x1.1800000000000p-20	35	33554432	normal	127
957	358d	358d0000	1.0505318641662598e-06	0x1.1a00000000000p-20	141	134217728	normal	126
958	358e	358e0000	1.0579824447631836e-06	0x1.1c00000000000p-20	71	67108864	normal	152
959	358f	358f0000	1.0654330253601074e-06	0x1.1e00000000000p-20	143	134217728	normal	133
960	3590	35900000	1.0728836059570312e-06	0x1.2000000000000p-20	9	8388608	normal	129
961	3591	35910000	1.080334186553955e-06	0x1.2200000000000p-20	145	134217728	normal	141
962	3592	35920000	1.087784767150879e-06	0x1.2400000000000p-20	73	67108864	normal	130
963	3593	35930000	1.0952353477478027e-06	0x1.2600000000000p-20	147	134217728	normal	136
964	3594	35940000	1.1026859283447266e-06	0x1.2800000000000p-20	37	33554432	normal	118
965	3595	35950000	1.1101365089416504e-06	0x1.2a00000000000p-20	149	134217728	normal	123
966	3596	35960000	1.1175870895385742e-06	0x1.2c00000000000p-20	75	67108864	normal	137
967	3597	35970000	1.125037670135498e-06	0x1.2e00000000000p-20	151	134217728	normal	145
968	3598	35980000	1.1324882507324219e-06	0x1.3000000000000p-20	19	16777216	normal	131
969	3599	35990000	1.1399388313293457e-06	0x1.3200000000000p-20	153	134217728	normal	125
970	359a	359a0000	1.1473894119262695e-06	0x1.3400000000000p-20	77	67108864	normal	128
971	359b	359b0000	1.1548399925231934e-06	0x1.3600000000000p-20	155	134217728	normal	135
972	359c	359c0000	1.1622905731201172e-06	0x1.3800000000000p-20	39	33554432	normal	121
973	359d	359d0000	1.169741153717041e-06	0x1.3a00000000000p-20	157	134217728	normal	137
974	359e	359e0000	1.1771917343139648e-06	0x1.3c00000000000p-20	79	67108864	normal	121
975	359f	359f0000	1.1846423149108887e-06	0x1.3e00000000000p-20	159	134217728	normal	153
976	35a0	35a00000	1.1920928955078125e-06	0x1.4000000000000p-20	5	4194304	normal	131
977	35a1	35a10000	1.1995434761047363e-06	0x1.4200000000000p-20	161	134217728	normal	134
978	35a2	35a20000	1.2069940567016602e-06	0x1.4400000000000p-20	81	67108864	normal	119
979	35a3	35a30000	1.214444637298584e-06	0x1.4600000000000p-20	163	134217728	normal	110
980	35a4	35a40000	1.2218952178955078e-06	0x1.4800000000000p-20	41	33554432	normal	123
981	35a5	35a50000	1.2293457984924316e-06	0x1.4a00000000000p-20	165	134217728	normal	135
982	35a6	35a60000	1.2367963790893555e-06	0x1.4c00000000000p-20	83	67108864	normal	140
983	35a7	35a70000	1.2442469596862793e-06	0x1.4e00000000000p-20	167	134217728	normal	149
984	35a8	35a80000	1.2516975402832031e-06	0x1.5000000000000p-20	21	16777216	normal	131
985	35a9	35a90000	1.259148120880127e-06	0x1.5200000000000p-20	169	134217728	normal	121
986	35aa	35aa0000	1.2665987014770508e-06	0x1.5400000000000p-20	85	67108864	normal	131
987	35ab	35ab0000	1.2740492820739746e-06	0x1.5600000000000p-20	171	134217728	normal	126
988	35ac	35ac0000	1.2814998626708984e-06	0x1.5800000000000p-20	43	33554432	normal	144
989	35ad	35ad0000	1.2889504432678223e-06	0x1.5a00000000000p-20	173	134217728	normal	124
990	35ae	35ae0000	1.296401023864746e-06	0x1.5c00000000000p-20	87	67108864	normal	134
991	35af	35af0000	1.30385160446167e-06	0x1.5e00000000000p-20	175	134217728	normal	129
992	35b0	35b00000	1.3113021850585938e-06	0x1.6000000000000p-20	11	8388608	normal	128
993	35b1	35b10000	1.3187527656555176e-06	0x1.6200000000000p-20	177	134217728	normal	133
994	35b2	35b20000	1.3262033462524414e-06	0x1.6400000000000p-20	89	67108864	normal	129
995	35b3	35b30000	1.3336539268493652e-06	0x1.6600000000000p-20	179	134217728	normal	152
996	35b4	35b40000	1.341104507446289e-06	0x1.6800000000000p-20	45	33554432	normal	132
997	35b5	35b50000	1.3485550880432129e-06	0x1.6a00000000000p-20	181	134217728	normal	143
998	35b6	35b60000	1.3560056686401367e-06	0x1.6c00000000000p-20	91	67108864	normal	145
999	35b7	35b70000	1.3634562492370605e-06	0x1.6e00000000000p-20	183	134217728	normal	132
1000	35b8	35b80000	1.3709068298339844e-06	0x1.7000000000000p-20	23	16777216	normal	126
1001	35b9	35b90000	1.3783574104309082e-06	0x1.7200000000000p-20	185	134217728	normal	124
1002	35ba	35ba0000	1.385807991027832e-06	0x1.7400000000000p-20	93	67108864	normal	137
1003	35bb	35bb0000	1.3932585716247559e-06	0x1.7600000000000p-20	187	134217728	normal	133
1004	35bc	35bc0000	1.4007091522216797e-06	0x1.7800000000000p-20	47	33554432	normal	149
1005	35bd	35bd0000	1.4081597328186035e-06	0x1.7a00000000000p-20	189	134217728	normal	121
1006	35be	35be0000	1.4156103134155273e-06	0x1.7c00000000000p-20	95	67108864	normal	148
1007	35bf	35bf0000	1.4230608940124512e-06	0x1.7e00000000000p-20	191	134217728	normal	124
1008	35c0	35c00000	1.430511474609375e-06	0x1.8000000000000p-20	3	2097152	normal	122
1009	35c1	35c10000	1.4379620552062988e-06	0x1.8200000000000p-20	193	134217728	normal	129
1010	35c2	35c20000	1.4454126358032227e-06	0x1.8400000000000p-20	97	67108864	normal	157
1011	35c3	35c30000	1.4528632164001465e-06	0x1.8600000000000p-20	195	134217728	normal	155
1012	35c4	35c40000	1.4603137969970703e-06	0x1.8800000000000p-20	49	33554432	normal	129
1013	35c5	35c50000	1.4677643775939941e-06	0x1.8a00000000000p-20	197	134217728	normal	134
1014	35c6	35c60000	1.475214958190918e-06	0x1.8c00000000000p-20	99	67108864	normal	129
1015	35c7	35c70000	1.4826655387878418e-06	0x1.8e00000000000p-20	199	134217728	normal	158
1016	35c8	35c80000	1.4901161193847656e-06	0x1.9000000000000p-20	25	16777216	normal	138
1017	35c9	35c90000	1.4975666999816895e-06	0x1.9200000000000p-20	201	134217728	normal	144
1018	35ca	35ca0000	1.5050172805786133e-06	0x1.9400000000000p-20	101	67108864	normal	130
1019	35cb	35cb0000	1.5124678611755371e-06	0x1.9600000000000p-20	203	134217728	normal	145
1020	35cc	35cc0000	1.519918441772461e-06	0x1.9800000000000p-20	51	33554432	normal	141
1021	35cd	35cd0000	1.5273690223693848e-06	0x1.9a00000000000p-20	205	134217728	normal	142
1022	35ce	35ce0000	1.5348196029663086e-06	0x1.9c00000000000p-20	103	67108864	normal	127
1023	35cf	35cf0000	1.5422701835632324e-06	0x1.9e00000000000p-20	207	134217728	normal	126
1024	35d0	35d00000	1.5497207641601562e-06	0x1.a000000000000p-20	13	8388608	normal	123
1025	35d1	35d10000	1.55717134475708e-06	0x1.a200000000000p-20	209	134217728	normal	136
1026	35d2	35d20000	1.564621925354004e-06	0x1.a400000000000p-20	105	67108864	normal	143
1027	35d3	35d30000	1.5720725059509277e-06	0x1.a600000000000p-20	211	134217728	normal	148
1028	35d4	35d40000	1.5795230865478516e-06	0x1.a800000000000p-20	53	33554432	normal	114
1029	35d5	35d50000	1.5869736671447754e-06	0x1.aa00000000000p-20	213	134217728	normal	132
1030	35d6	35d60000	1.5944242477416992e-06	0x1.ac00000000000p-20	107	67108864	normal	141
1031	35d7	35d70000	1.601874828338623e-06	0x1.ae00000000000p-20	215	134217728	normal	142
1032	35d8	35d80000	1.6093254089355469e-06	0x1.b000000000000p-20	27	16777216	normal	148
1033	35d9	35d90000	1.6167759895324707e-06	0x1.b200000000000p-20	217	134217728	normal	116
1034	35da	35da0000	1.6242265701293945e-06	0x1.b400000000000p-20	109	67108864	normal	128
1035	35db	35db0000	1.6316771507263184e-06	0x1.b600000000000p-20	219	134217728	normal	123
1036	35dc	35dc0000	1.6391277313232422e-06	0x1.b800000000000p-20	55	33554432	normal	144
1037	35dd	35dd0000	1.646578311920166e-06	0x1.ba00000000000p-20	221	134217728	normal	137
1038	35de	35de0000	1.6540288925170898e-06	0x1.bc00000000000p-20	111	67108864	normal	136
1039	35df	35df0000	1.6614794731140137e-06	0x1.be00000000000p-20	223	134217728	normal	143
1040	35e0	35e00000	1.6689300537109375e-06	0x1.c000000000000p-20	7	4194304	normal	127
1041	35e1	35e10000	1.6763806343078613e-06	0x1.c200000000000p-20	225	134217728	normal	153
1042	35e2	35e20000	1.6838312149047852e-06	0x1.c400000000000p-20	113	67108864	normal	135
1043	35e3	35e30000	1.691281795501709e-06	0x1.c600000000000p-20	227	134217728	normal	156
1044	35e4	35e40000	1.6987323760986328e-06	0x1.c800000000000p-20	57	33554432	normal	135
1045	35e5	35e50000	1.7061829566955566e-06	0x1.ca00000000000p-20	229	134217728	normal	133
1046	35e6	35e60000	1.7136335372924805e-06	0x1.cc00000000000p-20	115	67108864	normal	160
1047	35e7	35e70000	1.7210841178894043e-06	0x1.ce00000000000p-20	231	134217728	normal	139
1048	35e8	35e80000	1.7285346984863281e-06	0x1.d000000000000p-20	29	16777216	normal	130
1049	35e9	35e90000	1.735985279083252e-06	0x1.d200000000000p-20	233	134217728	normal	133
1050	35ea	35ea0000	1.7434358596801758e-06	0x1.d400000000000p-20	117	67108864	normal	141
1051	35eb	35eb0000	1.7508864402770996e-06	0x1.d600000000000p-20	235	134217728	normal	150
1052	35ec	35ec0000	1.7583370208740234e-06	0x1.d800000000000p-20	59	33554432	normal	116
1053	35ed	35ed0000	1.7657876014709473e-06	0x1.da00000000000p-20	237	134217728	normal	137
1054	35ee	35ee0000	1.773238182067871e-06	0x1.dc00000000000p-20	119	67108864	normal	136
1055	35ef	35ef0000	1.780688762664795e-06	0x1.de00000000000p-20	239	134217728	normal	140
1056	35f0	35f00000	1.7881393432617188e-06	0x1.e000000000000p-20	15	8388608	normal	133
1057	35f1	35f10000	1.7955899238586426e-06	0x1.e200000000000p-20	241	134217728	normal	137
1058	35f2	35f20000	1.8030405044555664e-06	0x1.e400000000000p-20	121	67108864	normal	140
1059	35f3	35f30000	1.8104910850524902e-06	0x1.e600000000000p-20	243	134217728	normal	119
1060	35f4	35f40000	1.817941665649414e-06	0x1.e800000000000p-20	61	33554432	normal	121
1061	35f5	35f50000	1.8253922462463379e-06	0x1.ea00000000000p-20	245	134217728	normal	132
1062	35f6	35f60000	1.8328428268432617e-06	0x1.ec00000000000p-20	123	67108864	normal	157
1063	35f7	35f70000	1.8402934074401855e-06	0x1.ee00000000000p-20	247	134217728	normal	136
1064	35f8	35f80000	1.8477439880371094e-06	0x1.f000000000000p-20	31	16777216	normal	139
1065	35f9	35f90000	1.8551945686340332e-06	0x1.f200000000000p-20	249	134217728	normal	157
1066	35fa	35fa0000	1.862645149230957e-06	0x1.f400000000000p-20	125	67108864	normal	117
1067	35fb	35fb0000	1.8700957298278809e-06	0x1.f600000000000p-20	251	134217728	normal	115
1068	35fc	35fc0000	1.8775463104248047e-06	0x1.f800000000000p-20	63	33554432	normal	117
1069	35fd	35fd0000	1.8849968910217285e-06	0x1.fa00000000000p-20	253	134217728	normal	134
1070	35fe	35fe0000	1.8924474716186523e-06	0x1.fc00000000000p-20	127	67108864	normal	123
1071	35ff	35ff0000	1.8998980522155762e-06	0x1.fe00000000000p-20	255	134217728	normal	113
1072	3600	36000000	1.9073486328125e-06	0x1.0000000000000p-19	1	524288	normal	219
1073	3601	36010000	1.9222497940063477e-06	0x1.0200000000000p-19	129	67108864	normal	250
1074	3602	36020000	1.9371509552001953e-06	0x1.0400000000000p-19	65	33554432	normal	286
1075	3603	36030000	1.952052116394043e-06	0x1.0600000000000p-19	131	67108864	normal	245
1076	3604	36040000	1.9669532775878906e-06	0x1.0800000000000p-19	33	16777216	normal	267
1077	3605	36050000	1.9818544387817383e-06	0x1.0a00000000000p-19	133	67108864	normal	264
1078	3606	36060000	1.996755599975586e-06	0x1.0c00000000000p-19	67	33554432	normal	249
1079	3607	36070000	2.0116567611694336e-06	0x1.0e00000000000p-19	135	67108864	normal	267
1080	3608	36080000	2.0265579223632812e-06	0x1.1000000000000p-19	17	8388608	normal	255
1081	3609	36090000	2.041459083557129e-06	0x1.1200000000000p-19	137	67108864	normal	293
1082	360a	360a0000	2.0563602447509766e-06	0x1.1400000000000p-19	69	33554432	normal	227
1083	360b	360b0000	2.0712614059448242e-06	0x1.1600000000000p-19	139	67108864	normal	298
1084	360c	360c0000	2.086162567138672e-06	0x1.1800000000000p-19	35	16777216	normal	242
1085	360d	360d0000	2.1010637283325195e-06	0x1.1a00000000000p-19	141	67108864	normal	279
1086	360e	360e0000	2.115964889526367e-06	0x1.1c00000000000p-19	71	33554432	normal	261
1087	360f	360f0000	2.130866050720215e-06	0x1.1e00000000000p-19	143	67108864	normal	256
1088	3610	36100000	2.1457672119140625e-06	0x1.2000000000000p-19	9	4194304	normal	246
1089	3611	36110000	2.16066837310791e-06	0x1.2200000000000p-19	145	67108864	normal	276
1090	3612	36120000	2.175569534301758e-06	0x1.2400000000000p-19	73	33554432	normal	228
1091	3613	36130000	2.1904706954956055e-06	0x1.2600000000000p-19	147	67108864	normal	265
1092	3614	36140000	2.205371856689453e-06	0x1.2800000000000p-19	37	16777216	normal	232
1093	3615	36150000	2.2202730178833008e-06	0x1.2a00000000000p-19	149	67108864	normal	259
1094	3616	36160000	2.2351741790771484e-06	0x1.2c00000000000p-19	75	33554432	normal	262
1095	3617	36170000	2.250075340270996e-06	0x1.2e00000000000p-19	151	67108864	normal	262
1096	3618	36180000	2.2649765014648438e-06	0x1.3000000000000p-19	19	8388608	normal	258
1097	3619	36190000	2.2798776626586914e-06	0x1.3200000000000p-19	153	67108864	normal	269
1098	361a	361a0000	2.294778823852539e-06	0x1.3400000000000p-19	77	33554432	normal	294
1099	361b	361b0000	2.3096799850463867e-06	0x1.3600000000000p-19	155	67108864	normal	257
1100	361c	361c0000	2.3245811462402344e-06	0x1.3800000000000p-19	39	16777216	normal	270
1101	361d	361d0000	2.339482307434082e-06	0x1.3a00000000000p-19	157	67108864	normal	260
1102	361e	361e0000	2.3543834686279297e-06	0x1.3c00000000000p-19	79	33554432	normal	270
1103	361f	361f0000	2.3692846298217773e-06	0x1.3e00000000000p-19	159	67108864	normal	278
1104	3620	36200000	2.384185791015625e-06	0x1.4000000000000p-19	5	2097152	normal	256
1105	3621	36210000	2.3990869522094727e-06	0x1.4200000000000p-19	161	67108864	normal	259
1106	3622	36220000	2.4139881134033203e-06	0x1.4400000000000p-19	81	33554432	normal	276
1107	3623	36230000	2.428889274597168e-06	0x1.4600000000000p-19	163	67108864	normal	299
1108	3624	36240000	2.4437904357910156e-06	0x1.4800000000000p-19	41	16777216	normal	255
1109	3625	36250000	2.4586915969848633e-06	0x1.4a00000000000p-19	165	67108864	normal	281
1110	3626	36260000	2.473592758178711e-06	0x1.4c00000000000p-19	83	33554432	normal	277
1111	3627	36270000	2.4884939193725586e-06	0x1.4e00000000000p-19	167	67108864	normal	260
1112	3628	36280000	2.5033950805664062e-06	0x1.5000000000000p-19	21	8388608	normal	294
1113	3629	36290000	2.518296241760254e-06	0x1.5200000000000p-19	169	67108864	normal	265
1114	362a	362a0000	2.5331974029541016e-06	0x1.5400000000000p-19	85	33554432	normal	268
1115	362b	362b0000	2.5480985641479492e-06	0x1.5600000000000p-19	171	67108864	normal	253
1116	362c	362c0000	2.562999725341797e-06	0x1.5800000000000p-19	43	16777216	normal	259
1117	362d	362d0000	2.5779008865356445e-06	0x1.5a00000000000p-19	173	67108864	normal	253
1118	362e	362e0000	2.592802047729492e-06	0x1.5c00000000000p-19	87	33554432	normal	269
1119	362f	362f0000	2.60770320892334e-06	0x1.5e00000000000p-19	175	67108864	normal	280
1120	3630	36300000	2.6226043701171875e-06	0x1.6000000000000p-19	11	4194304	normal	299
1121	3631	36310000	2.637505531311035e-06	0x1.6200000000000p-19	177	67108864	normal	278
1122	3632	36320000	2.652406692504883e-06	0x1.6400000000000p-19	89	33554432	normal	244
1123	3633	36330000	2.6673078536987305e-06	0x1.6600000000000p-19	179	67108864	normal	274
1124	3634	36340000	2.682209014892578e-06	0x1.6800000000000p-19	45	16777216	normal	250
1125	3635	36350000	2.6971101760864258e-06	0x1.6a00000000000p-19	181	67108864	normal	277
1126	3636	36360000	2.7120113372802734e-06	0x1.6c00000000000p-19	91	33554432	normal	283
1127	3637	36370000	2.726912498474121e-06	0x1.6e00000000000p-19	183	67108864	normal	285
1128	3638	36380000	2.7418136596679688e-06	0x1.7000000000000p-19	23	8388608	normal	260
1129	3639	36390000	2.7567148208618164e-06	0x1.7200000000000p-19	185	67108864	normal	275
1130	363a	363a0000	2.771615982055664e-06	0x1.7400000000000p-19	93	33554432	normal	283
1131	363b	363b0000	2.7865171432495117e-06	0x1.7600000000000p-19	187	67108864	normal	297
1132	363c	363c0000	2.8014183044433594e-06	0x1.7800000000000p-19	47	16777216	normal	278
1133	363d	363d0000	2.816319465637207e-06	0x1.7a00000000000p-19	189	67108864	normal	271
1134	363e	363e0000	2.8312206268310547e-06	0x1.7c00000000000p-19	95	33554432	normal	284
1135	363f	363f0000	2.8461217880249023e-06	0x1.7e00000000000p-19	191	67108864	normal	272
1136	3640	36400000	2.86102294921875e-06	0x1.8000000000000p-19	3	1048576	normal	272
1137	3641	36410000	2.8759241104125977e-06	0x1.8200000000000p-19	193	67108864	normal	263
1138	3642	36420000	2.8908252716064453e-06	0x1.8400000000000p-19	97	33554432	normal	230
1139	3643	36430000	2.905726432800293e-06	0x1.8600000000000p-19	195	67108864	normal	263
1140	3644	36440000	2.9206275939941406e-06	0x1.8800000000000p-19	49	16777216	normal	267
1141	3645	36450000	2.9355287551879883e-06	0x1.8a00000000000p-19	197	67108864	normal	259
1142	3646	36460000	2.950429916381836e-06	0x1.8c00000000000p-19	99	33554432	normal	273
1143	3647	36470000	2.9653310775756836e-06	0x1.8e00000000000p-19	199	67108864	normal	236
1144	3648	36480000	2.9802322387695312e-06	0x1.9000000000000p-19	25	8388608	normal	257
1145	3649	36490000	2.995133399963379e-06	0x1.9200000000000p-19	201	67108864	normal	249
1146	364a	364a0000	3.0100345611572266e-06	0x1.9400000000000p-19	101	33554432	normal	268
1147	364b	364b0000	3.0249357223510742e-06	0x1.9600000000000p-19	203	67108864	normal	249
1148	364c	364c0000	3.039836883544922e-06	0x1.9800000000000p-19	51	16777216	normal	266
1149	364d	364d0000	3.0547380447387695e-06	0x1.9a00000000000p-19	205	67108864	normal	251
1150	364e	364e0000	3.069639205932617e-06	0x1.9c00000000000p-19	103	33554432	normal	291
1151	364f	364f0000	3.084540367126465e-06	0x1.9e00000000000p-19	207	67108864	normal	234
1152	3650	36500000	3.0994415283203125e-06	0x1.a000000000000p-19	13	4194304	normal	253
1153	3651	36510000	3.11434268951416e-06	0x1.a200000000000p-19	209	67108864	normal	258
1154	3652	36520000	3.129243850708008e-06	0x1.a400000000000p-19	105	33554432	normal	269
1155	3653	36530000	3.1441450119018555e-06	0x1.a600000000000p-19	211	67108864	normal	284
1156	3654	36540000	3.159046173095703e-06	0x1.a800000000000p-19	53	16777216	normal	264
1157	3655	36550000	3.1739473342895508e-06	0x1.aa00000000000p-19	213	67108864	normal	255
1158	3656	36560000	3.1888484954833984e-06	0x1.ac00000000000p-19	107	33554432	normal	276
1159	3657	36570000	3.203749656677246e-06	0x1.ae00000000000p-19	215	67108864	normal	254
1160	3658	36580000	3.2186508178710938e-06	0x1.b000000000000p-19	27	8388608	normal	234
1161	3659	36590000	3.2335519790649414e-06	0x1.b200000000000p-19	217	67108864	normal	242
1162	365a	365a0000	3.248453140258789e-06	0x1.b400000000000p-19	109	33554432	normal	256
1163	365b	365b0000	3.2633543014526367e-06	0x1.b600000000000p-19	219	67108864	normal	280
1164	365c	365c0000	3.2782554626464844e-06	0x1.b800000000000p-19	55	16777216	normal	274
1165	365d	365d0000	3.293156623840332e-06	0x1.ba00000000000p-19	221	67108864	normal	265
1166	365e	365e0000	3.3080577850341797e-06	0x1.bc00000000000p-19	111	33554432	normal	266
1167	365f	365f0000	3.3229589462280273e-06	0x1.be00000000000p-19	223	67108864	normal	249
1168	3660	36600000	3.337860107421875e-06	0x1.c000000000000p-19	7	2097152	normal	272
1169	3661	36610000	3.3527612686157227e-06	0x1.c200000000000p-19	225	67108864	normal	256
1170	3662	36620000	3.3676624298095703e-06	0x1.c400000000000p-19	113	33554432	normal	255
1171	3663	36630000	3.382563591003418e-06	0x1.c600000000000p-19	227	67108864	normal	265
1172	3664	36640000	3.3974647521972656e-06	0x1.c800000000000p-19	57	16777216	normal	260
1173	3665	36650000	3.4123659133911133e-06	0x1.ca00000000000p-19	229	67108864	normal	251
1174	3666	36660000	3.427267074584961e-06	0x1.cc00000000000p-19	115	33554432	normal	290
1175	3667	36670000	3.4421682357788086e-06	0x1.ce00000000000p-19	231	67108864	normal	267
1176	3668	36680000	3.4570693969726562e-06	0x1.d000000000000p-19	29	8388608	normal	295
1177	3669	36690000	3.471970558166504e-06	0x1.d200000000000p-19	233	67108864	normal	282
1178	366a	366a0000	3.4868717193603516e-06	0x1.d400000000000p-19	117	33554432	normal	257
1179	366b	366b0000	3.5017728805541992e-06	0x1.d600000000000p-19	235	67108864	normal	258
1180	366c	366c0000	3.516674041748047e-06	0x1.d800000000000p-19	59	16777216	normal	272
1181	366d	366d0000	3.5315752029418945e-06	0x1.da00000000000p-19	237	67108864	normal	285
1182	366e	366e0000	3.546476364135742e-06	0x1.dc00000000000p-19	119	33554432	normal	280
1183	366f	366f0000	3.56137752532959e-06	0x1.de00000000000p-19	239	67108864	normal	277
1184	3670	36700000	3.5762786865234375e-06	0x1.e000000000000p-19	15	4194304	normal	272
1185	3671	36710000	3.591179847717285e-06	0x1.e200000000000p-19	241	67108864	normal	247
1186	3672	36720000	3.606081008911133e-06	0x1.e400000000000p-19	121	33554432	normal	249
1187	3673	36730000	3.6209821701049805e-06	0x1.e600000000000p-19	243	67108864	normal	271
1188	3674	36740000	3.635883331298828e-06	0x1.e800000000000p-19	61	16777216	normal	249
1189	3675	36750000	3.6507844924926758e-06	0x1.ea00000000000p-19	245	67108864	normal	232
1190	3676	36760000	3.6656856536865234e-06	0x1.ec00000000000p-19	123	33554432	normal	261
1191	3677	36770000	3.680586814880371e-06	0x1.ee00000000000p-19	247	67108864	normal	268
1192	3678	36780000	3.6954879760742188e-06	0x1.f000000000000p-19	31	8388608	normal	278
1193	3679	36790000	3.7103891372680664e-06	0x1.f200000000000p-19	249	67108864	normal	262
1194	367a	367a0000	3.725290298461914e-06	0x1.f400000000000p-19	125	33554432	normal	262
1195	367b	367b0000	3.7401914596557617e-06	0x1.f600000000000p-19	251	67108864	normal	260
1196	367c	367c0000	3.7550926208496094e-06	0x1.f800000000000p-19	63	16777216	normal	253
1197	367d	367d0000	3.769993782043457e-06	0x1.fa00000000000p-19	253	67108864	normal	281
1198	367e	367e0000	3.7848949432373047e-06	0x1.fc00000000000p-19	127	33554432	normal	247
1199	367f	367f0000	3.7997961044311523e-06	0x1.fe00000000000p-19	255	67108864	normal	263
1200	3680	36800000	3.814697265625e-06	0x1.0000000000000p-18	1	262144	normal	407
1201	3681	36810000	3.844499588012695e-06	0x1.0200000000000p-18	129	33554432	normal	529
1202	3682	36820000	3.874301910400391e-06	0x1.0400000000000p-18	65	16777216	normal	528
1203	3683	36830000	3.904104232788086e-06	0x1.0600000000000p-18	131	33554432	normal	494
1204	3684	36840000	3.933906555175781e-06	0x1.0800000000000p-18	33	8388608	normal	534
1205	3685	36850000	3.9637088775634766e-06	0x1.0a00000000000p-18	133	33554432	normal	560
1206	3686	36860000	3.993511199951172e-06	0x1.0c00000000000p-18	67	16777216	normal	569
1207	3687	36870000	4.023313522338867e-06	0x1.0e00000000000p-18	135	33554432	normal	532
1208	3688	36880000	4.0531158447265625e-06	0x1.1000000000000p-18	17	4194304	normal	540
1209	3689	36890000	4.082918167114258e-06	0x1.1200000000000p-18	137	33554432	normal	526
1210	368a	368a0000	4.112720489501953e-06	0x1.1400000000000p-18	69	16777216	normal	531
1211	368b	368b0000	4.1425228118896484e-06	0x1.1600000000000p-18	139	33554432	normal	533
1212	368c	368c0000	4.172325134277344e-06	0x1.1800000000000p-18	35	8388608	normal	505
1213	368d	368d0000	4.202127456665039e-06	0x1.1a00000000000p-18	141	33554432	normal	516
1214	368e	368e0000	4.231929779052734e-06	0x1.1c00000000000p-18	71	16777216	normal	527
1215	368f	368f0000	4.26173210144043e-06	0x1.1e00000000000p-18	143	33554432	normal	525
1216	3690	36900000	4.291534423828125e-06	0x1.2000000000000p-18	9	2097152	normal	572
1217	3691	36910000	4.32133674621582e-06	0x1.2200000000000p-18	145	33554432	normal	562
1218	3692	36920000	4.351139068603516e-06	0x1.2400000000000p-18	73	16777216	normal	550
1219	3693	36930000	4.380941390991211e-06	0x1.2600000000000p-18	147	33554432	normal	553
1220	3694	36940000	4.410743713378906e-06	0x1.2800000000000p-18	37	8388608	normal	515
1221	3695	36950000	4.4405460357666016e-06	0x1.2a00000000000p-18	149	33554432	normal	505
1222	3696	36960000	4.470348358154297e-06	0x1.2c00000000000p-18	75	16777216	normal	528
1223	3697	36970000	4.500150680541992e-06	0x1.2e00000000000p-18	151	33554432	normal	552
1224	3698	36980000	4.5299530029296875e-06	0x1.3000000000000p-18	19	4194304	normal	531
1225	3699	36990000	4.559755325317383e-06	0x1.3200000000000p-18	153	33554432	normal	542
1226	369a	369a0000	4.589557647705078e-06	0x1.3400000000000p-18	77	16777216	normal	521
1227	369b	369b0000	4.6193599700927734e-06	0x1.3600000000000p-18	155	33554432	normal	504
1228	369c	369c0000	4.649162292480469e-06	0x1.3800000000000p-18	39	8388608	normal	511
1229	369d	369d0000	4.678964614868164e-06	0x1.3a00000000000p-18	157	33554432	normal	538
1230	369e	369e0000	4.708766937255859e-06	0x1.3c00000000000p-18	79	16777216	normal	500
1231	369f	369f0000	4.738569259643555e-06	0x1.3e00000000000p-18	159	33554432	normal	529
1232	36a0	36a00000	4.76837158203125e-06	0x1.4000000000000p-18	5	1048576	normal	525
1233	36a1	36a10000	4.798173904418945e-06	0x1.4200000000000p-18	161	33554432	normal	540
1234	36a2	36a20000	4.827976226806641e-06	0x1.4400000000000p-18	81	16777216	normal	579
1235	36a3	36a30000	4.857778549194336e-06	0x1.4600000000000p-18	163	33554432	normal	559
1236	36a4	36a40000	4.887580871582031e-06	0x1.4800000000000p-18	41	8388608	normal	543
1237	36a5	36a50000	4.9173831939697266e-06	0x1.4a00000000000p-18	165	33554432	normal	537
1238	36a6	36a60000	4.947185516357422e-06	0x1.4c00000000000p-18	83	16777216	normal	516
1239	36a7	36a70000	4.976987838745117e-06	0x1.4e00000000000p-18	167	33554432	normal	549
1240	36a8	36a80000	5.0067901611328125e-06	0x1.5000000000000p-18	21	4194304	normal	502
1241	36a9	36a90000	5.036592483520508e-06	0x1.5200000000000p-18	169	33554432	normal	541
1242	36aa	36aa0000	5.066394805908203e-06	0x1.5400000000000p-18	85	16777216	normal	528
1243	36ab	36ab0000	5.0961971282958984e-06	0x1.5600000000000p-18	171	33554432	normal	540
1244	36ac	36ac0000	5.125999450683594e-06	0x1.5800000000000p-18	43	8388608	normal	568
1245	36ad	36ad0000	5.155801773071289e-06	0x1.5a00000000000p-18	173	33554432	normal	523
1246	36ae	36ae0000	5.185604095458984e-06	0x1.5c00000000000p-18	87	16777216	normal	562
1247	36af	36af0000	5.21540641784668e-06	0x1.5e00000000000p-18	175	33554432	normal	519
1248	36b0	36b00000	5.245208740234375e-06	0x1.6000000000000p-18	11	2097152	normal	531
1249	36b1	36b10000	5.27501106262207e-06	0x1.6200000000000p-18	177	33554432	normal	539
1250	36b2	36b20000	5.304813385009766e-06	0x1.6400000000000p-18	89	16777216	normal	514
1251	36b3	36b30000	5.334615707397461e-06	0x1.6600000000000p-18	179	33554432	normal	553
1252	36b4	36b40000	5.364418029785156e-06	0x1.6800000000000p-18	45	8388608	normal	548
1253	36b5	36b50000	5.3942203521728516e-06	0x1.6a00000000000p-18	181	33554432	normal	507
1254	36b6	36b60000	5.424022674560547e-06	0x1.6c00000000000p-18	91	16777216	normal	566
1255	36b7	36b70000	5.453824996948242e-06	0x1.6e00000000000p-18	183	33554432	normal	547
1256	36b8	36b80000	5.4836273193359375e-06	0x1.7000000000000p-18	23	4194304	normal	500
1257	36b9	36b90000	5.513429641723633e-06	0x1.7200000000000p-18	185	33554432	normal	526
1258	36ba	36ba0000	5.543231964111328e-06	0x1.7400000000000p-18	93	16777216	normal	513
1259	36bb	36bb0000	5.5730342864990234e-06	0x1.7600000000000p-18	187	33554432	normal	550
1260	36bc	36bc0000	5.602836608886719e-06	0x1.7800000000000p-18	47	8388608	normal	531
1261	36bd	36bd0000	5.632638931274414e-06	0x1.7a00000000000p-18	189	33554432	normal	520
1262	36be	36be0000	5.662441253662109e-06	0x1.7c00000000000p-18	95	16777216	normal	528
1263	36bf	36bf0000	5.692243576049805e-06	0x1.7e00000000000p-18	191	33554432	normal	505
1264	36c0	36c00000	5.7220458984375e-06	0x1.8000000000000p-18	3	524288	normal	525
1265	36c1	36c10000	5.751848220825195e-06	0x1.8200000000000p-18	193	33554432	normal	545
1266	36c2	36c20000	5.781650543212891e-06	0x1.8400000000000p-18	97	16777216	normal	508
1267	36c3	36c30000	5.811452865600586e-06	0x1.8600000000000p-18	195	33554432	normal	548
1268	36c4	36c40000	5.841255187988281e-06	0x1.8800000000000p-18	49	8388608	normal	529
1269	36c5	36c50000	5.8710575103759766e-06	0x1.8a00000000000p-18	197	33554432	normal	570
1270	36c6	36c60000	5.900859832763672e-06	0x1.8c00000000000p-18	99	16777216	normal	527
1271	36c7	36c70000	5.930662155151367e-06	0x1.8e00000000000p-18	199	33554432	normal	544
1272	36c8	36c80000	5.9604644775390625e-06	0x1.9000000000000p-18	25	4194304	normal	522
1273	36c9	36c90000	5.990266799926758e-06	0x1.9200000000000p-18	201	33554432	normal	502
1274	36ca	36ca0000	6.020069122314453e-06	0x1.9400000000000p-18	101	16777216	normal	559
1275	36cb	36cb0000	6.0498714447021484e-06	0x1.9600000000000p-18	203	33554432	normal	542
1276	36cc	36cc0000	6.079673767089844e-06	0x1.9800000000000p-18	51	8388608	normal	542
1277	36cd	36cd0000	6.109476089477539e-06	0x1.9a00000000000p-18	205	33554432	normal	525
1278	36ce	36ce0000	6.139278411865234e-06	0x1.9c00000000000p-18	103	16777216	normal	511
1279	36cf	36cf0000	6.16908073425293e-06	0x1.9e00000000000p-18	207	33554432	normal	512
1280	36d0	36d00000	6.198883056640625e-06	0x1.a000000000000p-18	13	2097152	normal	510
1281	36d1	36d10000	6.22868537902832e-06	0x1.a200000000000p-18	209	33554432	normal	552
1282	36d2	36d20000	6.258487701416016e-06	0x1.a400000000000p-18	105	16777216	normal	590
1283	36d3	36d30000	6.288290023803711e-06	0x1.a600000000000p-18	211	33554432	normal	543
1284	36d4	36d40000	6.318092346191406e-06	0x1.a800000000000p-18	53	8388608	normal	545
1285	36d5	36d50000	6.3478946685791016e-06	0x1.aa00000000000p-18	213	33554432	normal	565
1286	36d6	36d60000	6.377696990966797e-06	0x1.ac00000000000p-18	107	16777216	normal	548
1287	36d7	36d70000	6.407499313354492e-06	0x1.ae00000000000p-18	215	33554432	normal	535
1288	36d8	36d80000	6.4373016357421875e-06	0x1.b000000000000p-18	27	4194304	normal	543
1289	36d9	36d90000	6.467103958129883e-06	0x1.b200000000000p-18	217	33554432	normal	554
1290	36da	36da0000	6.496906280517578e-06	0x1.b400000000000p-18	109	16777216	normal	525
1291	36db	36db0000	6.5267086029052734e-06	0x1.b600000000000p-18	219	33554432	normal	503
1292	36dc	36dc0000	6.556510925292969e-06	0x1.b800000000000p-18	55	8388608	normal	548
1293	36dd	36dd0000	6.586313247680664e-06	0x1.ba00000000000p-18	221	33554432	normal	534
1294	36de	36de0000	6.616115570068359e-06	0x1.bc00000000000p-18	111	16777216	normal	560
1295	36df	36df0000	6.645917892456055e-06	0x1.be00000000000p-18	223	33554432	normal	505
1296	36e0	36e00000	6.67572021484375e-06	0x1.c000000000000p-18	7	1048576	normal	568
1297	36e1	36e10000	6.705522537231445e-06	0x1.c200000000000p-18	225	33554432	normal	509
1298	36e2	36e20000	6.735324859619141e-06	0x1.c400000000000p-18	113	16777216	normal	540
1299	36e3	36e30000	6.765127182006836e-06	0x1.c600000000000p-18	227	33554432	normal	570
1300	36e4	36e40000	6.794929504394531e-06	0x1.c800000000000p-18	57	8388608	normal	553
1301	36e5	36e50000	6.8247318267822266e-06	0x1.ca00000000000p-18	229	33554432	normal	546
1302	36e6	36e60000	6.854534149169922e-06	0x1.cc00000000000p-18	115	16777216	normal	542
1303	36e7	36e70000	6.884336471557617e-06	0x1.ce00000000000p-18	231	33554432	normal	487
1304	36e8	36e80000	6.9141387939453125e-06	0x1.d000000000000p-18	29	4194304	normal	535
1305	36e9	36e90000	6.943941116333008e-06	0x1.d200000000000p-18	233	33554432	normal	578
1306	36ea	36ea0000	6.973743438720703e-06	0x1.d400000000000p-18	117	16777216	normal	536
1307	36eb	36eb0000	7.0035457611083984e-06	0x1.d600000000000p-18	235	33554432	normal	505
1308	36ec	36ec0000	7.033348083496094e-06	0x1.d800000000000p-18	59	8388608	normal	497
1309	36ed	36ed0000	7.063150405883789e-06	0x1.da00000000000p-18	237	33554432	normal	502
1310	36ee	36ee0000	7.092952728271484e-06	0x1.dc00000000000p-18	119	16777216	normal	547
1311	36ef	36ef0000	7.12275505065918e-06	0x1.de00000000000p-18	239	33554432	normal	508
1312	36f0	36f00000	7.152557373046875e-06	0x1.e000000000000p-18	15	2097152	normal	513
1313	36f1	36f10000	7.18235969543457e-06	0x1.e200000000000p-18	241	33554432	normal	525
1314	36f2	36f20000	7.212162017822266e-06	0x1.e400000000000p-18	121	16777216	normal	536
1315	36f3	36f30000	7.241964340209961e-06	0x1.e600000000000p-18	243	33554432	normal	512
1316	36f4	36f40000	7.271766662597656e-06	0x1.e800000000000p-18	61	8388608	normal	561
1317	36f5	36f50000	7.3015689849853516e-06	0x1.ea00000000000p-18	245	33554432	normal	556
1318	36f6	36f60000	7.331371307373047e-06	0x1.ec00000000000p-18	123	16777216	normal	515
1319	36f7	36f70000	7.361173629760742e-06	0x1.ee00000000000p-18	247	33554432	normal	540
1320	36f8	36f80000	7.3909759521484375e-06	0x1.f000000000000p-18	31	4194304	normal	565
1321	36f9	36f90000	7.420778274536133e-06	0x1.f200000000000p-18	249	33554432	normal	496
1322	36fa	36fa0000	7.450580596923828e-06	0x1.f400000000000p-18	125	16777216	normal	541
1323	36fb	36fb0000	7.4803829193115234e-06	0x1.f600000000000p-18	251	33554432	normal	483
1324	36fc	36fc0000	7.510185241699219e-06	0x1.f800000000000p-18	63	8388608	normal	508
1325	36fd	36fd0000	7.539987564086914e-06	0x1.fa00000000000p-18	253	33554432	normal	575
1326	36fe	36fe0000	7.569789886474609e-06	0x1.fc00000000000p-18	127	16777216	normal	527
1327	36ff	36ff0000	7.599592208862305e-06	0x1.fe00000000000p-18	255	33554432	normal	511
1328	3700	37000000	7.62939453125e-06	0x1.0000000000000p-17	1	131072	normal	784
1329	3701	37010000	7.68899917602539e-06	0x1.0200000000000p-17	129	16777216	normal	1028
1330	3702	37020000	7.748603820800781e-06	0x1.0400000000000p-17	65	8388608	normal	1050
1331	3703	37030000	7.808208465576172e-06	0x1.0600000000000p-17	131	16777216	normal	1046
1332	3704	37040000	7.867813110351562e-06	0x1.0800000000000p-17	33	4194304	normal	1061
1333	3705	37050000	7.927417755126953e-06	0x1.0a00000000000p-17	133	16777216	normal	1056
1334	3706	37060000	7.987022399902344e-06	0x1.0c00000000000p-17	67	8388608	normal	1078
1335	3707	37070000	8.046627044677734e-06	0x1.0e00000000000p-17	135	16777216	normal	1102
1336	3708	37080000	8.106231689453125e-06	0x1.1000000000000p-17	17	2097152	normal	1050
1337	3709	37090000	8.165836334228516e-06	0x1.1200000000000p-17	137	16777216	normal	1044
1338	370a	370a0000	8.225440979003906e-06	0x1.1400000000000p-17	69	8388608	normal	1029
1339	370b	370b0000	8.285045623779297e-06	0x1.1600000000000p-17	139	16777216	normal	1096
1340	370c	370c0000	8.344650268554688e-06	0x1.1800000000000p-17	35	4194304	normal	1042
1341	370d	370d0000	8.404254913330078e-06	0x1.1a00000000000p-17	141	16777216	normal	1072
1342	370e	370e0000	8.463859558105469e-06	0x1.1c00000000000p-17	71	8388608	normal	1034
1343	370f	370f0000	8.52346420288086e-06	0x1.1e00000000000p-17	143	16777216	normal	1048
1344	3710	37100000	8.58306884765625e-06	0x1.2000000000000p-17	9	1048576	normal	1046
1345	3711	37110000	8.64267349243164e-06	0x1.2200000000000p-17	145	16777216	normal	1026
1346	3712	37120000	8.702278137207031e-06	0x1.2400000000000p-17	73	8388608	normal	1060
1347	3713	37130000	8.761882781982422e-06	0x1.2600000000000p-17	147	16777216	normal	1101
1348	3714	37140000	8.821487426757812e-06	0x1.2800000000000p-17	37	4194304	normal	1053
1349	3715	37150000	8.881092071533203e-06	0x1.2a00000000000p-17	149	16777216	normal	989
1350	3716	37160000	8.940696716308594e-06	0x1.2c00000000000p-17	75	8388608	normal	1055
1351	3717	37170000	9.000301361083984e-06	0x1.2e00000000000p-17	151	16777216	normal	1087
1352	3718	37180000	9.059906005859375e-06	0x1.3000000000000p-17	19	2097152	normal	1054
1353	3719	37190000	9.119510650634766e-06	0x1.3200000000000p-17	153	16777216	normal	1074
1354	371a	371a0000	9.179115295410156e-06	0x1.3400000000000p-17	77	8388608	normal	1127
1355	371b	371b0000	9.238719940185547e-06	0x1.3600000000000p-17	155	16777216	normal	1101
1356	371c	371c0000	9.298324584960938e-06	0x1.3800000000000p-17	39	4194304	normal	1048
1357	371d	371d0000	9.357929229736328e-06	0x1.3a00000000000p-17	157	16777216	normal	1118
1358	371e	371e0000	9.417533874511719e-06	0x1.3c00000000000p-17	79	8388608	normal	1062
1359	371f	371f0000	9.47713851928711e-06	0x1.3e00000000000p-17	159	16777216	normal	1174
1360	3720	37200000	9.5367431640625e-06	0x1.4000000000000p-17	5	524288	normal	1056
1361	3721	37210000	9.59634780883789e-06	0x1.4200000000000p-17	161	16777216	normal	1069
1362	3722	37220000	9.655952453613281e-06	0x1.4400000000000p-17	81	8388608	normal	1082
1363	3723	37230000	9.715557098388672e-06	0x1.4600000000000p-17	163	16777216	normal	1083
1364	3724	37240000	9.775161743164062e-06	0x1.4800000000000p-17	41	4194304	normal	1102
1365	3725	37250000	9.834766387939453e-06	0x1.4a00000000000p-17	165	16777216	normal	1056
1366	3726	37260000	9.894371032714844e-06	0x1.4c00000000000p-17	83	8388608	normal	1058
1367	3727	37270000	9.953975677490234e-06	0x1.4e00000000000p-17	167	16777216	normal	1099
1368	3728	37280000	1.0013580322265625e-05	0x1.5000000000000p-17	21	2097152	normal	1068
1369	3729	37290000	1.0073184967041016e-05	0x1.5200000000000p-17	169	16777216	normal	1086
1370	372a	372a0000	1.0132789611816406e-05	0x1.5400000000000p-17	85	8388608	normal	1050
1371	372b	372b0000	1.0192394256591797e-05	0x1.5600000000000p-17	171	16777216	normal	1035
1372	372c	372c0000	1.0251998901367188e-05	0x1.5800000000000p-17	43	4194304	normal	1056
1373	372d	372d0000	1.0311603546142578e-05	0x1.5a00000000000p-17	173	16777216	normal	1056
1374	372e	372e0000	1.0371208190917969e-05	0x1.5c00000000000p-17	87	8388608	normal	1074
1375	372f	372f0000	1.043081283569336e-05	0x1.5e00000000000p-17	175	16777216	normal	1065
1376	3730	37300000	1.049041748046875e-05	0x1.6000000000000p-17	11	1048576	normal	1027
1377	3731	37310000	1.055002212524414e-05	0x1.6200000000000p-17	177	16777216	normal	999
1378	3732	37320000	1.0609626770019531e-05	0x1.6400000000000p-17	89	8388608	normal	1074
1379	3733	37330000	1.0669231414794922e-05	0x1.6600000000000p-17	179	16777216	normal	1066
1380	3734	37340000	1.0728836059570312e-05	0x1.6800000000000p-17	45	4194304	normal	1125
1381	3735	37350000	1.0788440704345703e-05	0x1.6a00000000000p-17	181	16777216	normal	1032
1382	3736	37360000	1.0848045349121094e-05	0x1.6c00000000000p-17	91	8388608	normal	1026
1383	3737	37370000	1.0907649993896484e-05	0x1.6e00000000000p-17	183	16777216	normal	1015
1384	3738	37380000	1.0967254638671875e-05	0x1.7000000000000p-17	23	2097152	normal	1128
1385	3739	37390000	1.1026859283447266e-05	0x1.7200000000000p-17	185	16777216	normal	1085
1386	373a	373a0000	1.1086463928222656e-05	0x1.7400000000000p-17	93	8388608	normal	1121
1387	373b	373b0000	1.1146068572998047e-05	0x1.7600000000000p-17	187	16777216	normal	1076
1388	373c	373c0000	1.1205673217773438e-05	0x1.7800000000000p-17	47	4194304	normal	1034
1389	373d	373d0000	1.1265277862548828e-05	0x1.7a00000000000p-17	189	16777216	normal	1108
1390	373e	373e0000	1.1324882507324219e-05	0x1.7c00000000000p-17	95	8388608	normal	1040
1391	373f	373f0000	1.138448715209961e-05	0x1.7e00000000000p-17	191	16777216	normal	1024
1392	3740	37400000	1.1444091796875e-05	0x1.8000000000000p-17	3	262144	normal	1048
1393	3741	37410000	1.150369644165039e-05	0x1.8200000000000p-17	193	16777216	normal	1051
1394	3742	37420000	1.1563301086425781e-05	0x1.8400000000000p-17	97	8388608	normal	1040
1395	3743	37430000	1.1622905731201172e-05	0x1.8600000000000p-17	195	16777216	normal	1115
1396	3744	37440000	1.1682510375976562e-05	0x1.8800000000000p-17	49	4194304	normal	1037
1397	3745	37450000	1.1742115020751953e-05	0x1.8a00000000000p-17	197	16777216	normal	1099
1398	3746	37460000	1.1801719665527344e-05	0x1.8c00000000000p-17	99	8388608	normal	1066
1399	3747	37470000	1.1861324310302734e-05	0x1.8e00000000000p-17	199	16777216	normal	1102
1400	3748	37480000	1.1920928955078125e-05	0x1.9000000000000p-17	25	2097152	normal	1081
1401	3749	37490000	1.1980533599853516e-05	0x1.9200000000000p-17	201	16777216	normal	1071
1402	374a	374a0000	1.2040138244628906e-05	0x1.9400000000000p-17	101	8388608	normal	1053
1403	374b	374b0000	1.2099742889404297e-05	0x1.9600000000000p-17	203	16777216	normal	1055
1404	374c	374c0000	1.2159347534179688e-05	0x1.9800000000000p-17	51	4194304	normal	1107
1405	374d	374d0000	1.2218952178955078e-05	0x1.9a00000000000p-17	205	16777216	normal	1115
1406	374e	374e0000	1.2278556823730469e-05	0x1.9c00000000000p-17	103	8388608	normal	1087
1407	374f	374f0000	1.233816146850586e-05	0x1.9e00000000000p-17	207	16777216	normal	1055
1408	3750	37500000	1.239776611328125e-05	0x1.a000000000000p-17	13	1048576	normal	1014
1409	3751	37510000	1.245737075805664e-05	0x1.a200000000000p-17	209	16777216	normal	1129
1410	3752	37520000	1.2516975402832031e-05	0x1.a400000000000p-17	105	8388608	normal	1035
1411	3753	37530000	1.2576580047607422e-05	0x1.a600000000000p-17	211	16777216	normal	1049
1412	3754	37540000	1.2636184692382812e-05	0x1.a800000000000p-17	53	4194304	normal	1063
1413	3755	37550000	1.2695789337158203e-05	0x1.aa00000000000p-17	213	16777216	normal	1061
1414	3756	37560000	1.2755393981933594e-05	0x1.ac00000000000p-17	107	8388608	normal	1071
1415	3757	37570000	1.2814998626708984e-05	0x1.ae00000000000p-17	215	16777216	normal	1078
1416	3758	37580000	1.2874603271484375e-05	0x1.b000000000000p-17	27	2097152	normal	1087
1417	3759	37590000	1.2934207916259766e-05	0x1.b200000000000p-17	217	16777216	normal	1089
1418	375a	375a0000	1.2993812561035156e-05	0x1.b400000000000p-17	109	8388608	normal	1104
1419	375b	375b0000	1.3053417205810547e-05	0x1.b600000000000p-17	219	16777216	normal	1086
1420	375c	375c0000	1.3113021850585938e-05	0x1.b800000000000p-17	55	4194304	normal	1096
1421	375d	375d0000	1.3172626495361328e-05	0x1.ba00000000000p-17	221	16777216	normal	1111
1422	375e	375e0000	1.3232231140136719e-05	0x1.bc00000000000p-17	111	8388608	normal	1049
1423	375f	375f0000	1.329183578491211e-05	0x1.be00000000000p-17	223	16777216	normal	1031
1424	3760	37600000	1.33514404296875e-05	0x1.c000000000000p-17	7	524288	normal	1045
1425	3761	37610000	1.341104507446289e-05	0x1.c200000000000p-17	225	16777216	normal	1069
1426	3762	37620000	1.3470649719238281e-05	0x1.c400000000000p-17	113	8388608	normal	1122
1427	3763	37630000	1.3530254364013672e-05	0x1.c600000000000p-17	227	16777216	normal	1098
1428	3764	37640000	1.3589859008789062e-05	0x1.c800000000000p-17	57	4194304	normal	1030
1429	3765	37650000	1.3649463653564453e-05	0x1.ca00000000000p-17	229	16777216	normal	1059
1430	3766	37660000	1.3709068298339844e-05	0x1.cc00000000000p-17	115	8388608	normal	1061
1431	3767	37670000	1.3768672943115234e-05	0x1.ce00000000000p-17	231	16777216	normal	1055
1432	3768	37680000	1.3828277587890625e-05	0x1.d000000000000p-17	29	2097152	normal	1069
1433	3769	37690000	1.3887882232666016e-05	0x1.d200000000000p-17	233	16777216	normal	1074
1434	376a	376a0000	1.3947486877441406e-05	0x1.d400000000000p-17	117	8388608	normal	1096
1435	376b	376b0000	1.4007091522216797e-05	0x1.d600000000000p-17	235	16777216	normal	1086
1436	376c	376c0000	1.4066696166992188e-05	0x1.d800000000000p-17	59	4194304	normal	1093
1437	376d	376d0000	1.4126300811767578e-05	0x1.da00000000000p-17	237	16777216	normal	1064
1438	376e	376e0000	1.4185905456542969e-05	0x1.dc00000000000p-17	119	8388608	normal	1047
1439	376f	376f0000	1.424551010131836e-05	0x1.de00000000000p-17	239	16777216	normal	1112
1440	3770	37700000	1.430511474609375e-05	0x1.e000000000000p-17	15	1048576	normal	1142
1441	3771	37710000	1.436471939086914e-05	0x1.e200000000000p-17	241	16777216	normal	1058
1442	3772	37720000	1.4424324035644531e-05	0x1.e400000000000p-17	121	8388608	normal	1051
1443	3773	37730000	1.4483928680419922e-05	0x1.e600000000000p-17	243	16777216	normal	1030
1444	3774	37740000	1.4543533325195312e-05	0x1.e800000000000p-17	61	4194304	normal	1088
1445	3775	37750000	1.4603137969970703e-05	0x1.ea00000000000p-17	245	16777216	normal	1113
1446	3776	37760000	1.4662742614746094e-05	0x1.ec00000000000p-17	123	8388608	normal	1058
1447	3777	37770000	1.4722347259521484e-05	0x1.ee00000000000p-17	247	16777216	normal	1051
1448	3778	37780000	1.4781951904296875e-05	0x1.f000000000000p-17	31	2097152	normal	1085
1449	3779	37790000	1.4841556549072266e-05	0x1.f200000000000p-17	249	16777216	normal	1059
1450	377a	377a0000	1.4901161193847656e-05	0x1.f400000000000p-17	125	8388608	normal	1067
1451	377b	377b0000	1.4960765838623047e-05	0x1.f600000000000p-17	251	16777216	normal	1063
1452	377c	377c0000	1.5020370483398438e-05	0x1.f800000000000p-17	63	4194304	normal	1038
1453	377d	377d0000	1.5079975128173828e-05	0x1.fa00000000000p-17	253	16777216	normal	1077
1454	377e	377e0000	1.5139579772949219e-05	0x1.fc00000000000p-17	127	8388608	normal	1025
1455	377f	377f0000	1.519918441772461e-05	0x1.fe00000000000p-17	255	16777216	normal	1055
1456	3780	37800000	1.52587890625e-05	0x1.0000000000000p-16	1	65536	normal	1651
1457	3781	37810000	1.537799835205078e-05	0x1.0200000000000p-16	129	8388608	normal	2174
1458	3782	37820000	1.5497207641601562e-05	0x1.0400000000000p-16	65	4194304	normal	2109
1459	3783	37830000	1.5616416931152344e-05	0x1.0600000000000p-16	131	8388608	normal	2139
1460	3784	37840000	1.5735626220703125e-05	0x1.0800000000000p-16	33	2097152	normal	2127
1461	3785	37850000	1.5854835510253906e-05	0x1.0a00000000000p-16	133	8388608	normal	2160
1462	3786	37860000	1.5974044799804688e-05	0x1.0c00000000000p-16	67	4194304	normal	2152
1463	3787	37870000	1.609325408935547e-05	0x1.0e00000000000p-16	135	8388608	normal	2100
1464	3788	37880000	1.621246337890625e-05	0x1.1000000000000p-16	17	1048576	normal	2193
1465	3789	37890000	1.633167266845703e-05	0x1.1200000000000p-16	137	8388608	normal	2146
1466	378a	378a0000	1.6450881958007812e-05	0x1.1400000000000p-16	69	4194304	normal	2175
1467	378b	378b0000	1.6570091247558594e-05	0x1.1600000000000p-16	139	8388608	normal	2189
1468	378c	378c0000	1.6689300537109375e-05	0x1.1800000000000p-16	35	2097152	normal	2154
1469	378d	378d0000	1.6808509826660156e-05	0x1.1a00000000000p-16	141	8388608	normal	2147
1470	378e	378e0000	1.6927719116210938e-05	0x1.1c00000000000p-16	71	4194304	normal	2082
1471	378f	378f0000	1.704692840576172e-05	0x1.1e00000000000p-16	143	8388608	normal	2122
1472	3790	37900000	1.71661376953125e-05	0x1.2000000000000p-16	9	524288	normal	2138
1473	3791	37910000	1.728534698486328e-05	0x1.2200000000000p-16	145	8388608	normal	2147
1474	3792	37920000	1.7404556274414062e-05	0x1.2400000000000p-16	73	4194304	normal	2031
1475	3793	37930000	1.7523765563964844e-05	0x1.2600000000000p-16	147	8388608	normal	2165
1476	3794	37940000	1.7642974853515625e-05	0x1.2800000000000p-16	37	2097152	normal	2085
1477	3795	37950000	1.7762184143066406e-05	0x1.2a00000000000p-16	149	8388608	normal	2077
1478	3796	37960000	1.7881393432617188e-05	0x1.2c00000000000p-16	75	4194304	normal	2133
1479	3797	37970000	1.800060272216797e-05	0x1.2e00000000000p-16	151	8388608	normal	2112
1480	3798	37980000	1.811981201171875e-05	0x1.3000000000000p-16	19	1048576	normal	2177
1481	3799	37990000	1.823902130126953e-05	0x1.3200000000000p-16	153	8388608	normal	2157
1482	379a	379a0000	1.8358230590820312e-05	0x1.3400000000000p-16	77	4194304	normal	2103
1483	379b	379b0000	1.8477439880371094e-05	0x1.3600000000000p-16	155	8388608	normal	2168
1484	379c	379c0000	1.8596649169921875e-05	0x1.3800000000000p-16	39	2097152	normal	2120
1485	379d	379d0000	1.8715858459472656e-05	0x1.3a00000000000p-16	157	8388608	normal	2216
1486	379e	379e0000	1.8835067749023438e-05	0x1.3c00000000000p-16	79	4194304	normal	2033
1487	379f	379f0000	1.895427703857422e-05	0x1.3e00000000000p-16	159	8388608	normal	2136
1488	37a0	37a00000	1.9073486328125e-05	0x1.4000000000000p-16	5	262144	normal	2093
1489	37a1	37a10000	1.919269561767578e-05	0x1.4200000000000p-16	161	8388608	normal	2133
1490	37a2	37a20000	1.9311904907226562e-05	0x1.4400000000000p-16	81	4194304	normal	2080
1491	37a3	37a30000	1.9431114196777344e-05	0x1.4600000000000p-16	163	8388608	normal	2151
1492	37a4	37a40000	1.9550323486328125e-05	0x1.4800000000000p-16	41	2097152	normal	2136
1493	37a5	37a50000	1.9669532775878906e-05	0x1.4a00000000000p-16	165	8388608	normal	2126
1494	37a6	37a60000	1.9788742065429688e-05	0x1.4c00000000000p-16	83	4194304	normal	2103
1495	37a7	37a70000	1.990795135498047e-05	0x1.4e00000000000p-16	167	8388608	normal	2105
1496	37a8	37a80000	2.002716064453125e-05	0x1.5000000000000p-16	21	1048576	normal	2134
1497	37a9	37a90000	2.014636993408203e-05	0x1.5200000000000p-16	169	8388608	normal	2066
1498	37aa	37aa0000	2.0265579223632812e-05	0x1.5400000000000p-16	85	4194304	normal	2112
1499	37ab	37ab0000	2.0384788513183594e-05	0x1.5600000000000p-16	171	8388608	normal	2110
1500	37ac	37ac0000	2.0503997802734375e-05	0x1.5800000000000p-16	43	2097152	normal	2139
1501	37ad	37ad0000	2.0623207092285156e-05	0x1.5a00000000000p-16	173	8388608	normal	2125
1502	37ae	37ae0000	2.0742416381835938e-05	0x1.5c00000000000p-16	87	4194304	normal	2175
1503	37af	37af0000	2.086162567138672e-05	0x1.5e00000000000p-16	175	8388608	normal	2150
1504	37b0	37b00000	2.09808349609375e-05	0x1.6000000000000p-16	11	524288	normal	2104
1505	37b1	37b10000	2.110004425048828e-05	0x1.6200000000000p-16	177	8388608	normal	2142
1506	37b2	37b20000	2.1219253540039062e-05	0x1.6400000000000p-16	89	4194304	normal	2150
1507	37b3	37b30000	2.1338462829589844e-05	0x1.6600000000000p-16	179	8388608	normal	2082
1508	37b4	37b40000	2.1457672119140625e-05	0x1.6800000000000p-16	45	2097152	normal	2115
1509	37b5	37b50000	2.1576881408691406e-05	0x1.6a00000000000p-16	181	8388608	normal	2128
1510	37b6	37b60000	2.1696090698242188e-05	0x1.6c00000000000p-16	91	4194304	normal	2165
1511	37b7	37b70000	2.181529998779297e-05	0x1.6e00000000000p-16	183	8388608	normal	2154
1512	37b8	37b80000	2.193450927734375e-05	0x1.7000000000000p-16	23	1048576	normal	2097
1513	37b9	37b90000	2.205371856689453e-05	0x1.7200000000000p-16	185	8388608	normal	2162
1514	37ba	37ba0000	2.2172927856445312e-05	0x1.7400000000000p-16	93	4194304	normal	2065
1515	37bb	37bb0000	2.2292137145996094e-05	0x1.7600000000000p-16	187	8388608	normal	2103
1516	37bc	37bc0000	2.2411346435546875e-05	0x1.7800000000000p-16	47	2097152	normal	2103
1517	37bd	37bd0000	2.2530555725097656e-05	0x1.7a00000000000p-16	189	8388608	normal	2169
1518	37be	37be0000	2.2649765014648438e-05	0x1.7c00000000000p-16	95	4194304	normal	2162
1519	37bf	37bf0000	2.276897430419922e-05	0x1.7e00000000000p-16	191	8388608	normal	2146
1520	37c0	37c00000	2.288818359375e-05	0x1.8000000000000p-16	3	131072	normal	2191
1521	37c1	37c10000	2.300739288330078e-05	0x1.8200000000000p-16	193	8388608	normal	2166
1522	37c2	37c20000	2.3126602172851562e-05	0x1.8400000000000p-16	97	4194304	normal	2118
1523	37c3	37c30000	2.3245811462402344e-05	0x1.8600000000000p-16	195	8388608	normal	2133
1524	37c4	37c40000	2.3365020751953125e-05	0x1.8800000000000p-16	49	2097152	normal	2141
1525	37c5	37c50000	2.3484230041503906e-05	0x1.8a00000000000p-16	197	8388608	normal	2176
1526	37c6	37c60000	2.3603439331054688e-05	0x1.8c00000000000p-16	99	4194304	normal	2069
1527	37c7	37c70000	2.372264862060547e-05	0x1.8e00000000000p-16	199	8388608	normal	2138
1528	37c8	37c80000	2.384185791015625e-05	0x1.9000000000000p-16	25	1048576	normal	2165
1529	37c9	37c90000	2.396106719970703e-05	0x1.9200000000000p-16	201	8388608	normal	2125
1530	37ca	37ca0000	2.4080276489257812e-05	0x1.9400000000000p-16	101	4194304	normal	2073
1531	37cb	37cb0000	2.4199485778808594e-05	0x1.9600000000000p-16	203	8388608	normal	2204
1532	37cc	37cc0000	2.4318695068359375e-05	0x1.9800000000000p-16	51	2097152	normal	2127
1533	37cd	37cd0000	2.4437904357910156e-05	0x1.9a00000000000p-16	205	8388608	normal	2126
1534	37ce	37ce0000	2.4557113647460938e-05	0x1.9c00000000000p-16	103	4194304	normal	2107
1535	37cf	37cf0000	2.467632293701172e-05	0x1.9e00000000000p-16	207	8388608	normal	2175
1536	37d0	37d00000	2.47955322265625e-05	0x1.a000000000000p-16	13	524288	normal	2141
1537	37d1	37d10000	2.491474151611328e-05	0x1.a200000000000p-16	209	8388608	normal	2215
1538	37d2	37d20000	2.5033950805664062e-05	0x1.a400000000000p-16	105	4194304	normal	2161
1539	37d3	37d30000	2.5153160095214844e-05	0x1.a600000000000p-16	211	8388608	normal	2159
1540	37d4	37d40000	2.5272369384765625e-05	0x1.a800000000000p-16	53	2097152	normal	2193
1541	37d5	37d50000	2.5391578674316406e-05	0x1.aa00000000000p-16	213	8388608	normal	2086
1542	37d6	37d60000	2.5510787963867188e-05	0x1.ac00000000000p-16	107	4194304	normal	2111
1543	37d7	37d70000	2.562999725341797e-05	0x1.ae00000000000p-16	215	8388608	normal	2128
1544	37d8	37d80000	2.574920654296875e-05	0x1.b000000000000p-16	27	1048576	normal	2140
1545	37d9	37d90000	2.586841583251953e-05	0x1.b200000000000p-16	217	8388608	normal	2261
1546	37da	37da0000	2.5987625122070312e-05	0x1.b400000000000p-16	109	4194304	normal	2159
1547	37db	37db0000	2.6106834411621094e-05	0x1.b600000000000p-16	219	8388608	normal	2118
1548	37dc	37dc0000	2.6226043701171875e-05	0x1.b800000000000p-16	55	2097152	normal	2166
1549	37dd	37dd0000	2.6345252990722656e-05	0x1.ba00000000000p-16	221	8388608	normal	2242
1550	37de	37de0000	2.6464462280273438e-05	0x1.bc00000000000p-16	111	4194304	normal	2059
1551	37df	37df0000	2.658367156982422e-05	0x1.be00000000000p-16	223	8388608	normal	2176
1552	37e0	37e00000	2.6702880859375e-05	0x1.c000000000000p-16	7	262144	normal	2041
1553	37e1	37e10000	2.682209014892578e-05	0x1.c200000000000p-16	225	8388608	normal	2134
1554	37e2	37e20000	2.6941299438476562e-05	0x1.c400000000000p-16	113	4194304	normal	2163
1555	37e3	37e30000	2.7060508728027344e-05	0x1.c600000000000p-16	227	8388608	normal	2116
1556	37e4	37e40000	2.7179718017578125e-05	0x1.c800000000000p-16	57	2097152	normal	2167
1557	37e5	37e50000	2.7298927307128906e-05	0x1.ca00000000000p-16	229	8388608	normal	2165
1558	37e6	37e60000	2.7418136596679688e-05	0x1.cc00000000000p-16	115	4194304	normal	2125
1559	37e7	37e70000	2.753734588623047e-05	0x1.ce00000000000p-16	231	8388608	normal	2152
1560	37e8	37e80000	2.765655517578125e-05	0x1.d000000000000p-16	29	1048576	normal	2078
1561	37e9	37e90000	2.777576446533203e-05	0x1.d200000000000p-16	233	8388608	normal	2095
1562	37ea	37ea0000	2.7894973754882812e-05	0x1.d400000000000p-16	117	4194304	normal	2158
1563	37eb	37eb0000	2.8014183044433594e-05	0x1.d600000000000p-16	235	8388608	normal	2188
1564	37ec	37ec0000	2.8133392333984375e-05	0x1.d800000000000p-16	59	2097152	normal	2125
1565	37ed	37ed0000	2.8252601623535156e-05	0x1.da00000000000p-16	237	8388608	normal	2182
1566	37ee	37ee0000	2.8371810913085938e-05	0x1.dc00000000000p-16	119	4194304	normal	2138
1567	37ef	37ef0000	2.849102020263672e-05	0x1.de00000000000p-16	239	8388608	normal	2143
1568	37f0	37f00000	2.86102294921875e-05	0x1.e000000000000p-16	15	524288	normal	2058
1569	37f1	37f10000	2.872943878173828e-05	0x1.e200000000000p-16	241	8388608	normal	2101
1570	37f2	37f20000	2.8848648071289062e-05	0x1.e400000000000p-16	121	4194304	normal	2206
1571	37f3	37f30000	2.8967857360839844e-05	0x1.e600000000000p-16	243	8388608	normal	2095
1572	37f4	37f40000	2.9087066650390625e-05	0x1.e800000000000p-16	61	2097152	normal	2100
1573	37f5	37f50000	2.9206275939941406e-05	0x1.ea00000000000p-16	245	8388608	normal	2129
1574	37f6	37f60000	2.9325485229492188e-05	0x1.ec00000000000p-16	123	4194304	normal	2070
1575	37f7	37f70000	2.944469451904297e-05	0x1.ee00000000000p-16	247	8388608	normal	2105
1576	37f8	37f80000	2.956390380859375e-05	0x1.f000000000000p-16	31	1048576	normal	2168
1577	37f9	37f90000	2.968311309814453e-05	0x1.f200000000000p-16	249	8388608	normal	2048
1578	37fa	37fa0000	2.9802322387695312e-05	0x1.f400000000000p-16	125	4194304	normal	2095
1579	37fb	37fb0000	2.9921531677246094e-05	0x1.f600000000000p-16	251	8388608	normal	2161
1580	37fc	37fc0000	3.0040740966796875e-05	0x1.f800000000000p-16	63	2097152	normal	2150
1581	37fd	37fd0000	3.0159950256347656e-05	0x1.fa00000000000p-16	253	8388608	normal	2119
1582	37fe	37fe0000	3.0279159545898438e-05	0x1.fc00000000000p-16	127	4194304	normal	2034
1583	37ff	37ff0000	3.039836883544922e-05	0x1.fe00000000000p-16	255	8388608	normal	2093
1584	3800	38000000	3.0517578125e-05	0x1.0000000000000p-15	1	32768	normal	3271
1585	3801	38010000	3.075599670410156e-05	0x1.0200000000000p-15	129	4194304	normal	4300
1586	3802	38020000	3.0994415283203125e-05	0x1.0400000000000p-15	65	2097152	normal	4222
1587	3803	38030000	3.123283386230469e-05	0x1.0600000000000p-15	131	4194304	normal	4269
1588	3804	38040000	3.147125244140625e-05	0x1.0800000000000p-15	33	1048576	normal	4226
1589	3805	38050000	3.170967102050781e-05	0x1.0a00000000000p-15	133	4194304	normal	4235
1590	3806	38060000	3.1948089599609375e-05	0x1.0c00000000000p-15	67	2097152	normal	4167
1591	3807	38070000	3.218650817871094e-05	0x1.0e00000000000p-15	135	4194304	normal	4302
1592	3808	38080000	3.24249267578125e-05	0x1.1000000000000p-15	17	524288	normal	4384
1593	3809	38090000	3.266334533691406e-05	0x1.1200000000000p-15	137	4194304	normal	4275
1594	380a	380a0000	3.2901763916015625e-05	0x1.1400000000000p-15	69	2097152	normal	4195
1595	380b	380b0000	3.314018249511719e-05	0x1.1600000000000p-15	139	4194304	normal	4239
1596	380c	380c0000	3.337860107421875e-05	0x1.1800000000000p-15	35	1048576	normal	4357
1597	380d	380d0000	3.361701965332031e-05	0x1.1a00000000000p-15	141	4194304	normal	4285
1598	380e	380e0000	3.3855438232421875e-05	0x1.1c00000000000p-15	71	2097152	normal	4291
1599	380f	380f0000	3.409385681152344e-05	0x1.1e00000000000p-15	143	4194304	normal	4257
1600	3810	38100000	3.4332275390625e-05	0x1.2000000000000p-15	9	262144	normal	4219
1601	3811	38110000	3.457069396972656e-05	0x1.2200000000000p-15	145	4194304	normal	4170
1602	3812	38120000	3.4809112548828125e-05	0x1.2400000000000p-15	73	2097152	normal	4207
1603	3813	38130000	3.504753112792969e-05	0x1.2600000000000p-15	147	4194304	normal	4317
1604	3814	38140000	3.528594970703125e-05	0x1.2800000000000p-15	37	1048576	normal	4438
1605	3815	38150000	3.552436828613281e-05	0x1.2a00000000000p-15	149	4194304	normal	4359
1606	3816	38160000	3.5762786865234375e-05	0x1.2c00000000000p-15	75	2097152	normal	4271
1607	3817	38170000	3.600120544433594e-05	0x1.2e00000000000p-15	151	4194304	normal	4416
1608	3818	38180000	3.62396240234375e-05	0x1.3000000000000p-15	19	524288	normal	4376
1609	3819	38190000	3.647804260253906e-05	0x1.3200000000000p-15	153	4194304	normal	4317
1610	381a	381a0000	3.6716461181640625e-05	0x1.3400000000000p-15	77	2097152	normal	4203
1611	381b	381b0000	3.695487976074219e-05	0x1.3600000000000p-15	155	4194304	normal	4252
1612	381c	381c0000	3.719329833984375e-05	0x1.3800000000000p-15	39	1048576	normal	4192
1613	381d	381d0000	3.743171691894531e-05	0x1.3a00000000000p-15	157	4194304	normal	4238
1614	381e	381e0000	3.7670135498046875e-05	0x1.3c00000000000p-15	79	2097152	normal	4225
1615	381f	381f0000	3.790855407714844e-05	0x1.3e00000000000p-15	159	4194304	normal	4356
1616	3820	38200000	3.814697265625e-05	0x1.4000000000000p-15	5	131072	normal	4406
1617	3821	38210000	3.838539123535156e-05	0x1.4200000000000p-15	161	4194304	normal	4269
1618	3822	38220000	3.8623809814453125e-05	0x1.4400000000000p-15	81	2097152	normal	4240
1619	3823	38230000	3.886222839355469e-05	0x1.4600000000000p-15	163	4194304	normal	4397
1620	3824	38240000	3.910064697265625e-05	0x1.4800000000000p-15	41	1048576	normal	4199
1621	3825	38250000	3.933906555175781e-05	0x1.4a00000000000p-15	165	4194304	normal	4306
1622	3826	38260000	3.9577484130859375e-05	0x1.4c00000000000p-15	83	2097152	normal	4231
1623	3827	38270000	3.981590270996094e-05	0x1.4e00000000000p-15	167	4194304	normal	4302
1624	3828	38280000	4.00543212890625e-05	0x1.5000000000000p-15	21	524288	normal	4169
1625	3829	38290000	4.029273986816406e-05	0x1.5200000000000p-15	169	4194304	normal	4186
1626	382a	382a0000	4.0531158447265625e-05	0x1.5400000000000p-15	85	2097152	normal	4223
1627	382b	382b0000	4.076957702636719e-05	0x1.5600000000000p-15	171	4194304	normal	4213
1628	382c	382c0000	4.100799560546875e-05	0x1.5800000000000p-15	43	1048576	normal	4306
1629	382d	382d0000	4.124641418457031e-05	0x1.5a00000000000p-15	173	4194304	normal	4168
1630	382e	382e0000	4.1484832763671875e-05	0x1.5c00000000000p-15	87	2097152	normal	4254
1631	382f	382f0000	4.172325134277344e-05	0x1.5e00000000000p-15	175	4194304	normal	4207
1632	3830	38300000	4.1961669921875e-05	0x1.6000000000000p-15	11	262144	normal	4238
1633	3831	38310000	4.220008850097656e-05	0x1.6200000000000p-15	177	4194304	normal	4225
1634	3832	38320000	4.2438507080078125e-05	0x1.6400000000000p-15	89	2097152	normal	4246
1635	3833	38330000	4.267692565917969e-05	0x1.6600000000000p-15	179	4194304	normal	4304
1636	3834	38340000	4.291534423828125e-05	0x1.6800000000000p-15	45	1048576	normal	4269
1637	3835	38350000	4.315376281738281e-05	0x1.6a00000000000p-15	181	4194304	normal	4260
1638	3836	38360000	4.3392181396484375e-05	0x1.6c00000000000p-15	91	2097152	normal	4136
1639	3837	38370000	4.363059997558594e-05	0x1.6e00000000000p-15	183	4194304	normal	4310
1640	3838	38380000	4.38690185546875e-05	0x1.7000000000000p-15	23	524288	normal	4182
1641	3839	38390000	4.410743713378906e-05	0x1.7200000000000p-15	185	4194304	normal	4309
1642	383a	383a0000	4.4345855712890625e-05	0x1.7400000000000p-15	93	2097152	normal	4250
1643	383b	383b0000	4.458427429199219e-05	0x1.7600000000000p-15	187	4194304	normal	4232
1644	383c	383c0000	4.482269287109375e-05	0x1.7800000000000p-15	47	1048576	normal	4297
1645	383d	383d0000	4.506111145019531e-05	0x1.7a00000000000p-15	189	4194304	normal	4118
1646	383e	383e0000	4.5299530029296875e-05	0x1.7c00000000000p-15	95	2097152	normal	4327
1647	383f	383f0000	4.553794860839844e-05	0x1.7e00000000000p-15	191	4194304	normal	4344
1648	3840	38400000	4.57763671875e-05	0x1.8000000000000p-15	3	65536	normal	4207
1649	3841	38410000	4.601478576660156e-05	0x1.8200000000000p-15	193	4194304	normal	4207
1650	3842	38420000	4.6253204345703125e-05	0x1.8400000000000p-15	97	2097152	normal	4245
1651	3843	38430000	4.649162292480469e-05	0x1.8600000000000p-15	195	4194304	normal	4135
1652	3844	38440000	4.673004150390625e-05	0x1.8800000000000p-15	49	1048576	normal	4312
1653	3845	38450000	4.696846008300781e-05	0x1.8a00000000000p-15	197	4194304	normal	4224
1654	3846	38460000	4.7206878662109375e-05	0x1.8c00000000000p-15	99	2097152	normal	4154
1655	3847	38470000	4.744529724121094e-05	0x1.8e00000000000p-15	199	4194304	normal	4348
1656	3848	38480000	4.76837158203125e-05	0x1.9000000000000p-15	25	524288	normal	4269
1657	3849	38490000	4.792213439941406e-05	0x1.9200000000000p-15	201	4194304	normal	4261
1658	384a	384a0000	4.8160552978515625e-05	0x1.9400000000000p-15	101	2097152	normal	4310
1659	384b	384b0000	4.839897155761719e-05	0x1.9600000000000p-15	203	4194304	normal	4168
1660	384c	384c0000	4.863739013671875e-05	0x1.9800000000000p-15	51	1048576	normal	4150
1661	384d	384d0000	4.887580871582031e-05	0x1.9a00000000000p-15	205	4194304	normal	4374
1662	384e	384e0000	4.9114227294921875e-05	0x1.9c00000000000p-15	103	2097152	normal	4245
1663	384f	384f0000	4.935264587402344e-05	0x1.9e00000000000p-15	207	4194304	normal	4185
1664	3850	38500000	4.9591064453125e-05	0x1.a000000000000p-15	13	262144	normal	4266
1665	3851	38510000	4.982948303222656e-05	0x1.a200000000000p-15	209	4194304	normal	4354
1666	3852	38520000	5.0067901611328125e-05	0x1.a400000000000p-15	105	2097152	normal	4168
1667	3853	38530000	5.030632019042969e-05	0x1.a600000000000p-15	211	4194304	normal	4403
1668	3854	38540000	5.054473876953125e-05	0x1.a800000000000p-15	53	1048576	normal	4101
1669	3855	38550000	5.078315734863281e-05	0x1.aa00000000000p-15	213	4194304	normal	4193
1670	3856	38560000	5.1021575927734375e-05	0x1.ac00000000000p-15	107	2097152	normal	4251
1671	3857	38570000	5.125999450683594e-05	0x1.ae00000000000p-15	215	4194304	normal	4215
1672	3858	38580000	5.14984130859375e-05	0x1.b000000000000p-15	27	524288	normal	4201
1673	3859	38590000	5.173683166503906e-05	0x1.b200000000000p-15	217	4194304	normal	4202
1674	385a	385a0000	5.1975250244140625e-05	0x1.b400000000000p-15	109	2097152	normal	4273
1675	385b	385b0000	5.221366882324219e-05	0x1.b600000000000p-15	219	4194304	normal	4216
1676	385c	385c0000	5.245208740234375e-05	0x1.b800000000000p-15	55	1048576	normal	4157
1677	385d	385d0000	5.269050598144531e-05	0x1.ba00000000000p-15	221	4194304	normal	4279
1678	385e	385e0000	5.2928924560546875e-05	0x1.bc00000000000p-15	111	2097152	normal	4224
1679	385f	385f0000	5.316734313964844e-05	0x1.be00000000000p-15	223	4194304	normal	4242
1680	3860	38600000	5.340576171875e-05	0x1.c000000000000p-15	7	131072	normal	4366
1681	3861	38610000	5.364418029785156e-05	0x1.c200000000000p-15	225	4194304	normal	4233
1682	3862	38620000	5.3882598876953125e-05	0x1.c400000000000p-15	113	2097152	normal	4147
1683	3863	38630000	5.412101745605469e-05	0x1.c600000000000p-15	227	4194304	normal	4313
1684	3864	38640000	5.435943603515625e-05	0x1.c800000000000p-15	57	1048576	normal	4286
1685	3865	38650000	5.459785461425781e-05	0x1.ca00000000000p-15	229	4194304	normal	4321
1686	3866	38660000	5.4836273193359375e-05	0x1.cc00000000000p-15	115	2097152	normal	4406
1687	3867	38670000	5.507469177246094e-05	0x1.ce00000000000p-15	231	4194304	normal	4246
1688	3868	38680000	5.53131103515625e-05	0x1.d000000000000p-15	29	524288	normal	4282
1689	3869	38690000	5.555152893066406e-05	0x1.d200000000000p-15	233	4194304	normal	4327
1690	386a	386a0000	5.5789947509765625e-05	0x1.d400000000000p-15	117	2097152	normal	4347
1691	386b	386b0000	5.602836608886719e-05	0x1.d600000000000p-15	235	4194304	normal	4239
1692	386c	386c0000	5.626678466796875e-05	0x1.d800000000000p-15	59	1048576	normal	4286
1693	386d	386d0000	5.650520324707031e-05	0x1.da00000000000p-15	237	4194304	normal	4328
1694	386e	386e0000	5.6743621826171875e-05	0x1.dc00000000000p-15	119	2097152	normal	4426
1695	386f	386f0000	5.698204040527344e-05	0x1.de00000000000p-15	239	4194304	normal	4313
1696	3870	38700000	5.7220458984375e-05	0x1.e000000000000p-15	15	262144	normal	4296
1697	3871	38710000	5.745887756347656e-05	0x1.e200000000000p-15	241	4194304	normal	4388
1698	3872	38720000	5.7697296142578125e-05	0x1.e400000000000p-15	121	2097152	normal	4136
1699	3873	38730000	5.793571472167969e-05	0x1.e600000000000p-15	243	4194304	normal	4168
1700	3874	38740000	5.817413330078125e-05	0x1.e800000000000p-15	61	1048576	normal	4224
1701	3875	38750000	5.841255187988281e-05	0x1.ea00000000000p-15	245	4194304	normal	4331
1702	3876	38760000	5.8650970458984375e-05	0x1.ec00000000000p-15	123	2097152	normal	4239
1703	3877	38770000	5.888938903808594e-05	0x1.ee00000000000p-15	247	4194304	normal	4337
1704	3878	38780000	5.91278076171875e-05	0x1.f000000000000p-15	31	524288	normal	4236
1705	3879	38790000	5.936622619628906e-05	0x1.f200000000000p-15	249	4194304	normal	4215
1706	387a	387a0000	5.9604644775390625e-05	0x1.f400000000000p-15	125	2097152	normal	4280
1707	387b	387b0000	5.984306335449219e-05	0x1.f600000000000p-15	251	4194304	normal	4242
1708	387c	387c0000	6.008148193359375e-05	0x1.f800000000000p-15	63	1048576	normal	4251
1709	387d	387d0000	6.031990051269531e-05	0x1.fa00000000000p-15	253	4194304	normal	4430
1710	387e	387e0000	6.0558319091796875e-05	0x1.fc00000000000p-15	127	2097152	normal	4305
1711	387f	387f0000	6.079673767089844e-05	0x1.fe00000000000p-15	255	4194304	normal	4138
1712	3880	38800000	6.103515625e-05	0x1.0000000000000p-14	1	16384	normal	6488
1713	3881	38810000	6.151199340820312e-05	0x1.0200000000000p-14	129	2097152	normal	8565
1714	3882	38820000	6.198883056640625e-05	0x1.0400000000000p-14	65	1048576	normal	8724
1715	3883	38830000	6.246566772460938e-05	0x1.0600000000000p-14	131	2097152	normal	8528
1716	3884	38840000	6.29425048828125e-05	0x1.0800000000000p-14	33	524288	normal	8588
1717	3885	38850000	6.341934204101562e-05	0x1.0a00000000000p-14	133	2097152	normal	8648
1718	3886	38860000	6.389617919921875e-05	0x1.0c00000000000p-14	67	1048576	normal	8655
1719	3887	38870000	6.437301635742188e-05	0x1.0e00000000000p-14	135	2097152	normal	8698
1720	3888	38880000	6.4849853515625e-05	0x1.1000000000000p-14	17	262144	normal	8555
1721	3889	38890000	6.532669067382812e-05	0x1.1200000000000p-14	137	2097152	normal	8689
1722	388a	388a0000	6.580352783203125e-05	0x1.1400000000000p-14	69	1048576	normal	8521
1723	388b	388b0000	6.628036499023438e-05	0x1.1600000000000p-14	139	2097152	normal	8518
1724	388c	388c0000	6.67572021484375e-05	0x1.1800000000000p-14	35	524288	normal	8506
1725	388d	388d0000	6.723403930664062e-05	0x1.1a00000000000p-14	141	2097152	normal	8470
1726	388e	388e0000	6.771087646484375e-05	0x1.1c00000000000p-14	71	1048576	normal	8481
1727	388f	388f0000	6.818771362304688e-05	0x1.1e00000000000p-14	143	2097152	normal	8526
1728	3890	38900000	6.866455078125e-05	0x1.2000000000000p-14	9	131072	normal	8580
1729	3891	38910000	6.914138793945312e-05	0x1.2200000000000p-14	145	2097152	normal	8713
1730	3892	38920000	6.961822509765625e-05	0x1.2400000000000p-14	73	1048576	normal	8431
1731	3893	38930000	7.009506225585938e-05	0x1.2600000000000p-14	147	2097152	normal	8628
1732	3894	38940000	7.05718994140625e-05	0x1.2800000000000p-14	37	524288	normal	8766
1733	3895	38950000	7.104873657226562e-05	0x1.2a00000000000p-14	149	2097152	normal	8686
1734	3896	38960000	7.152557373046875e-05	0x1.2c00000000000p-14	75	1048576	normal	8621
1735	3897	38970000	7.200241088867188e-05	0x1.2e00000000000p-14	151	2097152	normal	8711
1736	3898	38980000	7.2479248046875e-05	0x1.3000000000000p-14	19	262144	normal	8442
1737	3899	38990000	7.295608520507812e-05	0x1.3200000000000p-14	153	2097152	normal	8555
1738	389a	389a0000	7.343292236328125e-05	0x1.3400000000000p-14	77	1048576	normal	8589
1739	389b	389b0000	7.390975952148438e-05	0x1.3600000000000p-14	155	2097152	normal	8577
1740	389c	389c0000	7.43865966796875e-05	0x1.3800000000000p-14	39	524288	normal	8455
1741	389d	389d0000	7.486343383789062e-05	0x1.3a00000000000p-14	157	2097152	normal	8571
1742	389e	389e0000	7.534027099609375e-05	0x1.3c00000000000p-14	79	1048576	normal	8489
1743	389f	389f0000	7.581710815429688e-05	0x1.3e00000000000p-14	159	2097152	normal	8498
1744	38a0	38a00000	7.62939453125e-05	0x1.4000000000000p-14	5	65536	normal	8513
1745	38a1	38a10000	7.677078247070312e-05	0x1.4200000000000p-14	161	2097152	normal	8570
1746	38a2	38a20000	7.724761962890625e-05	0x1.4400000000000p-14	81	1048576	normal	8526
1747	38a3	38a30000	7.772445678710938e-05	0x1.4600000000000p-14	163	2097152	normal	8582
1748	38a4	38a40000	7.82012939453125e-05	0x1.4800000000000p-14	41	524288	normal	8432
1749	38a5	38a50000	7.867813110351562e-05	0x1.4a00000000000p-14	165	2097152	normal	8501
1750	38a6	38a60000	7.915496826171875e-05	0x1.4c00000000000p-14	83	1048576	normal	8457
1751	38a7	38a70000	7.963180541992188e-05	0x1.4e00000000000p-14	167	2097152	normal	8564
1752	38a8	38a80000	8.0108642578125e-05	0x1.5000000000000p-14	21	262144	normal	8517
1753	38a9	38a90000	8.058547973632812e-05	0x1.5200000000000p-14	169	2097152	normal	8519
1754	38aa	38aa0000	8.106231689453125e-05	0x1.5400000000000p-14	85	1048576	normal	8566
1755	38ab	38ab0000	8.153915405273438e-05	0x1.5600000000000p-14	171	2097152	normal	8615
1756	38ac	38ac0000	8.20159912109375e-05	0x1.5800000000000p-14	43	524288	normal	8711
1757	38ad	38ad0000	8.249282836914062e-05	0x1.5a00000000000p-14	173	2097152	normal	8541
1758	38ae	38ae0000	8.296966552734375e-05	0x1.5c00000000000p-14	87	1048576	normal	8405
1759	38af	38af0000	8.344650268554688e-05	0x1.5e00000000000p-14	175	2097152	normal	8521
1760	38b0	38b00000	8.392333984375e-05	0x1.6000000000000p-14	11	131072	normal	8518
1761	38b1	38b10000	8.440017700195312e-05	0x1.6200000000000p-14	177	2097152	normal	8563
1762	38b2	38b20000	8.487701416015625e-05	0x1.6400000000000p-14	89	1048576	normal	8576
1763	38b3	38b30000	8.535385131835938e-05	0x1.6600000000000p-14	179	2097152	normal	8459
1764	38b4	38b40000	8.58306884765625e-05	0x1.6800000000000p-14	45	524288	normal	8500
1765	38b5	38b50000	8.630752563476562e-05	0x1.6a00000000000p-14	181	2097152	normal	8482
1766	38b6	38b60000	8.678436279296875e-05	0x1.6c00000000000p-14	91	1048576	normal	8342
1767	38b7	38b70000	8.726119995117188e-05	0x1.6e00000000000p-14	183	2097152	normal	8489
1768	38b8	38b80000	8.7738037109375e-05	0x1.7000000000000p-14	23	262144	normal	8512
1769	38b9	38b90000	8.821487426757812e-05	0x1.7200000000000p-14	185	2097152	normal	8542
1770	38ba	38ba0000	8.869171142578125e-05	0x1.7400000000000p-14	93	1048576	normal	8454
1771	38bb	38bb0000	8.916854858398438e-05	0x1.7600000000000p-14	187	2097152	normal	8583
1772	38bc	38bc0000	8.96453857421875e-05	0x1.7800000000000p-14	47	524288	normal	8693
1773	38bd	38bd0000	9.012222290039062e-05	0x1.7a00000000000p-14	189	2097152	normal	8445
1774	38be	38be0000	9.059906005859375e-05	0x1.7c00000000000p-14	95	1048576	normal	8493
1775	38bf	38bf0000	9.107589721679688e-05	0x1.7e00000000000p-14	191	2097152	normal	8475
1776	38c0	38c00000	9.1552734375e-05	0x1.8000000000000p-14	3	32768	normal	8614
1777	38c1	38c10000	9.202957153320312e-05	0x1.8200000000000p-14	193	2097152	normal	8493
1778	38c2	38c20000	9.250640869140625e-05	0x1.8400000000000p-14	97	1048576	normal	8539
1779	38c3	38c30000	9.298324584960938e-05	0x1.8600000000000p-14	195	2097152	normal	8456
1780	38c4	38c40000	9.34600830078125e-05	0x1.8800000000000p-14	49	524288	normal	8678
1781	38c5	38c50000	9.393692016601562e-05	0x1.8a00000000000p-14	197	2097152	normal	8557
1782	38c6	38c60000	9.441375732421875e-05	0x1.8c00000000000p-14	99	1048576	normal	8469
1783	38c7	38c70000	9.489059448242188e-05	0x1.8e00000000000p-14	199	2097152	normal	8586
1784	38c8	38c80000	9.5367431640625e-05	0x1.9000000000000p-14	25	262144	normal	8464
1785	38c9	38c90000	9.584426879882812e-05	0x1.9200000000000p-14	201	2097152	normal	8467
1786	38ca	38ca0000	9.632110595703125e-05	0x1.9400000000000p-14	101	1048576	normal	8553
1787	38cb	38cb0000	9.679794311523438e-05	0x1.9600000000000p-14	203	2097152	normal	8563
1788	38cc	38cc0000	9.72747802734375e-05	0x1.9800000000000p-14	51	524288	normal	8450
1789	38cd	38cd0000	9.775161743164062e-05	0x1.9a00000000000p-14	205	2097152	normal	8421
1790	38ce	38ce0000	9.822845458984375e-05	0x1.9c00000000000p-14	103	1048576	normal	8588
1791	38cf	38cf0000	9.870529174804688e-05	0x1.9e00000000000p-14	207	2097152	normal	8535
1792	38d0	38d00000	9.918212890625e-05	0x1.a000000000000p-14	13	131072	normal	8480
1793	38d1	38d10000	9.965896606445312e-05	0x1.a200000000000p-14	209	2097152	normal	8515
1794	38d2	38d20000	0.00010013580322265625	0x1.a400000000000p-14	105	1048576	normal	8494
1795	38d3	38d30000	0.00010061264038085938	0x1.a600000000000p-14	211	2097152	normal	8382
1796	38d4	38d40000	0.0001010894775390625	0x1.a800000000000p-14	53	524288	normal	8466
1797	38d5	38d50000	0.00010156631469726562	0x1.aa00000000000p-14	213	2097152	normal	8552
1798	38d6	38d60000	0.00010204315185546875	0x1.ac00000000000p-14	107	1048576	normal	8710
1799	38d7	38d70000	0.00010251998901367188	0x1.ae00000000000p-14	215	2097152	normal	8504
1800	38d8	38d80000	0.000102996826171875	0x1.b000000000000p-14	27	262144	normal	8517
1801	38d9	38d90000	0.00010347366333007812	0x1.b200000000000p-14	217	2097152	normal	8478
1802	38da	38da0000	0.00010395050048828125	0x1.b400000000000p-14	109	1048576	normal	8579
1803	38db	38db0000	0.00010442733764648438	0x1.b600000000000p-14	219	2097152	normal	8441
1804	38dc	38dc0000	0.0001049041748046875	0x1.b800000000000p-14	55	524288	normal	8473
1805	38dd	38dd0000	0.00010538101196289062	0x1.ba00000000000p-14	221	2097152	normal	8432
1806	38de	38de0000	0.00010585784912109375	0x1.bc00000000000p-14	111	1048576	normal	8537
1807	38df	38df0000	0.00010633468627929688	0x1.be00000000000p-14	223	2097152	normal	8547
1808	38e0	38e00000	0.0001068115234375	0x1.c000000000000p-14	7	65536	normal	8665
1809	38e1	38e10000	0.00010728836059570312	0x1.c200000000000p-14	225	2097152	normal	8529
1810	38e2	38e20000	0.00010776519775390625	0x1.c400000000000p-14	113	1048576	normal	8657
1811	38e3	38e30000	0.00010824203491210938	0x1.c600000000000p-14	227	2097152	normal	8481
1812	38e4	38e40000	0.0001087188720703125	0x1.c800000000000p-14	57	524288	normal	8630
1813	38e5	38e50000	0.00010919570922851562	0x1.ca00000000000p-14	229	2097152	normal	8674
1814	38e6	38e60000	0.00010967254638671875	0x1.cc00000000000p-14	115	1048576	normal	8489
1815	38e7	38e70000	0.00011014938354492188	0x1.ce00000000000p-14	231	2097152	normal	8621
1816	38e8	38e80000	0.000110626220703125	0x1.d000000000000p-14	29	262144	normal	8616
1817	38e9	38e90000	0.00011110305786132812	0x1.d200000000000p-14	233	2097152	normal	8617
1818	38ea	38ea0000	0.00011157989501953125	0x1.d400000000000p-14	117	1048576	normal	8511
1819	38eb	38eb0000	0.00011205673217773438	0x1.d600000000000p-14	235	2097152	normal	8546
1820	38ec	38ec0000	0.0001125335693359375	0x1.d800000000000p-14	59	524288	normal	8510
1821	38ed	38ed0000	0.00011301040649414062	0x1.da00000000000p-14	237	2097152	normal	8468
1822	38ee	38ee0000	0.00011348724365234375	0x1.dc00000000000p-14	119	1048576	normal	8558
1823	38ef	38ef0000	0.00011396408081054688	0x1.de00000000000p-14	239	2097152	normal	8523
1824	38f0	38f00000	0.00011444091796875	0x1.e000000000000p-14	15	131072	normal	8647
1825	38f1	38f10000	0.00011491775512695312	0x1.e200000000000p-14	241	2097152	normal	8417
1826	38f2	38f20000	0.00011539459228515625	0x1.e400000000000p-14	121	1048576	normal	8597
1827	38f3	38f30000	0.00011587142944335938	0x1.e600000000000p-14	243	2097152	normal	8500
1828	38f4	38f40000	0.0001163482666015625	0x1.e800000000000p-14	61	524288	normal	8501
1829	38f5	38f50000	0.00011682510375976562	0x1.ea00000000000p-14	245	2097152	normal	8662
1830	38f6	38f60000	0.00011730194091796875	0x1.ec00000000000p-14	123	1048576	normal	8759
1831	38f7	38f70000	0.00011777877807617188	0x1.ee00000000000p-14	247	2097152	normal	8645
1832	38f8	38f80000	0.000118255615234375	0x1.f000000000000p-14	31	262144	normal	8591
1833	38f9	38f90000	0.00011873245239257812	0x1.f200000000000p-14	249	2097152	normal	8666
1834	38fa	38fa0000	0.00011920928955078125	0x1.f400000000000p-14	125	1048576	normal	8762
1835	38fb	38fb0000	0.00011968612670898438	0x1.f600000000000p-14	251	2097152	normal	8519
1836	38fc	38fc0000	0.0001201629638671875	0x1.f800000000000p-14	63	524288	normal	8456
1837	38fd	38fd0000	0.00012063980102539062	0x1.fa00000000000p-14	253	2097152	normal	8553
1838	38fe	38fe0000	0.00012111663818359375	0x1.fc00000000000p-14	127	1048576	normal	8569
1839	38ff	38ff0000	0.00012159347534179688	0x1.fe00000000000p-14	255	2097152	normal	8537
1840	3900	39000000	0.0001220703125	0x1.0000000000000p-13	1	8192	normal	12859
1841	3901	39010000	0.00012302398681640625	0x1.0200000000000p-13	129	1048576	normal	17129
1842	3902	39020000	0.0001239776611328125	0x1.0400000000000p-13	65	524288	normal	17189
1843	3903	39030000	0.00012493133544921875	0x1.0600000000000p-13	131	1048576	normal	16774
1844	3904	39040000	0.000125885009765625	0x1.0800000000000p-13	33	262144	normal	16755
1845	3905	39050000	0.00012683868408203125	0x1.0a00000000000p-13	133	1048576	normal	16906
1846	3906	39060000	0.0001277923583984375	0x1.0c00000000000p-13	67	524288	normal	17181
1847	3907	39070000	0.00012874603271484375	0x1.0e00000000000p-13	135	1048576	normal	17141
1848	3908	39080000	0.00012969970703125	0x1.1000000000000p-13	17	131072	normal	16912
1849	3909	39090000	0.00013065338134765625	0x1.1200000000000p-13	137	1048576	normal	17310
1850	390a	390a0000	0.0001316070556640625	0x1.1400000000000p-13	69	524288	normal	17044
1851	390b	390b0000	0.00013256072998046875	0x1.1600000000000p-13	139	1048576	normal	17198
1852	390c	390c0000	0.000133514404296875	0x1.1800000000000p-13	35	262144	normal	17102
1853	390d	390d0000	0.00013446807861328125	0x1.1a00000000000p-13	141	1048576	normal	17304
1854	390e	390e0000	0.0001354217529296875	0x1.1c00000000000p-13	71	524288	normal	17086
1855	390f	390f0000	0.00013637542724609375	0x1.1e00000000000p-13	143	1048576	normal	17136
1856	3910	39100000	0.0001373291015625	0x1.2000000000000p-13	9	65536	normal	17080
1857	3911	39110000	0.00013828277587890625	0x1.2200000000000p-13	145	1048576	normal	17014
1858	3912	39120000	0.0001392364501953125	0x1.2400000000000p-13	73	524288	normal	17005
1859	3913	39130000	0.00014019012451171875	0x1.2600000000000p-13	147	1048576	normal	16996
1860	3914	39140000	0.000141143798828125	0x1.2800000000000p-13	37	262144	normal	17048
1861	3915	39150000	0.00014209747314453125	0x1.2a00000000000p-13	149	1048576	normal	17055
1862	3916	39160000	0.0001430511474609375	0x1.2c00000000000p-13	75	524288	normal	17008
1863	3917	39170000	0.00014400482177734375	0x1.2e00000000000p-13	151	1048576	normal	17048
1864	3918	39180000	0.00014495849609375	0x1.3000000000000p-13	19	131072	normal	17132
1865	3919	39190000	0.00014591217041015625	0x1.3200000000000p-13	153	1048576	normal	16961
1866	391a	391a0000	0.0001468658447265625	0x1.3400000000000p-13	77	524288	normal	17015
1867	391b	391b0000	0.00014781951904296875	0x1.3600000000000p-13	155	1048576	normal	16971
1868	391c	391c0000	0.000148773193359375	0x1.3800000000000p-13	39	262144	normal	17132
1869	391d	391d0000	0.00014972686767578125	0x1.3a00000000000p-13	157	1048576	normal	17071
1870	391e	391e0000	0.0001506805419921875	0x1.3c00000000000p-13	79	524288	normal	16857
1871	391f	391f0000	0.00015163421630859375	0x1.3e00000000000p-13	159	1048576	normal	17208
1872	3920	39200000	0.000152587890625	0x1.4000000000000p-13	5	32768	normal	16923
1873	3921	39210000	0.00015354156494140625	0x1.4200000000000p-13	161	1048576	normal	17142
1874	3922	39220000	0.0001544952392578125	0x1.4400000000000p-13	81	524288	normal	17242
1875	3923	39230000	0.00015544891357421875	0x1.4600000000000p-13	163	1048576	normal	17064
1876	3924	39240000	0.000156402587890625	0x1.4800000000000p-13	41	262144	normal	16982
1877	3925	39250000	0.00015735626220703125	0x1.4a00000000000p-13	165	1048576	normal	17023
1878	3926	39260000	0.0001583099365234375	0x1.4c00000000000p-13	83	524288	normal	16826
1879	3927	39270000	0.00015926361083984375	0x1.4e00000000000p-13	167	1048576	normal	17077
1880	3928	39280000	0.00016021728515625	0x1.5000000000000p-13	21	131072	normal	17118
1881	3929	39290000	0.00016117095947265625	0x1.5200000000000p-13	169	1048576	normal	16961
1882	392a	392a0000	0.0001621246337890625	0x1.5400000000000p-13	85	524288	normal	17047
1883	392b	392b0000	0.00016307830810546875	0x1.5600000000000p-13	171	1048576	normal	17049
1884	392c	392c0000	0.000164031982421875	0x1.5800000000000p-13	43	262144	normal	16984
1885	392d	392d0000	0.00016498565673828125	0x1.5a00000000000p-13	173	1048576	normal	17033
1886	392e	392e0000	0.0001659393310546875	0x1.5c00000000000p-13	87	524288	normal	16942
1887	392f	392f0000	0.00016689300537109375	0x1.5e00000000000p-13	175	1048576	normal	17213
1888	3930	39300000	0.0001678466796875	0x1.6000000000000p-13	11	65536	normal	17014
1889	3931	39310000	0.00016880035400390625	0x1.6200000000000p-13	177	1048576	normal	17016
1890	3932	39320000	0.0001697540283203125	0x1.6400000000000p-13	89	524288	normal	17320
1891	3933	39330000	0.00017070770263671875	0x1.6600000000000p-13	179	1048576	normal	16767
1892	3934	39340000	0.000171661376953125	0x1.6800000000000p-13	45	262144	normal	17084
1893	3935	39350000	0.00017261505126953125	0x1.6a00000000000p-13	181	1048576	normal	17079
1894	3936	39360000	0.0001735687255859375	0x1.6c00000000000p-13	91	524288	normal	17095
1895	3937	39370000	0.00017452239990234375	0x1.6e00000000000p-13	183	1048576	normal	17069
1896	3938	39380000	0.00017547607421875	0x1.7000000000000p-13	23	131072	normal	17125
1897	3939	39390000	0.00017642974853515625	0x1.7200000000000p-13	185	1048576	normal	17082
1898	393a	393a0000	0.0001773834228515625	0x1.7400000000000p-13	93	524288	normal	17044
1899	393b	393b0000	0.00017833709716796875	0x1.7600000000000p-13	187	1048576	normal	17144
1900	393c	393c0000	0.000179290771484375	0x1.7800000000000p-13	47	262144	normal	16899
1901	393d	393d0000	0.00018024444580078125	0x1.7a00000000000p-13	189	1048576	normal	17059
1902	393e	393e0000	0.0001811981201171875	0x1.7c00000000000p-13	95	524288	normal	17163
1903	393f	393f0000	0.00018215179443359375	0x1.7e00000000000p-13	191	1048576	normal	17156
1904	3940	39400000	0.00018310546875	0x1.8000000000000p-13	3	16384	normal	17054
1905	3941	39410000	0.00018405914306640625	0x1.8200000000000p-13	193	1048576	normal	16964
1906	3942	39420000	0.0001850128173828125	0x1.8400000000000p-13	97	524288	normal	16930
1907	3943	39430000	0.00018596649169921875	0x1.8600000000000p-13	195	1048576	normal	17068
1908	3944	39440000	0.000186920166015625	0x1.8800000000000p-13	49	262144	normal	17159
1909	3945	39450000	0.00018787384033203125	0x1.8a00000000000p-13	197	1048576	normal	16939
1910	3946	39460000	0.0001888275146484375	0x1.8c00000000000p-13	99	524288	normal	16938
1911	3947	39470000	0.00018978118896484375	0x1.8e00000000000p-13	199	1048576	normal	17197
1912	3948	39480000	0.00019073486328125	0x1.9000000000000p-13	25	131072	normal	17094
1913	3949	39490000	0.00019168853759765625	0x1.9200000000000p-13	201	1048576	normal	17155
1914	394a	394a0000	0.0001926422119140625	0x1.9400000000000p-13	101	524288	normal	16969
1915	394b	394b0000	0.00019359588623046875	0x1.9600000000000p-13	203	1048576	normal	16882
1916	394c	394c0000	0.000194549560546875	0x1.9800000000000p-13	51	262144	normal	17003
1917	394d	394d0000	0.00019550323486328125	0x1.9a00000000000p-13	205	1048576	normal	17460
1918	394e	394e0000	0.0001964569091796875	0x1.9c00000000000p-13	103	524288	normal	17044
1919	394f	394f0000	0.00019741058349609375	0x1.9e00000000000p-13	207	1048576	normal	16893
1920	3950	39500000	0.0001983642578125	0x1.a000000000000p-13	13	65536	normal	17199
1921	3951	39510000	0.00019931793212890625	0x1.a200000000000p-13	209	1048576	normal	16837
1922	3952	39520000	0.0002002716064453125	0x1.a400000000000p-13	105	524288	normal	16972
1923	3953	39530000	0.00020122528076171875	0x1.a600000000000p-13	211	1048576	normal	17149
1924	3954	39540000	0.000202178955078125	0x1.a800000000000p-13	53	262144	normal	17205
1925	3955	39550000	0.00020313262939453125	0x1.aa00000000000p-13	213	1048576	normal	17133
1926	3956	39560000	0.0002040863037109375	0x1.ac00000000000p-13	107	524288	normal	16893
1927	3957	39570000	0.00020503997802734375	0x1.ae00000000000p-13	215	1048576	normal	17057
1928	3958	39580000	0.00020599365234375	0x1.b000000000000p-13	27	131072	normal	16936
1929	3959	39590000	0.00020694732666015625	0x1.b200000000000p-13	217	1048576	normal	17070
1930	395a	395a0000	0.0002079010009765625	0x1.b400000000000p-13	109	524288	normal	16964
1931	395b	395b0000	0.00020885467529296875	0x1.b600000000000p-13	219	1048576	normal	16814
1932	395c	395c0000	0.000209808349609375	0x1.b800000000000p-13	55	262144	normal	16914
1933	395d	395d0000	0.00021076202392578125	0x1.ba00000000000p-13	221	1048576	normal	17332
1934	395e	395e0000	0.0002117156982421875	0x1.bc00000000000p-13	111	524288	normal	17062
1935	395f	395f0000	0.00021266937255859375	0x1.be00000000000p-13	223	1048576	normal	17086
1936	3960	39600000	0.000213623046875	0x1.c000000000000p-13	7	32768	normal	17020
1937	3961	39610000	0.00021457672119140625	0x1.c200000000000p-13	225	1048576	normal	17109
1938	3962	39620000	0.0002155303955078125	0x1.c400000000000p-13	113	524288	normal	16996
1939	3963	39630000	0.00021648406982421875	0x1.c600000000000p-13	227	1048576	normal	17000
1940	3964	39640000	0.000217437744140625	0x1.c800000000000p-13	57	262144	normal	16922
1941	3965	39650000	0.00021839141845703125	0x1.ca00000000000p-13	229	1048576	normal	17039
1942	3966	39660000	0.0002193450927734375	0x1.cc00000000000p-13	115	524288	normal	17067
1943	3967	39670000	0.00022029876708984375	0x1.ce00000000000p-13	231	1048576	normal	17071
1944	3968	39680000	0.00022125244140625	0x1.d000000000000p-13	29	131072	normal	17057
1945	3969	39690000	0.00022220611572265625	0x1.d200000000000p-13	233	1048576	normal	16987
1946	396a	396a0000	0.0002231597900390625	0x1.d400000000000p-13	117	524288	normal	17110
1947	396b	396b0000	0.00022411346435546875	0x1.d600000000000p-13	235	1048576	normal	17096
1948	396c	396c0000	0.000225067138671875	0x1.d800000000000p-13	59	262144	normal	17256
1949	396d	396d0000	0.00022602081298828125	0x1.da00000000000p-13	237	1048576	normal	16858
1950	396e	396e0000	0.0002269744873046875	0x1.dc00000000000p-13	119	524288	normal	17352
1951	396f	396f0000	0.00022792816162109375	0x1.de00000000000p-13	239	1048576	normal	17102
1952	3970	39700000	0.0002288818359375	0x1.e000000000000p-13	15	65536	normal	17124
1953	3971	39710000	0.00022983551025390625	0x1.e200000000000p-13	241	1048576	normal	17084
1954	3972	39720000	0.0002307891845703125	0x1.e400000000000p-13	121	524288	normal	16999
1955	3973	39730000	0.00023174285888671875	0x1.e600000000000p-13	243	1048576	normal	17135
1956	3974	39740000	0.000232696533203125	0x1.e800000000000p-13	61	262144	normal	17032
1957	3975	39750000	0.00023365020751953125	0x1.ea00000000000p-13	245	1048576	normal	17218
1958	3976	39760000	0.0002346038818359375	0x1.ec00000000000p-13	123	524288	normal	16984
1959	3977	39770000	0.00023555755615234375	0x1.ee00000000000p-13	247	1048576	normal	17312
1960	3978	39780000	0.00023651123046875	0x1.f000000000000p-13	31	131072	normal	17007
1961	3979	39790000	0.00023746490478515625	0x1.f200000000000p-13	249	1048576	normal	17169
1962	397a	397a0000	0.0002384185791015625	0x1.f400000000000p-13	125	524288	normal	16892
1963	397b	397b0000	0.00023937225341796875	0x1.f600000000000p-13	251	1048576	normal	17034
1964	397c	397c0000	0.000240325927734375	0x1.f800000000000p-13	63	262144	normal	16983
1965	397d	397d0000	0.00024127960205078125	0x1.fa00000000000p-13	253	1048576	normal	17006
1966	397e	397e0000	0.0002422332763671875	0x1.fc00000000000p-13	127	524288	normal	17022
1967	397f	397f0000	0.00024318695068359375	0x1.fe00000000000p-13	255	1048576	normal	17188
1968	3980	39800000	0.000244140625	0x1.0000000000000p-12	1	4096	normal	25852
1969	3981	39810000	0.0002460479736328125	0x1.0200000000000p-12	129	524288	normal	33909
1970	3982	39820000	0.000247955322265625	0x1.0400000000000p-12	65	262144	normal	34209
1971	3983	39830000	0.0002498626708984375	0x1.0600000000000p-12	131	524288	normal	34219
1972	3984	39840000	0.00025177001953125	0x1.0800000000000p-12	33	131072	normal	34380
1973	3985	39850000	0.0002536773681640625	0x1.0a00000000000p-12	133	524288	normal	34116
1974	3986	39860000	0.000255584716796875	0x1.0c00000000000p-12	67	262144	normal	33989
1975	3987	39870000	0.0002574920654296875	0x1.0e00000000000p-12	135	524288	normal	34157
1976	3988	39880000	0.0002593994140625	0x1.1000000000000p-12	17	65536	normal	34161
1977	3989	39890000	0.0002613067626953125	0x1.1200000000000p-12	137	524288	normal	33839
1978	398a	398a0000	0.000263214111328125	0x1.1400000000000p-12	69	262144	normal	34127
1979	398b	398b0000	0.0002651214599609375	0x1.1600000000000p-12	139	524288	normal	34065
1980	398c	398c0000	0.00026702880859375	0x1.1800000000000p-12	35	131072	normal	34245
1981	398d	398d0000	0.0002689361572265625	0x1.1a00000000000p-12	141	524288	normal	34284
1982	398e	398e0000	0.000270843505859375	0x1.1c00000000000p-12	71	262144	normal	33856
1983	398f	398f0000	0.0002727508544921875	0x1.1e00000000000p-12	143	524288	normal	33805
1984	3990	39900000	0.000274658203125	0x1.2000000000000p-12	9	32768	normal	34212
1985	3991	39910000	0.0002765655517578125	0x1.2200000000000p-12	145	524288	normal	34079
1986	3992	39920000	0.000278472900390625	0x1.2400000000000p-12	73	262144	normal	33969
1987	3993	39930000	0.0002803802490234375	0x1.2600000000000p-12	147	524288	normal	34230
1988	3994	39940000	0.00028228759765625	0x1.2800000000000p-12	37	131072	normal	34411
1989	3995	39950000	0.0002841949462890625	0x1.2a00000000000p-12	149	524288	normal	34188
1990	3996	39960000	0.000286102294921875	0x1.2c00000000000p-12	75	262144	normal	34212
1991	3997	39970000	0.0002880096435546875	0x1.2e00000000000p-12	151	524288	normal	34187
1992	3998	39980000	0.0002899169921875	0x1.3000000000000p-12	19	65536	normal	34234
1993	3999	39990000	0.0002918243408203125	0x1.3200000000000p-12	153	524288	normal	33950
1994	399a	399a0000	0.000293731689453125	0x1.3400000000000p-12	77	262144	normal	34123
1995	399b	399b0000	0.0002956390380859375	0x1.3600000000000p-12	155	524288	normal	34082
1996	399c	399c0000	0.00029754638671875	0x1.3800000000000p-12	39	131072	normal	34375
1997	399d	399d0000	0.0002994537353515625	0x1.3a00000000000p-12	157	524288	normal	34358
1998	399e	399e0000	0.000301361083984375	0x1.3c00000000000p-12	79	262144	normal	34180
1999	399f	399f0000	0.0003032684326171875	0x1.3e00000000000p-12	159	524288	normal	34261
2000	39a0	39a00000	0.00030517578125	0x1.4000000000000p-12	5	16384	normal	33656
2001	39a1	39a10000	0.0003070831298828125	0x1.4200000000000p-12	161	524288	normal	34303
2002	39a2	39a20000	0.000308990478515625	0x1.4400000000000p-12	81	262144	normal	34204
2003	39a3	39a30000	0.0003108978271484375	0x1.4600000000000p-12	163	524288	normal	34290
2004	39a4	39a40000	0.00031280517578125	0x1.4800000000000p-12	41	131072	normal	34027
2005	39a5	39a50000	0.0003147125244140625	0x1.4a00000000000p-12	165	524288	normal	34384
2006	39a6	39a60000	0.000316619873046875	0x1.4c00000000000p-12	83	262144	normal	34360
2007	39a7	39a70000	0.0003185272216796875	0x1.4e00000000000p-12	167	524288	normal	34013
2008	39a8	39a80000	0.0003204345703125	0x1.5000000000000p-12	21	65536	normal	34159
2009	39a9	39a90000	0.0003223419189453125	0x1.5200000000000p-12	169	524288	normal	34282
2010	39aa	39aa0000	0.000324249267578125	0x1.5400000000000p-12	85	262144	normal	34198
2011	39ab	39ab0000	0.0003261566162109375	0x1.5600000000000p-12	171	524288	normal	33975
2012	39ac	39ac0000	0.00032806396484375	0x1.5800000000000p-12	43	131072	normal	33964
2013	39ad	39ad0000	0.0003299713134765625	0x1.5a00000000000p-12	173	524288	normal	34117
2014	39ae	39ae0000	0.000331878662109375	0x1.5c00000000000p-12	87	262144	normal	34384
2015	39af	39af0000	0.0003337860107421875	0x1.5e00000000000p-12	175	524288	normal	34290
2016	39b0	39b00000	0.000335693359375	0x1.6000000000000p-12	11	32768	normal	34086
2017	39b1	39b10000	0.0003376007080078125	0x1.6200000000000p-12	177	524288	normal	34336
2018	39b2	39b20000	0.000339508056640625	0x1.6400000000000p-12	89	262144	normal	34298
2019	39b3	39b30000	0.0003414154052734375	0x1.6600000000000p-12	179	524288	normal	33885
2020	39b4	39b40000	0.00034332275390625	0x1.6800000000000p-12	45	131072	normal	34156
2021	39b5	39b50000	0.0003452301025390625	0x1.6a00000000000p-12	181	524288	normal	33962
2022	39b6	39b60000	0.000347137451171875	0x1.6c00000000000p-12	91	262144	normal	34202
2023	39b7	39b70000	0.0003490447998046875	0x1.6e00000000000p-12	183	524288	normal	34443
2024	39b8	39b80000	0.0003509521484375	0x1.7000000000000p-12	23	65536	normal	34350
2025	39b9	39b90000	0.0003528594970703125	0x1.7200000000000p-12	185	524288	normal	34147
2026	39ba	39ba0000	0.000354766845703125	0x1.7400000000000p-12	93	262144	normal	34139
2027	39bb	39bb0000	0.0003566741943359375	0x1.7600000000000p-12	187	524288	normal	34184
2028	39bc	39bc0000	0.00035858154296875	0x1.7800000000000p-12	47	131072	normal	34136
2029	39bd	39bd0000	0.0003604888916015625	0x1.7a00000000000p-12	189	524288	normal	34408
2030	39be	39be0000	0.000362396240234375	0x1.7c00000000000p-12	95	262144	normal	34118
2031	39bf	39bf0000	0.0003643035888671875	0x1.7e00000000000p-12	191	524288	normal	34348
2032	39c0	39c00000	0.0003662109375	0x1.8000000000000p-12	3	8192	normal	33993
2033	39c1	39c10000	0.0003681182861328125	0x1.8200000000000p-12	193	524288	normal	34070
2034	39c2	39c20000	0.000370025634765625	0x1.8400000000000p-12	97	262144	normal	34378
2035	39c3	39c30000	0.0003719329833984375	0x1.8600000000000p-12	195	524288	normal	34194
2036	39c4	39c40000	0.00037384033203125	0x1.8800000000000p-12	49	131072	normal	34359
2037	39c5	39c50000	0.0003757476806640625	0x1.8a00000000000p-12	197	524288	normal	34140
2038	39c6	39c60000	0.000377655029296875	0x1.8c00000000000p-12	99	262144	normal	34311
2039	39c7	39c70000	0.0003795623779296875	0x1.8e00000000000p-12	199	524288	normal	34587
2040	39c8	39c80000	0.0003814697265625	0x1.9000000000000p-12	25	65536	normal	34528
2041	39c9	39c90000	0.0003833770751953125	0x1.9200000000000p-12	201	524288	normal	34022
2042	39ca	39ca0000	0.000385284423828125	0x1.9400000000000p-12	101	262144	normal	34310
2043	39cb	39cb0000	0.0003871917724609375	0x1.9600000000000p-12	203	524288	normal	34216
2044	39cc	39cc0000	0.00038909912109375	0x1.9800000000000p-12	51	131072	normal	34174
2045	39cd	39cd0000	0.0003910064697265625	0x1.9a00000000000p-12	205	524288	normal	34297
2046	39ce	39ce0000	0.000392913818359375	0x1.9c00000000000p-12	103	262144	normal	34003
2047	39cf	39cf0000	0.0003948211669921875	0x1.9e00000000000p-12	207	524288	normal	34201
2048	39d0	39d00000	0.000396728515625	0x1.a000000000000p-12	13	32768	normal	34180
2049	39d1	39d10000	0.0003986358642578125	0x1.a200000000000p-12	209	524288	normal	34158
2050	39d2	39d20000	0.000400543212890625	0x1.a400000000000p-12	105	262144	normal	34143
2051	39d3	39d30000	0.0004024505615234375	0x1.a600000000000p-12	211	524288	normal	34254
2052	39d4	39d40000	0.00040435791015625	0x1.a800000000000p-12	53	131072	normal	33962
2053	39d5	39d50000	0.0004062652587890625	0x1.aa00000000000p-12	213	524288	normal	34204
2054	39d6	39d60000	0.000408172607421875	0x1.ac00000000000p-12	107	262144	normal	34331
2055	39d7	39d70000	0.0004100799560546875	0x1.ae00000000000p-12	215	524288	normal	34418
2056	39d8	39d80000	0.0004119873046875	0x1.b000000000000p-12	27	65536	normal	33997
2057	39d9	39d90000	0.0004138946533203125	0x1.b200000000000p-12	217	524288	normal	34317
2058	39da	39da0000	0.000415802001953125	0x1.b400000000000p-12	109	262144	normal	33979
2059	39db	39db0000	0.0004177093505859375	0x1.b600000000000p-12	219	524288	normal	34397
2060	39dc	39dc0000	0.00041961669921875	0x1.b800000000000p-12	55	131072	normal	33908
2061	39dd	39dd0000	0.0004215240478515625	0x1.ba00000000000p-12	221	524288	normal	33797
2062	39de	39de0000	0.000423431396484375	0x1.bc00000000000p-12	111	262144	normal	34085
2063	39df	39df0000	0.0004253387451171875	0x1.be00000000000p-12	223	524288	normal	34005
2064	39e0	39e00000	0.00042724609375	0x1.c000000000000p-12	7	16384	normal	33999
2065	39e1	39e10000	0.0004291534423828125	0x1.c200000000000p-12	225	524288	normal	33983
2066	39e2	39e20000	0.000431060791015625	0x1.c400000000000p-12	113	262144	normal	33944
2067	39e3	39e30000	0.0004329681396484375	0x1.c600000000000p-12	227	524288	normal	33741
2068	39e4	39e40000	0.00043487548828125	0x1.c800000000000p-12	57	131072	normal	34262
2069	39e5	39e50000	0.0004367828369140625	0x1.ca00000000000p-12	229	524288	normal	33939
2070	39e6	39e60000	0.000438690185546875	0x1.cc00000000000p-12	115	262144	normal	33823
2071	39e7	39e70000	0.0004405975341796875	0x1.ce00000000000p-12	231	524288	normal	34294
2072	39e8	39e80000	0.0004425048828125	0x1.d000000000000p-12	29	65536	normal	33961
2073	39e9	39e90000	0.0004444122314453125	0x1.d200000000000p-12	233	524288	normal	34142
2074	39ea	39ea0000	0.000446319580078125	0x1.d400000000000p-12	117	262144	normal	33976
2075	39eb	39eb0000	0.0004482269287109375	0x1.d600000000000p-12	235	524288	normal	34249
2076	39ec	39ec0000	0.00045013427734375	0x1.d800000000000p-12	59	131072	normal	34078
2077	39ed	39ed0000	0.0004520416259765625	0x1.da00000000000p-12	237	524288	normal	34158
2078	39ee	39ee0000	0.000453948974609375	0x1.dc00000000000p-12	119	262144	normal	34098
2079	39ef	39ef0000	0.0004558563232421875	0x1.de00000000000p-12	239	524288	normal	34125
2080	39f0	39f00000	0.000457763671875	0x1.e000000000000p-12	15	32768	normal	34106
2081	39f1	39f10000	0.0004596710205078125	0x1.e200000000000p-12	241	524288	normal	34342
2082	39f2	39f20000	0.000461578369140625	0x1.e400000000000p-12	121	262144	normal	34156
2083	39f3	39f30000	0.0004634857177734375	0x1.e600000000000p-12	243	524288	normal	33883
2084	39f4	39f40000	0.00046539306640625	0x1.e800000000000p-12	61	131072	normal	33953
2085	39f5	39f50000	0.0004673004150390625	0x1.ea00000000000p-12	245	524288	normal	34134
2086	39f6	39f60000	0.000469207763671875	0x1.ec00000000000p-12	123	262144	normal	34117
2087	39f7	39f70000	0.0004711151123046875	0x1.ee00000000000p-12	247	524288	normal	34296
2088	39f8	39f80000	0.0004730224609375	0x1.f000000000000p-12	31	65536	normal	34039
2089	39f9	39f90000	0.0004749298095703125	0x1.f200000000000p-12	249	524288	normal	33907
2090	39fa	39fa0000	0.000476837158203125	0x1.f400000000000p-12	125	262144	normal	34027
2091	39fb	39fb0000	0.0004787445068359375	0x1.f600000000000p-12	251	524288	normal	34098
2092	39fc	39fc0000	0.00048065185546875	0x1.f800000000000p-12	63	131072	normal	34364
2093	39fd	39fd0000	0.0004825592041015625	0x1.fa00000000000p-12	253	524288	normal	34452
2094	39fe	39fe0000	0.000484466552734375	0x1.fc00000000000p-12	127	262144	normal	33985
2095	39ff	39ff0000	0.0004863739013671875	0x1.fe00000000000p-12	255	524288	normal	34190
2096	3a00	3a000000	0.00048828125	0x1.0000000000000p-11	1	2048	normal	51408
2097	3a01	3a010000	0.000492095947265625	0x1.0200000000000p-11	129	262144	normal	68400
2098	3a02	3a020000	0.00049591064453125	0x1.0400000000000p-11	65	131072	normal	68245
2099	3a03	3a030000	0.000499725341796875	0x1.0600000000000p-11	131	262144	normal	68625
2100	3a04	3a040000	0.0005035400390625	0x1.0800000000000p-11	33	65536	normal	67761
2101	3a05	3a050000	0.000507354736328125	0x1.0a00000000000p-11	133	262144	normal	68267
2102	3a06	3a060000	0.00051116943359375	0x1.0c00000000000p-11	67	131072	normal	68285
2103	3a07	3a070000	0.000514984130859375	0x1.0e00000000000p-11	135	262144	normal	68548
2104	3a08	3a080000	0.000518798828125	0x1.1000000000000p-11	17	32768	normal	68284
2105	3a09	3a090000	0.000522613525390625	0x1.1200000000000p-11	137	262144	normal	68205
2106	3a0a	3a0a0000	0.00052642822265625	0x1.1400000000000p-11	69	131072	normal	68239
2107	3a0b	3a0b0000	0.000530242919921875	0x1.1600000000000p-11	139	262144	normal	67997
2108	3a0c	3a0c0000	0.0005340576171875	0x1.1800000000000p-11	35	65536	normal	68105
2109	3a0d	3a0d0000	0.000537872314453125	0x1.1a00000000000p-11	141	262144	normal	67950
2110	3a0e	3a0e0000	0.00054168701171875	0x1.1c00000000000p-11	71	131072	normal	68449
2111	3a0f	3a0f0000	0.000545501708984375	0x1.1e00000000000p-11	143	262144	normal	68119
2112	3a10	3a100000	0.00054931640625	0x1.2000000000000p-11	9	16384	normal	68047
2113	3a11	3a110000	0.000553131103515625	0x1.2200000000000p-11	145	262144	normal	68775
2114	3a12	3a120000	0.00055694580078125	0x1.2400000000000p-11	73	131072	normal	68719
2115	3a13	3a130000	0.000560760498046875	0x1.2600000000000p-11	147	262144	normal	68190
2116	3a14	3a140000	0.0005645751953125	0x1.2800000000000p-11	37	65536	normal	68293
2117	3a15	3a150000	0.000568389892578125	0x1.2a00000000000p-11	149	262144	normal	68377
2118	3a16	3a160000	0.00057220458984375	0x1.2c00000000000p-11	75	131072	normal	68177
2119	3a17	3a170000	0.000576019287109375	0x1.2e00000000000p-11	151	262144	normal	68094
2120	3a18	3a180000	0.000579833984375	0x1.3000000000000p-11	19	32768	normal	68643
2121	3a19	3a190000	0.000583648681640625	0x1.3200000000000p-11	153	262144	normal	68303
2122	3a1a	3a1a0000	0.00058746337890625	0x1.3400000000000p-11	77	131072	normal	68046
2123	3a1b	3a1b0000	0.000591278076171875	0x1.3600000000000p-11	155	262144	normal	68075
2124	3a1c	3a1c0000	0.0005950927734375	0x1.3800000000000p-11	39	65536	normal	68302
2125	3a1d	3a1d0000	0.000598907470703125	0x1.3a00000000000p-11	157	262144	normal	67870
2126	3a1e	3a1e0000	0.00060272216796875	0x1.3c00000000000p-11	79	131072	normal	68025
2127	3a1f	3a1f0000	0.000606536865234375	0x1.3e00000000000p-11	159	262144	normal	67983
2128	3a20	3a200000	0.0006103515625	0x1.4000000000000p-11	5	8192	normal	67776
2129	3a21	3a210000	0.000614166259765625	0x1.4200000000000p-11	161	262144	normal	68210
2130	3a22	3a220000	0.00061798095703125	0x1.4400000000000p-11	81	131072	normal	68461
2131	3a23	3a230000	0.000621795654296875	0x1.4600000000000p-11	163	262144	normal	68176
2132	3a24	3a240000	0.0006256103515625	0x1.4800000000000p-11	41	65536	normal	68432
2133	3a25	3a250000	0.000629425048828125	0x1.4a00000000000p-11	165	262144	normal	68554
2134	3a26	3a260000	0.00063323974609375	0x1.4c00000000000p-11	83	131072	normal	68202
2135	3a27	3a270000	0.000637054443359375	0x1.4e00000000000p-11	167	262144	normal	68221
2136	3a28	3a280000	0.000640869140625	0x1.5000000000000p-11	21	32768	normal	68331
2137	3a29	3a290000	0.000644683837890625	0x1.5200000000000p-11	169	262144	normal	67905
2138	3a2a	3a2a0000	0.00064849853515625	0x1.5400000000000p-11	85	131072	normal	68455
2139	3a2b	3a2b0000	0.000652313232421875	0x1.5600000000000p-11	171	262144	normal	68721
2140	3a2c	3a2c0000	0.0006561279296875	0x1.5800000000000p-11	43	65536	normal	68393
2141	3a2d	3a2d0000	0.000659942626953125	0x1.5a00000000000p-11	173	262144	normal	68414
2142	3a2e	3a2e0000	0.00066375732421875	0x1.5c00000000000p-11	87	131072	normal	68375
2143	3a2f	3a2f0000	0.000667572021484375	0x1.5e00000000000p-11	175	262144	normal	68091
2144	3a30	3a300000	0.00067138671875	0x1.6000000000000p-11	11	16384	normal	68703
2145	3a31	3a310000	0.000675201416015625	0x1.6200000000000p-11	177	262144	normal	67918
2146	3a32	3a320000	0.00067901611328125	0x1.6400000000000p-11	89	131072	normal	68335
2147	3a33	3a330000	0.000682830810546875	0x1.6600000000000p-11	179	262144	normal	68178
2148	3a34	3a340000	0.0006866455078125	0x1.6800000000000p-11	45	65536	normal	68552
2149	3a35	3a350000	0.000690460205078125	0x1.6a00000000000p-11	181	262144	normal	67616
2150	3a36	3a360000	0.00069427490234375	0x1.6c00000000000p-11	91	131072	normal	68386
2151	3a37	3a370000	0.000698089599609375	0x1.6e00000000000p-11	183	262144	normal	68290
2152	3a38	3a380000	0.000701904296875	0x1.7000000000000p-11	23	32768	normal	67924
2153	3a39	3a390000	0.000705718994140625	0x1.7200000000000p-11	185	262144	normal	68698
2154	3a3a	3a3a0000	0.00070953369140625	0x1.7400000000000p-11	93	131072	normal	68139
2155	3a3b	3a3b0000	0.000713348388671875	0x1.7600000000000p-11	187	262144	normal	68527
2156	3a3c	3a3c0000	0.0007171630859375	0x1.7800000000000p-11	47	65536	normal	68352
2157	3a3d	3a3d0000	0.000720977783203125	0x1.7a00000000000p-11	189	262144	normal	68542
2158	3a3e	3a3e0000	0.00072479248046875	0x1.7c00000000000p-11	95	131072	normal	67973
2159	3a3f	3a3f0000	0.000728607177734375	0x1.7e00000000000p-11	191	262144	normal	68161
2160	3a40	3a400000	0.000732421875	0x1.8000000000000p-11	3	4096	normal	68513
2161	3a41	3a410000	0.000736236572265625	0x1.8200000000000p-11	193	262144	normal	68271
2162	3a42	3a420000	0.00074005126953125	0x1.8400000000000p-11	97	131072	normal	67986
2163	3a43	3a430000	0.000743865966796875	0x1.8600000000000p-11	195	262144	normal	68139
2164	3a44	3a440000	0.0007476806640625	0x1.8800000000000p-11	49	65536	normal	68204
2165	3a45	3a450000	0.000751495361328125	0x1.8a00000000000p-11	197	262144	normal	67932
2166	3a46	3a460000	0.00075531005859375	0x1.8c00000000000p-11	99	131072	normal	68147
2167	3a47	3a470000	0.000759124755859375	0x1.8e00000000000p-11	199	262144	normal	68057
2168	3a48	3a480000	0.000762939453125	0x1.9000000000000p-11	25	32768	normal	68123
2169	3a49	3a490000	0.000766754150390625	0x1.9200000000000p-11	201	262144	normal	68204
2170	3a4a	3a4a0000	0.00077056884765625	0x1.9400000000000p-11	101	131072	normal	67986
2171	3a4b	3a4b0000	0.000774383544921875	0x1.9600000000000p-11	203	262144	normal	67825
2172	3a4c	3a4c0000	0.0007781982421875	0x1.9800000000000p-11	51	65536	normal	68219
2173	3a4d	3a4d0000	0.000782012939453125	0x1.9a00000000000p-11	205	262144	normal	68383
2174	3a4e	3a4e0000	0.00078582763671875	0x1.9c00000000000p-11	103	131072	normal	68367
2175	3a4f	3a4f0000	0.000789642333984375	0x1.9e00000000000p-11	207	262144	normal	67982
2176	3a50	3a500000	0.00079345703125	0x1.a000000000000p-11	13	16384	normal	68272
2177	3a51	3a510000	0.000797271728515625	0x1.a200000000000p-11	209	262144	normal	68422
2178	3a52	3a520000	0.00080108642578125	0x1.a400000000000p-11	105	131072	normal	68687
2179	3a53	3a530000	0.000804901123046875	0x1.a600000000000p-11	211	262144	normal	68193
2180	3a54	3a540000	0.0008087158203125	0x1.a800000000000p-11	53	65536	normal	68092
2181	3a55	3a550000	0.000812530517578125	0x1.aa00000000000p-11	213	262144	normal	68052
2182	3a56	3a560000	0.00081634521484375	0x1.ac00000000000p-11	107	131072	normal	68642
2183	3a57	3a570000	0.000820159912109375	0x1.ae00000000000p-11	215	262144	normal	68045
2184	3a58	3a580000	0.000823974609375	0x1.b000000000000p-11	27	32768	normal	68376
2185	3a59	3a590000	0.000827789306640625	0x1.b200000000000p-11	217	262144	normal	68019
2186	3a5a	3a5a0000	0.00083160400390625	0x1.b400000000000p-11	109	131072	normal	67682
2187	3a5b	3a5b0000	0.000835418701171875	0x1.b600000000000p-11	219	262144	normal	67925
2188	3a5c	3a5c0000	0.0008392333984375	0x1.b800000000000p-11	55	65536	normal	67888
2189	3a5d	3a5d0000	0.000843048095703125	0x1.ba00000000000p-11	221	262144	normal	68452
2190	3a5e	3a5e0000	0.00084686279296875	0x1.bc00000000000p-11	111	131072	normal	68581
2191	3a5f	3a5f0000	0.000850677490234375	0x1.be00000000000p-11	223	262144	normal	67950
2192	3a60	3a600000	0.0008544921875	0x1.c000000000000p-11	7	8192	normal	68109
2193	3a61	3a610000	0.000858306884765625	0x1.c200000000000p-11	225	262144	normal	68393
2194	3a62	3a620000	0.00086212158203125	0x1.c400000000000p-11	113	131072	normal	68379
2195	3a63	3a630000	0.000865936279296875	0x1.c600000000000p-11	227	262144	normal	67918
2196	3a64	3a640000	0.0008697509765625	0x1.c800000000000p-11	57	65536	normal	68311
2197	3a65	3a650000	0.000873565673828125	0x1.ca00000000000p-11	229	262144	normal	68350
2198	3a66	3a660000	0.00087738037109375	0x1.cc00000000000p-11	115	131072	normal	67855
2199	3a67	3a670000	0.000881195068359375	0x1.ce00000000000p-11	231	262144	normal	68402
2200	3a68	3a680000	0.000885009765625	0x1.d000000000000p-11	29	32768	normal	68629
2201	3a69	3a690000	0.000888824462890625	0x1.d200000000000p-11	233	262144	normal	68222
2202	3a6a	3a6a0000	0.00089263916015625	0x1.d400000000000p-11	117	131072	normal	68215
2203	3a6b	3a6b0000	0.000896453857421875	0x1.d600000000000p-11	235	262144	normal	67940
2204	3a6c	3a6c0000	0.0009002685546875	0x1.d800000000000p-11	59	65536	normal	68219
2205	3a6d	3a6d0000	0.000904083251953125	0x1.da00000000000p-11	237	262144	normal	68495
2206	3a6e	3a6e0000	0.00090789794921875	0x1.dc00000000000p-11	119	131072	normal	67919
2207	3a6f	3a6f0000	0.000911712646484375	0x1.de00000000000p-11	239	262144	normal	68466
2208	3a70	3a700000	0.00091552734375	0x1.e000000000000p-11	15	16384	normal	68152
2209	3a71	3a710000	0.000919342041015625	0x1.e200000000000p-11	241	262144	normal	67692
2210	3a72	3a720000	0.00092315673828125	0x1.e400000000000p-11	121	131072	normal	68379
2211	3a73	3a730000	0.000926971435546875	0x1.e600000000000p-11	243	262144	normal	68340
2212	3a74	3a740000	0.0009307861328125	0x1.e800000000000p-11	61	65536	normal	68460
2213	3a75	3a750000	0.000934600830078125	0x1.ea00000000000p-11	245	262144	normal	68511
2214	3a76	3a760000	0.00093841552734375	0x1.ec00000000000p-11	123	131072	normal	67909
2215	3a77	3a770000	0.000942230224609375	0x1.ee00000000000p-11	247	262144	normal	68077
2216	3a78	3a780000	0.000946044921875	0x1.f000000000000p-11	31	32768	normal	68330
2217	3a79	3a790000	0.000949859619140625	0x1.f200000000000p-11	249	262144	normal	68762
2218	3a7a	3a7a0000	0.00095367431640625	0x1.f400000000000p-11	125	131072	normal	68477
2219	3a7b	3a7b0000	0.000957489013671875	0x1.f600000000000p-11	251	262144	normal	68663
2220	3a7c	3a7c0000	0.0009613037109375	0x1.f800000000000p-11	63	65536	normal	67814
2221	3a7d	3a7d0000	0.000965118408203125	0x1.fa00000000000p-11	253	262144	normal	68543
2222	3a7e	3a7e0000	0.00096893310546875	0x1.fc00000000000p-11	127	131072	normal	68067
2223	3a7f	3a7f0000	0.000972747802734375	0x1.fe00000000000p-11	255	262144	normal	68601
2224	3a80	3a800000	0.0009765625	0x1.0000000000000p-10	1	1024	normal	102094
2225	3a81	3a810000	0.00098419189453125	0x1.0200000000000p-10	129	131072	normal	136033
2226	3a82	3a820000	0.0009918212890625	0x1.0400000000000p-10	65	65536	normal	136290
2227	3a83	3a830000	0.00099945068359375	0x1.0600000000000p-10	131	131072	normal	135835
2228	3a84	3a840000	0.001007080078125	0x1.0800000000000p-10	33	32768	normal	136722
2229	3a85	3a850000	0.00101470947265625	0x1.0a00000000000p-10	133	131072	normal	136254
2230	3a86	3a860000	0.0010223388671875	0x1.0c00000000000p-10	67	65536	normal	136466
2231	3a87	3a870000	0.00102996826171875	0x1.0e00000000000p-10	135	131072	normal	136158
2232	3a88	3a880000	0.00103759765625	0x1.1000000000000p-10	17	16384	normal	135856
2233	3a89	3a890000	0.00104522705078125	0x1.1200000000000p-10	137	131072	normal	137130
2234	3a8a	3a8a0000	0.0010528564453125	0x1.1400000000000p-10	69	65536	normal	137088
2235	3a8b	3a8b0000	0.00106048583984375	0x1.1600000000000p-10	139	131072	normal	136337
2236	3a8c	3a8c0000	0.001068115234375	0x1.1800000000000p-10	35	32768	normal	136731
2237	3a8d	3a8d0000	0.00107574462890625	0x1.1a00000000000p-10	141	131072	normal	136301
2238	3a8e	3a8e0000	0.0010833740234375	0x1.1c00000000000p-10	71	65536	normal	136964
2239	3a8f	3a8f0000	0.00109100341796875	0x1.1e00000000000p-10	143	131072	normal	136494
2240	3a90	3a900000	0.0010986328125	0x1.2000000000000p-10	9	8192	normal	136420
2241	3a91	3a910000	0.00110626220703125	0x1.2200000000000p-10	145	131072	normal	136277
2242	3a92	3a920000	0.0011138916015625	0x1.2400000000000p-10	73	65536	normal	135888
2243	3a93	3a930000	0.00112152099609375	0x1.2600000000000p-10	147	131072	normal	136504
2244	3a94	3a940000	0.001129150390625	0x1.2800000000000p-10	37	32768	normal	136333
2245	3a95	3a950000	0.00113677978515625	0x1.2a00000000000p-10	149	131072	normal	136162
2246	3a96	3a960000	0.0011444091796875	0x1.2c00000000000p-10	75	65536	normal	136310
2247	3a97	3a970000	0.00115203857421875	0x1.2e00000000000p-10	151	131072	normal	136196
2248	3a98	3a980000	0.00115966796875	0x1.3000000000000p-10	19	16384	normal	136889
2249	3a99	3a990000	0.00116729736328125	0x1.3200000000000p-10	153	131072	normal	135975
2250	3a9a	3a9a0000	0.0011749267578125	0x1.3400000000000p-10	77	65536	normal	136780
2251	3a9b	3a9b0000	0.00118255615234375	0x1.3600000000000p-10	155	131072	normal	136357
2252	3a9c	3a9c0000	0.001190185546875	0x1.3800000000000p-10	39	32768	normal	136320
2253	3a9d	3a9d0000	0.00119781494140625	0x1.3a00000000000p-10	157	131072	normal	137006
2254	3a9e	3a9e0000	0.0012054443359375	0x1.3c00000000000p-10	79	65536	normal	135750
2255	3a9f	3a9f0000	0.00121307373046875	0x1.3e00000000000p-10	159	131072	normal	136674
2256	3aa0	3aa00000	0.001220703125	0x1.4000000000000p-10	5	4096	normal	136562
2257	3aa1	3aa10000	0.00122833251953125	0x1.4200000000000p-10	161	131072	normal	136396
2258	3aa2	3aa20000	0.0012359619140625	0x1.4400000000000p-10	81	65536	normal	136275
2259	3aa3	3aa30000	0.00124359130859375	0x1.4600000000000p-10	163	131072	normal	135925
2260	3aa4	3aa40000	0.001251220703125	0x1.4800000000000p-10	41	32768	normal	137393
2261	3aa5	3aa50000	0.00125885009765625	0x1.4a00000000000p-10	165	131072	normal	136478
2262	3aa6	3aa60000	0.0012664794921875	0x1.4c00000000000p-10	83	65536	normal	136682
2263	3aa7	3aa70000	0.00127410888671875	0x1.4e00000000000p-10	167	131072	normal	135770
2264	3aa8	3aa80000	0.00128173828125	0x1.5000000000000p-10	21	16384	normal	136119
2265	3aa9	3aa90000	0.00128936767578125	0x1.5200000000000p-10	169	131072	normal	137095
2266	3aaa	3aaa0000	0.0012969970703125	0x1.5400000000000p-10	85	65536	normal	136545
2267	3aab	3aab0000	0.00130462646484375	0x1.5600000000000p-10	171	131072	normal	136190
2268	3aac	3aac0000	0.001312255859375	0x1.5800000000000p-10	43	32768	normal	136413
2269	3aad	3aad0000	0.00131988525390625	0x1.5a00000000000p-10	173	131072	normal	135971
2270	3aae	3aae0000	0.0013275146484375	0x1.5c00000000000p-10	87	65536	normal	135498
2271	3aaf	3aaf0000	0.00133514404296875	0x1.5e00000000000p-10	175	131072	normal	135879
2272	3ab0	3ab00000	0.0013427734375	0x1.6000000000000p-10	11	8192	normal	136552
2273	3ab1	3ab10000	0.00135040283203125	0x1.6200000000000p-10	177	131072	normal	136634
2274	3ab2	3ab20000	0.0013580322265625	0x1.6400000000000p-10	89	65536	normal	136498
2275	3ab3	3ab30000	0.00136566162109375	0x1.6600000000000p-10	179	131072	normal	136918
2276	3ab4	3ab40000	0.001373291015625	0x1.6800000000000p-10	45	32768	normal	135568
2277	3ab5	3ab50000	0.00138092041015625	0x1.6a00000000000p-10	181	131072	normal	137405
2278	3ab6	3ab60000	0.0013885498046875	0x1.6c00000000000p-10	91	65536	normal	136262
2279	3ab7	3ab70000	0.00139617919921875	0x1.6e00000000000p-10	183	131072	normal	136317
2280	3ab8	3ab80000	0.00140380859375	0x1.7000000000000p-10	23	16384	normal	136567
2281	3ab9	3ab90000	0.00141143798828125	0x1.7200000000000p-10	185	131072	normal	136723
2282	3aba	3aba0000	0.0014190673828125	0x1.7400000000000p-10	93	65536	normal	136034
2283	3abb	3abb0000	0.00142669677734375	0x1.7600000000000p-10	187	131072	normal	136186
2284	3abc	3abc0000	0.001434326171875	0x1.7800000000000p-10	47	32768	normal	136683
2285	3abd	3abd0000	0.00144195556640625	0x1.7a00000000000p-10	189	131072	normal	137069
2286	3abe	3abe0000	0.0014495849609375	0x1.7c00000000000p-10	95	65536	normal	136246
2287	3abf	3abf0000	0.00145721435546875	0x1.7e00000000000p-10	191	131072	normal	135872
2288	3ac0	3ac00000	0.00146484375	0x1.8000000000000p-10	3	2048	normal	136702
2289	3ac1	3ac10000	0.00147247314453125	0x1.8200000000000p-10	193	131072	normal	136065
2290	3ac2	3ac20000	0.0014801025390625	0x1.8400000000000p-10	97	65536	normal	135991
2291	3ac3	3ac30000	0.00148773193359375	0x1.8600000000000p-10	195	131072	normal	136719
2292	3ac4	3ac40000	0.001495361328125	0x1.8800000000000p-10	49	32768	normal	135822
2293	3ac5	3ac50000	0.00150299072265625	0x1.8a00000000000p-10	197	131072	normal	136314
2294	3ac6	3ac60000	0.0015106201171875	0x1.8c00000000000p-10	99	65536	normal	136219
2295	3ac7	3ac70000	0.00151824951171875	0x1.8e00000000000p-10	199	131072	normal	135936
2296	3ac8	3ac80000	0.00152587890625	0x1.9000000000000p-10	25	16384	normal	135848
2297	3ac9	3ac90000	0.00153350830078125	0x1.9200000000000p-10	201	131072	normal	136196
2298	3aca	3aca0000	0.0015411376953125	0x1.9400000000000p-10	101	65536	normal	136103
2299	3acb	3acb0000	0.00154876708984375	0x1.9600000000000p-10	203	131072	normal	136729
2300	3acc	3acc0000	0.001556396484375	0x1.9800000000000p-10	51	32768	normal	136702
2301	3acd	3acd0000	0.00156402587890625	0x1.9a00000000000p-10	205	131072	normal	136069
2302	3ace	3ace0000	0.0015716552734375	0x1.9c00000000000p-10	103	65536	normal	136004
2303	3acf	3acf0000	0.00157928466796875	0x1.9e00000000000p-10	207	131072	normal	135802
2304	3ad0	3ad00000	0.0015869140625	0x1.a000000000000p-10	13	8192	normal	136327
2305	3ad1	3ad10000	0.00159454345703125	0x1.a200000000000p-10	209	131072	normal	135471
2306	3ad2	3ad20000	0.0016021728515625	0x1.a400000000000p-10	105	65536	normal	137308
2307	3ad3	3ad30000	0.00160980224609375	0x1.a600000000000p-10	211	131072	normal	135948
2308	3ad4	3ad40000	0.001617431640625	0x1.a800000000000p-10	53	32768	normal	136037
2309	3ad5	3ad50000	0.00162506103515625	0x1.aa00000000000p-10	213	131072	normal	135446
2310	3ad6	3ad60000	0.0016326904296875	0x1.ac00000000000p-10	107	65536	normal	137028
2311	3ad7	3ad70000	0.00164031982421875	0x1.ae00000000000p-10	215	131072	normal	135587
2312	3ad8	3ad80000	0.00164794921875	0x1.b000000000000p-10	27	16384	normal	135994
2313	3ad9	3ad90000	0.00165557861328125	0x1.b200000000000p-10	217	131072	normal	135841
2314	3ada	3ada0000	0.0016632080078125	0x1.b400000000000p-10	109	65536	normal	136127
2315	3adb	3adb0000	0.00167083740234375	0x1.b600000000000p-10	219	131072	normal	135632
2316	3adc	3adc0000	0.001678466796875	0x1.b800000000000p-10	55	32768	normal	136041
2317	3add	3add0000	0.00168609619140625	0x1.ba00000000000p-10	221	131072	normal	137242
2318	3ade	3ade0000	0.0016937255859375	0x1.bc00000000000p-10	111	65536	normal	135766
2319	3adf	3adf0000	0.00170135498046875	0x1.be00000000000p-10	223	131072	normal	135864
2320	3ae0	3ae00000	0.001708984375	0x1.c000000000000p-10	7	4096	normal	136178
2321	3ae1	3ae10000	0.00171661376953125	0x1.c200000000000p-10	225	131072	normal	135918
2322	3ae2	3ae20000	0.0017242431640625	0x1.c400000000000p-10	113	65536	normal	135678
2323	3ae3	3ae30000	0.00173187255859375	0x1.c600000000000p-10	227	131072	normal	136465
2324	3ae4	3ae40000	0.001739501953125	0x1.c800000000000p-10	57	32768	normal	135378
2325	3ae5	3ae50000	0.00174713134765625	0x1.ca00000000000p-10	229	131072	normal	136292
2326	3ae6	3ae60000	0.0017547607421875	0x1.cc00000000000p-10	115	65536	normal	136273
2327	3ae7	3ae70000	0.00176239013671875	0x1.ce00000000000p-10	231	131072	normal	136036
2328	3ae8	3ae80000	0.00177001953125	0x1.d000000000000p-10	29	16384	normal	135928
2329	3ae9	3ae90000	0.00177764892578125	0x1.d200000000000p-10	233	131072	normal	135733
2330	3aea	3aea0000	0.0017852783203125	0x1.d400000000000p-10	117	65536	normal	136191
2331	3aeb	3aeb0000	0.00179290771484375	0x1.d600000000000p-10	235	131072	normal	135740
2332	3aec	3aec0000	0.001800537109375	0x1.d800000000000p-10	59	32768	normal	136075
2333	3aed	3aed0000	0.00180816650390625	0x1.da00000000000p-10	237	131072	normal	136194
2334	3aee	3aee0000	0.0018157958984375	0x1.dc00000000000p-10	119	65536	normal	135942
2335	3aef	3aef0000	0.00182342529296875	0x1.de00000000000p-10	239	131072	normal	135462
2336	3af0	3af00000	0.0018310546875	0x1.e000000000000p-10	15	8192	normal	135810
2337	3af1	3af10000	0.00183868408203125	0x1.e200000000000p-10	241	131072	normal	136284
2338	3af2	3af20000	0.0018463134765625	0x1.e400000000000p-10	121	65536	normal	135864
2339	3af3	3af30000	0.00185394287109375	0x1.e600000000000p-10	243	131072	normal	136837
2340	3af4	3af40000	0.001861572265625	0x1.e800000000000p-10	61	32768	normal	136148
2341	3af5	3af50000	0.00186920166015625	0x1.ea00000000000p-10	245	131072	normal	136209
2342	3af6	3af60000	0.0018768310546875	0x1.ec00000000000p-10	123	65536	normal	136429
2343	3af7	3af70000	0.00188446044921875	0x1.ee00000000000p-10	247	131072	normal	136217
2344	3af8	3af80000	0.00189208984375	0x1.f000000000000p-10	31	16384	normal	136651
2345	3af9	3af90000	0.00189971923828125	0x1.f200000000000p-10	249	131072	normal	135856
2346	3afa	3afa0000	0.0019073486328125	0x1.f400000000000p-10	125	65536	normal	136183
2347	3afb	3afb0000	0.00191497802734375	0x1.f600000000000p-10	251	131072	normal	135687
2348	3afc	3afc0000	0.001922607421875	0x1.f800000000000p-10	63	32768	normal	136441
2349	3afd	3afd0000	0.00193023681640625	0x1.fa00000000000p-10	253	131072	normal	136376
2350	3afe	3afe0000	0.0019378662109375	0x1.fc00000000000p-10	127	65536	normal	136783
2351	3aff	3aff0000	0.00194549560546875	0x1.fe00000000000p-10	255	131072	normal	136823
2352	3b00	3b000000	0.001953125	0x1.0000000000000p-9	1	512	normal	204192
2353	3b01	3b010000	0.0019683837890625	0x1.0200000000000p-9	129	65536	normal	271693
2354	3b02	3b020000	0.001983642578125	0x1.0400000000000p-9	65	32768	normal	270686
2355	3b03	3b030000	0.0019989013671875	0x1.0600000000000p-9	131	65536	normal	271382
2356	3b04	3b040000	0.00201416015625	0x1.0800000000000p-9	33	16384	normal	271233
2357	3b05	3b050000	0.0020294189453125	0x1.0a00000000000p-9	133	65536	normal	272116
2358	3b06	3b060000	0.002044677734375	0x1.0c00000000000p-9	67	32768	normal	271519
2359	3b07	3b070000	0.0020599365234375	0x1.0e00000000000p-9	135	65536	normal	271068
2360	3b08	3b080000	0.0020751953125	0x1.1000000000000p-9	17	8192	normal	271872
2361	3b09	3b090000	0.0020904541015625	0x1.1200000000000p-9	137	65536	normal	271793
2362	3b0a	3b0a0000	0.002105712890625	0x1.1400000000000p-9	69	32768	normal	271958
2363	3b0b	3b0b0000	0.0021209716796875	0x1.1600000000000p-9	139	65536	normal	271870
2364	3b0c	3b0c0000	0.00213623046875	0x1.1800000000000p-9	35	16384	normal	271694
2365	3b0d	3b0d0000	0.0021514892578125	0x1.1a00000000000p-9	141	65536	normal	272886
2366	3b0e	3b0e0000	0.002166748046875	0x1.1c00000000000p-9	71	32768	normal	272116
2367	3b0f	3b0f0000	0.0021820068359375	0x1.1e00000000000p-9	143	65536	normal	271035
2368	3b10	3b100000	0.002197265625	0x1.2000000000000p-9	9	4096	normal	271561
2369	3b11	3b110000	0.0022125244140625	0x1.2200000000000p-9	145	65536	normal	272215
2370	3b12	3b120000	0.002227783203125	0x1.2400000000000p-9	73	32768	normal	271723
2371	3b13	3b130000	0.0022430419921875	0x1.2600000000000p-9	147	65536	normal	272178
2372	3b14	3b140000	0.00225830078125	0x1.2800000000000p-9	37	16384	normal	272155
2373	3b15	3b150000	0.0022735595703125	0x1.2a00000000000p-9	149	65536	normal	271583
2374	3b16	3b160000	0.002288818359375	0x1.2c00000000000p-9	75	32768	normal	272423
2375	3b17	3b170000	0.0023040771484375	0x1.2e00000000000p-9	151	65536	normal	271455
2376	3b18	3b180000	0.0023193359375	0x1.3000000000000p-9	19	8192	normal	272221
2377	3b19	3b190000	0.0023345947265625	0x1.3200000000000p-9	153	65536	normal	271806
2378	3b1a	3b1a0000	0.002349853515625	0x1.3400000000000p-9	77	32768	normal	271030
2379	3b1b	3b1b0000	0.0023651123046875	0x1.3600000000000p-9	155	65536	normal	272242
2380	3b1c	3b1c0000	0.00238037109375	0x1.3800000000000p-9	39	16384	normal	272348
2381	3b1d	3b1d0000	0.0023956298828125	0x1.3a00000000000p-9	157	65536	normal	271128
2382	3b1e	3b1e0000	0.002410888671875	0x1.3c00000000000p-9	79	32768	normal	271894
2383	3b1f	3b1f0000	0.0024261474609375	0x1.3e00000000000p-9	159	65536	normal	270578
2384	3b20	3b200000	0.00244140625	0x1.4000000000000p-9	5	2048	normal	271420
2385	3b21	3b210000	0.0024566650390625	0x1.4200000000000p-9	161	65536	normal	271407
2386	3b22	3b220000	0.002471923828125	0x1.4400000000000p-9	81	32768	normal	271579
2387	3b23	3b230000	0.0024871826171875	0x1.4600000000000p-9	163	65536	normal	270927
2388	3b24	3b240000	0.00250244140625	0x1.4800000000000p-9	41	16384	normal	272035
2389	3b25	3b250000	0.0025177001953125	0x1.4a00000000000p-9	165	65536	normal	271403
2390	3b26	3b260000	0.002532958984375	0x1.4c00000000000p-9	83	32768	normal	271970
2391	3b27	3b270000	0.0025482177734375	0x1.4e00000000000p-9	167	65536	normal	272008
2392	3b28	3b280000	0.0025634765625	0x1.5000000000000p-9	21	8192	normal	271040
2393	3b29	3b290000	0.0025787353515625	0x1.5200000000000p-9	169	65536	normal	270966
2394	3b2a	3b2a0000	0.002593994140625	0x1.5400000000000p-9	85	32768	normal	270977
2395	3b2b	3b2b0000	0.0026092529296875	0x1.5600000000000p-9	171	65536	normal	271195
2396	3b2c	3b2c0000	0.00262451171875	0x1.5800000000000p-9	43	16384	normal	271265
2397	3b2d	3b2d0000	0.0026397705078125	0x1.5a00000000000p-9	173	65536	normal	271462
2398	3b2e	3b2e0000	0.002655029296875	0x1.5c00000000000p-9	87	32768	normal	271365
2399	3b2f	3b2f0000	0.0026702880859375	0x1.5e00000000000p-9	175	65536	normal	271497
2400	3b30	3b300000	0.002685546875	0x1.6000000000000p-9	11	4096	normal	271064
2401	3b31	3b310000	0.0027008056640625	0x1.6200000000000p-9	177	65536	normal	270944
2402	3b32	3b320000	0.002716064453125	0x1.6400000000000p-9	89	32768	normal	270603
2403	3b33	3b330000	0.0027313232421875	0x1.6600000000000p-9	179	65536	normal	271265
2404	3b34	3b340000	0.00274658203125	0x1.6800000000000p-9	45	16384	normal	271026
2405	3b35	3b350000	0.0027618408203125	0x1.6a00000000000p-9	181	65536	normal	270509
2406	3b36	3b360000	0.002777099609375	0x1.6c00000000000p-9	91	32768	normal	271114
2407	3b37	3b370000	0.0027923583984375	0x1.6e00000000000p-9	183	65536	normal	271197
2408	3b38	3b380000	0.0028076171875	0x1.7000000000000p-9	23	8192	normal	271774
2409	3b39	3b390000	0.0028228759765625	0x1.7200000000000p-9	185	65536	normal	270731
2410	3b3a	3b3a0000	0.002838134765625	0x1.7400000000000p-9	93	32768	normal	271071
2411	3b3b	3b3b0000	0.0028533935546875	0x1.7600000000000p-9	187	65536	normal	271966
2412	3b3c	3b3c0000	0.00286865234375	0x1.7800000000000p-9	47	16384	normal	271538
2413	3b3d	3b3d0000	0.0028839111328125	0x1.7a00000000000p-9	189	65536	normal	271178
2414	3b3e	3b3e0000	0.002899169921875	0x1.7c00000000000p-9	95	32768	normal	271294
2415	3b3f	3b3f0000	0.0029144287109375	0x1.7e00000000000p-9	191	65536	normal	270259
2416	3b40	3b400000	0.0029296875	0x1.8000000000000p-9	3	1024	normal	271057
2417	3b41	3b410000	0.0029449462890625	0x1.8200000000000p-9	193	65536	normal	271215
2418	3b42	3b420000	0.002960205078125	0x1.8400000000000p-9	97	32768	normal	269823
2419	3b43	3b430000	0.0029754638671875	0x1.8600000000000p-9	195	65536	normal	270727
2420	3b44	3b440000	0.00299072265625	0x1.8800000000000p-9	49	16384	normal	269865
2421	3b45	3b450000	0.0030059814453125	0x1.8a00000000000p-9	197	65536	normal	270451
2422	3b46	3b460000	0.003021240234375	0x1.8c00000000000p-9	99	32768	normal	270082
2423	3b47	3b470000	0.0030364990234375	0x1.8e00000000000p-9	199	65536	normal	270484
2424	3b48	3b480000	0.0030517578125	0x1.9000000000000p-9	25	8192	normal	270668
2425	3b49	3b490000	0.0030670166015625	0x1.9200000000000p-9	201	65536	normal	271091
2426	3b4a	3b4a0000	0.003082275390625	0x1.9400000000000p-9	101	32768	normal	270848
2427	3b4b	3b4b0000	0.0030975341796875	0x1.9600000000000p-9	203	65536	normal	271561
2428	3b4c	3b4c0000	0.00311279296875	0x1.9800000000000p-9	51	16384	normal	271680
2429	3b4d	3b4d0000	0.0031280517578125	0x1.9a00000000000p-9	205	65536	normal	271300
2430	3b4e	3b4e0000	0.003143310546875	0x1.9c00000000000p-9	103	32768	normal	269902
2431	3b4f	3b4f0000	0.0031585693359375	0x1.9e00000000000p-9	207	65536	normal	270120
2432	3b50	3b500000	0.003173828125	0x1.a000000000000p-9	13	4096	normal	269644
2433	3b51	3b510000	0.0031890869140625	0x1.a200000000000p-9	209	65536	normal	270503
2434	3b52	3b520000	0.003204345703125	0x1.a400000000000p-9	105	32768	normal	271058
2435	3b53	3b530000	0.0032196044921875	0x1.a600000000000p-9	211	65536	normal	269833
2436	3b54	3b540000	0.00323486328125	0x1.a800000000000p-9	53	16384	normal	270153
2437	3b55	3b550000	0.0032501220703125	0x1.aa00000000000p-9	213	65536	normal	271048
2438	3b56	3b560000	0.003265380859375	0x1.ac00000000000p-9	107	32768	normal	270667
2439	3b57	3b570000	0.0032806396484375	0x1.ae00000000000p-9	215	65536	normal	270545
2440	3b58	3b580000	0.0032958984375	0x1.b000000000000p-9	27	8192	normal	270943
2441	3b59	3b590000	0.0033111572265625	0x1.b200000000000p-9	217	65536	normal	270704
2442	3b5a	3b5a0000	0.003326416015625	0x1.b400000000000p-9	109	32768	normal	270396
2443	3b5b	3b5b0000	0.0033416748046875	0x1.b600000000000p-9	219	65536	normal	270152
2444	3b5c	3b5c0000	0.00335693359375	0x1.b800000000000p-9	55	16384	normal	269141
2445	3b5d	3b5d0000	0.0033721923828125	0x1.ba00000000000p-9	221	65536	normal	269237
2446	3b5e	3b5e0000	0.003387451171875	0x1.bc00000000000p-9	111	32768	normal	270436
2447	3b5f	3b5f0000	0.0034027099609375	0x1.be00000000000p-9	223	65536	normal	270649
2448	3b60	3b600000	0.00341796875	0x1.c000000000000p-9	7	2048	normal	270355
2449	3b61	3b610000	0.0034332275390625	0x1.c200000000000p-9	225	65536	normal	269961
2450	3b62	3b620000	0.003448486328125	0x1.c400000000000p-9	113	32768	normal	270055
2451	3b63	3b630000	0.0034637451171875	0x1.c600000000000p-9	227	65536	normal	269513
2452	3b64	3b640000	0.00347900390625	0x1.c800000000000p-9	57	16384	normal	271040
2453	3b65	3b650000	0.0034942626953125	0x1.ca00000000000p-9	229	65536	normal	270767
2454	3b66	3b660000	0.003509521484375	0x1.cc00000000000p-9	115	32768	normal	269925
2455	3b67	3b670000	0.0035247802734375	0x1.ce00000000000p-9	231	65536	normal	271162
2456	3b68	3b680000	0.0035400390625	0x1.d000000000000p-9	29	8192	normal	270515
2457	3b69	3b690000	0.0035552978515625	0x1.d200000000000p-9	233	65536	normal	269198
2458	3b6a	3b6a0000	0.003570556640625	0x1.d400000000000p-9	117	32768	normal	270312
2459	3b6b	3b6b0000	0.0035858154296875	0x1.d600000000000p-9	235	65536	normal	269542
2460	3b6c	3b6c0000	0.00360107421875	0x1.d800000000000p-9	59	16384	normal	269957
2461	3b6d	3b6d0000	0.0036163330078125	0x1.da00000000000p-9	237	65536	normal	269632
2462	3b6e	3b6e0000	0.003631591796875	0x1.dc00000000000p-9	119	32768	normal	270117
2463	3b6f	3b6f0000	0.0036468505859375	0x1.de00000000000p-9	239	65536	normal	269609
2464	3b70	3b700000	0.003662109375	0x1.e000000000000p-9	15	4096	normal	269861
2465	3b71	3b710000	0.0036773681640625	0x1.e200000000000p-9	241	65536	normal	269714
2466	3b72	3b720000	0.003692626953125	0x1.e400000000000p-9	121	32768	normal	269656
2467	3b73	3b730000	0.0037078857421875	0x1.e600000000000p-9	243	65536	normal	269212
2468	3b74	3b740000	0.00372314453125	0x1.e800000000000p-9	61	16384	normal	270033
2469	3b75	3b750000	0.0037384033203125	0x1.ea00000000000p-9	245	65536	normal	269061
2470	3b76	3b760000	0.003753662109375	0x1.ec00000000000p-9	123	32768	normal	270781
2471	3b77	3b770000	0.0037689208984375	0x1.ee00000000000p-9	247	65536	normal	269469
2472	3b78	3b780000	0.0037841796875	0x1.f000000000000p-9	31	8192	normal	269352
2473	3b79	3b790000	0.0037994384765625	0x1.f200000000000p-9	249	65536	normal	269378
2474	3b7a	3b7a0000	0.003814697265625	0x1.f400000000000p-9	125	32768	normal	270542
2475	3b7b	3b7b0000	0.0038299560546875	0x1.f600000000000p-9	251	65536	normal	270867
2476	3b7c	3b7c0000	0.00384521484375	0x1.f800000000000p-9	63	16384	normal	270308
2477	3b7d	3b7d0000	0.0038604736328125	0x1.fa00000000000p-9	253	65536	normal	270931
2478	3b7e	3b7e0000	0.003875732421875	0x1.fc00000000000p-9	127	32768	normal	270964
2479	3b7f	3b7f0000	0.0038909912109375	0x1.fe00000000000p-9	255	65536	normal	271598
2480	3b80	3b800000	0.00390625	0x1.0000000000000p-8	1	256	normal	401289
2481	3b81	3b810000	0.003936767578125	0x1.0200000000000p-8	129	32768	normal	536751
2482	3b82	3b820000	0.00396728515625	0x1.0400000000000p-8	65	16384	normal	538072
2483	3b83	3b830000	0.003997802734375	0x1.0600000000000p-8	131	32768	normal	537327
2484	3b84	3b840000	0.0040283203125	0x1.0800000000000p-8	33	8192	normal	538049
2485	3b85	3b850000	0.004058837890625	0x1.0a00000000000p-8	133	32768	normal	538077
2486	3b86	3b860000	0.00408935546875	0x1.0c00000000000p-8	67	16384	normal	537754
2487	3b87	3b870000	0.004119873046875	0x1.0e00000000000p-8	135	32768	normal	538006
2488	3b88	3b880000	0.004150390625	0x1.1000000000000p-8	17	4096	normal	538748
2489	3b89	3b890000	0.004180908203125	0x1.1200000000000p-8	137	32768	normal	537842
2490	3b8a	3b8a0000	0.00421142578125	0x1.1400000000000p-8	69	16384	normal	537596
2491	3b8b	3b8b0000	0.004241943359375	0x1.1600000000000p-8	139	32768	normal	538111
2492	3b8c	3b8c0000	0.0042724609375	0x1.1800000000000p-8	35	8192	normal	538480
2493	3b8d	3b8d0000	0.004302978515625	0x1.1a00000000000p-8	141	32768	normal	536937
2494	3b8e	3b8e0000	0.00433349609375	0x1.1c00000000000p-8	71	16384	normal	537007
2495	3b8f	3b8f0000	0.004364013671875	0x1.1e00000000000p-8	143	32768	normal	537628
2496	3b90	3b900000	0.00439453125	0x1.2000000000000p-8	9	2048	normal	538090
2497	3b91	3b910000	0.004425048828125	0x1.2200000000000p-8	145	32768	normal	536902
2498	3b92	3b920000	0.00445556640625	0x1.2400000000000p-8	73	16384	normal	536854
2499	3b93	3b930000	0.004486083984375	0x1.2600000000000p-8	147	32768	normal	537522
2500	3b94	3b940000	0.0045166015625	0x1.2800000000000p-8	37	8192	normal	537184
2501	3b95	3b950000	0.004547119140625	0x1.2a00000000000p-8	149	32768	normal	536768
2502	3b96	3b960000	0.00457763671875	0x1.2c00000000000p-8	75	16384	normal	537078
2503	3b97	3b970000	0.004608154296875	0x1.2e00000000000p-8	151	32768	normal	536030
2504	3b98	3b980000	0.004638671875	0x1.3000000000000p-8	19	4096	normal	536743
2505	3b99	3b990000	0.004669189453125	0x1.3200000000000p-8	153	32768	normal	536689
2506	3b9a	3b9a0000	0.00469970703125	0x1.3400000000000p-8	77	16384	normal	536511
2507	3b9b	3b9b0000	0.004730224609375	0x1.3600000000000p-8	155	32768	normal	534589
2508	3b9c	3b9c0000	0.0047607421875	0x1.3800000000000p-8	39	8192	normal	536027
2509	3b9d	3b9d0000	0.004791259765625	0x1.3a00000000000p-8	157	32768	normal	535416
2510	3b9e	3b9e0000	0.00482177734375	0x1.3c00000000000p-8	79	16384	normal	535562
2511	3b9f	3b9f0000	0.004852294921875	0x1.3e00000000000p-8	159	32768	normal	534531
2512	3ba0	3ba00000	0.0048828125	0x1.4000000000000p-8	5	1024	normal	536048
2513	3ba1	3ba10000	0.004913330078125	0x1.4200000000000p-8	161	32768	normal	535684
2514	3ba2	3ba20000	0.00494384765625	0x1.4400000000000p-8	81	16384	normal	534101
2515	3ba3	3ba30000	0.004974365234375	0x1.4600000000000p-8	163	32768	normal	534130
2516	3ba4	3ba40000	0.0050048828125	0x1.4800000000000p-8	41	8192	normal	532903
2517	3ba5	3ba50000	0.005035400390625	0x1.4a00000000000p-8	165	32768	normal	535475
2518	3ba6	3ba60000	0.00506591796875	0x1.4c00000000000p-8	83	16384	normal	534281
2519	3ba7	3ba70000	0.005096435546875	0x1.4e00000000000p-8	167	32768	normal	532546
2520	3ba8	3ba80000	0.005126953125	0x1.5000000000000p-8	21	4096	normal	534294
2521	3ba9	3ba90000	0.005157470703125	0x1.5200000000000p-8	169	32768	normal	534261
2522	3baa	3baa0000	0.00518798828125	0x1.5400000000000p-8	85	16384	normal	533838
2523	3bab	3bab0000	0.005218505859375	0x1.5600000000000p-8	171	32768	normal	532837
2524	3bac	3bac0000	0.0052490234375	0x1.5800000000000p-8	43	8192	normal	532989
2525	3bad	3bad0000	0.005279541015625	0x1.5a00000000000p-8	173	32768	normal	533154
2526	3bae	3bae0000	0.00531005859375	0x1.5c00000000000p-8	87	16384	normal	533530
2527	3baf	3baf0000	0.005340576171875	0x1.5e00000000000p-8	175	32768	normal	532828
2528	3bb0	3bb00000	0.00537109375	0x1.6000000000000p-8	11	2048	normal	532687
2529	3bb1	3bb10000	0.005401611328125	0x1.6200000000000p-8	177	32768	normal	531763
2530	3bb2	3bb20000	0.00543212890625	0x1.6400000000000p-8	89	16384	normal	531124
2531	3bb3	3bb30000	0.005462646484375	0x1.6600000000000p-8	179	32768	normal	532236
2532	3bb4	3bb40000	0.0054931640625	0x1.6800000000000p-8	45	8192	normal	531891
2533	3bb5	3bb50000	0.005523681640625	0x1.6a00000000000p-8	181	32768	normal	532781
2534	3bb6	3bb60000	0.00555419921875	0x1.6c00000000000p-8	91	16384	normal	531501
2535	3bb7	3bb70000	0.005584716796875	0x1.6e00000000000p-8	183	32768	normal	531532
2536	3bb8	3bb80000	0.005615234375	0x1.7000000000000p-8	23	4096	normal	531705
2537	3bb9	3bb90000	0.005645751953125	0x1.7200000000000p-8	185	32768	normal	530681
2538	3bba	3bba0000	0.00567626953125	0x1.7400000000000p-8	93	16384	normal	531365
2539	3bbb	3bbb0000	0.005706787109375	0x1.7600000000000p-8	187	32768	normal	532511
2540	3bbc	3bbc0000	0.0057373046875	0x1.7800000000000p-8	47	8192	normal	531492
2541	3bbd	3bbd0000	0.005767822265625	0x1.7a00000000000p-8	189	32768	normal	532349
2542	3bbe	3bbe0000	0.00579833984375	0x1.7c00000000000p-8	95	16384	normal	531020
2543	3bbf	3bbf0000	0.005828857421875	0x1.7e00000000000p-8	191	32768	normal	531053
2544	3bc0	3bc00000	0.005859375	0x1.8000000000000p-8	3	512	normal	530040
2545	3bc1	3bc10000	0.005889892578125	0x1.8200000000000p-8	193	32768	normal	529420
2546	3bc2	3bc20000	0.00592041015625	0x1.8400000000000p-8	97	16384	normal	530648
2547	3bc3	3bc30000	0.005950927734375	0x1.8600000000000p-8	195	32768	normal	529697
2548	3bc4	3bc40000	0.0059814453125	0x1.8800000000000p-8	49	8192	normal	530496
2549	3bc5	3bc50000	0.006011962890625	0x1.8a00000000000p-8	197	32768	normal	529398
2550	3bc6	3bc60000	0.00604248046875	0x1.8c00000000000p-8	99	16384	normal	529095
2551	3bc7	3bc70000	0.006072998046875	0x1.8e00000000000p-8	199	32768	normal	529236
2552	3bc8	3bc80000	0.006103515625	0x1.9000000000000p-8	25	4096	normal	529848
2553	3bc9	3bc90000	0.006134033203125	0x1.9200000000000p-8	201	32768	normal	530026
2554	3bca	3bca0000	0.00616455078125	0x1.9400000000000p-8	101	16384	normal	529629
2555	3bcb	3bcb0000	0.006195068359375	0x1.9600000000000p-8	203	32768	normal	527107
2556	3bcc	3bcc0000	0.0062255859375	0x1.9800000000000p-8	51	8192	normal	528440
2557	3bcd	3bcd0000	0.006256103515625	0x1.9a00000000000p-8	205	32768	normal	528263
2558	3bce	3bce0000	0.00628662109375	0x1.9c00000000000p-8	103	16384	normal	528688
2559	3bcf	3bcf0000	0.006317138671875	0x1.9e00000000000p-8	207	32768	normal	528735
2560	3bd0	3bd00000	0.00634765625	0x1.a000000000000p-8	13	2048	normal	528387
2561	3bd1	3bd10000	0.006378173828125	0x1.a200000000000p-8	209	32768	normal	528187
2562	3bd2	3bd20000	0.00640869140625	0x1.a400000000000p-8	105	16384	normal	527084
2563	3bd3	3bd30000	0.006439208984375	0x1.a600000000000p-8	211	32768	normal	527676
2564	3bd4	3bd40000	0.0064697265625	0x1.a800000000000p-8	53	8192	normal	526645
2565	3bd5	3bd50000	0.006500244140625	0x1.aa00000000000p-8	213	32768	normal	527792
2566	3bd6	3bd60000	0.00653076171875	0x1.ac00000000000p-8	107	16384	normal	527748
2567	3bd7	3bd70000	0.006561279296875	0x1.ae00000000000p-8	215	32768	normal	525472
2568	3bd8	3bd80000	0.006591796875	0x1.b000000000000p-8	27	4096	normal	526338
2569	3bd9	3bd90000	0.006622314453125	0x1.b200000000000p-8	217	32768	normal	526773
2570	3bda	3bda0000	0.00665283203125	0x1.b400000000000p-8	109	16384	normal	526015
2571	3bdb	3bdb0000	0.006683349609375	0x1.b600000000000p-8	219	32768	normal	526707
2572	3bdc	3bdc0000	0.0067138671875	0x1.b800000000000p-8	55	8192	normal	525938
2573	3bdd	3bdd0000	0.006744384765625	0x1.ba00000000000p-8	221	32768	normal	526015
2574	3bde	3bde0000	0.00677490234375	0x1.bc00000000000p-8	111	16384	normal	526347
2575	3bdf	3bdf0000	0.006805419921875	0x1.be00000000000p-8	223	32768	normal	525054
2576	3be0	3be00000	0.0068359375	0x1.c000000000000p-8	7	1024	normal	525667
2577	3be1	3be10000	0.006866455078125	0x1.c200000000000p-8	225	32768	normal	524879
2578	3be2	3be20000	0.00689697265625	0x1.c400000000000p-8	113	16384	normal	526464
2579	3be3	3be30000	0.006927490234375	0x1.c600000000000p-8	227	32768	normal	524426
2580	3be4	3be40000	0.0069580078125	0x1.c800000000000p-8	57	8192	normal	526194
2581	3be5	3be50000	0.006988525390625	0x1.ca00000000000p-8	229	32768	normal	524696
2582	3be6	3be60000	0.00701904296875	0x1.cc00000000000p-8	115	16384	normal	524969
2583	3be7	3be70000	0.007049560546875	0x1.ce00000000000p-8	231	32768	normal	523571
2584	3be8	3be80000	0.007080078125	0x1.d000000000000p-8	29	4096	normal	522498
2585	3be9	3be90000	0.007110595703125	0x1.d200000000000p-8	233	32768	normal	523911
2586	3bea	3bea0000	0.00714111328125	0x1.d400000000000p-8	117	16384	normal	523832
2587	3beb	3beb0000	0.007171630859375	0x1.d600000000000p-8	235	32768	normal	523692
2588	3bec	3bec0000	0.0072021484375	0x1.d800000000000p-8	59	8192	normal	523413
2589	3bed	3bed0000	0.007232666015625	0x1.da00000000000p-8	237	32768	normal	522677
2590	3bee	3bee0000	0.00726318359375	0x1.dc00000000000p-8	119	16384	normal	523971
2591	3bef	3bef0000	0.007293701171875	0x1.de00000000000p-8	239	32768	normal	522830
2592	3bf0	3bf00000	0.00732421875	0x1.e000000000000p-8	15	2048	normal	522300
2593	3bf1	3bf10000	0.007354736328125	0x1.e200000000000p-8	241	32768	normal	522184
2594	3bf2	3bf20000	0.00738525390625	0x1.e400000000000p-8	121	16384	normal	524072
2595	3bf3	3bf30000	0.007415771484375	0x1.e600000000000p-8	243	32768	normal	524007
2596	3bf4	3bf40000	0.0074462890625	0x1.e800000000000p-8	61	8192	normal	522145
2597	3bf5	3bf50000	0.007476806640625	0x1.ea00000000000p-8	245	32768	normal	522472
2598	3bf6	3bf60000	0.00750732421875	0x1.ec00000000000p-8	123	16384	normal	521347
2599	3bf7	3bf70000	0.007537841796875	0x1.ee00000000000p-8	247	32768	normal	523239
2600	3bf8	3bf80000	0.007568359375	0x1.f000000000000p-8	31	4096	normal	522004
2601	3bf9	3bf90000	0.007598876953125	0x1.f200000000000p-8	249	32768	normal	520803
2602	3bfa	3bfa0000	0.00762939453125	0x1.f400000000000p-8	125	16384	normal	522098
2603	3bfb	3bfb0000	0.007659912109375	0x1.f600000000000p-8	251	32768	normal	522651
2604	3bfc	3bfc0000	0.0076904296875	0x1.f800000000000p-8	63	8192	normal	522392
2605	3bfd	3bfd0000	0.007720947265625	0x1.fa00000000000p-8	253	32768	normal	524517
2606	3bfe	3bfe0000	0.00775146484375	0x1.fc00000000000p-8	127	16384	normal	529164
2607	3bff	3bff0000	0.007781982421875	0x1.fe00000000000p-8	255	32768	normal	531896
2608	3c00	3c000000	0.0078125	0x1.0000000000000p-7	1	128	normal	768592
2609	3c01	3c010000	0.00787353515625	0x1.0200000000000p-7	129	16384	normal	1019534
2610	3c02	3c020000	0.0079345703125	0x1.0400000000000p-7	65	8192	normal	1030619
2611	3c03	3c030000	0.00799560546875	0x1.0600000000000p-7	131	16384	normal	1035499
2612	3c04	3c040000	0.008056640625	0x1.0800000000000p-7	33	4096	normal	1034567
2613	3c05	3c050000	0.00811767578125	0x1.0a00000000000p-7	133	16384	normal	1033162
2614	3c06	3c060000	0.0081787109375	0x1.0c00000000000p-7	67	8192	normal	1033608
2615	3c07	3c070000	0.00823974609375	0x1.0e00000000000p-7	135	16384	normal	1031829
2616	3c08	3c080000	0.00830078125	0x1.1000000000000p-7	17	2048	normal	1031703
2617	3c09	3c090000	0.00836181640625	0x1.1200000000000p-7	137	16384	normal	1032960
2618	3c0a	3c0a0000	0.0084228515625	0x1.1400000000000p-7	69	8192	normal	1027475
2619	3c0b	3c0b0000	0.00848388671875	0x1.1600000000000p-7	139	16384	normal	1030783
2620	3c0c	3c0c0000	0.008544921875	0x1.1800000000000p-7	35	4096	normal	1028047
2621	3c0d	3c0d0000	0.00860595703125	0x1.1a00000000000p-7	141	16384	normal	1028967
2622	3c0e	3c0e0000	0.0086669921875	0x1.1c00000000000p-7	71	8192	normal	1027108
2623	3c0f	3c0f0000	0.00872802734375	0x1.1e00000000000p-7	143	16384	normal	1025478
2624	3c10	3c100000	0.0087890625	0x1.2000000000000p-7	9	1024	normal	1025589
2625	3c11	3c110000	0.00885009765625	0x1.2200000000000p-7	145	16384	normal	1026470
2626	3c12	3c120000	0.0089111328125	0x1.2400000000000p-7	73	8192	normal	1024499
2627	3c13	3c130000	0.00897216796875	0x1.2600000000000p-7	147	16384	normal	1024315
2628	3c14	3c140000	0.009033203125	0x1.2800000000000p-7	37	4096	normal	1020105
2629	3c15	3c150000	0.00909423828125	0x1.2a00000000000p-7	149	16384	normal	1020823
2630	3c16	3c160000	0.0091552734375	0x1.2c00000000000p-7	75	8192	normal	1019428
2631	3c17	3c170000	0.00921630859375	0x1.2e00000000000p-7	151	16384	normal	1019397
2632	3c18	3c180000	0.00927734375	0x1.3000000000000p-7	19	2048	normal	1017329
2633	3c19	3c190000	0.00933837890625	0x1.3200000000000p-7	153	16384	normal	1018460
2634	3c1a	3c1a0000	0.0093994140625	0x1.3400000000000p-7	77	8192	normal	1015009
2635	3c1b	3c1b0000	0.00946044921875	0x1.3600000000000p-7	155	16384	normal	1015560
2636	3c1c	3c1c0000	0.009521484375	0x1.3800000000000p-7	39	4096	normal	1015844
2637	3c1d	3c1d0000	0.00958251953125	0x1.3a00000000000p-7	157	16384	normal	1012433
2638	3c1e	3c1e0000	0.0096435546875	0x1.3c00000000000p-7	79	8192	normal	1015003
2639	3c1f	3c1f0000	0.00970458984375	0x1.3e00000000000p-7	159	16384	normal	1011154
2640	3c20	3c200000	0.009765625	0x1.4000000000000p-7	5	512	normal	1011209
2641	3c21	3c210000	0.00982666015625	0x1.4200000000000p-7	161	16384	normal	1010339
2642	3c22	3c220000	0.0098876953125	0x1.4400000000000p-7	81	8192	normal	1009169
2643	3c23	3c230000	0.00994873046875	0x1.4600000000000p-7	163	16384	normal	1008354
2644	3c24	3c240000	0.010009765625	0x1.4800000000000p-7	41	4096	normal	1006379
2645	3c25	3c250000	0.01007080078125	0x1.4a00000000000p-7	165	16384	normal	1005764
2646	3c26	3c260000	0.0101318359375	0x1.4c00000000000p-7	83	8192	normal	1005314
2647	3c27	3c270000	0.01019287109375	0x1.4e00000000000p-7	167	16384	normal	1003081
2648	3c28	3c280000	0.01025390625	0x1.5000000000000p-7	21	2048	normal	1001370
2649	3c29	3c290000	0.01031494140625	0x1.5200000000000p-7	169	16384	normal	1002184
2650	3c2a	3c2a0000	0.0103759765625	0x1.5400000000000p-7	85	8192	normal	1001974
2651	3c2b	3c2b0000	0.01043701171875	0x1.5600000000000p-7	171	16384	normal	999801
2652	3c2c	3c2c0000	0.010498046875	0x1.5800000000000p-7	43	4096	normal	998694
2653	3c2d	3c2d0000	0.01055908203125	0x1.5a00000000000p-7	173	16384	normal	997706
2654	3c2e	3c2e0000	0.0106201171875	0x1.5c00000000000p-7	87	8192	normal	996342
2655	3c2f	3c2f0000	0.01068115234375	0x1.5e00000000000p-7	175	16384	normal	995778
2656	3c30	3c300000	0.0107421875	0x1.6000000000000p-7	11	1024	normal	994960
2657	3c31	3c310000	0.01080322265625	0x1.6200000000000p-7	177	16384	normal	992588
2658	3c32	3c320000	0.0108642578125	0x1.6400000000000p-7	89	8192	normal	994403
2659	3c33	3c330000	0.01092529296875	0x1.6600000000000p-7	179	16384	normal	993386
2660	3c34	3c340000	0.010986328125	0x1.6800000000000p-7	45	4096	normal	991081
2661	3c35	3c350000	0.01104736328125	0x1.6a00000000000p-7	181	16384	normal	989911
2662	3c36	3c360000	0.0111083984375	0x1.6c00000000000p-7	91	8192	normal	989052
2663	3c37	3c370000	0.01116943359375	0x1.6e00000000000p-7	183	16384	normal	987522
2664	3c38	3c380000	0.01123046875	0x1.7000000000000p-7	23	2048	normal	987146
2665	3c39	3c390000	0.01129150390625	0x1.7200000000000p-7	185	16384	normal	985870
2666	3c3a	3c3a0000	0.0113525390625	0x1.7400000000000p-7	93	8192	normal	984717
2667	3c3b	3c3b0000	0.01141357421875	0x1.7600000000000p-7	187	16384	normal	981897
2668	3c3c	3c3c0000	0.011474609375	0x1.7800000000000p-7	47	4096	normal	982877
2669	3c3d	3c3d0000	0.01153564453125	0x1.7a00000000000p-7	189	16384	normal	980525
2670	3c3e	3c3e0000	0.0115966796875	0x1.7c00000000000p-7	95	8192	normal	978210
2671	3c3f	3c3f0000	0.01165771484375	0x1.7e00000000000p-7	191	16384	normal	979899
2672	3c40	3c400000	0.01171875	0x1.8000000000000p-7	3	256	normal	978557
2673	3c41	3c410000	0.01177978515625	0x1.8200000000000p-7	193	16384	normal	975945
2674	3c42	3c420000	0.0118408203125	0x1.8400000000000p-7	97	8192	normal	976975
2675	3c43	3c430000	0.01190185546875	0x1.8600000000000p-7	195	16384	normal	974195
2676	3c44	3c440000	0.011962890625	0x1.8800000000000p-7	49	4096	normal	973034
2677	3c45	3c450000	0.01202392578125	0x1.8a00000000000p-7	197	16384	normal	972252
2678	3c46	3c460000	0.0120849609375	0x1.8c00000000000p-7	99	8192	normal	970449
2679	3c47	3c470000	0.01214599609375	0x1.8e00000000000p-7	199	16384	normal	972612
2680	3c48	3c480000	0.01220703125	0x1.9000000000000p-7	25	2048	normal	969247
2681	3c49	3c490000	0.01226806640625	0x1.9200000000000p-7	201	16384	normal	968416
2682	3c4a	3c4a0000	0.0123291015625	0x1.9400000000000p-7	101	8192	normal	967863
2683	3c4b	3c4b0000	0.01239013671875	0x1.9600000000000p-7	203	16384	normal	966537
2684	3c4c	3c4c0000	0.012451171875	0x1.9800000000000p-7	51	4096	normal	964560
2685	3c4d	3c4d0000	0.01251220703125	0x1.9a00000000000p-7	205	16384	normal	962433
2686	3c4e	3c4e0000	0.0125732421875	0x1.9c00000000000p-7	103	8192	normal	963661
2687	3c4f	3c4f0000	0.01263427734375	0x1.9e00000000000p-7	207	16384	normal	960963
2688	3c50	3c500000	0.0126953125	0x1.a000000000000p-7	13	1024	normal	960014
2689	3c51	3c510000	0.01275634765625	0x1.a200000000000p-7	209	16384	normal	958220
2690	3c52	3c520000	0.0128173828125	0x1.a400000000000p-7	105	8192	normal	956579
2691	3c53	3c530000	0.01287841796875	0x1.a600000000000p-7	211	16384	normal	956228
2692	3c54	3c540000	0.012939453125	0x1.a800000000000p-7	53	4096	normal	954819
2693	3c55	3c550000	0.01300048828125	0x1.aa00000000000p-7	213	16384	normal	954430
2694	3c56	3c560000	0.0130615234375	0x1.ac00000000000p-7	107	8192	normal	952875
2695	3c57	3c570000	0.01312255859375	0x1.ae00000000000p-7	215	16384	normal	949124
2696	3c58	3c580000	0.01318359375	0x1.b000000000000p-7	27	2048	normal	951405
2697	3c59	3c590000	0.01324462890625	0x1.b200000000000p-7	217	16384	normal	949365
2698	3c5a	3c5a0000	0.0133056640625	0x1.b400000000000p-7	109	8192	normal	948335
2699	3c5b	3c5b0000	0.01336669921875	0x1.b600000000000p-7	219	16384	normal	946969
2700	3c5c	3c5c0000	0.013427734375	0x1.b800000000000p-7	55	4096	normal	946340
2701	3c5d	3c5d0000	0.01348876953125	0x1.ba00000000000p-7	221	16384	normal	944507
2702	3c5e	3c5e0000	0.0135498046875	0x1.bc00000000000p-7	111	8192	normal	943180
2703	3c5f	3c5f0000	0.01361083984375	0x1.be00000000000p-7	223	16384	normal	944386
2704	3c60	3c600000	0.013671875	0x1.c000000000000p-7	7	512	normal	941674
2705	3c61	3c610000	0.01373291015625	0x1.c200000000000p-7	225	16384	normal	940384
2706	3c62	3c620000	0.0137939453125	0x1.c400000000000p-7	113	8192	normal	938886
2707	3c63	3c630000	0.01385498046875	0x1.c600000000000p-7	227	16384	normal	936630
2708	3c64	3c640000	0.013916015625	0x1.c800000000000p-7	57	4096	normal	936579
2709	3c65	3c650000	0.01397705078125	0x1.ca00000000000p-7	229	16384	normal	933843
2710	3c66	3c660000	0.0140380859375	0x1.cc00000000000p-7	115	8192	normal	933747
2711	3c67	3c670000	0.01409912109375	0x1.ce00000000000p-7	231	16384	normal	931801
2712	3c68	3c680000	0.01416015625	0x1.d000000000000p-7	29	2048	normal	929801
2713	3c69	3c690000	0.01422119140625	0x1.d200000000000p-7	233	16384	normal	929194
2714	3c6a	3c6a0000	0.0142822265625	0x1.d400000000000p-7	117	8192	normal	930381
2715	3c6b	3c6b0000	0.01434326171875	0x1.d600000000000p-7	235	16384	normal	927398
2716	3c6c	3c6c0000	0.014404296875	0x1.d800000000000p-7	59	4096	normal	925461
2717	3c6d	3c6d0000	0.01446533203125	0x1.da00000000000p-7	237	16384	normal	924451
2718	3c6e	3c6e0000	0.0145263671875	0x1.dc00000000000p-7	119	8192	normal	923989
2719	3c6f	3c6f0000	0.01458740234375	0x1.de00000000000p-7	239	16384	normal	922294
2720	3c70	3c700000	0.0146484375	0x1.e000000000000p-7	15	1024	normal	924386
2721	3c71	3c710000	0.01470947265625	0x1.e200000000000p-7	241	16384	normal	920243
2722	3c72	3c720000	0.0147705078125	0x1.e400000000000p-7	121	8192	normal	918117
2723	3c73	3c730000	0.01483154296875	0x1.e600000000000p-7	243	16384	normal	919608
2724	3c74	3c740000	0.014892578125	0x1.e800000000000p-7	61	4096	normal	918089
2725	3c75	3c750000	0.01495361328125	0x1.ea00000000000p-7	245	16384	normal	916470
2726	3c76	3c760000	0.0150146484375	0x1.ec00000000000p-7	123	8192	normal	917127
2727	3c77	3c770000	0.01507568359375	0x1.ee00000000000p-7	247	16384	normal	915379
2728	3c78	3c780000	0.01513671875	0x1.f000000000000p-7	31	2048	normal	914777
2729	3c79	3c790000	0.01519775390625	0x1.f200000000000p-7	249	16384	normal	912862
2730	3c7a	3c7a0000	0.0152587890625	0x1.f400000000000p-7	125	8192	normal	910701
2731	3c7b	3c7b0000	0.01531982421875	0x1.f600000000000p-7	251	16384	normal	909440
2732	3c7c	3c7c0000	0.015380859375	0x1.f800000000000p-7	63	4096	normal	908757
2733	3c7d	3c7d0000	0.01544189453125	0x1.fa00000000000p-7	253	16384	normal	911185
2734	3c7e	3c7e0000	0.0155029296875	0x1.fc00000000000p-7	127	8192	normal	923250
2735	3c7f	3c7f0000	0.01556396484375	0x1.fe00000000000p-7	255	16384	normal	957880
2736	3c80	3c800000	0.015625	0x1.0000000000000p-6	1	64	normal	1300155
2737	3c81	3c810000	0.0157470703125	0x1.0200000000000p-6	129	8192	normal	1746018
2738	3c82	3c820000	0.015869140625	0x1.0400000000000p-6	65	4096	normal	1777625
2739	3c83	3c830000	0.0159912109375	0x1.0600000000000p-6	131	8192	normal	1778283
2740	3c84	3c840000	0.01611328125	0x1.0800000000000p-6	33	2048	normal	1771777
2741	3c85	3c850000	0.0162353515625	0x1.0a00000000000p-6	133	8192	normal	1768765
2742	3c86	3c860000	0.016357421875	0x1.0c00000000000p-6	67	4096	normal	1765625
2743	3c87	3c870000	0.0164794921875	0x1.0e00000000000p-6	135	8192	normal	1761181
2744	3c88	3c880000	0.0166015625	0x1.1000000000000p-6	17	1024	normal	1758111
2745	3c89	3c890000	0.0167236328125	0x1.1200000000000p-6	137	8192	normal	1751927
2746	3c8a	3c8a0000	0.016845703125	0x1.1400000000000p-6	69	4096	normal	1747065
2747	3c8b	3c8b0000	0.0169677734375	0x1.1600000000000p-6	139	8192	normal	1743611
2748	3c8c	3c8c0000	0.01708984375	0x1.1800000000000p-6	35	2048	normal	1736949
2749	3c8d	3c8d0000	0.0172119140625	0x1.1a00000000000p-6	141	8192	normal	1730758
2750	3c8e	3c8e0000	0.017333984375	0x1.1c00000000000p-6	71	4096	normal	1723519
2751	3c8f	3c8f0000	0.0174560546875	0x1.1e00000000000p-6	143	8192	normal	1718636
2752	3c90	3c900000	0.017578125	0x1.2000000000000p-6	9	512	normal	1711762
2753	3c91	3c910000	0.0177001953125	0x1.2200000000000p-6	145	8192	normal	1705304
2754	3c92	3c920000	0.017822265625	0x1.2400000000000p-6	73	4096	normal	1698562
2755	3c93	3c930000	0.0179443359375	0x1.2600000000000p-6	147	8192	normal	1693117
2756	3c94	3c940000	0.01806640625	0x1.2800000000000p-6	37	2048	normal	1690509
2757	3c95	3c950000	0.0181884765625	0x1.2a00000000000p-6	149	8192	normal	1684847
2758	3c96	3c960000	0.018310546875	0x1.2c00000000000p-6	75	4096	normal	1676689
2759	3c97	3c970000	0.0184326171875	0x1.2e00000000000p-6	151	8192	normal	1672828
2760	3c98	3c980000	0.0185546875	0x1.3000000000000p-6	19	1024	normal	1668808
2761	3c99	3c990000	0.0186767578125	0x1.3200000000000p-6	153	8192	normal	1658879
2762	3c9a	3c9a0000	0.018798828125	0x1.3400000000000p-6	77	4096	normal	1657274
2763	3c9b	3c9b0000	0.0189208984375	0x1.3600000000000p-6	155	8192	normal	1651001
2764	3c9c	3c9c0000	0.01904296875	0x1.3800000000000p-6	39	2048	normal	1643289
2765	3c9d	3c9d0000	0.0191650390625	0x1.3a00000000000p-6	157	8192	normal	1643423
2766	3c9e	3c9e0000	0.019287109375	0x1.3c00000000000p-6	79	4096	normal	1637849
2767	3c9f	3c9f0000	0.0194091796875	0x1.3e00000000000p-6	159	8192	normal	1630650
2768	3ca0	3ca00000	0.01953125	0x1.4000000000000p-6	5	256	normal	1623868
2769	3ca1	3ca10000	0.0196533203125	0x1.4200000000000p-6	161	8192	normal	1617821
2770	3ca2	3ca20000	0.019775390625	0x1.4400000000000p-6	81	4096	normal	1611880
2771	3ca3	3ca30000	0.0198974609375	0x1.4600000000000p-6	163	8192	normal	1605333
2772	3ca4	3ca40000	0.02001953125	0x1.4800000000000p-6	41	2048	normal	1598469
2773	3ca5	3ca50000	0.0201416015625	0x1.4a00000000000p-6	165	8192	normal	1589631
2774	3ca6	3ca60000	0.020263671875	0x1.4c00000000000p-6	83	4096	normal	1584122
2775	3ca7	3ca70000	0.0203857421875	0x1.4e00000000000p-6	167	8192	normal	1580497
2776	3ca8	3ca80000	0.0205078125	0x1.5000000000000p-6	21	1024	normal	1573761
2777	3ca9	3ca90000	0.0206298828125	0x1.5200000000000p-6	169	8192	normal	1568186
2778	3caa	3caa0000	0.020751953125	0x1.5400000000000p-6	85	4096	normal	1564631
2779	3cab	3cab0000	0.0208740234375	0x1.5600000000000p-6	171	8192	normal	1557304
2780	3cac	3cac0000	0.02099609375	0x1.5800000000000p-6	43	2048	normal	1549310
2781	3cad	3cad0000	0.0211181640625	0x1.5a00000000000p-6	173	8192	normal	1545201
2782	3cae	3cae0000	0.021240234375	0x1.5c00000000000p-6	87	4096	normal	1541056
2783	3caf	3caf0000	0.0213623046875	0x1.5e00000000000p-6	175	8192	normal	1534622
2784	3cb0	3cb00000	0.021484375	0x1.6000000000000p-6	11	512	normal	1527923
2785	3cb1	3cb10000	0.0216064453125	0x1.6200000000000p-6	177	8192	normal	1520644
2786	3cb2	3cb20000	0.021728515625	0x1.6400000000000p-6	89	4096	normal	1518311
2787	3cb3	3cb30000	0.0218505859375	0x1.6600000000000p-6	179	8192	normal	1511763
2788	3cb4	3cb40000	0.02197265625	0x1.6800000000000p-6	45	2048	normal	1506791
2789	3cb5	3cb50000	0.0220947265625	0x1.6a00000000000p-6	181	8192	normal	1499882
2790	3cb6	3cb60000	0.022216796875	0x1.6c00000000000p-6	91	4096	normal	1492158
2791	3cb7	3cb70000	0.0223388671875	0x1.6e00000000000p-6	183	8192	normal	1488368
2792	3cb8	3cb80000	0.0224609375	0x1.7000000000000p-6	23	1024	normal	1479029
2793	3cb9	3cb90000	0.0225830078125	0x1.7200000000000p-6	185	8192	normal	1474987
2794	3cba	3cba0000	0.022705078125	0x1.7400000000000p-6	93	4096	normal	1467000
2795	3cbb	3cbb0000	0.0228271484375	0x1.7600000000000p-6	187	8192	normal	1462445
2796	3cbc	3cbc0000	0.02294921875	0x1.7800000000000p-6	47	2048	normal	1454858
2797	3cbd	3cbd0000	0.0230712890625	0x1.7a00000000000p-6	189	8192	normal	1450376
2798	3cbe	3cbe0000	0.023193359375	0x1.7c00000000000p-6	95	4096	normal	1442894
2799	3cbf	3cbf0000	0.0233154296875	0x1.7e00000000000p-6	191	8192	normal	1438233
2800	3cc0	3cc00000	0.0234375	0x1.8000000000000p-6	3	128	normal	1433692
2801	3cc1	3cc10000	0.0235595703125	0x1.8200000000000p-6	193	8192	normal	1423877
2802	3cc2	3cc20000	0.023681640625	0x1.8400000000000p-6	97	4096	normal	1419986
2803	3cc3	3cc30000	0.0238037109375	0x1.8600000000000p-6	195	8192	normal	1413570
2804	3cc4	3cc40000	0.02392578125	0x1.8800000000000p-6	49	2048	normal	1405130
2805	3cc5	3cc50000	0.0240478515625	0x1.8a00000000000p-6	197	8192	normal	1401467
2806	3cc6	3cc60000	0.024169921875	0x1.8c00000000000p-6	99	4096	normal	1395073
2807	3cc7	3cc70000	0.0242919921875	0x1.8e00000000000p-6	199	8192	normal	1391829
2808	3cc8	3cc80000	0.0244140625	0x1.9000000000000p-6	25	1024	normal	1384385
2809	3cc9	3cc90000	0.0245361328125	0x1.9200000000000p-6	201	8192	normal	1379220
2810	3cca	3cca0000	0.024658203125	0x1.9400000000000p-6	101	4096	normal	1373876
2811	3ccb	3ccb0000	0.0247802734375	0x1.9600000000000p-6	203	8192	normal	1367081
2812	3ccc	3ccc0000	0.02490234375	0x1.9800000000000p-6	51	2048	normal	1359835
2813	3ccd	3ccd0000	0.0250244140625	0x1.9a00000000000p-6	205	8192	normal	1353892
2814	3cce	3cce0000	0.025146484375	0x1.9c00000000000p-6	103	4096	normal	1347756
2815	3ccf	3ccf0000	0.0252685546875	0x1.9e00000000000p-6	207	8192	normal	1341832
2816	3cd0	3cd00000	0.025390625	0x1.a000000000000p-6	13	512	normal	1335826
2817	3cd1	3cd10000	0.0255126953125	0x1.a200000000000p-6	209	8192	normal	1329364
2818	3cd2	3cd20000	0.025634765625	0x1.a400000000000p-6	105	4096	normal	1322585
2819	3cd3	3cd30000	0.0257568359375	0x1.a600000000000p-6	211	8192	normal	1316469
2820	3cd4	3cd40000	0.02587890625	0x1.a800000000000p-6	53	2048	normal	1311086
2821	3cd5	3cd50000	0.0260009765625	0x1.aa00000000000p-6	213	8192	normal	1305587
2822	3cd6	3cd60000	0.026123046875	0x1.ac00000000000p-6	107	4096	normal	1297242
2823	3cd7	3cd70000	0.0262451171875	0x1.ae00000000000p-6	215	8192	normal	1291449
2824	3cd8	3cd80000	0.0263671875	0x1.b000000000000p-6	27	1024	normal	1288077
2825	3cd9	3cd90000	0.0264892578125	0x1.b200000000000p-6	217	8192	normal	1279870
2826	3cda	3cda0000	0.026611328125	0x1.b400000000000p-6	109	4096	normal	1275262
2827	3cdb	3cdb0000	0.0267333984375	0x1.b600000000000p-6	219	8192	normal	1268511
2828	3cdc	3cdc0000	0.02685546875	0x1.b800000000000p-6	55	2048	normal	1261116
2829	3cdd	3cdd0000	0.0269775390625	0x1.ba00000000000p-6	221	8192	normal	1259280
2830	3cde	3cde0000	0.027099609375	0x1.bc00000000000p-6	111	4096	normal	1254075
2831	3cdf	3cdf0000	0.0272216796875	0x1.be00000000000p-6	223	8192	normal	1248473
2832	3ce0	3ce00000	0.02734375	0x1.c000000000000p-6	7	256	normal	1242187
2833	3ce1	3ce10000	0.0274658203125	0x1.c200000000000p-6	225	8192	normal	1235322
2834	3ce2	3ce20000	0.027587890625	0x1.c400000000000p-6	113	4096	normal	1229871
2835	3ce3	3ce30000	0.0277099609375	0x1.c600000000000p-6	227	8192	normal	1222914
2836	3ce4	3ce40000	0.02783203125	0x1.c800000000000p-6	57	2048	normal	1216041
2837	3ce5	3ce50000	0.0279541015625	0x1.ca00000000000p-6	229	8192	normal	1209716
2838	3ce6	3ce60000	0.028076171875	0x1.cc00000000000p-6	115	4096	normal	1203275
2839	3ce7	3ce70000	0.0281982421875	0x1.ce00000000000p-6	231	8192	normal	1197842
2840	3ce8	3ce80000	0.0283203125	0x1.d000000000000p-6	29	1024	normal	1190794
2841	3ce9	3ce90000	0.0284423828125	0x1.d200000000000p-6	233	8192	normal	1185071
2842	3cea	3cea0000	0.028564453125	0x1.d400000000000p-6	117	4096	normal	1181119
2843	3ceb	3ceb0000	0.0286865234375	0x1.d600000000000p-6	235	8192	normal	1172975
2844	3cec	3cec0000	0.02880859375	0x1.d800000000000p-6	59	2048	normal	1169211
2845	3ced	3ced0000	0.0289306640625	0x1.da00000000000p-6	237	8192	normal	1158772
2846	3cee	3cee0000	0.029052734375	0x1.dc00000000000p-6	119	4096	normal	1154721
2847	3cef	3cef0000	0.0291748046875	0x1.de00000000000p-6	239	8192	normal	1150261
2848	3cf0	3cf00000	0.029296875	0x1.e000000000000p-6	15	512	normal	1144139
2849	3cf1	3cf10000	0.0294189453125	0x1.e200000000000p-6	241	8192	normal	1138963
2850	3cf2	3cf20000	0.029541015625	0x1.e400000000000p-6	121	4096	normal	1133193
2851	3cf3	3cf30000	0.0296630859375	0x1.e600000000000p-6	243	8192	normal	1128630
2852	3cf4	3cf40000	0.02978515625	0x1.e800000000000p-6	61	2048	normal	1123128
2853	3cf5	3cf50000	0.0299072265625	0x1.ea00000000000p-6	245	8192	normal	1117251
2854	3cf6	3cf60000	0.030029296875	0x1.ec00000000000p-6	123	4096	normal	1112491
2855	3cf7	3cf70000	0.0301513671875	0x1.ee00000000000p-6	247	8192	normal	1106544
2856	3cf8	3cf80000	0.0302734375	0x1.f000000000000p-6	31	1024	normal	1103845
2857	3cf9	3cf90000	0.0303955078125	0x1.f200000000000p-6	249	8192	normal	1095268
2858	3cfa	3cfa0000	0.030517578125	0x1.f400000000000p-6	125	4096	normal	1091788
2859	3cfb	3cfb0000	0.0306396484375	0x1.f600000000000p-6	251	8192	normal	1087575
2860	3cfc	3cfc0000	0.03076171875	0x1.f800000000000p-6	63	2048	normal	1086949
2861	3cfd	3cfd0000	0.0308837890625	0x1.fa00000000000p-6	253	8192	normal	1080654
2862	3cfe	3cfe0000	0.031005859375	0x1.fc00000000000p-6	127	4096	normal	1081162
2863	3cff	3cff0000	0.0311279296875	0x1.fe00000000000p-6	255	8192	normal	1143253
2864	3d00	3d000000	0.03125	0x1.0000000000000p-5	1	32	normal	1464506
2865	3d01	3d010000	0.031494140625	0x1.0200000000000p-5	129	4096	normal	2031265
2866	3d02	3d020000	0.03173828125	0x1.0400000000000p-5	65	2048	normal	2034615
2867	3d03	3d030000	0.031982421875	0x1.0600000000000p-5	131	4096	normal	2022471
2868	3d04	3d040000	0.0322265625	0x1.0800000000000p-5	33	1024	normal	2004114
2869	3d05	3d050000	0.032470703125	0x1.0a00000000000p-5	133	4096	normal	1984064
2870	3d06	3d060000	0.03271484375	0x1.0c00000000000p-5	67	2048	normal	1962973
2871	3d07	3d070000	0.032958984375	0x1.0e00000000000p-5	135	4096	normal	1942959
2872	3d08	3d080000	0.033203125	0x1.1000000000000p-5	17	512	normal	1924489
2873	3d09	3d090000	0.033447265625	0x1.1200000000000p-5	137	4096	normal	1900717
2874	3d0a	3d0a0000	0.03369140625	0x1.1400000000000p-5	69	2048	normal	1884722
2875	3d0b	3d0b0000	0.033935546875	0x1.1600000000000p-5	139	4096	normal	1863446
2876	3d0c	3d0c0000	0.0341796875	0x1.1800000000000p-5	35	1024	normal	1836374
2877	3d0d	3d0d0000	0.034423828125	0x1.1a00000000000p-5	141	4096	normal	1812096
2878	3d0e	3d0e0000	0.03466796875	0x1.1c00000000000p-5	71	2048	normal	1789922
2879	3d0f	3d0f0000	0.034912109375	0x1.1e00000000000p-5	143	4096	normal	1768805
2880	3d10	3d100000	0.03515625	0x1.2000000000000p-5	9	256	normal	1746986
2881	3d11	3d110000	0.035400390625	0x1.2200000000000p-5	145	4096	normal	1727081
2882	3d12	3d120000	0.03564453125	0x1.2400000000000p-5	73	2048	normal	1706639
2883	3d13	3d130000	0.035888671875	0x1.2600000000000p-5	147	4096	normal	1684406
2884	3d14	3d140000	0.0361328125	0x1.2800000000000p-5	37	1024	normal	1663305
2885	3d15	3d150000	0.036376953125	0x1.2a00000000000p-5	149	4096	normal	1644632
2886	3d16	3d160000	0.03662109375	0x1.2c00000000000p-5	75	2048	normal	1623296
2887	3d17	3d170000	0.036865234375	0x1.2e00000000000p-5	151	4096	normal	1600545
2888	3d18	3d180000	0.037109375	0x1.3000000000000p-5	19	512	normal	1580955
2889	3d19	3d190000	0.037353515625	0x1.3200000000000p-5	153	4096	normal	1558840
2890	3d1a	3d1a0000	0.03759765625	0x1.3400000000000p-5	77	2048	normal	1542316
2891	3d1b	3d1b0000	0.037841796875	0x1.3600000000000p-5	155	4096	normal	1524492
2892	3d1c	3d1c0000	0.0380859375	0x1.3800000000000p-5	39	1024	normal	1504556
2893	3d1d	3d1d0000	0.038330078125	0x1.3a00000000000p-5	157	4096	normal	1486002
2894	3d1e	3d1e0000	0.03857421875	0x1.3c00000000000p-5	79	2048	normal	1464198
2895	3d1f	3d1f0000	0.038818359375	0x1.3e00000000000p-5	159	4096	normal	1451179
2896	3d20	3d200000	0.0390625	0x1.4000000000000p-5	5	128	normal	1433517
2897	3d21	3d210000	0.039306640625	0x1.4200000000000p-5	161	4096	normal	1410528
2898	3d22	3d220000	0.03955078125	0x1.4400000000000p-5	81	2048	normal	1390054
2899	3d23	3d230000	0.039794921875	0x1.4600000000000p-5	163	4096	normal	1368522
2900	3d24	3d240000	0.0400390625	0x1.4800000000000p-5	41	1024	normal	1350337
2901	3d25	3d250000	0.040283203125	0x1.4a00000000000p-5	165	4096	normal	1332928
2902	3d26	3d260000	0.04052734375	0x1.4c00000000000p-5	83	2048	normal	1313838
2903	3d27	3d270000	0.040771484375	0x1.4e00000000000p-5	167	4096	normal	1297383
2904	3d28	3d280000	0.041015625	0x1.5000000000000p-5	21	512	normal	1279235
2905	3d29	3d290000	0.041259765625	0x1.5200000000000p-5	169	4096	normal	1259683
2906	3d2a	3d2a0000	0.04150390625	0x1.5400000000000p-5	85	2048	normal	1241479
2907	3d2b	3d2b0000	0.041748046875	0x1.5600000000000p-5	171	4096	normal	1224372
2908	3d2c	3d2c0000	0.0419921875	0x1.5800000000000p-5	43	1024	normal	1208023
2909	3d2d	3d2d0000	0.042236328125	0x1.5a00000000000p-5	173	4096	normal	1191121
2910	3d2e	3d2e0000	0.04248046875	0x1.5c00000000000p-5	87	2048	normal	1173618
2911	3d2f	3d2f0000	0.042724609375	0x1.5e00000000000p-5	175	4096	normal	1157350
2912	3d30	3d300000	0.04296875	0x1.6000000000000p-5	11	256	normal	1141593
2913	3d31	3d310000	0.043212890625	0x1.6200000000000p-5	177	4096	normal	1123234
2914	3d32	3d320000	0.04345703125	0x1.6400000000000p-5	89	2048	normal	1108917
2915	3d33	3d330000	0.043701171875	0x1.6600000000000p-5	179	4096	normal	1093948
2916	3d34	3d340000	0.0439453125	0x1.6800000000000p-5	45	1024	normal	1079725
2917	3d35	3d350000	0.044189453125	0x1.6a00000000000p-5	181	4096	normal	1065129
2918	3d36	3d360000	0.04443359375	0x1.6c00000000000p-5	91	2048	normal	1046103
2919	3d37	3d370000	0.044677734375	0x1.6e00000000000p-5	183	4096	normal	1028526
2920	3d38	3d380000	0.044921875	0x1.7000000000000p-5	23	512	normal	1014401
2921	3d39	3d390000	0.045166015625	0x1.7200000000000p-5	185	4096	normal	998673
2922	3d3a	3d3a0000	0.04541015625	0x1.7400000000000p-5	93	2048	normal	986008
2923	3d3b	3d3b0000	0.045654296875	0x1.7600000000000p-5	187	4096	normal	968184
2924	3d3c	3d3c0000	0.0458984375	0x1.7800000000000p-5	47	1024	normal	953362
2925	3d3d	3d3d0000	0.046142578125	0x1.7a00000000000p-5	189	4096	normal	938350
2926	3d3e	3d3e0000	0.04638671875	0x1.7c00000000000p-5	95	2048	normal	924588
2927	3d3f	3d3f0000	0.046630859375	0x1.7e00000000000p-5	191	4096	normal	909003
2928	3d40	3d400000	0.046875	0x1.8000000000000p-5	3	64	normal	896917
2929	3d41	3d410000	0.047119140625	0x1.8200000000000p-5	193	4096	normal	881231
2930	3d42	3d420000	0.04736328125	0x1.8400000000000p-5	97	2048	normal	869627
2931	3d43	3d430000	0.047607421875	0x1.8600000000000p-5	195	4096	normal	853929
2932	3d44	3d440000	0.0478515625	0x1.8800000000000p-5	49	1024	normal	839843
2933	3d45	3d450000	0.048095703125	0x1.8a00000000000p-5	197	4096	normal	826701
2934	3d46	3d460000	0.04833984375	0x1.8c00000000000p-5	99	2048	normal	812926
2935	3d47	3d470000	0.048583984375	0x1.8e00000000000p-5	199	4096	normal	802041
2936	3d48	3d480000	0.048828125	0x1.9000000000000p-5	25	512	normal	790059
2937	3d49	3d490000	0.049072265625	0x1.9200000000000p-5	201	4096	normal	777369
2938	3d4a	3d4a0000	0.04931640625	0x1.9400000000000p-5	101	2048	normal	766635
2939	3d4b	3d4b0000	0.049560546875	0x1.9600000000000p-5	203	4096	normal	755845
2940	3d4c	3d4c0000	0.0498046875	0x1.9800000000000p-5	51	1024	normal	739541
2941	3d4d	3d4d0000	0.050048828125	0x1.9a00000000000p-5	205	4096	normal	728007
2942	3d4e	3d4e0000	0.05029296875	0x1.9c00000000000p-5	103	2048	normal	715747
2943	3d4f	3d4f0000	0.050537109375	0x1.9e00000000000p-5	207	4096	normal	703185
2944	3d50	3d500000	0.05078125	0x1.a000000000000p-5	13	256	normal	691130
2945	3d51	3d510000	0.051025390625	0x1.a200000000000p-5	209	4096	normal	680679
2946	3d52	3d520000	0.05126953125	0x1.a400000000000p-5	105	2048	normal	668164
2947	3d53	3d530000	0.051513671875	0x1.a600000000000p-5	211	4096	normal	656224
2948	3d54	3d540000	0.0517578125	0x1.a800000000000p-5	53	1024	normal	644530
2949	3d55	3d550000	0.052001953125	0x1.aa00000000000p-5	213	4096	normal	637179
2950	3d56	3d560000	0.05224609375	0x1.ac00000000000p-5	107	2048	normal	622962
2951	3d57	3d570000	0.052490234375	0x1.ae00000000000p-5	215	4096	normal	613497
2952	3d58	3d580000	0.052734375	0x1.b000000000000p-5	27	512	normal	601981
2953	3d59	3d590000	0.052978515625	0x1.b200000000000p-5	217	4096	normal	592572
2954	3d5a	3d5a0000	0.05322265625	0x1.b400000000000p-5	109	2048	normal	582079
2955	3d5b	3d5b0000	0.053466796875	0x1.b600000000000p-5	219	4096	normal	572950
2956	3d5c	3d5c0000	0.0537109375	0x1.b800000000000p-5	55	1024	normal	560534
2957	3d5d	3d5d0000	0.053955078125	0x1.ba00000000000p-5	221	4096	normal	552004
2958	3d5e	3d5e0000	0.05419921875	0x1.bc00000000000p-5	111	2048	normal	543800
2959	3d5f	3d5f0000	0.054443359375	0x1.be00000000000p-5	223	4096	normal	535179
2960	3d60	3d600000	0.0546875	0x1.c000000000000p-5	7	128	normal	526270
2961	3d61	3d610000	0.054931640625	0x1.c200000000000p-5	225	4096	normal	516280
2962	3d62	3d620000	0.05517578125	0x1.c400000000000p-5	113	2048	normal	506003
2963	3d63	3d630000	0.055419921875	0x1.c600000000000p-5	227	4096	normal	495551
2964	3d64	3d640000	0.0556640625	0x1.c800000000000p-5	57	1024	normal	487946
2965	3d65	3d650000	0.055908203125	0x1.ca00000000000p-5	229	4096	normal	478690
2966	3d66	3d660000	0.05615234375	0x1.cc00000000000p-5	115	2048	normal	470238
2967	3d67	3d670000	0.056396484375	0x1.ce00000000000p-5	231	4096	normal	460627
2968	3d68	3d680000	0.056640625	0x1.d000000000000p-5	29	512	normal	451853
2969	3d69	3d690000	0.056884765625	0x1.d200000000000p-5	233	4096	normal	443692
2970	3d6a	3d6a0000	0.05712890625	0x1.d400000000000p-5	117	2048	normal	437876
2971	3d6b	3d6b0000	0.057373046875	0x1.d600000000000p-5	235	4096	normal	428035
2972	3d6c	3d6c0000	0.0576171875	0x1.d800000000000p-5	59	1024	normal	420376
2973	3d6d	3d6d0000	0.057861328125	0x1.da00000000000p-5	237	4096	normal	411946
2974	3d6e	3d6e0000	0.05810546875	0x1.dc00000000000p-5	119	2048	normal	404683
2975	3d6f	3d6f0000	0.058349609375	0x1.de00000000000p-5	239	4096	normal	396970
2976	3d70	3d700000	0.05859375	0x1.e000000000000p-5	15	256	normal	388067
2977	3d71	3d710000	0.058837890625	0x1.e200000000000p-5	241	4096	normal	382366
2978	3d72	3d720000	0.05908203125	0x1.e400000000000p-5	121	2048	normal	375431
2979	3d73	3d730000	0.059326171875	0x1.e600000000000p-5	243	4096	normal	369324
2980	3d74	3d740000	0.0595703125	0x1.e800000000000p-5	61	1024	normal	363906
2981	3d75	3d750000	0.059814453125	0x1.ea00000000000p-5	245	4096	normal	356688
2982	3d76	3d760000	0.06005859375	0x1.ec00000000000p-5	123	2048	normal	349509
2983	3d77	3d770000	0.060302734375	0x1.ee00000000000p-5	247	4096	normal	342931
2984	3d78	3d780000	0.060546875	0x1.f000000000000p-5	31	512	normal	334849
2985	3d79	3d790000	0.060791015625	0x1.f200000000000p-5	249	4096	normal	328925
2986	3d7a	3d7a0000	0.06103515625	0x1.f400000000000p-5	125	2048	normal	322239
2987	3d7b	3d7b0000	0.061279296875	0x1.f600000000000p-5	251	4096	normal	316477
2988	3d7c	3d7c0000	0.0615234375	0x1.f800000000000p-5	63	1024	normal	311140
2989	3d7d	3d7d0000	0.061767578125	0x1.fa00000000000p-5	253	4096	normal	308701
2990	3d7e	3d7e0000	0.06201171875	0x1.fc00000000000p-5	127	2048	normal	307555
2991	3d7f	3d7f0000	0.062255859375	0x1.fe00000000000p-5	255	4096	normal	307179
2992	3d80	3d800000	0.0625	0x1.0000000000000p-4	1	16	normal	389338
2993	3d81	3d810000	0.06298828125	0x1.0200000000000p-4	129	2048	normal	531697
2994	3d82	3d820000	0.0634765625	0x1.0400000000000p-4	65	1024	normal	523031
2995	3d83	3d830000	0.06396484375	0x1.0600000000000p-4	131	2048	normal	506162
2996	3d84	3d840000	0.064453125	0x1.0800000000000p-4	33	512	normal	486327
2997	3d85	3d850000	0.06494140625	0x1.0a00000000000p-4	133	2048	normal	467427
2998	3d86	3d860000	0.0654296875	0x1.0c00000000000p-4	67	1024	normal	448508
2999	3d87	3d870000	0.06591796875	0x1.0e00000000000p-4	135	2048	normal	431123
3000	3d88	3d880000	0.06640625	0x1.1000000000000p-4	17	256	normal	413399
3001	3d89	3d890000	0.06689453125	0x1.1200000000000p-4	137	2048	normal	398085
3002	3d8a	3d8a0000	0.0673828125	0x1.1400000000000p-4	69	1024	normal	381759
3003	3d8b	3d8b0000	0.06787109375	0x1.1600000000000p-4	139	2048	normal	366114
3004	3d8c	3d8c0000	0.068359375	0x1.1800000000000p-4	35	512	normal	350211
3005	3d8d	3d8d0000	0.06884765625	0x1.1a00000000000p-4	141	2048	normal	332726
3006	3d8e	3d8e0000	0.0693359375	0x1.1c00000000000p-4	71	1024	normal	320089
3007	3d8f	3d8f0000	0.06982421875	0x1.1e00000000000p-4	143	2048	normal	306663
3008	3d90	3d900000	0.0703125	0x1.2000000000000p-4	9	128	normal	293981
3009	3d91	3d910000	0.07080078125	0x1.2200000000000p-4	145	2048	normal	281728
3010	3d92	3d920000	0.0712890625	0x1.2400000000000p-4	73	1024	normal	269556
3011	3d93	3d930000	0.07177734375	0x1.2600000000000p-4	147	2048	normal	258129
3012	3d94	3d940000	0.072265625	0x1.2800000000000p-4	37	512	normal	247004
3013	3d95	3d950000	0.07275390625	0x1.2a00000000000p-4	149	2048	normal	235815
3014	3d96	3d960000	0.0732421875	0x1.2c00000000000p-4	75	1024	normal	225212
3015	3d97	3d970000	0.07373046875	0x1.2e00000000000p-4	151	2048	normal	215589
3016	3d98	3d980000	0.07421875	0x1.3000000000000p-4	19	256	normal	205896
3017	3d99	3d990000	0.07470703125	0x1.3200000000000p-4	153	2048	normal	197320
3018	3d9a	3d9a0000	0.0751953125	0x1.3400000000000p-4	77	1024	normal	188119
3019	3d9b	3d9b0000	0.07568359375	0x1.3600000000000p-4	155	2048	normal	180453
3020	3d9c	3d9c0000	0.076171875	0x1.3800000000000p-4	39	512	normal	171789
3021	3d9d	3d9d0000	0.07666015625	0x1.3a00000000000p-4	157	2048	normal	163870
3022	3d9e	3d9e0000	0.0771484375	0x1.3c00000000000p-4	79	1024	normal	156106
3023	3d9f	3d9f0000	0.07763671875	0x1.3e00000000000p-4	159	2048	normal	150774
3024	3da0	3da00000	0.078125	0x1.4000000000000p-4	5	64	normal	144059
3025	3da1	3da10000	0.07861328125	0x1.4200000000000p-4	161	2048	normal	136417
3026	3da2	3da20000	0.0791015625	0x1.4400000000000p-4	81	1024	normal	130087
3027	3da3	3da30000	0.07958984375	0x1.4600000000000p-4	163	2048	normal	124201
3028	3da4	3da40000	0.080078125	0x1.4800000000000p-4	41	512	normal	118986
3029	3da5	3da50000	0.08056640625	0x1.4a00000000000p-4	165	2048	normal	113273
3030	3da6	3da60000	0.0810546875	0x1.4c00000000000p-4	83	1024	normal	108076
3031	3da7	3da70000	0.08154296875	0x1.4e00000000000p-4	167	2048	normal	102923
3032	3da8	3da80000	0.08203125	0x1.5000000000000p-4	21	256	normal	98770
3033	3da9	3da90000	0.08251953125	0x1.5200000000000p-4	169	2048	normal	93559
3034	3daa	3daa0000	0.0830078125	0x1.5400000000000p-4	85	1024	normal	89163
3035	3dab	3dab0000	0.08349609375	0x1.5600000000000p-4	171	2048	normal	85497
3036	3dac	3dac0000	0.083984375	0x1.5800000000000p-4	43	512	normal	81011
3037	3dad	3dad0000	0.08447265625	0x1.5a00000000000p-4	173	2048	normal	77568
3038	3dae	3dae0000	0.0849609375	0x1.5c00000000000p-4	87	1024	normal	73952
3039	3daf	3daf0000	0.08544921875	0x1.5e00000000000p-4	175	2048	normal	70192
3040	3db0	3db00000	0.0859375	0x1.6000000000000p-4	11	128	normal	67116
3041	3db1	3db10000	0.08642578125	0x1.6200000000000p-4	177	2048	normal	64134
3042	3db2	3db20000	0.0869140625	0x1.6400000000000p-4	89	1024	normal	61289
3043	3db3	3db30000	0.08740234375	0x1.6600000000000p-4	179	2048	normal	57608
3044	3db4	3db40000	0.087890625	0x1.6800000000000p-4	45	512	normal	55345
3045	3db5	3db50000	0.08837890625	0x1.6a00000000000p-4	181	2048	normal	53034
3046	3db6	3db60000	0.0888671875	0x1.6c00000000000p-4	91	1024	normal	50254
3047	3db7	3db70000	0.08935546875	0x1.6e00000000000p-4	183	2048	normal	47707
3048	3db8	3db80000	0.08984375	0x1.7000000000000p-4	23	256	normal	45328
3049	3db9	3db90000	0.09033203125	0x1.7200000000000p-4	185	2048	normal	43286
3050	3dba	3dba0000	0.0908203125	0x1.7400000000000p-4	93	1024	normal	40882
3051	3dbb	3dbb0000	0.09130859375	0x1.7600000000000p-4	187	2048	normal	39421
3052	3dbc	3dbc0000	0.091796875	0x1.7800000000000p-4	47	512	normal	37289
3053	3dbd	3dbd0000	0.09228515625	0x1.7a00000000000p-4	189	2048	normal	35240
3054	3dbe	3dbe0000	0.0927734375	0x1.7c00000000000p-4	95	1024	normal	33643
3055	3dbf	3dbf0000	0.09326171875	0x1.7e00000000000p-4	191	2048	normal	32118
3056	3dc0	3dc00000	0.09375	0x1.8000000000000p-4	3	32	normal	30567
3057	3dc1	3dc10000	0.09423828125	0x1.8200000000000p-4	193	2048	normal	28818
3058	3dc2	3dc20000	0.0947265625	0x1.8400000000000p-4	97	1024	normal	27684
3059	3dc3	3dc30000	0.09521484375	0x1.8600000000000p-4	195	2048	normal	26461
3060	3dc4	3dc40000	0.095703125	0x1.8800000000000p-4	49	512	normal	25157
3061	3dc5	3dc50000	0.09619140625	0x1.8a00000000000p-4	197	2048	normal	23752
3062	3dc6	3dc60000	0.0966796875	0x1.8c00000000000p-4	99	1024	normal	22681
3063	3dc7	3dc70000	0.09716796875	0x1.8e00000000000p-4	199	2048	normal	21780
3064	3dc8	3dc80000	0.09765625	0x1.9000000000000p-4	25	256	normal	20662
3065	3dc9	3dc90000	0.09814453125	0x1.9200000000000p-4	201	2048	normal	19631
3066	3dca	3dca0000	0.0986328125	0x1.9400000000000p-4	101	1024	normal	18799
3067	3dcb	3dcb0000	0.09912109375	0x1.9600000000000p-4	203	2048	normal	18078
3068	3dcc	3dcc0000	0.099609375	0x1.9800000000000p-4	51	512	normal	16945
3069	3dcd	3dcd0000	0.10009765625	0x1.9a00000000000p-4	205	2048	normal	16156
3070	3dce	3dce0000	0.1005859375	0x1.9c00000000000p-4	103	1024	normal	15439
3071	3dcf	3dcf0000	0.10107421875	0x1.9e00000000000p-4	207	2048	normal	14636
3072	3dd0	3dd00000	0.1015625	0x1.a000000000000p-4	13	128	normal	13889
3073	3dd1	3dd10000	0.10205078125	0x1.a200000000000p-4	209	2048	normal	13218
3074	3dd2	3dd20000	0.1025390625	0x1.a400000000000p-4	105	1024	normal	12663
3075	3dd3	3dd30000	0.10302734375	0x1.a600000000000p-4	211	2048	normal	11931
3076	3dd4	3dd40000	0.103515625	0x1.a800000000000p-4	53	512	normal	11415
3077	3dd5	3dd50000	0.10400390625	0x1.aa00000000000p-4	213	2048	normal	11149
3078	3dd6	3dd60000	0.1044921875	0x1.ac00000000000p-4	107	1024	normal	10633
3079	3dd7	3dd70000	0.10498046875	0x1.ae00000000000p-4	215	2048	normal	9924
3080	3dd8	3dd80000	0.10546875	0x1.b000000000000p-4	27	256	normal	9494
3081	3dd9	3dd90000	0.10595703125	0x1.b200000000000p-4	217	2048	normal	8915
3082	3dda	3dda0000	0.1064453125	0x1.b400000000000p-4	109	1024	normal	8584
3083	3ddb	3ddb0000	0.10693359375	0x1.b600000000000p-4	219	2048	normal	8082
3084	3ddc	3ddc0000	0.107421875	0x1.b800000000000p-4	55	512	normal	7866
3085	3ddd	3ddd0000	0.10791015625	0x1.ba00000000000p-4	221	2048	normal	7371
3086	3dde	3dde0000	0.1083984375	0x1.bc00000000000p-4	111	1024	normal	7262
3087	3ddf	3ddf0000	0.10888671875	0x1.be00000000000p-4	223	2048	normal	6843
3088	3de0	3de00000	0.109375	0x1.c000000000000p-4	7	64	normal	6685
3089	3de1	3de10000	0.10986328125	0x1.c200000000000p-4	225	2048	normal	6413
3090	3de2	3de20000	0.1103515625	0x1.c400000000000p-4	113	1024	normal	5969
3091	3de3	3de30000	0.11083984375	0x1.c600000000000p-4	227	2048	normal	5737
3092	3de4	3de40000	0.111328125	0x1.c800000000000p-4	57	512	normal	5443
3093	3de5	3de50000	0.11181640625	0x1.ca00000000000p-4	229	2048	normal	5226
3094	3de6	3de60000	0.1123046875	0x1.cc00000000000p-4	115	1024	normal	4996
3095	3de7	3de70000	0.11279296875	0x1.ce00000000000p-4	231	2048	normal	4874
3096	3de8	3de80000	0.11328125	0x1.d000000000000p-4	29	256	normal	4815
3097	3de9	3de90000	0.11376953125	0x1.d200000000000p-4	233	2048	normal	4474
3098	3dea	3dea0000	0.1142578125	0x1.d400000000000p-4	117	1024	normal	4287
3099	3deb	3deb0000	0.11474609375	0x1.d600000000000p-4	235	2048	normal	4107
3100	3dec	3dec0000	0.115234375	0x1.d800000000000p-4	59	512	normal	3877
3101	3ded	3ded0000	0.11572265625	0x1.da00000000000p-4	237	2048	normal	3836
3102	3dee	3dee0000	0.1162109375	0x1.dc00000000000p-4	119	1024	normal	3615
3103	3def	3def0000	0.11669921875	0x1.de00000000000p-4	239	2048	normal	3585
3104	3df0	3df00000	0.1171875	0x1.e000000000000p-4	15	128	normal	3484
3105	3df1	3df10000	0.11767578125	0x1.e200000000000p-4	241	2048	normal	3266
3106	3df2	3df20000	0.1181640625	0x1.e400000000000p-4	121	1024	normal	3196
3107	3df3	3df30000	0.11865234375	0x1.e600000000000p-4	243	2048	normal	3121
3108	3df4	3df40000	0.119140625	0x1.e800000000000p-4	61	512	normal	2952
3109	3df5	3df50000	0.11962890625	0x1.ea00000000000p-4	245	2048	normal	2912
3110	3df6	3df60000	0.1201171875	0x1.ec00000000000p-4	123	1024	normal	2792
3111	3df7	3df70000	0.12060546875	0x1.ee00000000000p-4	247	2048	normal	2638
3112	3df8	3df80000	0.12109375	0x1.f000000000000p-4	31	256	normal	2533
3113	3df9	3df90000	0.12158203125	0x1.f200000000000p-4	249	2048	normal	2503
3114	3dfa	3dfa0000	0.1220703125	0x1.f400000000000p-4	125	1024	normal	2264
3115	3dfb	3dfb0000	0.12255859375	0x1.f600000000000p-4	251	2048	normal	2312
3116	3dfc	3dfc0000	0.123046875	0x1.f800000000000p-4	63	512	normal	2115
3117	3dfd	3dfd0000	0.12353515625	0x1.fa00000000000p-4	253	2048	normal	2080
3118	3dfe	3dfe0000	0.1240234375	0x1.fc00000000000p-4	127	1024	normal	2123
3119	3dff	3dff0000	0.12451171875	0x1.fe00000000000p-4	255	2048	normal	2161
3120	3e00	3e000000	0.125	0x1.0000000000000p-3	1	8	normal	2414
3121	3e01	3e010000	0.1259765625	0x1.0200000000000p-3	129	1024	normal	3683
3122	3e02	3e020000	0.126953125	0x1.0400000000000p-3	65	512	normal	3514
3123	3e03	3e030000	0.1279296875	0x1.0600000000000p-3	131	1024	normal	3220
3124	3e04	3e040000	0.12890625	0x1.0800000000000p-3	33	256	normal	3080
3125	3e05	3e050000	0.1298828125	0x1.0a00000000000p-3	133	1024	normal	2889
3126	3e06	3e060000	0.130859375	0x1.0c00000000000p-3	67	512	normal	2751
3127	3e07	3e070000	0.1318359375	0x1.0e00000000000p-3	135	1024	normal	2611
3128	3e08	3e080000	0.1328125	0x1.1000000000000p-3	17	128	normal	2493
3129	3e09	3e090000	0.1337890625	0x1.1200000000000p-3	137	1024	normal	2352
3130	3e0a	3e0a0000	0.134765625	0x1.1400000000000p-3	69	512	normal	2229
3131	3e0b	3e0b0000	0.1357421875	0x1.1600000000000p-3	139	1024	normal	2160
3132	3e0c	3e0c0000	0.13671875	0x1.1800000000000p-3	35	256	normal	2002
3133	3e0d	3e0d0000	0.1376953125	0x1.1a00000000000p-3	141	1024	normal	1838
3134	3e0e	3e0e0000	0.138671875	0x1.1c00000000000p-3	71	512	normal	1733
3135	3e0f	3e0f0000	0.1396484375	0x1.1e00000000000p-3	143	1024	normal	1603
3136	3e10	3e100000	0.140625	0x1.2000000000000p-3	9	64	normal	1546
3137	3e11	3e110000	0.1416015625	0x1.2200000000000p-3	145	1024	normal	1406
3138	3e12	3e120000	0.142578125	0x1.2400000000000p-3	73	512	normal	1448
3139	3e13	3e130000	0.1435546875	0x1.2600000000000p-3	147	1024	normal	1283
3140	3e14	3e140000	0.14453125	0x1.2800000000000p-3	37	256	normal	1278
3141	3e15	3e150000	0.1455078125	0x1.2a00000000000p-3	149	1024	normal	1219
3142	3e16	3e160000	0.146484375	0x1.2c00000000000p-3	75	512	normal	1078
3143	3e17	3e170000	0.1474609375	0x1.2e00000000000p-3	151	1024	normal	999
3144	3e18	3e180000	0.1484375	0x1.3000000000000p-3	19	128	normal	957
3145	3e19	3e190000	0.1494140625	0x1.3200000000000p-3	153	1024	normal	938
3146	3e1a	3e1a0000	0.150390625	0x1.3400000000000p-3	77	512	normal	893
3147	3e1b	3e1b0000	0.1513671875	0x1.3600000000000p-3	155	1024	normal	823
3148	3e1c	3e1c0000	0.15234375	0x1.3800000000000p-3	39	256	normal	761
3149	3e1d	3e1d0000	0.1533203125	0x1.3a00000000000p-3	157	1024	normal	755
3150	3e1e	3e1e0000	0.154296875	0x1.3c00000000000p-3	79	512	normal	719
3151	3e1f	3e1f0000	0.1552734375	0x1.3e00000000000p-3	159	1024	normal	703
3152	3e20	3e200000	0.15625	0x1.4000000000000p-3	5	32	normal	716
3153	3e21	3e210000	0.1572265625	0x1.4200000000000p-3	161	1024	normal	600
3154	3e22	3e220000	0.158203125	0x1.4400000000000p-3	81	512	normal	610
3155	3e23	3e230000	0.1591796875	0x1.4600000000000p-3	163	1024	normal	609
3156	3e24	3e240000	0.16015625	0x1.4800000000000p-3	41	256	normal	560
3157	3e25	3e250000	0.1611328125	0x1.4a00000000000p-3	165	1024	normal	500
3158	3e26	3e260000	0.162109375	0x1.4c00000000000p-3	83	512	normal	493
3159	3e27	3e270000	0.1630859375	0x1.4e00000000000p-3	167	1024	normal	437
3160	3e28	3e280000	0.1640625	0x1.5000000000000p-3	21	128	normal	467
3161	3e29	3e290000	0.1650390625	0x1.5200000000000p-3	169	1024	normal	478
3162	3e2a	3e2a0000	0.166015625	0x1.5400000000000p-3	85	512	normal	434
3163	3e2b	3e2b0000	0.1669921875	0x1.5600000000000p-3	171	1024	normal	437
3164	3e2c	3e2c0000	0.16796875	0x1.5800000000000p-3	43	256	normal	429
3165	3e2d	3e2d0000	0.1689453125	0x1.5a00000000000p-3	173	1024	normal	393
3166	3e2e	3e2e0000	0.169921875	0x1.5c00000000000p-3	87	512	normal	388
3167	3e2f	3e2f0000	0.1708984375	0x1.5e00000000000p-3	175	1024	normal	374
3168	3e30	3e300000	0.171875	0x1.6000000000000p-3	11	64	normal	394
3169	3e31	3e310000	0.1728515625	0x1.6200000000000p-3	177	1024	normal	402
3170	3e32	3e320000	0.173828125	0x1.6400000000000p-3	89	512	normal	349
3171	3e33	3e330000	0.1748046875	0x1.6600000000000p-3	179	1024	normal	374
3172	3e34	3e340000	0.17578125	0x1.6800000000000p-3	45	256	normal	383
3173	3e35	3e350000	0.1767578125	0x1.6a00000000000p-3	181	1024	normal	383
3174	3e36	3e360000	0.177734375	0x1.6c00000000000p-3	91	512	normal	356
3175	3e37	3e370000	0.1787109375	0x1.6e00000000000p-3	183	1024	normal	373
3176	3e38	3e380000	0.1796875	0x1.7000000000000p-3	23	128	normal	314
3177	3e39	3e390000	0.1806640625	0x1.7200000000000p-3	185	1024	normal	338
3178	3e3a	3e3a0000	0.181640625	0x1.7400000000000p-3	93	512	normal	324
3179	3e3b	3e3b0000	0.1826171875	0x1.7600000000000p-3	187	1024	normal	316
3180	3e3c	3e3c0000	0.18359375	0x1.7800000000000p-3	47	256	normal	293
3181	3e3d	3e3d0000	0.1845703125	0x1.7a00000000000p-3	189	1024	normal	312
3182	3e3e	3e3e0000	0.185546875	0x1.7c00000000000p-3	95	512	normal	306
3183	3e3f	3e3f0000	0.1865234375	0x1.7e00000000000p-3	191	1024	normal	337
3184	3e40	3e400000	0.1875	0x1.8000000000000p-3	3	16	normal	309
3185	3e41	3e410000	0.1884765625	0x1.8200000000000p-3	193	1024	normal	280
3186	3e42	3e420000	0.189453125	0x1.8400000000000p-3	97	512	normal	300
3187	3e43	3e430000	0.1904296875	0x1.8600000000000p-3	195	1024	normal	293
3188	3e44	3e440000	0.19140625	0x1.8800000000000p-3	49	256	normal	312
3189	3e45	3e450000	0.1923828125	0x1.8a00000000000p-3	197	1024	normal	302
3190	3e46	3e460000	0.193359375	0x1.8c00000000000p-3	99	512	normal	317
3191	3e47	3e470000	0.1943359375	0x1.8e00000000000p-3	199	1024	normal	301
3192	3e48	3e480000	0.1953125	0x1.9000000000000p-3	25	128	normal	320
3193	3e49	3e490000	0.1962890625	0x1.9200000000000p-3	201	1024	normal	306
3194	3e4a	3e4a0000	0.197265625	0x1.9400000000000p-3	101	512	normal	324
3195	3e4b	3e4b0000	0.1982421875	0x1.9600000000000p-3	203	1024	normal	333
3196	3e4c	3e4c0000	0.19921875	0x1.9800000000000p-3	51	256	normal	340
3197	3e4d	3e4d0000	0.2001953125	0x1.9a00000000000p-3	205	1024	normal	307
3198	3e4e	3e4e0000	0.201171875	0x1.9c00000000000p-3	103	512	normal	309
3199	3e4f	3e4f0000	0.2021484375	0x1.9e00000000000p-3	207	1024	normal	285
3200	3e50	3e500000	0.203125	0x1.a000000000000p-3	13	64	normal	305
3201	3e51	3e510000	0.2041015625	0x1.a200000000000p-3	209	1024	normal	319
3202	3e52	3e520000	0.205078125	0x1.a400000000000p-3	105	512	normal	293
3203	3e53	3e530000	0.2060546875	0x1.a600000000000p-3	211	1024	normal	327
3204	3e54	3e540000	0.20703125	0x1.a800000000000p-3	53	256	normal	318
3205	3e55	3e550000	0.2080078125	0x1.aa00000000000p-3	213	1024	normal	305
3206	3e56	3e560000	0.208984375	0x1.ac00000000000p-3	107	512	normal	284
3207	3e57	3e570000	0.2099609375	0x1.ae00000000000p-3	215	1024	normal	331
3208	3e58	3e580000	0.2109375	0x1.b000000000000p-3	27	128	normal	304
3209	3e59	3e590000	0.2119140625	0x1.b200000000000p-3	217	1024	normal	331
3210	3e5a	3e5a0000	0.212890625	0x1.b400000000000p-3	109	512	normal	329
3211	3e5b	3e5b0000	0.2138671875	0x1.b600000000000p-3	219	1024	normal	307
3212	3e5c	3e5c0000	0.21484375	0x1.b800000000000p-3	55	256	normal	314
3213	3e5d	3e5d0000	0.2158203125	0x1.ba00000000000p-3	221	1024	normal	278
3214	3e5e	3e5e0000	0.216796875	0x1.bc00000000000p-3	111	512	normal	311
3215	3e5f	3e5f0000	0.2177734375	0x1.be00000000000p-3	223	1024	normal	319
3216	3e60	3e600000	0.21875	0x1.c000000000000p-3	7	32	normal	305
3217	3e61	3e610000	0.2197265625	0x1.c200000000000p-3	225	1024	normal	287
3218	3e62	3e620000	0.220703125	0x1.c400000000000p-3	113	512	normal	320
3219	3e63	3e630000	0.2216796875	0x1.c600000000000p-3	227	1024	normal	304
3220	3e64	3e640000	0.22265625	0x1.c800000000000p-3	57	256	normal	279
3221	3e65	3e650000	0.2236328125	0x1.ca00000000000p-3	229	1024	normal	315
3222	3e66	3e660000	0.224609375	0x1.cc00000000000p-3	115	512	normal	317
3223	3e67	3e670000	0.2255859375	0x1.ce00000000000p-3	231	1024	normal	265
3224	3e68	3e680000	0.2265625	0x1.d000000000000p-3	29	128	normal	270
3225	3e69	3e690000	0.2275390625	0x1.d200000000000p-3	233	1024	normal	308
3226	3e6a	3e6a0000	0.228515625	0x1.d400000000000p-3	117	512	normal	317
3227	3e6b	3e6b0000	0.2294921875	0x1.d600000000000p-3	235	1024	normal	299
3228	3e6c	3e6c0000	0.23046875	0x1.d800000000000p-3	59	256	normal	280
3229	3e6d	3e6d0000	0.2314453125	0x1.da00000000000p-3	237	1024	normal	251
3230	3e6e	3e6e0000	0.232421875	0x1.dc00000000000p-3	119	512	normal	295
3231	3e6f	3e6f0000	0.2333984375	0x1.de00000000000p-3	239	1024	normal	278
3232	3e70	3e700000	0.234375	0x1.e000000000000p-3	15	64	normal	285
3233	3e71	3e710000	0.2353515625	0x1.e200000000000p-3	241	1024	normal	262
3234	3e72	3e720000	0.236328125	0x1.e400000000000p-3	121	512	normal	242
3235	3e73	3e730000	0.2373046875	0x1.e600000000000p-3	243	1024	normal	302
3236	3e74	3e740000	0.23828125	0x1.e800000000000p-3	61	256	normal	257
3237	3e75	3e750000	0.2392578125	0x1.ea00000000000p-3	245	1024	normal	254
3238	3e76	3e760000	0.240234375	0x1.ec00000000000p-3	123	512	normal	251
3239	3e77	3e770000	0.2412109375	0x1.ee00000000000p-3	247	1024	normal	271
3240	3e78	3e780000	0.2421875	0x1.f000000000000p-3	31	128	normal	233
3241	3e79	3e790000	0.2431640625	0x1.f200000000000p-3	249	1024	normal	245
3242	3e7a	3e7a0000	0.244140625	0x1.f400000000000p-3	125	512	normal	239
3243	3e7b	3e7b0000	0.2451171875	0x1.f600000000000p-3	251	1024	normal	255
3244	3e7c	3e7c0000	0.24609375	0x1.f800000000000p-3	63	256	normal	242
3245	3e7d	3e7d0000	0.2470703125	0x1.fa00000000000p-3	253	1024	normal	234
3246	3e7e	3e7e0000	0.248046875	0x1.fc00000000000p-3	127	512	normal	190
3247	3e7f	3e7f0000	0.2490234375	0x1.fe00000000000p-3	255	1024	normal	261
3248	3e80	3e800000	0.25	0x1.0000000000000p-2	1	4	normal	263
3249	3e81	3e810000	0.251953125	0x1.0200000000000p-2	129	512	normal	401
3250	3e82	3e820000	0.25390625	0x1.0400000000000p-2	65	256	normal	341
3251	3e83	3e830000	0.255859375	0x1.0600000000000p-2	131	512	normal	344
3252	3e84	3e840000	0.2578125	0x1.0800000000000p-2	33	128	normal	290
3253	3e85	3e850000	0.259765625	0x1.0a00000000000p-2	133	512	normal	281
3254	3e86	3e860000	0.26171875	0x1.0c00000000000p-2	67	256	normal	231
3255	3e87	3e870000	0.263671875	0x1.0e00000000000p-2	135	512	normal	227
3256	3e88	3e880000	0.265625	0x1.1000000000000p-2	17	64	normal	175
3257	3e89	3e890000	0.267578125	0x1.1200000000000p-2	137	512	normal	169
3258	3e8a	3e8a0000	0.26953125	0x1.1400000000000p-2	69	256	normal	157
3259	3e8b	3e8b0000	0.271484375	0x1.1600000000000p-2	139	512	normal	129
3260	3e8c	3e8c0000	0.2734375	0x1.1800000000000p-2	35	128	normal	122
3261	3e8d	3e8d0000	0.275390625	0x1.1a00000000000p-2	141	512	normal	72
3262	3e8e	3e8e0000	0.27734375	0x1.1c00000000000p-2	71	256	normal	79
3263	3e8f	3e8f0000	0.279296875	0x1.1e00000000000p-2	143	512	normal	63
3264	3e90	3e900000	0.28125	0x1.2000000000000p-2	9	32	normal	40
3265	3e91	3e910000	0.283203125	0x1.2200000000000p-2	145	512	normal	34
3266	3e92	3e920000	0.28515625	0x1.2400000000000p-2	73	256	normal	28
3267	3e93	3e930000	0.287109375	0x1.2600000000000p-2	147	512	normal	26
3268	3e94	3e940000	0.2890625	0x1.2800000000000p-2	37	128	normal	14
3269	3e95	3e950000	0.291015625	0x1.2a00000000000p-2	149	512	normal	13
3270	3e96	3e960000	0.29296875	0x1.2c00000000000p-2	75	256	normal	12
3271	3e97	3e970000	0.294921875	0x1.2e00000000000p-2	151	512	normal	8
3272	3e98	3e980000	0.296875	0x1.3000000000000p-2	19	64	normal	9
3273	3e99	3e990000	0.298828125	0x1.3200000000000p-2	153	512	normal	8
3274	3e9a	3e9a0000	0.30078125	0x1.3400000000000p-2	77	256	normal	7
3275	3e9b	3e9b0000	0.302734375	0x1.3600000000000p-2	155	512	normal	4
3276	3e9c	3e9c0000	0.3046875	0x1.3800000000000p-2	39	128	normal	5
3277	3e9d	3e9d0000	0.306640625	0x1.3a00000000000p-2	157	512	normal	5
3278	3e9e	3e9e0000	0.30859375	0x1.3c00000000000p-2	79	256	normal	3
3279	3e9f	3e9f0000	0.310546875	0x1.3e00000000000p-2	159	512	normal	1
3280	3ea0	3ea00000	0.3125	0x1.4000000000000p-2	5	16	normal	1
3281	3ea2	3ea20000	0.31640625	0x1.4400000000000p-2	81	256	normal	1
3282	3ea3	3ea30000	0.318359375	0x1.4600000000000p-2	163	512	normal	1
3283	3ea4	3ea40000	0.3203125	0x1.4800000000000p-2	41	128	normal	2
3284	3eb2	3eb20000	0.34765625	0x1.6400000000000p-2	89	256	normal	1
3285	3eb6	3eb60000	0.35546875	0x1.6c00000000000p-2	91	256	normal	1
3286	3eb9	3eb90000	0.361328125	0x1.7200000000000p-2	185	512	normal	1
3287	3eba	3eba0000	0.36328125	0x1.7400000000000p-2	93	256	normal	1
3288	3ed5	3ed50000	0.416015625	0x1.aa00000000000p-2	213	512	normal	1
3289	3ee6	3ee60000	0.44921875	0x1.cc00000000000p-2	115	256	normal	1
3290	3eee	3eee0000	0.46484375	0x1.dc00000000000p-2	119	256	normal	1
3291	ae25	ae250000	-3.751665644813329e-11	-0x1.4a00000000000p-35	-165	4398046511104	normal	1
3292	ae99	ae990000	-6.957634468562901e-11	-0x1.3200000000000p-34	-153	2199023255552	normal	1
3293	aeb4	aeb40000	-8.185452315956354e-11	-0x1.6800000000000p-34	-45	549755813888	normal	1
3294	aeb9	aeb90000	-8.412825991399586e-11	-0x1.7200000000000p-34	-185	2199023255552	normal	1
3295	af6b	af6b0000	-2.1373125491663814e-10	-0x1.d600000000000p-33	-235	1099511627776	normal	1
3296	af73	af730000	-2.2100721253082156e-10	-0x1.e600000000000p-33	-243	1099511627776	normal	1
3297	afbf	afbf0000	-3.474269760772586e-10	-0x1.7e00000000000p-32	-191	549755813888	normal	1
3298	afe3	afe30000	-4.129105946049094e-10	-0x1.c600000000000p-32	-227	549755813888	normal	1
3299	b003	b0030000	-4.765752237290144e-10	-0x1.0600000000000p-31	-131	274877906944	normal	1
3300	b00d	b00d0000	-5.129550117999315e-10	-0x1.1a00000000000p-31	-141	274877906944	normal	1
3301	b00e	b00e0000	-5.165929906070232e-10	-0x1.1c00000000000p-31	-71	137438953472	normal	1
3302	b01b	b01b0000	-5.638867150992155e-10	-0x1.3600000000000p-31	-155	274877906944	normal	1
3303	b04c	b04c0000	-7.421476766467094e-10	-0x1.9800000000000p-31	-51	68719476736	normal	1
3304	b05e	b05e0000	-8.076312951743603e-10	-0x1.bc00000000000p-31	-111	137438953472	normal	1
3305	b068	b0680000	-8.440110832452774e-10	-0x1.d000000000000p-31	-29	34359738368	normal	1
3306	b06a	b06a0000	-8.512870408594608e-10	-0x1.d400000000000p-31	-117	137438953472	normal	1
3307	b087	b0870000	-9.822542779147625e-10	-0x1.0e00000000000p-30	-135	137438953472	normal	1
3308	b0a3	b0a30000	-1.1859810911118984e-09	-0x1.4600000000000p-30	-163	137438953472	normal	1
3309	b0ae	b0ae0000	-1.2660166248679161e-09	-0x1.5c00000000000p-30	-87	68719476736	normal	1
3310	b0b1	b0b10000	-1.2878444977104664e-09	-0x1.6200000000000p-30	-177	137438953472	normal	1
3311	b0b5	b0b50000	-1.3169483281672e-09	-0x1.6a00000000000p-30	-181	137438953472	normal	2
3312	b0c5	b0c50000	-1.433363649994135e-09	-0x1.8a00000000000p-30	-197	137438953472	normal	1
3313	b0c9	b0c90000	-1.4624674804508686e-09	-0x1.9200000000000p-30	-201	137438953472	normal	1
3314	b0d0	b0d00000	-1.5133991837501526e-09	-0x1.a000000000000p-30	-13	8589934592	normal	1
3315	b0da	b0da0000	-1.5861587598919868e-09	-0x1.b400000000000p-30	-109	68719476736	normal	1
3316	b0de	b0de0000	-1.6152625903487206e-09	-0x1.bc00000000000p-30	-111	68719476736	normal	1
3317	b0e1	b0e10000	-1.6370904631912708e-09	-0x1.c200000000000p-30	-225	137438953472	normal	1
3318	b0e6	b0e60000	-1.673470251262188e-09	-0x1.cc00000000000p-30	-115	68719476736	normal	1
3319	b0f6	b0f60000	-1.7898855730891228e-09	-0x1.ec00000000000p-30	-123	68719476736	normal	1
3320	b0fa	b0fa0000	-1.8189894035458565e-09	-0x1.f400000000000p-30	-125	68719476736	normal	1
3321	b0fe	b0fe0000	-1.8480932340025902e-09	-0x1.fc00000000000p-30	-127	68719476736	normal	1
3322	b100	b1000000	-1.862645149230957e-09	-0x1.0000000000000p-29	-1	536870912	normal	2
3323	b10b	b10b0000	-2.0227162167429924e-09	-0x1.1600000000000p-29	-139	68719476736	normal	2
3324	b111	b1110000	-2.1100277081131935e-09	-0x1.2200000000000p-29	-145	68719476736	normal	1
3325	b113	b1130000	-2.1391315385699272e-09	-0x1.2600000000000p-29	-147	68719476736	normal	1
3326	b116	b1160000	-2.1827872842550278e-09	-0x1.2c00000000000p-29	-75	34359738368	normal	1
3327	b117	b1170000	-2.1973391994833946e-09	-0x1.2e00000000000p-29	-151	68719476736	normal	1
3328	b118	b1180000	-2.2118911147117615e-09	-0x1.3000000000000p-29	-19	8589934592	normal	1
3329	b119	b1190000	-2.2264430299401283e-09	-0x1.3200000000000p-29	-153	68719476736	normal	1
3330	b11f	b11f0000	-2.3137545213103294e-09	-0x1.3e00000000000p-29	-159	68719476736	normal	1
3331	b121	b1210000	-2.342858351767063e-09	-0x1.4200000000000p-29	-161	68719476736	normal	1
3332	b125	b1250000	-2.4010660126805305e-09	-0x1.4a00000000000p-29	-165	68719476736	normal	1
3333	b129	b1290000	-2.459273673593998e-09	-0x1.5200000000000p-29	-169	68719476736	normal	1
3334	b12a	b12a0000	-2.473825588822365e-09	-0x1.5400000000000p-29	-85	34359738368	normal	1
3335	b12f	b12f0000	-2.546585164964199e-09	-0x1.5e00000000000p-29	-175	68719476736	normal	1
3336	b131	b1310000	-2.5756889954209328e-09	-0x1.6200000000000p-29	-177	68719476736	normal	1
3337	b132	b1320000	-2.5902409106492996e-09	-0x1.6400000000000p-29	-89	34359738368	normal	1
3338	b139	b1390000	-2.6921043172478676e-09	-0x1.7200000000000p-29	-185	68719476736	normal	1
3339	b13b	b13b0000	-2.7212081477046013e-09	-0x1.7600000000000p-29	-187	68719476736	normal	1
3340	b13e	b13e0000	-2.764863893389702e-09	-0x1.7c00000000000p-29	-95	34359738368	normal	1
3341	b143	b1430000	-2.837623469531536e-09	-0x1.8600000000000p-29	-195	68719476736	normal	1
3342	b145	b1450000	-2.86672729998827e-09	-0x1.8a00000000000p-29	-197	68719476736	normal	1
3343	b147	b1470000	-2.8958311304450035e-09	-0x1.8e00000000000p-29	-199	68719476736	normal	1
3344	b14a	b14a0000	-2.939486876130104e-09	-0x1.9400000000000p-29	-101	34359738368	normal	1
3345	b14c	b14c0000	-2.9685907065868378e-09	-0x1.9800000000000p-29	-51	17179869184	normal	2
3346	b152	b1520000	-3.055902197957039e-09	-0x1.a400000000000p-29	-105	34359738368	normal	1
3347	b15c	b15c0000	-3.2014213502407074e-09	-0x1.b800000000000p-29	-55	17179869184	normal	1
3348	b15f	b15f0000	-3.245077095925808e-09	-0x1.be00000000000p-29	-223	68719476736	normal	1
3349	b161	b1610000	-3.2741809263825417e-09	-0x1.c200000000000p-29	-225	68719476736	normal	2
3350	b163	b1630000	-3.3032847568392754e-09	-0x1.c600000000000p-29	-227	68719476736	normal	1
3351	b16a	b16a0000	-3.4051481634378433e-09	-0x1.d400000000000p-29	-117	34359738368	normal	1
3352	b16b	b16b0000	-3.41970007866621e-09	-0x1.d600000000000p-29	-235	68719476736	normal	1
3353	b17d	b17d0000	-3.6816345527768135e-09	-0x1.fa00000000000p-29	-253	68719476736	normal	1
3354	b180	b1800000	-3.725290298461914e-09	-0x1.0000000000000p-28	-1	268435456	normal	2
3355	b182	b1820000	-3.7834979593753815e-09	-0x1.0400000000000p-28	-65	17179869184	normal	2
3356	b185	b1850000	-3.8708094507455826e-09	-0x1.0a00000000000p-28	-133	34359738368	normal	1
3357	b186	b1860000	-3.899913281202316e-09	-0x1.0c00000000000p-28	-67	17179869184	normal	1
3358	b189	b1890000	-3.987224772572517e-09	-0x1.1200000000000p-28	-137	34359738368	normal	1
3359	b18a	b18a0000	-4.016328603029251e-09	-0x1.1400000000000p-28	-69	17179869184	normal	2
3360	b18c	b18c0000	-4.0745362639427185e-09	-0x1.1800000000000p-28	-35	8589934592	normal	1
3361	b18d	b18d0000	-4.103640094399452e-09	-0x1.1a00000000000p-28	-141	34359738368	normal	1
3362	b18f	b18f0000	-4.16184775531292e-09	-0x1.1e00000000000p-28	-143	34359738368	normal	1
3363	b191	b1910000	-4.220055416226387e-09	-0x1.2200000000000p-28	-145	34359738368	normal	2
3364	b192	b1920000	-4.249159246683121e-09	-0x1.2400000000000p-28	-73	17179869184	normal	1
3365	b194	b1940000	-4.307366907596588e-09	-0x1.2800000000000p-28	-37	8589934592	normal	1
3366	b195	b1950000	-4.336470738053322e-09	-0x1.2a00000000000p-28	-149	34359738368	normal	1
3367	b1a0	b1a00000	-4.6566128730773926e-09	-0x1.4000000000000p-28	-5	1073741824	normal	1
3368	b1a1	b1a10000	-4.685716703534126e-09	-0x1.4200000000000p-28	-161	34359738368	normal	1
3369	b1a4	b1a40000	-4.773028194904327e-09	-0x1.4800000000000p-28	-41	8589934592	normal	2
3370	b1a5	b1a50000	-4.802132025361061e-09	-0x1.4a00000000000p-28	-165	34359738368	normal	1
3371	b1a6	b1a60000	-4.831235855817795e-09	-0x1.4c00000000000p-28	-83	17179869184	normal	1
3372	b1a8	b1a80000	-4.889443516731262e-09	-0x1.5000000000000p-28	-21	4294967296	normal	1
3373	b1aa	b1aa0000	-4.94765117764473e-09	-0x1.5400000000000p-28	-85	17179869184	normal	2
3374	b1ab	b1ab0000	-4.976755008101463e-09	-0x1.5600000000000p-28	-171	34359738368	normal	1
3375	b1ad	b1ad0000	-5.034962669014931e-09	-0x1.5a00000000000p-28	-173	34359738368	normal	1
3376	b1af	b1af0000	-5.093170329928398e-09	-0x1.5e00000000000p-28	-175	34359738368	normal	1
3377	b1b3	b1b30000	-5.209585651755333e-09	-0x1.6600000000000p-28	-179	34359738368	normal	1
3378	b1b4	b1b40000	-5.238689482212067e-09	-0x1.6800000000000p-28	-45	8589934592	normal	1
3379	b1b5	b1b50000	-5.2677933126688e-09	-0x1.6a00000000000p-28	-181	34359738368	normal	1
3380	b1b8	b1b80000	-5.3551048040390015e-09	-0x1.7000000000000p-28	-23	4294967296	normal	1
3381	b1bd	b1bd0000	-5.50062395632267e-09	-0x1.7a00000000000p-28	-189	34359738368	normal	1
3382	b1be	b1be0000	-5.529727786779404e-09	-0x1.7c00000000000p-28	-95	17179869184	normal	1
3383	b1c3	b1c30000	-5.675246939063072e-09	-0x1.8600000000000p-28	-195	34359738368	normal	1
3384	b1c6	b1c60000	-5.762558430433273e-09	-0x1.8c00000000000p-28	-99	17179869184	normal	1
3385	b1c7	b1c70000	-5.791662260890007e-09	-0x1.8e00000000000p-28	-199	34359738368	normal	1
3386	b1c8	b1c80000	-5.820766091346741e-09	-0x1.9000000000000p-28	-25	4294967296	normal	1
3387	b1ca	b1ca0000	-5.878973752260208e-09	-0x1.9400000000000p-28	-101	17179869184	normal	1
3388	b1cd	b1cd0000	-5.966285243630409e-09	-0x1.9a00000000000p-28	-205	34359738368	normal	2
3389	b1d1	b1d10000	-6.082700565457344e-09	-0x1.a200000000000p-28	-209	34359738368	normal	2
3390	b1d2	b1d20000	-6.111804395914078e-09	-0x1.a400000000000p-28	-105	17179869184	normal	1
3391	b1d5	b1d50000	-6.199115887284279e-09	-0x1.aa00000000000p-28	-213	34359738368	normal	2
3392	b1d7	b1d70000	-6.257323548197746e-09	-0x1.ae00000000000p-28	-215	34359738368	normal	1
3393	b1d8	b1d80000	-6.28642737865448e-09	-0x1.b000000000000p-28	-27	4294967296	normal	1
3394	b1da	b1da0000	-6.344635039567947e-09	-0x1.b400000000000p-28	-109	17179869184	normal	2
3395	b1dd	b1dd0000	-6.4319465309381485e-09	-0x1.ba00000000000p-28	-221	34359738368	normal	1
3396	b1e1	b1e10000	-6.548361852765083e-09	-0x1.c200000000000p-28	-225	34359738368	normal	1
3397	b1e4	b1e40000	-6.6356733441352844e-09	-0x1.c800000000000p-28	-57	8589934592	normal	1
3398	b1e5	b1e50000	-6.664777174592018e-09	-0x1.ca00000000000p-28	-229	34359738368	normal	1
3399	b1e7	b1e70000	-6.7229848355054855e-09	-0x1.ce00000000000p-28	-231	34359738368	normal	4
3400	b1e8	b1e80000	-6.752088665962219e-09	-0x1.d000000000000p-28	-29	4294967296	normal	1
3401	b1f0	b1f00000	-6.984919309616089e-09	-0x1.e000000000000p-28	-15	2147483648	normal	1
3402	b1f2	b1f20000	-7.043126970529556e-09	-0x1.e400000000000p-28	-121	17179869184	normal	1
3403	b1f4	b1f40000	-7.101334631443024e-09	-0x1.e800000000000p-28	-61	8589934592	normal	1
3404	b1f5	b1f50000	-7.130438461899757e-09	-0x1.ea00000000000p-28	-245	34359738368	normal	1
3405	b1f7	b1f70000	-7.188646122813225e-09	-0x1.ee00000000000p-28	-247	34359738368	normal	2
3406	b1f9	b1f90000	-7.246853783726692e-09	-0x1.f200000000000p-28	-249	34359738368	normal	1
3407	b1fa	b1fa0000	-7.275957614183426e-09	-0x1.f400000000000p-28	-125	17179869184	normal	1
3408	b203	b2030000	-7.62520357966423e-09	-0x1.0600000000000p-27	-131	17179869184	normal	1
3409	b206	b2060000	-7.799826562404633e-09	-0x1.0c00000000000p-27	-67	8589934592	normal	1
3410	b20b	b20b0000	-8.09086486697197e-09	-0x1.1600000000000p-27	-139	17179869184	normal	1
3411	b20d	b20d0000	-8.207280188798904e-09	-0x1.1a00000000000p-27	-141	17179869184	normal	1
3412	b20e	b20e0000	-8.265487849712372e-09	-0x1.1c00000000000p-27	-71	8589934592	normal	2
3413	b210	b2100000	-8.381903171539307e-09	-0x1.2000000000000p-27	-9	1073741824	normal	1
3414	b213	b2130000	-8.556526154279709e-09	-0x1.2600000000000p-27	-147	17179869184	normal	4
3415	b214	b2140000	-8.614733815193176e-09	-0x1.2800000000000p-27	-37	4294967296	normal	1
3416	b215	b2150000	-8.672941476106644e-09	-0x1.2a00000000000p-27	-149	17179869184	normal	3
3417	b216	b2160000	-8.731149137020111e-09	-0x1.2c00000000000p-27	-75	8589934592	normal	1
3418	b218	b2180000	-8.847564458847046e-09	-0x1.3000000000000p-27	-19	2147483648	normal	2
3419	b21a	b21a0000	-8.96397978067398e-09	-0x1.3400000000000p-27	-77	8589934592	normal	2
3420	b21c	b21c0000	-9.080395102500916e-09	-0x1.3800000000000p-27	-39	4294967296	normal	1
3421	b21d	b21d0000	-9.138602763414383e-09	-0x1.3a00000000000p-27	-157	17179869184	normal	3
3422	b21f	b21f0000	-9.255018085241318e-09	-0x1.3e00000000000p-27	-159	17179869184	normal	1
3423	b220	b2200000	-9.313225746154785e-09	-0x1.4000000000000p-27	-5	536870912	normal	1
3424	b221	b2210000	-9.371433407068253e-09	-0x1.4200000000000p-27	-161	17179869184	normal	1
3425	b222	b2220000	-9.42964106798172e-09	-0x1.4400000000000p-27	-81	8589934592	normal	2
3426	b226	b2260000	-9.66247171163559e-09	-0x1.4c00000000000p-27	-83	8589934592	normal	1
3427	b228	b2280000	-9.778887033462524e-09	-0x1.5000000000000p-27	-21	2147483648	normal	2
3428	b22b	b22b0000	-9.953510016202927e-09	-0x1.5600000000000p-27	-171	17179869184	normal	2
3429	b22c	b22c0000	-1.0011717677116394e-08	-0x1.5800000000000p-27	-43	4294967296	normal	1
3430	b22d	b22d0000	-1.0069925338029861e-08	-0x1.5a00000000000p-27	-173	17179869184	normal	1
3431	b22e	b22e0000	-1.0128132998943329e-08	-0x1.5c00000000000p-27	-87	8589934592	normal	3
3432	b22f	b22f0000	-1.0186340659856796e-08	-0x1.5e00000000000p-27	-175	17179869184	normal	2
3433	b230	b2300000	-1.0244548320770264e-08	-0x1.6000000000000p-27	-11	1073741824	normal	2
3434	b231	b2310000	-1.0302755981683731e-08	-0x1.6200000000000p-27	-177	17179869184	normal	5
3435	b233	b2330000	-1.0419171303510666e-08	-0x1.6600000000000p-27	-179	17179869184	normal	1
3436	b234	b2340000	-1.0477378964424133e-08	-0x1.6800000000000p-27	-45	4294967296	normal	1
3437	b235	b2350000	-1.05355866253376e-08	-0x1.6a00000000000p-27	-181	17179869184	normal	1
3438	b236	b2360000	-1.0593794286251068e-08	-0x1.6c00000000000p-27	-91	8589934592	normal	5
3439	b237	b2370000	-1.0652001947164536e-08	-0x1.6e00000000000p-27	-183	17179869184	normal	1
3440	b238	b2380000	-1.0710209608078003e-08	-0x1.7000000000000p-27	-23	2147483648	normal	2
3441	b239	b2390000	-1.076841726899147e-08	-0x1.7200000000000p-27	-185	17179869184	normal	4
3442	b23a	b23a0000	-1.0826624929904938e-08	-0x1.7400000000000p-27	-93	8589934592	normal	1
3443	b23c	b23c0000	-1.0943040251731873e-08	-0x1.7800000000000p-27	-47	4294967296	normal	2
3444	b23e	b23e0000	-1.1059455573558807e-08	-0x1.7c00000000000p-27	-95	8589934592	normal	1
3445	b243	b2430000	-1.1350493878126144e-08	-0x1.8600000000000p-27	-195	17179869184	normal	3
3446	b245	b2450000	-1.146690919995308e-08	-0x1.8a00000000000p-27	-197	17179869184	normal	3
3447	b246	b2460000	-1.1525116860866547e-08	-0x1.8c00000000000p-27	-99	8589934592	normal	1
3448	b247	b2470000	-1.1583324521780014e-08	-0x1.8e00000000000p-27	-199	17179869184	normal	1
3449	b248	b2480000	-1.1641532182693481e-08	-0x1.9000000000000p-27	-25	2147483648	normal	2
3450	b24b	b24b0000	-1.1816155165433884e-08	-0x1.9600000000000p-27	-203	17179869184	normal	2
3451	b24c	b24c0000	-1.1874362826347351e-08	-0x1.9800000000000p-27	-51	4294967296	normal	1
3452	b24e	b24e0000	-1.1990778148174286e-08	-0x1.9c00000000000p-27	-103	8589934592	normal	1
3453	b250	b2500000	-1.210719347000122e-08	-0x1.a000000000000p-27	-13	1073741824	normal	1
3454	b252	b2520000	-1.2223608791828156e-08	-0x1.a400000000000p-27	-105	8589934592	normal	1
3455	b253	b2530000	-1.2281816452741623e-08	-0x1.a600000000000p-27	-211	17179869184	normal	2
3456	b255	b2550000	-1.2398231774568558e-08	-0x1.aa00000000000p-27	-213	17179869184	normal	3
3457	b256	b2560000	-1.2456439435482025e-08	-0x1.ac00000000000p-27	-107	8589934592	normal	2
3458	b257	b2570000	-1.2514647096395493e-08	-0x1.ae00000000000p-27	-215	17179869184	normal	2
3459	b259	b2590000	-1.2631062418222427e-08	-0x1.b200000000000p-27	-217	17179869184	normal	2
3460	b25b	b25b0000	-1.2747477740049362e-08	-0x1.b600000000000p-27	-219	17179869184	normal	2
3461	b25d	b25d0000	-1.2863893061876297e-08	-0x1.ba00000000000p-27	-221	17179869184	normal	1
3462	b25f	b25f0000	-1.2980308383703232e-08	-0x1.be00000000000p-27	-223	17179869184	normal	1
3463	b264	b2640000	-1.3271346688270569e-08	-0x1.c800000000000p-27	-57	4294967296	normal	1
3464	b265	b2650000	-1.3329554349184036e-08	-0x1.ca00000000000p-27	-229	17179869184	normal	1
3465	b267	b2670000	-1.3445969671010971e-08	-0x1.ce00000000000p-27	-231	17179869184	normal	3
3466	b268	b2680000	-1.3504177331924438e-08	-0x1.d000000000000p-27	-29	2147483648	normal	3
3467	b269	b2690000	-1.3562384992837906e-08	-0x1.d200000000000p-27	-233	17179869184	normal	2
3468	b26a	b26a0000	-1.3620592653751373e-08	-0x1.d400000000000p-27	-117	8589934592	normal	1
3469	b26b	b26b0000	-1.367880031466484e-08	-0x1.d600000000000p-27	-235	17179869184	normal	2
3470	b26c	b26c0000	-1.3737007975578308e-08	-0x1.d800000000000p-27	-59	4294967296	normal	1
3471	b26d	b26d0000	-1.3795215636491776e-08	-0x1.da00000000000p-27	-237	17179869184	normal	1
3472	b26e	b26e0000	-1.3853423297405243e-08	-0x1.dc00000000000p-27	-119	8589934592	normal	2
3473	b272	b2720000	-1.4086253941059113e-08	-0x1.e400000000000p-27	-121	8589934592	normal	1
3474	b275	b2750000	-1.4260876923799515e-08	-0x1.ea00000000000p-27	-245	17179869184	normal	2
3475	b277	b2770000	-1.437729224562645e-08	-0x1.ee00000000000p-27	-247	17179869184	normal	4
3476	b278	b2780000	-1.4435499906539917e-08	-0x1.f000000000000p-27	-31	2147483648	normal	3
3477	b279	b2790000	-1.4493707567453384e-08	-0x1.f200000000000p-27	-249	17179869184	normal	1
3478	b27a	b27a0000	-1.4551915228366852e-08	-0x1.f400000000000p-27	-125	8589934592	normal	1
3479	b27b	b27b0000	-1.461012288928032e-08	-0x1.f600000000000p-27	-251	17179869184	normal	2
3480	b27c	b27c0000	-1.4668330550193787e-08	-0x1.f800000000000p-27	-63	4294967296	normal	1
3481	b27d	b27d0000	-1.4726538211107254e-08	-0x1.fa00000000000p-27	-253	17179869184	normal	3
3482	b27e	b27e0000	-1.4784745872020721e-08	-0x1.fc00000000000p-27	-127	8589934592	normal	1
3483	b27f	b27f0000	-1.4842953532934189e-08	-0x1.fe00000000000p-27	-255	17179869184	normal	3
3484	b280	b2800000	-1.4901161193847656e-08	-0x1.0000000000000p-26	-1	67108864	normal	1
3485	b281	b2810000	-1.501757651567459e-08	-0x1.0200000000000p-26	-129	8589934592	normal	4
3486	b283	b2830000	-1.525040715932846e-08	-0x1.0600000000000p-26	-131	8589934592	normal	4
3487	b284	b2840000	-1.5366822481155396e-08	-0x1.0800000000000p-26	-33	2147483648	normal	2
3488	b286	b2860000	-1.5599653124809265e-08	-0x1.0c00000000000p-26	-67	4294967296	normal	3
3489	b287	b2870000	-1.57160684466362e-08	-0x1.0e00000000000p-26	-135	8589934592	normal	4
3490	b288	b2880000	-1.5832483768463135e-08	-0x1.1000000000000p-26	-17	1073741824	normal	3
3491	b289	b2890000	-1.594889909029007e-08	-0x1.1200000000000p-26	-137	8589934592	normal	2
3492	b28a	b28a0000	-1.6065314412117004e-08	-0x1.1400000000000p-26	-69	4294967296	normal	2
3493	b28b	b28b0000	-1.618172973394394e-08	-0x1.1600000000000p-26	-139	8589934592	normal	3
3494	b28c	b28c0000	-1.6298145055770874e-08	-0x1.1800000000000p-26	-35	2147483648	normal	5
3495	b28d	b28d0000	-1.641456037759781e-08	-0x1.1a00000000000p-26	-141	8589934592	normal	4
3496	b28e	b28e0000	-1.6530975699424744e-08	-0x1.1c00000000000p-26	-71	4294967296	normal	1
3497	b28f	b28f0000	-1.664739102125168e-08	-0x1.1e00000000000p-26	-143	8589934592	normal	2
3498	b290	b2900000	-1.6763806343078613e-08	-0x1.2000000000000p-26	-9	536870912	normal	2
3499	b291	b2910000	-1.6880221664905548e-08	-0x1.2200000000000p-26	-145	8589934592	normal	2
3500	b292	b2920000	-1.6996636986732483e-08	-0x1.2400000000000p-26	-73	4294967296	normal	5
3501	b293	b2930000	-1.7113052308559418e-08	-0x1.2600000000000p-26	-147	8589934592	normal	1
3502	b294	b2940000	-1.7229467630386353e-08	-0x1.2800000000000p-26	-37	2147483648	normal	1
3503	b295	b2950000	-1.7345882952213287e-08	-0x1.2a00000000000p-26	-149	8589934592	normal	1
3504	b296	b2960000	-1.7462298274040222e-08	-0x1.2c00000000000p-26	-75	4294967296	normal	3
3505	b297	b2970000	-1.7578713595867157e-08	-0x1.2e00000000000p-26	-151	8589934592	normal	2
3506	b298	b2980000	-1.7695128917694092e-08	-0x1.3000000000000p-26	-19	1073741824	normal	5
3507	b299	b2990000	-1.7811544239521027e-08	-0x1.3200000000000p-26	-153	8589934592	normal	3
3508	b29a	b29a0000	-1.792795956134796e-08	-0x1.3400000000000p-26	-77	4294967296	normal	3
3509	b29b	b29b0000	-1.8044374883174896e-08	-0x1.3600000000000p-26	-155	8589934592	normal	3
3510	b29c	b29c0000	-1.816079020500183e-08	-0x1.3800000000000p-26	-39	2147483648	normal	1
3511	b29d	b29d0000	-1.8277205526828766e-08	-0x1.3a00000000000p-26	-157	8589934592	normal	3
3512	b29e	b29e0000	-1.83936208486557e-08	-0x1.3c00000000000p-26	-79	4294967296	normal	2
3513	b2a0	b2a00000	-1.862645149230957e-08	-0x1.4000000000000p-26	-5	268435456	normal	1
3514	b2a1	b2a10000	-1.8742866814136505e-08	-0x1.4200000000000p-26	-161	8589934592	normal	2
3515	b2a2	b2a20000	-1.885928213596344e-08	-0x1.4400000000000p-26	-81	4294967296	normal	4
3516	b2a3	b2a30000	-1.8975697457790375e-08	-0x1.4600000000000p-26	-163	8589934592	normal	1
3517	b2a4	b2a40000	-1.909211277961731e-08	-0x1.4800000000000p-26	-41	2147483648	normal	3
3518	b2a5	b2a50000	-1.9208528101444244e-08	-0x1.4a00000000000p-26	-165	8589934592	normal	3
3519	b2a8	b2a80000	-1.955777406692505e-08	-0x1.5000000000000p-26	-21	1073741824	normal	3
3520	b2a9	b2a90000	-1.9674189388751984e-08	-0x1.5200000000000p-26	-169	8589934592	normal	2
3521	b2aa	b2aa0000	-1.979060471057892e-08	-0x1.5400000000000p-26	-85	4294967296	normal	2
3522	b2ab	b2ab0000	-1.9907020032405853e-08	-0x1.5600000000000p-26	-171	8589934592	normal	1
3523	b2ac	b2ac0000	-2.0023435354232788e-08	-0x1.5800000000000p-26	-43	2147483648	normal	2
3524	b2ad	b2ad0000	-2.0139850676059723e-08	-0x1.5a00000000000p-26	-173	8589934592	normal	1
3525	b2ae	b2ae0000	-2.0256265997886658e-08	-0x1.5c00000000000p-26	-87	4294967296	normal	1
3526	b2af	b2af0000	-2.0372681319713593e-08	-0x1.5e00000000000p-26	-175	8589934592	normal	4
3527	b2b0	b2b00000	-2.0489096641540527e-08	-0x1.6000000000000p-26	-11	536870912	normal	2
3528	b2b2	b2b20000	-2.0721927285194397e-08	-0x1.6400000000000p-26	-89	4294967296	normal	1
3529	b2b3	b2b30000	-2.0838342607021332e-08	-0x1.6600000000000p-26	-179	8589934592	normal	3
3530	b2b4	b2b40000	-2.0954757928848267e-08	-0x1.6800000000000p-26	-45	2147483648	normal	1
3531	b2b5	b2b50000	-2.10711732506752e-08	-0x1.6a00000000000p-26	-181	8589934592	normal	3
3532	b2b6	b2b60000	-2.1187588572502136e-08	-0x1.6c00000000000p-26	-91	4294967296	normal	2
3533	b2b7	b2b70000	-2.130400389432907e-08	-0x1.6e00000000000p-26	-183	8589934592	normal	3
3534	b2b8	b2b80000	-2.1420419216156006e-08	-0x1.7000000000000p-26	-23	1073741824	normal	5
3535	b2b9	b2b90000	-2.153683453798294e-08	-0x1.7200000000000p-26	-185	8589934592	normal	3
3536	b2ba	b2ba0000	-2.1653249859809875e-08	-0x1.7400000000000p-26	-93	4294967296	normal	1
3537	b2bb	b2bb0000	-2.176966518163681e-08	-0x1.7600000000000p-26	-187	8589934592	normal	1
3538	b2bc	b2bc0000	-2.1886080503463745e-08	-0x1.7800000000000p-26	-47	2147483648	normal	1
3539	b2bd	b2bd0000	-2.200249582529068e-08	-0x1.7a00000000000p-26	-189	8589934592	normal	1
3540	b2be	b2be0000	-2.2118911147117615e-08	-0x1.7c00000000000p-26	-95	4294967296	normal	3
3541	b2bf	b2bf0000	-2.223532646894455e-08	-0x1.7e00000000000p-26	-191	8589934592	normal	4
3542	b2c0	b2c00000	-2.2351741790771484e-08	-0x1.8000000000000p-26	-3	134217728	normal	2
3543	b2c1	b2c10000	-2.246815711259842e-08	-0x1.8200000000000p-26	-193	8589934592	normal	4
3544	b2c2	b2c20000	-2.2584572434425354e-08	-0x1.8400000000000p-26	-97	4294967296	normal	1
3545	b2c3	b2c30000	-2.270098775625229e-08	-0x1.8600000000000p-26	-195	8589934592	normal	2
3546	b2c4	b2c40000	-2.2817403078079224e-08	-0x1.8800000000000p-26	-49	2147483648	normal	2
3547	b2c5	b2c50000	-2.293381839990616e-08	-0x1.8a00000000000p-26	-197	8589934592	normal	1
3548	b2c6	b2c60000	-2.3050233721733093e-08	-0x1.8c00000000000p-26	-99	4294967296	normal	2
3549	b2c7	b2c70000	-2.3166649043560028e-08	-0x1.8e00000000000p-26	-199	8589934592	normal	2
3550	b2c9	b2c90000	-2.3399479687213898e-08	-0x1.9200000000000p-26	-201	8589934592	normal	2
3551	b2ca	b2ca0000	-2.3515895009040833e-08	-0x1.9400000000000p-26	-101	4294967296	normal	1
3552	b2cd	b2cd0000	-2.3865140974521637e-08	-0x1.9a00000000000p-26	-205	8589934592	normal	1
3553	b2ce	b2ce0000	-2.3981556296348572e-08	-0x1.9c00000000000p-26	-103	4294967296	normal	2
3554	b2cf	b2cf0000	-2.4097971618175507e-08	-0x1.9e00000000000p-26	-207	8589934592	normal	3
3555	b2d0	b2d00000	-2.421438694000244e-08	-0x1.a000000000000p-26	-13	536870912	normal	3
3556	b2d1	b2d10000	-2.4330802261829376e-08	-0x1.a200000000000p-26	-209	8589934592	normal	5
3557	b2d2	b2d20000	-2.444721758365631e-08	-0x1.a400000000000p-26	-105	4294967296	normal	1
3558	b2d4	b2d40000	-2.468004822731018e-08	-0x1.a800000000000p-26	-53	2147483648	normal	1
3559	b2d5	b2d50000	-2.4796463549137115e-08	-0x1.aa00000000000p-26	-213	8589934592	normal	4
3560	b2d6	b2d60000	-2.491287887096405e-08	-0x1.ac00000000000p-26	-107	4294967296	normal	2
3561	b2d7	b2d70000	-2.5029294192790985e-08	-0x1.ae00000000000p-26	-215	8589934592	normal	3
3562	b2d8	b2d80000	-2.514570951461792e-08	-0x1.b000000000000p-26	-27	1073741824	normal	2
3563	b2d9	b2d90000	-2.5262124836444855e-08	-0x1.b200000000000p-26	-217	8589934592	normal	7
3564	b2da	b2da0000	-2.537854015827179e-08	-0x1.b400000000000p-26	-109	4294967296	normal	1
3565	b2db	b2db0000	-2.5494955480098724e-08	-0x1.b600000000000p-26	-219	8589934592	normal	1
3566	b2dc	b2dc0000	-2.561137080192566e-08	-0x1.b800000000000p-26	-55	2147483648	normal	3
3567	b2dd	b2dd0000	-2.5727786123752594e-08	-0x1.ba00000000000p-26	-221	8589934592	normal	1
3568	b2de	b2de0000	-2.584420144557953e-08	-0x1.bc00000000000p-26	-111	4294967296	normal	3
3569	b2df	b2df0000	-2.5960616767406464e-08	-0x1.be00000000000p-26	-223	8589934592	normal	1
3570	b2e0	b2e00000	-2.60770320892334e-08	-0x1.c000000000000p-26	-7	268435456	normal	5
3571	b2e1	b2e10000	-2.6193447411060333e-08	-0x1.c200000000000p-26	-225	8589934592	normal	6
3572	b2e2	b2e20000	-2.6309862732887268e-08	-0x1.c400000000000p-26	-113	4294967296	normal	2
3573	b2e3	b2e30000	-2.6426278054714203e-08	-0x1.c600000000000p-26	-227	8589934592	normal	3
3574	b2e4	b2e40000	-2.6542693376541138e-08	-0x1.c800000000000p-26	-57	2147483648	normal	3
3575	b2e5	b2e50000	-2.6659108698368073e-08	-0x1.ca00000000000p-26	-229	8589934592	normal	2
3576	b2e6	b2e60000	-2.6775524020195007e-08	-0x1.cc00000000000p-26	-115	4294967296	normal	3
3577	b2e7	b2e70000	-2.6891939342021942e-08	-0x1.ce00000000000p-26	-231	8589934592	normal	1
3578	b2e8	b2e80000	-2.7008354663848877e-08	-0x1.d000000000000p-26	-29	1073741824	normal	1
3579	b2e9	b2e90000	-2.7124769985675812e-08	-0x1.d200000000000p-26	-233	8589934592	normal	2
3580	b2ea	b2ea0000	-2.7241185307502747e-08	-0x1.d400000000000p-26	-117	4294967296	normal	3
3581	b2eb	b2eb0000	-2.735760062932968e-08	-0x1.d600000000000p-26	-235	8589934592	normal	1
3582	b2ec	b2ec0000	-2.7474015951156616e-08	-0x1.d800000000000p-26	-59	2147483648	normal	2
3583	b2ed	b2ed0000	-2.759043127298355e-08	-0x1.da00000000000p-26	-237	8589934592	normal	5
3584	b2ee	b2ee0000	-2.7706846594810486e-08	-0x1.dc00000000000p-26	-119	4294967296	normal	6
3585	b2f0	b2f00000	-2.7939677238464355e-08	-0x1.e000000000000p-26	-15	536870912	normal	1
3586	b2f1	b2f10000	-2.805609256029129e-08	-0x1.e200000000000p-26	-241	8589934592	normal	3
3587	b2f2	b2f20000	-2.8172507882118225e-08	-0x1.e400000000000p-26	-121	4294967296	normal	3
3588	b2f3	b2f30000	-2.828892320394516e-08	-0x1.e600000000000p-26	-243	8589934592	normal	1
3589	b2f4	b2f40000	-2.8405338525772095e-08	-0x1.e800000000000p-26	-61	2147483648	normal	4
3590	b2f5	b2f50000	-2.852175384759903e-08	-0x1.ea00000000000p-26	-245	8589934592	normal	2
3591	b2f6	b2f60000	-2.8638169169425964e-08	-0x1.ec00000000000p-26	-123	4294967296	normal	3
3592	b2f8	b2f80000	-2.8870999813079834e-08	-0x1.f000000000000p-26	-31	1073741824	normal	4
3593	b2f9	b2f90000	-2.898741513490677e-08	-0x1.f200000000000p-26	-249	8589934592	normal	1
3594	b2fa	b2fa0000	-2.9103830456733704e-08	-0x1.f400000000000p-26	-125	4294967296	normal	1
3595	b2fb	b2fb0000	-2.922024577856064e-08	-0x1.f600000000000p-26	-251	8589934592	normal	4
3596	b2fc	b2fc0000	-2.9336661100387573e-08	-0x1.f800000000000p-26	-63	2147483648	normal	3
3597	b2fd	b2fd0000	-2.9453076422214508e-08	-0x1.fa00000000000p-26	-253	8589934592	normal	2
3598	b2fe	b2fe0000	-2.9569491744041443e-08	-0x1.fc00000000000p-26	-127	4294967296	normal	8
3599	b2ff	b2ff0000	-2.9685907065868378e-08	-0x1.fe00000000000p-26	-255	8589934592	normal	2
3600	b300	b3000000	-2.9802322387695312e-08	-0x1.0000000000000p-25	-1	33554432	normal	3
3601	b301	b3010000	-3.003515303134918e-08	-0x1.0200000000000p-25	-129	4294967296	normal	5
3602	b302	b3020000	-3.026798367500305e-08	-0x1.0400000000000p-25	-65	2147483648	normal	2
3603	b303	b3030000	-3.050081431865692e-08	-0x1.0600000000000p-25	-131	4294967296	normal	3
3604	b304	b3040000	-3.073364496231079e-08	-0x1.0800000000000p-25	-33	1073741824	normal	4
3605	b305	b3050000	-3.096647560596466e-08	-0x1.0a00000000000p-25	-133	4294967296	normal	1
3606	b306	b3060000	-3.119930624961853e-08	-0x1.0c00000000000p-25	-67	2147483648	normal	2
3607	b307	b3070000	-3.14321368932724e-08	-0x1.0e00000000000p-25	-135	4294967296	normal	3
3608	b308	b3080000	-3.166496753692627e-08	-0x1.1000000000000p-25	-17	536870912	normal	2
3609	b309	b3090000	-3.189779818058014e-08	-0x1.1200000000000p-25	-137	4294967296	normal	10
3610	b30a	b30a0000	-3.213062882423401e-08	-0x1.1400000000000p-25	-69	2147483648	normal	7
3611	b30b	b30b0000	-3.236345946788788e-08	-0x1.1600000000000p-25	-139	4294967296	normal	3
3612	b30c	b30c0000	-3.259629011154175e-08	-0x1.1800000000000p-25	-35	1073741824	normal	2
3613	b30d	b30d0000	-3.282912075519562e-08	-0x1.1a00000000000p-25	-141	4294967296	normal	5
3614	b30e	b30e0000	-3.306195139884949e-08	-0x1.1c00000000000p-25	-71	2147483648	normal	5
3615	b30f	b30f0000	-3.329478204250336e-08	-0x1.1e00000000000p-25	-143	4294967296	normal	4
3616	b310	b3100000	-3.3527612686157227e-08	-0x1.2000000000000p-25	-9	268435456	normal	5
3617	b311	b3110000	-3.3760443329811096e-08	-0x1.2200000000000p-25	-145	4294967296	normal	4
3618	b312	b3120000	-3.3993273973464966e-08	-0x1.2400000000000p-25	-73	2147483648	normal	5
3619	b313	b3130000	-3.4226104617118835e-08	-0x1.2600000000000p-25	-147	4294967296	normal	2
3620	b314	b3140000	-3.4458935260772705e-08	-0x1.2800000000000p-25	-37	1073741824	normal	7
3621	b315	b3150000	-3.4691765904426575e-08	-0x1.2a00000000000p-25	-149	4294967296	normal	1
3622	b316	b3160000	-3.4924596548080444e-08	-0x1.2c00000000000p-25	-75	2147483648	normal	3
3623	b317	b3170000	-3.5157427191734314e-08	-0x1.2e00000000000p-25	-151	4294967296	normal	1
3624	b318	b3180000	-3.5390257835388184e-08	-0x1.3000000000000p-25	-19	536870912	normal	3
3625	b319	b3190000	-3.562308847904205e-08	-0x1.3200000000000p-25	-153	4294967296	normal	3
3626	b31a	b31a0000	-3.585591912269592e-08	-0x1.3400000000000p-25	-77	2147483648	normal	2
3627	b31b	b31b0000	-3.608874976634979e-08	-0x1.3600000000000p-25	-155	4294967296	normal	2
3628	b31c	b31c0000	-3.632158041000366e-08	-0x1.3800000000000p-25	-39	1073741824	normal	4
3629	b31d	b31d0000	-3.655441105365753e-08	-0x1.3a00000000000p-25	-157	4294967296	normal	5
3630	b31e	b31e0000	-3.67872416973114e-08	-0x1.3c00000000000p-25	-79	2147483648	normal	4
3631	b31f	b31f0000	-3.702007234096527e-08	-0x1.3e00000000000p-25	-159	4294967296	normal	2
3632	b320	b3200000	-3.725290298461914e-08	-0x1.4000000000000p-25	-5	134217728	normal	5
3633	b321	b3210000	-3.748573362827301e-08	-0x1.4200000000000p-25	-161	4294967296	normal	4
3634	b322	b3220000	-3.771856427192688e-08	-0x1.4400000000000p-25	-81	2147483648	normal	2
3635	b323	b3230000	-3.795139491558075e-08	-0x1.4600000000000p-25	-163	4294967296	normal	4
3636	b324	b3240000	-3.818422555923462e-08	-0x1.4800000000000p-25	-41	1073741824	normal	4
3637	b325	b3250000	-3.841705620288849e-08	-0x1.4a00000000000p-25	-165	4294967296	normal	4
3638	b326	b3260000	-3.864988684654236e-08	-0x1.4c00000000000p-25	-83	2147483648	normal	8
3639	b327	b3270000	-3.888271749019623e-08	-0x1.4e00000000000p-25	-167	4294967296	normal	3
3640	b328	b3280000	-3.91155481338501e-08	-0x1.5000000000000p-25	-21	536870912	normal	3
3641	b329	b3290000	-3.934837877750397e-08	-0x1.5200000000000p-25	-169	4294967296	normal	3
3642	b32a	b32a0000	-3.958120942115784e-08	-0x1.5400000000000p-25	-85	2147483648	normal	4
3643	b32b	b32b0000	-3.9814040064811707e-08	-0x1.5600000000000p-25	-171	4294967296	normal	3
3644	b32c	b32c0000	-4.0046870708465576e-08	-0x1.5800000000000p-25	-43	1073741824	normal	5
3645	b32d	b32d0000	-4.0279701352119446e-08	-0x1.5a00000000000p-25	-173	4294967296	normal	2
3646	b32e	b32e0000	-4.0512531995773315e-08	-0x1.5c00000000000p-25	-87	2147483648	normal	5
3647	b32f	b32f0000	-4.0745362639427185e-08	-0x1.5e00000000000p-25	-175	4294967296	normal	3
3648	b330	b3300000	-4.0978193283081055e-08	-0x1.6000000000000p-25	-11	268435456	normal	3
3649	b331	b3310000	-4.1211023926734924e-08	-0x1.6200000000000p-25	-177	4294967296	normal	4
3650	b332	b3320000	-4.1443854570388794e-08	-0x1.6400000000000p-25	-89	2147483648	normal	2
3651	b333	b3330000	-4.1676685214042664e-08	-0x1.6600000000000p-25	-179	4294967296	normal	4
3652	b334	b3340000	-4.190951585769653e-08	-0x1.6800000000000p-25	-45	1073741824	normal	8
3653	b335	b3350000	-4.21423465013504e-08	-0x1.6a00000000000p-25	-181	4294967296	normal	7
3654	b336	b3360000	-4.237517714500427e-08	-0x1.6c00000000000p-25	-91	2147483648	normal	7
3655	b337	b3370000	-4.260800778865814e-08	-0x1.6e00000000000p-25	-183	4294967296	normal	1
3656	b338	b3380000	-4.284083843231201e-08	-0x1.7000000000000p-25	-23	536870912	normal	6
3657	b339	b3390000	-4.307366907596588e-08	-0x1.7200000000000p-25	-185	4294967296	normal	4
3658	b33a	b33a0000	-4.330649971961975e-08	-0x1.7400000000000p-25	-93	2147483648	normal	4
3659	b33b	b33b0000	-4.353933036327362e-08	-0x1.7600000000000p-25	-187	4294967296	normal	2
3660	b33c	b33c0000	-4.377216100692749e-08	-0x1.7800000000000p-25	-47	1073741824	normal	7
3661	b33d	b33d0000	-4.400499165058136e-08	-0x1.7a00000000000p-25	-189	4294967296	normal	6
3662	b33e	b33e0000	-4.423782229423523e-08	-0x1.7c00000000000p-25	-95	2147483648	normal	5
3663	b33f	b33f0000	-4.44706529378891e-08	-0x1.7e00000000000p-25	-191	4294967296	normal	7
3664	b340	b3400000	-4.470348358154297e-08	-0x1.8000000000000p-25	-3	67108864	normal	5
3665	b341	b3410000	-4.493631422519684e-08	-0x1.8200000000000p-25	-193	4294967296	normal	5
3666	b342	b3420000	-4.516914486885071e-08	-0x1.8400000000000p-25	-97	2147483648	normal	6
3667	b343	b3430000	-4.540197551250458e-08	-0x1.8600000000000p-25	-195	4294967296	normal	6
3668	b344	b3440000	-4.563480615615845e-08	-0x1.8800000000000p-25	-49	1073741824	normal	6
3669	b345	b3450000	-4.586763679981232e-08	-0x1.8a00000000000p-25	-197	4294967296	normal	3
3670	b346	b3460000	-4.6100467443466187e-08	-0x1.8c00000000000p-25	-99	2147483648	normal	4
3671	b347	b3470000	-4.6333298087120056e-08	-0x1.8e00000000000p-25	-199	4294967296	normal	8
3672	b348	b3480000	-4.6566128730773926e-08	-0x1.9000000000000p-25	-25	536870912	normal	2
3673	b349	b3490000	-4.6798959374427795e-08	-0x1.9200000000000p-25	-201	4294967296	normal	1
3674	b34a	b34a0000	-4.7031790018081665e-08	-0x1.9400000000000p-25	-101	2147483648	normal	4
3675	b34b	b34b0000	-4.7264620661735535e-08	-0x1.9600000000000p-25	-203	4294967296	normal	3
3676	b34c	b34c0000	-4.7497451305389404e-08	-0x1.9800000000000p-25	-51	1073741824	normal	5
3677	b34d	b34d0000	-4.7730281949043274e-08	-0x1.9a00000000000p-25	-205	4294967296	normal	3
3678	b34e	b34e0000	-4.7963112592697144e-08	-0x1.9c00000000000p-25	-103	2147483648	normal	3
3679	b34f	b34f0000	-4.819594323635101e-08	-0x1.9e00000000000p-25	-207	4294967296	normal	6
3680	b350	b3500000	-4.842877388000488e-08	-0x1.a000000000000p-25	-13	268435456	normal	4
3681	b351	b3510000	-4.866160452365875e-08	-0x1.a200000000000p-25	-209	4294967296	normal	4
3682	b352	b3520000	-4.889443516731262e-08	-0x1.a400000000000p-25	-105	2147483648	normal	5
3683	b353	b3530000	-4.912726581096649e-08	-0x1.a600000000000p-25	-211	4294967296	normal	6
3684	b354	b3540000	-4.936009645462036e-08	-0x1.a800000000000p-25	-53	1073741824	normal	2
3685	b355	b3550000	-4.959292709827423e-08	-0x1.aa00000000000p-25	-213	4294967296	normal	5
3686	b356	b3560000	-4.98257577419281e-08	-0x1.ac00000000000p-25	-107	2147483648	normal	6
3687	b357	b3570000	-5.005858838558197e-08	-0x1.ae00000000000p-25	-215	4294967296	normal	3
3688	b358	b3580000	-5.029141902923584e-08	-0x1.b000000000000p-25	-27	536870912	normal	3
3689	b359	b3590000	-5.052424967288971e-08	-0x1.b200000000000p-25	-217	4294967296	normal	7
3690	b35a	b35a0000	-5.075708031654358e-08	-0x1.b400000000000p-25	-109	2147483648	normal	3
3691	b35b	b35b0000	-5.098991096019745e-08	-0x1.b600000000000p-25	-219	4294967296	normal	3
3692	b35c	b35c0000	-5.122274160385132e-08	-0x1.b800000000000p-25	-55	1073741824	normal	8
3693	b35d	b35d0000	-5.145557224750519e-08	-0x1.ba00000000000p-25	-221	4294967296	normal	2
3694	b35e	b35e0000	-5.168840289115906e-08	-0x1.bc00000000000p-25	-111	2147483648	normal	5
3695	b35f	b35f0000	-5.192123353481293e-08	-0x1.be00000000000p-25	-223	4294967296	normal	2
3696	b360	b3600000	-5.21540641784668e-08	-0x1.c000000000000p-25	-7	134217728	normal	2
3697	b361	b3610000	-5.2386894822120667e-08	-0x1.c200000000000p-25	-225	4294967296	normal	1
3698	b362	b3620000	-5.2619725465774536e-08	-0x1.c400000000000p-25	-113	2147483648	normal	6
3699	b363	b3630000	-5.2852556109428406e-08	-0x1.c600000000000p-25	-227	4294967296	normal	2
3700	b364	b3640000	-5.3085386753082275e-08	-0x1.c800000000000p-25	-57	1073741824	normal	3
3701	b365	b3650000	-5.3318217396736145e-08	-0x1.ca00000000000p-25	-229	4294967296	normal	4
3702	b366	b3660000	-5.3551048040390015e-08	-0x1.cc00000000000p-25	-115	2147483648	normal	4
3703	b367	b3670000	-5.3783878684043884e-08	-0x1.ce00000000000p-25	-231	4294967296	normal	7
3704	b368	b3680000	-5.4016709327697754e-08	-0x1.d000000000000p-25	-29	536870912	normal	2
3705	b369	b3690000	-5.4249539971351624e-08	-0x1.d200000000000p-25	-233	4294967296	normal	5
3706	b36a	b36a0000	-5.448237061500549e-08	-0x1.d400000000000p-25	-117	2147483648	normal	1
3707	b36b	b36b0000	-5.471520125865936e-08	-0x1.d600000000000p-25	-235	4294967296	normal	5
3708	b36c	b36c0000	-5.494803190231323e-08	-0x1.d800000000000p-25	-59	1073741824	normal	3
3709	b36d	b36d0000	-5.51808625459671e-08	-0x1.da00000000000p-25	-237	4294967296	normal	3
3710	b36e	b36e0000	-5.541369318962097e-08	-0x1.dc00000000000p-25	-119	2147483648	normal	4
3711	b36f	b36f0000	-5.564652383327484e-08	-0x1.de00000000000p-25	-239	4294967296	normal	2
3712	b370	b3700000	-5.587935447692871e-08	-0x1.e000000000000p-25	-15	268435456	normal	3
3713	b371	b3710000	-5.611218512058258e-08	-0x1.e200000000000p-25	-241	4294967296	normal	2
3714	b372	b3720000	-5.634501576423645e-08	-0x1.e400000000000p-25	-121	2147483648	normal	8
3715	b373	b3730000	-5.657784640789032e-08	-0x1.e600000000000p-25	-243	4294967296	normal	1
3716	b374	b3740000	-5.681067705154419e-08	-0x1.e800000000000p-25	-61	1073741824	normal	4
3717	b375	b3750000	-5.704350769519806e-08	-0x1.ea00000000000p-25	-245	4294967296	normal	4
3718	b376	b3760000	-5.727633833885193e-08	-0x1.ec00000000000p-25	-123	2147483648	normal	5
3719	b377	b3770000	-5.75091689825058e-08	-0x1.ee00000000000p-25	-247	4294967296	normal	3
3720	b378	b3780000	-5.774199962615967e-08	-0x1.f000000000000p-25	-31	536870912	normal	6
3721	b379	b3790000	-5.797483026981354e-08	-0x1.f200000000000p-25	-249	4294967296	normal	4
3722	b37a	b37a0000	-5.820766091346741e-08	-0x1.f400000000000p-25	-125	2147483648	normal	3
3723	b37b	b37b0000	-5.844049155712128e-08	-0x1.f600000000000p-25	-251	4294967296	normal	2
3724	b37c	b37c0000	-5.8673322200775146e-08	-0x1.f800000000000p-25	-63	1073741824	normal	7
3725	b37d	b37d0000	-5.8906152844429016e-08	-0x1.fa00000000000p-25	-253	4294967296	normal	4
3726	b37e	b37e0000	-5.9138983488082886e-08	-0x1.fc00000000000p-25	-127	2147483648	normal	3
3727	b37f	b37f0000	-5.9371814131736755e-08	-0x1.fe00000000000p-25	-255	4294967296	normal	3
3728	b380	b3800000	-5.960464477539063e-08	-0x1.0000000000000p-24	-1	16777216	normal	4
3729	b381	b3810000	-6.007030606269836e-08	-0x1.0200000000000p-24	-129	2147483648	normal	7
3730	b382	b3820000	-6.05359673500061e-08	-0x1.0400000000000p-24	-65	1073741824	normal	10
3731	b383	b3830000	-6.100162863731384e-08	-0x1.0600000000000p-24	-131	2147483648	normal	12
3732	b384	b3840000	-6.146728992462158e-08	-0x1.0800000000000p-24	-33	536870912	normal	7
3733	b385	b3850000	-6.193295121192932e-08	-0x1.0a00000000000p-24	-133	2147483648	normal	9
3734	b386	b3860000	-6.239861249923706e-08	-0x1.0c00000000000p-24	-67	1073741824	normal	6
3735	b387	b3870000	-6.28642737865448e-08	-0x1.0e00000000000p-24	-135	2147483648	normal	7
3736	b388	b3880000	-6.332993507385254e-08	-0x1.1000000000000p-24	-17	268435456	normal	6
3737	b389	b3890000	-6.379559636116028e-08	-0x1.1200000000000p-24	-137	2147483648	normal	3
3738	b38a	b38a0000	-6.426125764846802e-08	-0x1.1400000000000p-24	-69	1073741824	normal	11
3739	b38b	b38b0000	-6.472691893577576e-08	-0x1.1600000000000p-24	-139	2147483648	normal	9
3740	b38c	b38c0000	-6.51925802230835e-08	-0x1.1800000000000p-24	-35	536870912	normal	8
3741	b38d	b38d0000	-6.565824151039124e-08	-0x1.1a00000000000p-24	-141	2147483648	normal	11
3742	b38e	b38e0000	-6.612390279769897e-08	-0x1.1c00000000000p-24	-71	1073741824	normal	5
3743	b38f	b38f0000	-6.658956408500671e-08	-0x1.1e00000000000p-24	-143	2147483648	normal	11
3744	b390	b3900000	-6.705522537231445e-08	-0x1.2000000000000p-24	-9	134217728	normal	6
3745	b391	b3910000	-6.752088665962219e-08	-0x1.2200000000000p-24	-145	2147483648	normal	9
3746	b392	b3920000	-6.798654794692993e-08	-0x1.2400000000000p-24	-73	1073741824	normal	10
3747	b393	b3930000	-6.845220923423767e-08	-0x1.2600000000000p-24	-147	2147483648	normal	9
3748	b394	b3940000	-6.891787052154541e-08	-0x1.2800000000000p-24	-37	536870912	normal	8
3749	b395	b3950000	-6.938353180885315e-08	-0x1.2a00000000000p-24	-149	2147483648	normal	16
3750	b396	b3960000	-6.984919309616089e-08	-0x1.2c00000000000p-24	-75	1073741824	normal	12
3751	b397	b3970000	-7.031485438346863e-08	-0x1.2e00000000000p-24	-151	2147483648	normal	8
3752	b398	b3980000	-7.078051567077637e-08	-0x1.3000000000000p-24	-19	268435456	normal	6
3753	b399	b3990000	-7.12461769580841e-08	-0x1.3200000000000p-24	-153	2147483648	normal	11
3754	b39a	b39a0000	-7.171183824539185e-08	-0x1.3400000000000p-24	-77	1073741824	normal	4
3755	b39b	b39b0000	-7.217749953269958e-08	-0x1.3600000000000p-24	-155	2147483648	normal	7
3756	b39c	b39c0000	-7.264316082000732e-08	-0x1.3800000000000p-24	-39	536870912	normal	9
3757	b39d	b39d0000	-7.310882210731506e-08	-0x1.3a00000000000p-24	-157	2147483648	normal	6
3758	b39e	b39e0000	-7.35744833946228e-08	-0x1.3c00000000000p-24	-79	1073741824	normal	8
3759	b39f	b39f0000	-7.404014468193054e-08	-0x1.3e00000000000p-24	-159	2147483648	normal	6
3760	b3a0	b3a00000	-7.450580596923828e-08	-0x1.4000000000000p-24	-5	67108864	normal	8
3761	b3a1	b3a10000	-7.497146725654602e-08	-0x1.4200000000000p-24	-161	2147483648	normal	9
3762	b3a2	b3a20000	-7.543712854385376e-08	-0x1.4400000000000p-24	-81	1073741824	normal	7
3763	b3a3	b3a30000	-7.59027898311615e-08	-0x1.4600000000000p-24	-163	2147483648	normal	7
3764	b3a4	b3a40000	-7.636845111846924e-08	-0x1.4800000000000p-24	-41	536870912	normal	6
3765	b3a5	b3a50000	-7.683411240577698e-08	-0x1.4a00000000000p-24	-165	2147483648	normal	7
3766	b3a6	b3a60000	-7.729977369308472e-08	-0x1.4c00000000000p-24	-83	1073741824	normal	6
3767	b3a7	b3a70000	-7.776543498039246e-08	-0x1.4e00000000000p-24	-167	2147483648	normal	6
3768	b3a8	b3a80000	-7.82310962677002e-08	-0x1.5000000000000p-24	-21	268435456	normal	8
3769	b3a9	b3a90000	-7.869675755500793e-08	-0x1.5200000000000p-24	-169	2147483648	normal	7
3770	b3aa	b3aa0000	-7.916241884231567e-08	-0x1.5400000000000p-24	-85	1073741824	normal	4
3771	b3ab	b3ab0000	-7.962808012962341e-08	-0x1.5600000000000p-24	-171	2147483648	normal	4
3772	b3ac	b3ac0000	-8.009374141693115e-08	-0x1.5800000000000p-24	-43	536870912	normal	8
3773	b3ad	b3ad0000	-8.055940270423889e-08	-0x1.5a00000000000p-24	-173	2147483648	normal	8
3774	b3ae	b3ae0000	-8.102506399154663e-08	-0x1.5c00000000000p-24	-87	1073741824	normal	8
3775	b3af	b3af0000	-8.149072527885437e-08	-0x1.5e00000000000p-24	-175	2147483648	normal	11
3776	b3b0	b3b00000	-8.195638656616211e-08	-0x1.6000000000000p-24	-11	134217728	normal	6
3777	b3b1	b3b10000	-8.242204785346985e-08	-0x1.6200000000000p-24	-177	2147483648	normal	14
3778	b3b2	b3b20000	-8.288770914077759e-08	-0x1.6400000000000p-24	-89	1073741824	normal	11
3779	b3b3	b3b30000	-8.335337042808533e-08	-0x1.6600000000000p-24	-179	2147483648	normal	8
3780	b3b4	b3b40000	-8.381903171539307e-08	-0x1.6800000000000p-24	-45	536870912	normal	4
3781	b3b5	b3b50000	-8.42846930027008e-08	-0x1.6a00000000000p-24	-181	2147483648	normal	8
3782	b3b6	b3b60000	-8.475035429000854e-08	-0x1.6c00000000000p-24	-91	1073741824	normal	5
3783	b3b7	b3b70000	-8.521601557731628e-08	-0x1.6e00000000000p-24	-183	2147483648	normal	11
3784	b3b8	b3b80000	-8.568167686462402e-08	-0x1.7000000000000p-24	-23	268435456	normal	8
3785	b3b9	b3b90000	-8.614733815193176e-08	-0x1.7200000000000p-24	-185	2147483648	normal	7
3786	b3ba	b3ba0000	-8.66129994392395e-08	-0x1.7400000000000p-24	-93	1073741824	normal	11
3787	b3bb	b3bb0000	-8.707866072654724e-08	-0x1.7600000000000p-24	-187	2147483648	normal	14
3788	b3bc	b3bc0000	-8.754432201385498e-08	-0x1.7800000000000p-24	-47	536870912	normal	9
3789	b3bd	b3bd0000	-8.800998330116272e-08	-0x1.7a00000000000p-24	-189	2147483648	normal	9
3790	b3be	b3be0000	-8.847564458847046e-08	-0x1.7c00000000000p-24	-95	1073741824	normal	7
3791	b3bf	b3bf0000	-8.89413058757782e-08	-0x1.7e00000000000p-24	-191	2147483648	normal	8
3792	b3c0	b3c00000	-8.940696716308594e-08	-0x1.8000000000000p-24	-3	33554432	normal	8
3793	b3c1	b3c10000	-8.987262845039368e-08	-0x1.8200000000000p-24	-193	2147483648	normal	10
3794	b3c2	b3c20000	-9.033828973770142e-08	-0x1.8400000000000p-24	-97	1073741824	normal	11
3795	b3c3	b3c30000	-9.080395102500916e-08	-0x1.8600000000000p-24	-195	2147483648	normal	9
3796	b3c4	b3c40000	-9.12696123123169e-08	-0x1.8800000000000p-24	-49	536870912	normal	8
3797	b3c5	b3c50000	-9.173527359962463e-08	-0x1.8a00000000000p-24	-197	2147483648	normal	10
3798	b3c6	b3c60000	-9.220093488693237e-08	-0x1.8c00000000000p-24	-99	1073741824	normal	4
3799	b3c7	b3c70000	-9.266659617424011e-08	-0x1.8e00000000000p-24	-199	2147483648	normal	6
3800	b3c8	b3c80000	-9.313225746154785e-08	-0x1.9000000000000p-24	-25	268435456	normal	9
3801	b3c9	b3c90000	-9.359791874885559e-08	-0x1.9200000000000p-24	-201	2147483648	normal	12
3802	b3ca	b3ca0000	-9.406358003616333e-08	-0x1.9400000000000p-24	-101	1073741824	normal	9
3803	b3cb	b3cb0000	-9.452924132347107e-08	-0x1.9600000000000p-24	-203	2147483648	normal	11
3804	b3cc	b3cc0000	-9.499490261077881e-08	-0x1.9800000000000p-24	-51	536870912	normal	5
3805	b3cd	b3cd0000	-9.546056389808655e-08	-0x1.9a00000000000p-24	-205	2147483648	normal	9
3806	b3ce	b3ce0000	-9.592622518539429e-08	-0x1.9c00000000000p-24	-103	1073741824	normal	9
3807	b3cf	b3cf0000	-9.639188647270203e-08	-0x1.9e00000000000p-24	-207	2147483648	normal	4
3808	b3d0	b3d00000	-9.685754776000977e-08	-0x1.a000000000000p-24	-13	134217728	normal	12
3809	b3d1	b3d10000	-9.73232090473175e-08	-0x1.a200000000000p-24	-209	2147483648	normal	12
3810	b3d2	b3d20000	-9.778887033462524e-08	-0x1.a400000000000p-24	-105	1073741824	normal	7
3811	b3d3	b3d30000	-9.825453162193298e-08	-0x1.a600000000000p-24	-211	2147483648	normal	5
3812	b3d4	b3d40000	-9.872019290924072e-08	-0x1.a800000000000p-24	-53	536870912	normal	13
3813	b3d5	b3d50000	-9.918585419654846e-08	-0x1.aa00000000000p-24	-213	2147483648	normal	12
3814	b3d6	b3d60000	-9.96515154838562e-08	-0x1.ac00000000000p-24	-107	1073741824	normal	9
3815	b3d7	b3d70000	-1.0011717677116394e-07	-0x1.ae00000000000p-24	-215	2147483648	normal	10
3816	b3d8	b3d80000	-1.0058283805847168e-07	-0x1.b000000000000p-24	-27	268435456	normal	6
3817	b3d9	b3d90000	-1.0104849934577942e-07	-0x1.b200000000000p-24	-217	2147483648	normal	8
3818	b3da	b3da0000	-1.0151416063308716e-07	-0x1.b400000000000p-24	-109	1073741824	normal	9
3819	b3db	b3db0000	-1.019798219203949e-07	-0x1.b600000000000p-24	-219	2147483648	normal	3
3820	b3dc	b3dc0000	-1.0244548320770264e-07	-0x1.b800000000000p-24	-55	536870912	normal	7
3821	b3dd	b3dd0000	-1.0291114449501038e-07	-0x1.ba00000000000p-24	-221	2147483648	normal	14
3822	b3de	b3de0000	-1.0337680578231812e-07	-0x1.bc00000000000p-24	-111	1073741824	normal	12
3823	b3df	b3df0000	-1.0384246706962585e-07	-0x1.be00000000000p-24	-223	2147483648	normal	6
3824	b3e0	b3e00000	-1.043081283569336e-07	-0x1.c000000000000p-24	-7	67108864	normal	13
3825	b3e1	b3e10000	-1.0477378964424133e-07	-0x1.c200000000000p-24	-225	2147483648	normal	10
3826	b3e2	b3e20000	-1.0523945093154907e-07	-0x1.c400000000000p-24	-113	1073741824	normal	9
3827	b3e3	b3e30000	-1.0570511221885681e-07	-0x1.c600000000000p-24	-227	2147483648	normal	5
3828	b3e4	b3e40000	-1.0617077350616455e-07	-0x1.c800000000000p-24	-57	536870912	normal	6
3829	b3e5	b3e50000	-1.0663643479347229e-07	-0x1.ca00000000000p-24	-229	2147483648	normal	11
3830	b3e6	b3e60000	-1.0710209608078003e-07	-0x1.cc00000000000p-24	-115	1073741824	normal	3
3831	b3e7	b3e70000	-1.0756775736808777e-07	-0x1.ce00000000000p-24	-231	2147483648	normal	10
3832	b3e8	b3e80000	-1.0803341865539551e-07	-0x1.d000000000000p-24	-29	268435456	normal	11
3833	b3e9	b3e90000	-1.0849907994270325e-07	-0x1.d200000000000p-24	-233	2147483648	normal	13
3834	b3ea	b3ea0000	-1.0896474123001099e-07	-0x1.d400000000000p-24	-117	1073741824	normal	5
3835	b3eb	b3eb0000	-1.0943040251731873e-07	-0x1.d600000000000p-24	-235	2147483648	normal	11
3836	b3ec	b3ec0000	-1.0989606380462646e-07	-0x1.d800000000000p-24	-59	536870912	normal	9
3837	b3ed	b3ed0000	-1.103617250919342e-07	-0x1.da00000000000p-24	-237	2147483648	normal	7
3838	b3ee	b3ee0000	-1.1082738637924194e-07	-0x1.dc00000000000p-24	-119	1073741824	normal	11
3839	b3ef	b3ef0000	-1.1129304766654968e-07	-0x1.de00000000000p-24	-239	2147483648	normal	10
3840	b3f0	b3f00000	-1.1175870895385742e-07	-0x1.e000000000000p-24	-15	134217728	normal	9
3841	b3f1	b3f10000	-1.1222437024116516e-07	-0x1.e200000000000p-24	-241	2147483648	normal	7
3842	b3f2	b3f20000	-1.126900315284729e-07	-0x1.e400000000000p-24	-121	1073741824	normal	11
3843	b3f3	b3f30000	-1.1315569281578064e-07	-0x1.e600000000000p-24	-243	2147483648	normal	10
3844	b3f4	b3f40000	-1.1362135410308838e-07	-0x1.e800000000000p-24	-61	536870912	normal	7
3845	b3f5	b3f50000	-1.1408701539039612e-07	-0x1.ea00000000000p-24	-245	2147483648	normal	11
3846	b3f6	b3f60000	-1.1455267667770386e-07	-0x1.ec00000000000p-24	-123	1073741824	normal	10
3847	b3f7	b3f70000	-1.150183379650116e-07	-0x1.ee00000000000p-24	-247	2147483648	normal	6
3848	b3f8	b3f80000	-1.1548399925231934e-07	-0x1.f000000000000p-24	-31	268435456	normal	4
3849	b3f9	b3f90000	-1.1594966053962708e-07	-0x1.f200000000000p-24	-249	2147483648	normal	11
3850	b3fa	b3fa0000	-1.1641532182693481e-07	-0x1.f400000000000p-24	-125	1073741824	normal	10
3851	b3fb	b3fb0000	-1.1688098311424255e-07	-0x1.f600000000000p-24	-251	2147483648	normal	12
3852	b3fc	b3fc0000	-1.1734664440155029e-07	-0x1.f800000000000p-24	-63	536870912	normal	6
3853	b3fd	b3fd0000	-1.1781230568885803e-07	-0x1.fa00000000000p-24	-253	2147483648	normal	7
3854	b3fe	b3fe0000	-1.1827796697616577e-07	-0x1.fc00000000000p-24	-127	1073741824	normal	10
3855	b3ff	b3ff0000	-1.1874362826347351e-07	-0x1.fe00000000000p-24	-255	2147483648	normal	4
3856	b400	b4000000	-1.1920928955078125e-07	-0x1.0000000000000p-23	-1	8388608	normal	14
3857	b401	b4010000	-1.2014061212539673e-07	-0x1.0200000000000p-23	-129	1073741824	normal	24
3858	b402	b4020000	-1.210719347000122e-07	-0x1.0400000000000p-23	-65	536870912	normal	17
3859	b403	b4030000	-1.2200325727462769e-07	-0x1.0600000000000p-23	-131	1073741824	normal	23
3860	b404	b4040000	-1.2293457984924316e-07	-0x1.0800000000000p-23	-33	268435456	normal	16
3861	b405	b4050000	-1.2386590242385864e-07	-0x1.0a00000000000p-23	-133	1073741824	normal	18
3862	b406	b4060000	-1.2479722499847412e-07	-0x1.0c00000000000p-23	-67	536870912	normal	21
3863	b407	b4070000	-1.257285475730896e-07	-0x1.0e00000000000p-23	-135	1073741824	normal	12
3864	b408	b4080000	-1.2665987014770508e-07	-0x1.1000000000000p-23	-17	134217728	normal	20
3865	b409	b4090000	-1.2759119272232056e-07	-0x1.1200000000000p-23	-137	1073741824	normal	20
3866	b40a	b40a0000	-1.2852251529693604e-07	-0x1.1400000000000p-23	-69	536870912	normal	15
3867	b40b	b40b0000	-1.2945383787155151e-07	-0x1.1600000000000p-23	-139	1073741824	normal	15
3868	b40c	b40c0000	-1.30385160446167e-07	-0x1.1800000000000p-23	-35	268435456	normal	17
3869	b40d	b40d0000	-1.3131648302078247e-07	-0x1.1a00000000000p-23	-141	1073741824	normal	16
3870	b40e	b40e0000	-1.3224780559539795e-07	-0x1.1c00000000000p-23	-71	536870912	normal	12
3871	b40f	b40f0000	-1.3317912817001343e-07	-0x1.1e00000000000p-23	-143	1073741824	normal	6
3872	b410	b4100000	-1.341104507446289e-07	-0x1.2000000000000p-23	-9	67108864	normal	19
3873	b411	b4110000	-1.3504177331924438e-07	-0x1.2200000000000p-23	-145	1073741824	normal	9
3874	b412	b4120000	-1.3597309589385986e-07	-0x1.2400000000000p-23	-73	536870912	normal	14
3875	b413	b4130000	-1.3690441846847534e-07	-0x1.2600000000000p-23	-147	1073741824	normal	21
3876	b414	b4140000	-1.3783574104309082e-07	-0x1.2800000000000p-23	-37	268435456	normal	19
3877	b415	b4150000	-1.387670636177063e-07	-0x1.2a00000000000p-23	-149	1073741824	normal	20
3878	b416	b4160000	-1.3969838619232178e-07	-0x1.2c00000000000p-23	-75	536870912	normal	16
3879	b417	b4170000	-1.4062970876693726e-07	-0x1.2e00000000000p-23	-151	1073741824	normal	11
3880	b418	b4180000	-1.4156103134155273e-07	-0x1.3000000000000p-23	-19	134217728	normal	14
3881	b419	b4190000	-1.424923539161682e-07	-0x1.3200000000000p-23	-153	1073741824	normal	15
3882	b41a	b41a0000	-1.434236764907837e-07	-0x1.3400000000000p-23	-77	536870912	normal	21
3883	b41b	b41b0000	-1.4435499906539917e-07	-0x1.3600000000000p-23	-155	1073741824	normal	14
3884	b41c	b41c0000	-1.4528632164001465e-07	-0x1.3800000000000p-23	-39	268435456	normal	16
3885	b41d	b41d0000	-1.4621764421463013e-07	-0x1.3a00000000000p-23	-157	1073741824	normal	16
3886	b41e	b41e0000	-1.471489667892456e-07	-0x1.3c00000000000p-23	-79	536870912	normal	20
3887	b41f	b41f0000	-1.4808028936386108e-07	-0x1.3e00000000000p-23	-159	1073741824	normal	17
3888	b420	b4200000	-1.4901161193847656e-07	-0x1.4000000000000p-23	-5	33554432	normal	14
3889	b421	b4210000	-1.4994293451309204e-07	-0x1.4200000000000p-23	-161	1073741824	normal	13
3890	b422	b4220000	-1.5087425708770752e-07	-0x1.4400000000000p-23	-81	536870912	normal	15
3891	b423	b4230000	-1.51805579662323e-07	-0x1.4600000000000p-23	-163	1073741824	normal	15
3892	b424	b4240000	-1.5273690223693848e-07	-0x1.4800000000000p-23	-41	268435456	normal	10
3893	b425	b4250000	-1.5366822481155396e-07	-0x1.4a00000000000p-23	-165	1073741824	normal	18
3894	b426	b4260000	-1.5459954738616943e-07	-0x1.4c00000000000p-23	-83	536870912	normal	21
3895	b427	b4270000	-1.555308699607849e-07	-0x1.4e00000000000p-23	-167	1073741824	normal	18
3896	b428	b4280000	-1.564621925354004e-07	-0x1.5000000000000p-23	-21	134217728	normal	13
3897	b429	b4290000	-1.5739351511001587e-07	-0x1.5200000000000p-23	-169	1073741824	normal	16
3898	b42a	b42a0000	-1.5832483768463135e-07	-0x1.5400000000000p-23	-85	536870912	normal	16
3899	b42b	b42b0000	-1.5925616025924683e-07	-0x1.5600000000000p-23	-171	1073741824	normal	13
3900	b42c	b42c0000	-1.601874828338623e-07	-0x1.5800000000000p-23	-43	268435456	normal	21
3901	b42d	b42d0000	-1.6111880540847778e-07	-0x1.5a00000000000p-23	-173	1073741824	normal	14
3902	b42e	b42e0000	-1.6205012798309326e-07	-0x1.5c00000000000p-23	-87	536870912	normal	19
3903	b42f	b42f0000	-1.6298145055770874e-07	-0x1.5e00000000000p-23	-175	1073741824	normal	21
3904	b430	b4300000	-1.6391277313232422e-07	-0x1.6000000000000p-23	-11	67108864	normal	18
3905	b431	b4310000	-1.648440957069397e-07	-0x1.6200000000000p-23	-177	1073741824	normal	23
3906	b432	b4320000	-1.6577541828155518e-07	-0x1.6400000000000p-23	-89	536870912	normal	26
3907	b433	b4330000	-1.6670674085617065e-07	-0x1.6600000000000p-23	-179	1073741824	normal	17
3908	b434	b4340000	-1.6763806343078613e-07	-0x1.6800000000000p-23	-45	268435456	normal	18
3909	b435	b4350000	-1.685693860054016e-07	-0x1.6a00000000000p-23	-181	1073741824	normal	17
3910	b436	b4360000	-1.695007085800171e-07	-0x1.6c00000000000p-23	-91	536870912	normal	16
3911	b437	b4370000	-1.7043203115463257e-07	-0x1.6e00000000000p-23	-183	1073741824	normal	14
3912	b438	b4380000	-1.7136335372924805e-07	-0x1.7000000000000p-23	-23	134217728	normal	12
3913	b439	b4390000	-1.7229467630386353e-07	-0x1.7200000000000p-23	-185	1073741824	normal	18
3914	b43a	b43a0000	-1.73225998878479e-07	-0x1.7400000000000p-23	-93	536870912	normal	17
3915	b43b	b43b0000	-1.7415732145309448e-07	-0x1.7600000000000p-23	-187	1073741824	normal	28
3916	b43c	b43c0000	-1.7508864402770996e-07	-0x1.7800000000000p-23	-47	268435456	normal	9
3917	b43d	b43d0000	-1.7601996660232544e-07	-0x1.7a00000000000p-23	-189	1073741824	normal	13
3918	b43e	b43e0000	-1.7695128917694092e-07	-0x1.7c00000000000p-23	-95	536870912	normal	12
3919	b43f	b43f0000	-1.778826117515564e-07	-0x1.7e00000000000p-23	-191	1073741824	normal	17
3920	b440	b4400000	-1.7881393432617188e-07	-0x1.8000000000000p-23	-3	16777216	normal	13
3921	b441	b4410000	-1.7974525690078735e-07	-0x1.8200000000000p-23	-193	1073741824	normal	17
3922	b442	b4420000	-1.8067657947540283e-07	-0x1.8400000000000p-23	-97	536870912	normal	16
3923	b443	b4430000	-1.816079020500183e-07	-0x1.8600000000000p-23	-195	1073741824	normal	19
3924	b444	b4440000	-1.825392246246338e-07	-0x1.8800000000000p-23	-49	268435456	normal	12
3925	b445	b4450000	-1.8347054719924927e-07	-0x1.8a00000000000p-23	-197	1073741824	normal	19
3926	b446	b4460000	-1.8440186977386475e-07	-0x1.8c00000000000p-23	-99	536870912	normal	10
3927	b447	b4470000	-1.8533319234848022e-07	-0x1.8e00000000000p-23	-199	1073741824	normal	21
3928	b448	b4480000	-1.862645149230957e-07	-0x1.9000000000000p-23	-25	134217728	normal	20
3929	b449	b4490000	-1.8719583749771118e-07	-0x1.9200000000000p-23	-201	1073741824	normal	15
3930	b44a	b44a0000	-1.8812716007232666e-07	-0x1.9400000000000p-23	-101	536870912	normal	19
3931	b44b	b44b0000	-1.8905848264694214e-07	-0x1.9600000000000p-23	-203	1073741824	normal	20
3932	b44c	b44c0000	-1.8998980522155762e-07	-0x1.9800000000000p-23	-51	268435456	normal	9
3933	b44d	b44d0000	-1.909211277961731e-07	-0x1.9a00000000000p-23	-205	1073741824	normal	17
3934	b44e	b44e0000	-1.9185245037078857e-07	-0x1.9c00000000000p-23	-103	536870912	normal	18
3935	b44f	b44f0000	-1.9278377294540405e-07	-0x1.9e00000000000p-23	-207	1073741824	normal	18
3936	b450	b4500000	-1.9371509552001953e-07	-0x1.a000000000000p-23	-13	67108864	normal	11
3937	b451	b4510000	-1.94646418094635e-07	-0x1.a200000000000p-23	-209	1073741824	normal	12
3938	b452	b4520000	-1.955777406692505e-07	-0x1.a400000000000p-23	-105	536870912	normal	15
3939	b453	b4530000	-1.9650906324386597e-07	-0x1.a600000000000p-23	-211	1073741824	normal	15
3940	b454	b4540000	-1.9744038581848145e-07	-0x1.a800000000000p-23	-53	268435456	normal	15
3941	b455	b4550000	-1.9837170839309692e-07	-0x1.aa00000000000p-23	-213	1073741824	normal	26
3942	b456	b4560000	-1.993030309677124e-07	-0x1.ac00000000000p-23	-107	536870912	normal	25
3943	b457	b4570000	-2.0023435354232788e-07	-0x1.ae00000000000p-23	-215	1073741824	normal	13
3944	b458	b4580000	-2.0116567611694336e-07	-0x1.b000000000000p-23	-27	134217728	normal	19
3945	b459	b4590000	-2.0209699869155884e-07	-0x1.b200000000000p-23	-217	1073741824	normal	19
3946	b45a	b45a0000	-2.0302832126617432e-07	-0x1.b400000000000p-23	-109	536870912	normal	16
3947	b45b	b45b0000	-2.039596438407898e-07	-0x1.b600000000000p-23	-219	1073741824	normal	20
3948	b45c	b45c0000	-2.0489096641540527e-07	-0x1.b800000000000p-23	-55	268435456	normal	13
3949	b45d	b45d0000	-2.0582228899002075e-07	-0x1.ba00000000000p-23	-221	1073741824	normal	17
3950	b45e	b45e0000	-2.0675361156463623e-07	-0x1.bc00000000000p-23	-111	536870912	normal	12
3951	b45f	b45f0000	-2.076849341392517e-07	-0x1.be00000000000p-23	-223	1073741824	normal	21
3952	b460	b4600000	-2.086162567138672e-07	-0x1.c000000000000p-23	-7	33554432	normal	15
3953	b461	b4610000	-2.0954757928848267e-07	-0x1.c200000000000p-23	-225	1073741824	normal	25
3954	b462	b4620000	-2.1047890186309814e-07	-0x1.c400000000000p-23	-113	536870912	normal	21
3955	b463	b4630000	-2.1141022443771362e-07	-0x1.c600000000000p-23	-227	1073741824	normal	17
3956	b464	b4640000	-2.123415470123291e-07	-0x1.c800000000000p-23	-57	268435456	normal	17
3957	b465	b4650000	-2.1327286958694458e-07	-0x1.ca00000000000p-23	-229	1073741824	normal	25
3958	b466	b4660000	-2.1420419216156006e-07	-0x1.cc00000000000p-23	-115	536870912	normal	18
3959	b467	b4670000	-2.1513551473617554e-07	-0x1.ce00000000000p-23	-231	1073741824	normal	14
3960	b468	b4680000	-2.1606683731079102e-07	-0x1.d000000000000p-23	-29	134217728	normal	20
3961	b469	b4690000	-2.169981598854065e-07	-0x1.d200000000000p-23	-233	1073741824	normal	15
3962	b46a	b46a0000	-2.1792948246002197e-07	-0x1.d400000000000p-23	-117	536870912	normal	15
3963	b46b	b46b0000	-2.1886080503463745e-07	-0x1.d600000000000p-23	-235	1073741824	normal	13
3964	b46c	b46c0000	-2.1979212760925293e-07	-0x1.d800000000000p-23	-59	268435456	normal	18
3965	b46d	b46d0000	-2.207234501838684e-07	-0x1.da00000000000p-23	-237	1073741824	normal	24
3966	b46e	b46e0000	-2.2165477275848389e-07	-0x1.dc00000000000p-23	-119	536870912	normal	20
3967	b46f	b46f0000	-2.2258609533309937e-07	-0x1.de00000000000p-23	-239	1073741824	normal	18
3968	b470	b4700000	-2.2351741790771484e-07	-0x1.e000000000000p-23	-15	67108864	normal	14
3969	b471	b4710000	-2.2444874048233032e-07	-0x1.e200000000000p-23	-241	1073741824	normal	18
3970	b472	b4720000	-2.253800630569458e-07	-0x1.e400000000000p-23	-121	536870912	normal	26
3971	b473	b4730000	-2.2631138563156128e-07	-0x1.e600000000000p-23	-243	1073741824	normal	20
3972	b474	b4740000	-2.2724270820617676e-07	-0x1.e800000000000p-23	-61	268435456	normal	24
3973	b475	b4750000	-2.2817403078079224e-07	-0x1.ea00000000000p-23	-245	1073741824	normal	20
3974	b476	b4760000	-2.2910535335540771e-07	-0x1.ec00000000000p-23	-123	536870912	normal	17
3975	b477	b4770000	-2.300366759300232e-07	-0x1.ee00000000000p-23	-247	1073741824	normal	14
3976	b478	b4780000	-2.3096799850463867e-07	-0x1.f000000000000p-23	-31	134217728	normal	17
3977	b479	b4790000	-2.3189932107925415e-07	-0x1.f200000000000p-23	-249	1073741824	normal	21
3978	b47a	b47a0000	-2.3283064365386963e-07	-0x1.f400000000000p-23	-125	536870912	normal	11
3979	b47b	b47b0000	-2.337619662284851e-07	-0x1.f600000000000p-23	-251	1073741824	normal	16
3980	b47c	b47c0000	-2.3469328880310059e-07	-0x1.f800000000000p-23	-63	268435456	normal	12
3981	b47d	b47d0000	-2.3562461137771606e-07	-0x1.fa00000000000p-23	-253	1073741824	normal	14
3982	b47e	b47e0000	-2.3655593395233154e-07	-0x1.fc00000000000p-23	-127	536870912	normal	22
3983	b47f	b47f0000	-2.3748725652694702e-07	-0x1.fe00000000000p-23	-255	1073741824	normal	21
3984	b480	b4800000	-2.384185791015625e-07	-0x1.0000000000000p-22	-1	4194304	normal	25
3985	b481	b4810000	-2.4028122425079346e-07	-0x1.0200000000000p-22	-129	536870912	normal	36
3986	b482	b4820000	-2.421438694000244e-07	-0x1.0400000000000p-22	-65	268435456	normal	24
3987	b483	b4830000	-2.4400651454925537e-07	-0x1.0600000000000p-22	-131	536870912	normal	25
3988	b484	b4840000	-2.4586915969848633e-07	-0x1.0800000000000p-22	-33	134217728	normal	44
3989	b485	b4850000	-2.477318048477173e-07	-0x1.0a00000000000p-22	-133	536870912	normal	36
3990	b486	b4860000	-2.4959444999694824e-07	-0x1.0c00000000000p-22	-67	268435456	normal	35
3991	b487	b4870000	-2.514570951461792e-07	-0x1.0e00000000000p-22	-135	536870912	normal	36
3992	b488	b4880000	-2.5331974029541016e-07	-0x1.1000000000000p-22	-17	67108864	normal	40
3993	b489	b4890000	-2.551823854446411e-07	-0x1.1200000000000p-22	-137	536870912	normal	27
3994	b48a	b48a0000	-2.5704503059387207e-07	-0x1.1400000000000p-22	-69	268435456	normal	34
3995	b48b	b48b0000	-2.5890767574310303e-07	-0x1.1600000000000p-22	-139	536870912	normal	29
3996	b48c	b48c0000	-2.60770320892334e-07	-0x1.1800000000000p-22	-35	134217728	normal	44
3997	b48d	b48d0000	-2.6263296604156494e-07	-0x1.1a00000000000p-22	-141	536870912	normal	28
3998	b48e	b48e0000	-2.644956111907959e-07	-0x1.1c00000000000p-22	-71	268435456	normal	44
3999	b48f	b48f0000	-2.6635825634002686e-07	-0x1.1e00000000000p-22	-143	536870912	normal	36
4000	b490	b4900000	-2.682209014892578e-07	-0x1.2000000000000p-22	-9	33554432	normal	30
4001	b491	b4910000	-2.7008354663848877e-07	-0x1.2200000000000p-22	-145	536870912	normal	29
4002	b492	b4920000	-2.7194619178771973e-07	-0x1.2400000000000p-22	-73	268435456	normal	30
4003	b493	b4930000	-2.738088369369507e-07	-0x1.2600000000000p-22	-147	536870912	normal	27
4004	b494	b4940000	-2.7567148208618164e-07	-0x1.2800000000000p-22	-37	134217728	normal	30
4005	b495	b4950000	-2.775341272354126e-07	-0x1.2a00000000000p-22	-149	536870912	normal	35
4006	b496	b4960000	-2.7939677238464355e-07	-0x1.2c00000000000p-22	-75	268435456	normal	30
4007	b497	b4970000	-2.812594175338745e-07	-0x1.2e00000000000p-22	-151	536870912	normal	35
4008	b498	b4980000	-2.8312206268310547e-07	-0x1.3000000000000p-22	-19	67108864	normal	38
4009	b499	b4990000	-2.849847078323364e-07	-0x1.3200000000000p-22	-153	536870912	normal	37
4010	b49a	b49a0000	-2.868473529815674e-07	-0x1.3400000000000p-22	-77	268435456	normal	30
4011	b49b	b49b0000	-2.8870999813079834e-07	-0x1.3600000000000p-22	-155	536870912	normal	36
4012	b49c	b49c0000	-2.905726432800293e-07	-0x1.3800000000000p-22	-39	134217728	normal	28
4013	b49d	b49d0000	-2.9243528842926025e-07	-0x1.3a00000000000p-22	-157	536870912	normal	38
4014	b49e	b49e0000	-2.942979335784912e-07	-0x1.3c00000000000p-22	-79	268435456	normal	44
4015	b49f	b49f0000	-2.9616057872772217e-07	-0x1.3e00000000000p-22	-159	536870912	normal	32
4016	b4a0	b4a00000	-2.980232238769531e-07	-0x1.4000000000000p-22	-5	16777216	normal	31
4017	b4a1	b4a10000	-2.998858690261841e-07	-0x1.4200000000000p-22	-161	536870912	normal	25
4018	b4a2	b4a20000	-3.0174851417541504e-07	-0x1.4400000000000p-22	-81	268435456	normal	36
4019	b4a3	b4a30000	-3.03611159324646e-07	-0x1.4600000000000p-22	-163	536870912	normal	31
4020	b4a4	b4a40000	-3.0547380447387695e-07	-0x1.4800000000000p-22	-41	134217728	normal	28
4021	b4a5	b4a50000	-3.073364496231079e-07	-0x1.4a00000000000p-22	-165	536870912	normal	35
4022	b4a6	b4a60000	-3.0919909477233887e-07	-0x1.4c00000000000p-22	-83	268435456	normal	24
4023	b4a7	b4a70000	-3.110617399215698e-07	-0x1.4e00000000000p-22	-167	536870912	normal	35
4024	b4a8	b4a80000	-3.129243850708008e-07	-0x1.5000000000000p-22	-21	67108864	normal	40
4025	b4a9	b4a90000	-3.1478703022003174e-07	-0x1.5200000000000p-22	-169	536870912	normal	33
4026	b4aa	b4aa0000	-3.166496753692627e-07	-0x1.5400000000000p-22	-85	268435456	normal	27
4027	b4ab	b4ab0000	-3.1851232051849365e-07	-0x1.5600000000000p-22	-171	536870912	normal	26
4028	b4ac	b4ac0000	-3.203749656677246e-07	-0x1.5800000000000p-22	-43	134217728	normal	34
4029	b4ad	b4ad0000	-3.2223761081695557e-07	-0x1.5a00000000000p-22	-173	536870912	normal	40
4030	b4ae	b4ae0000	-3.241002559661865e-07	-0x1.5c00000000000p-22	-87	268435456	normal	29
4031	b4af	b4af0000	-3.259629011154175e-07	-0x1.5e00000000000p-22	-175	536870912	normal	23
4032	b4b0	b4b00000	-3.2782554626464844e-07	-0x1.6000000000000p-22	-11	33554432	normal	34
4033	b4b1	b4b10000	-3.296881914138794e-07	-0x1.6200000000000p-22	-177	536870912	normal	29
4034	b4b2	b4b20000	-3.3155083656311035e-07	-0x1.6400000000000p-22	-89	268435456	normal	33
4035	b4b3	b4b30000	-3.334134817123413e-07	-0x1.6600000000000p-22	-179	536870912	normal	41
4036	b4b4	b4b40000	-3.3527612686157227e-07	-0x1.6800000000000p-22	-45	134217728	normal	34
4037	b4b5	b4b50000	-3.371387720108032e-07	-0x1.6a00000000000p-22	-181	536870912	normal	36
4038	b4b6	b4b60000	-3.390014171600342e-07	-0x1.6c00000000000p-22	-91	268435456	normal	36
4039	b4b7	b4b70000	-3.4086406230926514e-07	-0x1.6e00000000000p-22	-183	536870912	normal	35
4040	b4b8	b4b80000	-3.427267074584961e-07	-0x1.7000000000000p-22	-23	67108864	normal	36
4041	b4b9	b4b90000	-3.4458935260772705e-07	-0x1.7200000000000p-22	-185	536870912	normal	36
4042	b4ba	b4ba0000	-3.46451997756958e-07	-0x1.7400000000000p-22	-93	268435456	normal	32
4043	b4bb	b4bb0000	-3.4831464290618896e-07	-0x1.7600000000000p-22	-187	536870912	normal	41
4044	b4bc	b4bc0000	-3.501772880554199e-07	-0x1.7800000000000p-22	-47	134217728	normal	41
4045	b4bd	b4bd0000	-3.520399332046509e-07	-0x1.7a00000000000p-22	-189	536870912	normal	28
4046	b4be	b4be0000	-3.5390257835388184e-07	-0x1.7c00000000000p-22	-95	268435456	normal	29
4047	b4bf	b4bf0000	-3.557652235031128e-07	-0x1.7e00000000000p-22	-191	536870912	normal	35
4048	b4c0	b4c00000	-3.5762786865234375e-07	-0x1.8000000000000p-22	-3	8388608	normal	39
4049	b4c1	b4c10000	-3.594905138015747e-07	-0x1.8200000000000p-22	-193	536870912	normal	30
4050	b4c2	b4c20000	-3.6135315895080566e-07	-0x1.8400000000000p-22	-97	268435456	normal	27
4051	b4c3	b4c30000	-3.632158041000366e-07	-0x1.8600000000000p-22	-195	536870912	normal	35
4052	b4c4	b4c40000	-3.650784492492676e-07	-0x1.8800000000000p-22	-49	134217728	normal	36
4053	b4c5	b4c50000	-3.6694109439849854e-07	-0x1.8a00000000000p-22	-197	536870912	normal	29
4054	b4c6	b4c60000	-3.688037395477295e-07	-0x1.8c00000000000p-22	-99	268435456	normal	36
4055	b4c7	b4c70000	-3.7066638469696045e-07	-0x1.8e00000000000p-22	-199	536870912	normal	33
4056	b4c8	b4c80000	-3.725290298461914e-07	-0x1.9000000000000p-22	-25	67108864	normal	38
4057	b4c9	b4c90000	-3.7439167499542236e-07	-0x1.9200000000000p-22	-201	536870912	normal	26
4058	b4ca	b4ca0000	-3.762543201446533e-07	-0x1.9400000000000p-22	-101	268435456	normal	36
4059	b4cb	b4cb0000	-3.781169652938843e-07	-0x1.9600000000000p-22	-203	536870912	normal	36
4060	b4cc	b4cc0000	-3.7997961044311523e-07	-0x1.9800000000000p-22	-51	134217728	normal	39
4061	b4cd	b4cd0000	-3.818422555923462e-07	-0x1.9a00000000000p-22	-205	536870912	normal	32
4062	b4ce	b4ce0000	-3.8370490074157715e-07	-0x1.9c00000000000p-22	-103	268435456	normal	33
4063	b4cf	b4cf0000	-3.855675458908081e-07	-0x1.9e00000000000p-22	-207	536870912	normal	34
4064	b4d0	b4d00000	-3.8743019104003906e-07	-0x1.a000000000000p-22	-13	33554432	normal	30
4065	b4d1	b4d10000	-3.8929283618927e-07	-0x1.a200000000000p-22	-209	536870912	normal	23
4066	b4d2	b4d20000	-3.91155481338501e-07	-0x1.a400000000000p-22	-105	268435456	normal	40
4067	b4d3	b4d30000	-3.9301812648773193e-07	-0x1.a600000000000p-22	-211	536870912	normal	29
4068	b4d4	b4d40000	-3.948807716369629e-07	-0x1.a800000000000p-22	-53	134217728	normal	41
4069	b4d5	b4d50000	-3.9674341678619385e-07	-0x1.aa00000000000p-22	-213	536870912	normal	49
4070	b4d6	b4d60000	-3.986060619354248e-07	-0x1.ac00000000000p-22	-107	268435456	normal	23
4071	b4d7	b4d70000	-4.0046870708465576e-07	-0x1.ae00000000000p-22	-215	536870912	normal	30
4072	b4d8	b4d80000	-4.023313522338867e-07	-0x1.b000000000000p-22	-27	67108864	normal	30
4073	b4d9	b4d90000	-4.041939973831177e-07	-0x1.b200000000000p-22	-217	536870912	normal	35
4074	b4da	b4da0000	-4.0605664253234863e-07	-0x1.b400000000000p-22	-109	268435456	normal	38
4075	b4db	b4db0000	-4.079192876815796e-07	-0x1.b600000000000p-22	-219	536870912	normal	36
4076	b4dc	b4dc0000	-4.0978193283081055e-07	-0x1.b800000000000p-22	-55	134217728	normal	38
4077	b4dd	b4dd0000	-4.116445779800415e-07	-0x1.ba00000000000p-22	-221	536870912	normal	27
4078	b4de	b4de0000	-4.1350722312927246e-07	-0x1.bc00000000000p-22	-111	268435456	normal	29
4079	b4df	b4df0000	-4.153698682785034e-07	-0x1.be00000000000p-22	-223	536870912	normal	36
4080	b4e0	b4e00000	-4.172325134277344e-07	-0x1.c000000000000p-22	-7	16777216	normal	34
4081	b4e1	b4e10000	-4.1909515857696533e-07	-0x1.c200000000000p-22	-225	536870912	normal	37
4082	b4e2	b4e20000	-4.209578037261963e-07	-0x1.c400000000000p-22	-113	268435456	normal	41
4083	b4e3	b4e30000	-4.2282044887542725e-07	-0x1.c600000000000p-22	-227	536870912	normal	26
4084	b4e4	b4e40000	-4.246830940246582e-07	-0x1.c800000000000p-22	-57	134217728	normal	32
4085	b4e5	b4e50000	-4.2654573917388916e-07	-0x1.ca00000000000p-22	-229	536870912	normal	36
4086	b4e6	b4e60000	-4.284083843231201e-07	-0x1.cc00000000000p-22	-115	268435456	normal	33
4087	b4e7	b4e70000	-4.302710294723511e-07	-0x1.ce00000000000p-22	-231	536870912	normal	31
4088	b4e8	b4e80000	-4.3213367462158203e-07	-0x1.d000000000000p-22	-29	67108864	normal	30
4089	b4e9	b4e90000	-4.33996319770813e-07	-0x1.d200000000000p-22	-233	536870912	normal	36
4090	b4ea	b4ea0000	-4.3585896492004395e-07	-0x1.d400000000000p-22	-117	268435456	normal	37
4091	b4eb	b4eb0000	-4.377216100692749e-07	-0x1.d600000000000p-22	-235	536870912	normal	37
4092	b4ec	b4ec0000	-4.3958425521850586e-07	-0x1.d800000000000p-22	-59	134217728	normal	29
4093	b4ed	b4ed0000	-4.414469003677368e-07	-0x1.da00000000000p-22	-237	536870912	normal	33
4094	b4ee	b4ee0000	-4.4330954551696777e-07	-0x1.dc00000000000p-22	-119	268435456	normal	44
4095	b4ef	b4ef0000	-4.4517219066619873e-07	-0x1.de00000000000p-22	-239	536870912	normal	30
4096	b4f0	b4f00000	-4.470348358154297e-07	-0x1.e000000000000p-22	-15	33554432	normal	39
4097	b4f1	b4f10000	-4.4889748096466064e-07	-0x1.e200000000000p-22	-241	536870912	normal	41
4098	b4f2	b4f20000	-4.507601261138916e-07	-0x1.e400000000000p-22	-121	268435456	normal	42
4099	b4f3	b4f30000	-4.5262277126312256e-07	-0x1.e600000000000p-22	-243	536870912	normal	29
4100	b4f4	b4f40000	-4.544854164123535e-07	-0x1.e800000000000p-22	-61	134217728	normal	36
4101	b4f5	b4f50000	-4.5634806156158447e-07	-0x1.ea00000000000p-22	-245	536870912	normal	38
4102	b4f6	b4f60000	-4.5821070671081543e-07	-0x1.ec00000000000p-22	-123	268435456	normal	30
4103	b4f7	b4f70000	-4.600733518600464e-07	-0x1.ee00000000000p-22	-247	536870912	normal	32
4104	b4f8	b4f80000	-4.6193599700927734e-07	-0x1.f000000000000p-22	-31	67108864	normal	39
4105	b4f9	b4f90000	-4.637986421585083e-07	-0x1.f200000000000p-22	-249	536870912	normal	39
4106	b4fa	b4fa0000	-4.6566128730773926e-07	-0x1.f400000000000p-22	-125	268435456	normal	31
4107	b4fb	b4fb0000	-4.675239324569702e-07	-0x1.f600000000000p-22	-251	536870912	normal	38
4108	b4fc	b4fc0000	-4.6938657760620117e-07	-0x1.f800000000000p-22	-63	134217728	normal	36
4109	b4fd	b4fd0000	-4.7124922275543213e-07	-0x1.fa00000000000p-22	-253	536870912	normal	27
4110	b4fe	b4fe0000	-4.731118679046631e-07	-0x1.fc00000000000p-22	-127	268435456	normal	36
4111	b4ff	b4ff0000	-4.7497451305389404e-07	-0x1.fe00000000000p-22	-255	536870912	normal	26
4112	b500	b5000000	-4.76837158203125e-07	-0x1.0000000000000p-21	-1	2097152	normal	58
4113	b501	b5010000	-4.805624485015869e-07	-0x1.0200000000000p-21	-129	268435456	normal	69
4114	b502	b5020000	-4.842877388000488e-07	-0x1.0400000000000p-21	-65	134217728	normal	53
4115	b503	b5030000	-4.880130290985107e-07	-0x1.0600000000000p-21	-131	268435456	normal	61
4116	b504	b5040000	-4.917383193969727e-07	-0x1.0800000000000p-21	-33	67108864	normal	83
4117	b505	b5050000	-4.954636096954346e-07	-0x1.0a00000000000p-21	-133	268435456	normal	66
4118	b506	b5060000	-4.991888999938965e-07	-0x1.0c00000000000p-21	-67	134217728	normal	67
4119	b507	b5070000	-5.029141902923584e-07	-0x1.0e00000000000p-21	-135	268435456	normal	68
4120	b508	b5080000	-5.066394805908203e-07	-0x1.1000000000000p-21	-17	33554432	normal	72
4121	b509	b5090000	-5.103647708892822e-07	-0x1.1200000000000p-21	-137	268435456	normal	56
4122	b50a	b50a0000	-5.140900611877441e-07	-0x1.1400000000000p-21	-69	134217728	normal	68
4123	b50b	b50b0000	-5.178153514862061e-07	-0x1.1600000000000p-21	-139	268435456	normal	76
4124	b50c	b50c0000	-5.21540641784668e-07	-0x1.1800000000000p-21	-35	67108864	normal	54
4125	b50d	b50d0000	-5.252659320831299e-07	-0x1.1a00000000000p-21	-141	268435456	normal	57
4126	b50e	b50e0000	-5.289912223815918e-07	-0x1.1c00000000000p-21	-71	134217728	normal	77
4127	b50f	b50f0000	-5.327165126800537e-07	-0x1.1e00000000000p-21	-143	268435456	normal	54
4128	b510	b5100000	-5.364418029785156e-07	-0x1.2000000000000p-21	-9	16777216	normal	66
4129	b511	b5110000	-5.401670932769775e-07	-0x1.2200000000000p-21	-145	268435456	normal	74
4130	b512	b5120000	-5.438923835754395e-07	-0x1.2400000000000p-21	-73	134217728	normal	55
4131	b513	b5130000	-5.476176738739014e-07	-0x1.2600000000000p-21	-147	268435456	normal	65
4132	b514	b5140000	-5.513429641723633e-07	-0x1.2800000000000p-21	-37	67108864	normal	68
4133	b515	b5150000	-5.550682544708252e-07	-0x1.2a00000000000p-21	-149	268435456	normal	65
4134	b516	b5160000	-5.587935447692871e-07	-0x1.2c00000000000p-21	-75	134217728	normal	67
4135	b517	b5170000	-5.62518835067749e-07	-0x1.2e00000000000p-21	-151	268435456	normal	62
4136	b518	b5180000	-5.662441253662109e-07	-0x1.3000000000000p-21	-19	33554432	normal	53
4137	b519	b5190000	-5.699694156646729e-07	-0x1.3200000000000p-21	-153	268435456	normal	61
4138	b51a	b51a0000	-5.736947059631348e-07	-0x1.3400000000000p-21	-77	134217728	normal	93
4139	b51b	b51b0000	-5.774199962615967e-07	-0x1.3600000000000p-21	-155	268435456	normal	71
4140	b51c	b51c0000	-5.811452865600586e-07	-0x1.3800000000000p-21	-39	67108864	normal	64
4141	b51d	b51d0000	-5.848705768585205e-07	-0x1.3a00000000000p-21	-157	268435456	normal	51
4142	b51e	b51e0000	-5.885958671569824e-07	-0x1.3c00000000000p-21	-79	134217728	normal	82
4143	b51f	b51f0000	-5.923211574554443e-07	-0x1.3e00000000000p-21	-159	268435456	normal	68
4144	b520	b5200000	-5.960464477539062e-07	-0x1.4000000000000p-21	-5	8388608	normal	64
4145	b521	b5210000	-5.997717380523682e-07	-0x1.4200000000000p-21	-161	268435456	normal	66
4146	b522	b5220000	-6.034970283508301e-07	-0x1.4400000000000p-21	-81	134217728	normal	65
4147	b523	b5230000	-6.07222318649292e-07	-0x1.4600000000000p-21	-163	268435456	normal	54
4148	b524	b5240000	-6.109476089477539e-07	-0x1.4800000000000p-21	-41	67108864	normal	72
4149	b525	b5250000	-6.146728992462158e-07	-0x1.4a00000000000p-21	-165	268435456	normal	72
4150	b526	b5260000	-6.183981895446777e-07	-0x1.4c00000000000p-21	-83	134217728	normal	64
4151	b527	b5270000	-6.221234798431396e-07	-0x1.4e00000000000p-21	-167	268435456	normal	75
4152	b528	b5280000	-6.258487701416016e-07	-0x1.5000000000000p-21	-21	33554432	normal	80
4153	b529	b5290000	-6.295740604400635e-07	-0x1.5200000000000p-21	-169	268435456	normal	74
4154	b52a	b52a0000	-6.332993507385254e-07	-0x1.5400000000000p-21	-85	134217728	normal	70
4155	b52b	b52b0000	-6.370246410369873e-07	-0x1.5600000000000p-21	-171	268435456	normal	58
4156	b52c	b52c0000	-6.407499313354492e-07	-0x1.5800000000000p-21	-43	67108864	normal	58
4157	b52d	b52d0000	-6.444752216339111e-07	-0x1.5a00000000000p-21	-173	268435456	normal	53
4158	b52e	b52e0000	-6.48200511932373e-07	-0x1.5c00000000000p-21	-87	134217728	normal	67
4159	b52f	b52f0000	-6.51925802230835e-07	-0x1.5e00000000000p-21	-175	268435456	normal	47
4160	b530	b5300000	-6.556510925292969e-07	-0x1.6000000000000p-21	-11	16777216	normal	57
4161	b531	b5310000	-6.593763828277588e-07	-0x1.6200000000000p-21	-177	268435456	normal	58
4162	b532	b5320000	-6.631016731262207e-07	-0x1.6400000000000p-21	-89	134217728	normal	64
4163	b533	b5330000	-6.668269634246826e-07	-0x1.6600000000000p-21	-179	268435456	normal	65
4164	b534	b5340000	-6.705522537231445e-07	-0x1.6800000000000p-21	-45	67108864	normal	75
4165	b535	b5350000	-6.742775440216064e-07	-0x1.6a00000000000p-21	-181	268435456	normal	60
4166	b536	b5360000	-6.780028343200684e-07	-0x1.6c00000000000p-21	-91	134217728	normal	48
4167	b537	b5370000	-6.817281246185303e-07	-0x1.6e00000000000p-21	-183	268435456	normal	57
4168	b538	b5380000	-6.854534149169922e-07	-0x1.7000000000000p-21	-23	33554432	normal	68
4169	b539	b5390000	-6.891787052154541e-07	-0x1.7200000000000p-21	-185	268435456	normal	85
4170	b53a	b53a0000	-6.92903995513916e-07	-0x1.7400000000000p-21	-93	134217728	normal	50
4171	b53b	b53b0000	-6.966292858123779e-07	-0x1.7600000000000p-21	-187	268435456	normal	56
4172	b53c	b53c0000	-7.003545761108398e-07	-0x1.7800000000000p-21	-47	67108864	normal	57
4173	b53d	b53d0000	-7.040798664093018e-07	-0x1.7a00000000000p-21	-189	268435456	normal	69
4174	b53e	b53e0000	-7.078051567077637e-07	-0x1.7c00000000000p-21	-95	134217728	normal	63
4175	b53f	b53f0000	-7.115304470062256e-07	-0x1.7e00000000000p-21	-191	268435456	normal	71
4176	b540	b5400000	-7.152557373046875e-07	-0x1.8000000000000p-21	-3	4194304	normal	67
4177	b541	b5410000	-7.189810276031494e-07	-0x1.8200000000000p-21	-193	268435456	normal	72
4178	b542	b5420000	-7.227063179016113e-07	-0x1.8400000000000p-21	-97	134217728	normal	62
4179	b543	b5430000	-7.264316082000732e-07	-0x1.8600000000000p-21	-195	268435456	normal	81
4180	b544	b5440000	-7.301568984985352e-07	-0x1.8800000000000p-21	-49	67108864	normal	79
4181	b545	b5450000	-7.338821887969971e-07	-0x1.8a00000000000p-21	-197	268435456	normal	74
4182	b546	b5460000	-7.37607479095459e-07	-0x1.8c00000000000p-21	-99	134217728	normal	77
4183	b547	b5470000	-7.413327693939209e-07	-0x1.8e00000000000p-21	-199	268435456	normal	60
4184	b548	b5480000	-7.450580596923828e-07	-0x1.9000000000000p-21	-25	33554432	normal	60
4185	b549	b5490000	-7.487833499908447e-07	-0x1.9200000000000p-21	-201	268435456	normal	56
4186	b54a	b54a0000	-7.525086402893066e-07	-0x1.9400000000000p-21	-101	134217728	normal	62
4187	b54b	b54b0000	-7.562339305877686e-07	-0x1.9600000000000p-21	-203	268435456	normal	66
4188	b54c	b54c0000	-7.599592208862305e-07	-0x1.9800000000000p-21	-51	67108864	normal	51
4189	b54d	b54d0000	-7.636845111846924e-07	-0x1.9a00000000000p-21	-205	268435456	normal	60
4190	b54e	b54e0000	-7.674098014831543e-07	-0x1.9c00000000000p-21	-103	134217728	normal	78
4191	b54f	b54f0000	-7.711350917816162e-07	-0x1.9e00000000000p-21	-207	268435456	normal	67
4192	b550	b5500000	-7.748603820800781e-07	-0x1.a000000000000p-21	-13	16777216	normal	72
4193	b551	b5510000	-7.7858567237854e-07	-0x1.a200000000000p-21	-209	268435456	normal	63
4194	b552	b5520000	-7.82310962677002e-07	-0x1.a400000000000p-21	-105	134217728	normal	68
4195	b553	b5530000	-7.860362529754639e-07	-0x1.a600000000000p-21	-211	268435456	normal	61
4196	b554	b5540000	-7.897615432739258e-07	-0x1.a800000000000p-21	-53	67108864	normal	49
4197	b555	b5550000	-7.934868335723877e-07	-0x1.aa00000000000p-21	-213	268435456	normal	71
4198	b556	b5560000	-7.972121238708496e-07	-0x1.ac00000000000p-21	-107	134217728	normal	49
4199	b557	b5570000	-8.009374141693115e-07	-0x1.ae00000000000p-21	-215	268435456	normal	70
4200	b558	b5580000	-8.046627044677734e-07	-0x1.b000000000000p-21	-27	33554432	normal	69
4201	b559	b5590000	-8.083879947662354e-07	-0x1.b200000000000p-21	-217	268435456	normal	54
4202	b55a	b55a0000	-8.121132850646973e-07	-0x1.b400000000000p-21	-109	134217728	normal	60
4203	b55b	b55b0000	-8.158385753631592e-07	-0x1.b600000000000p-21	-219	268435456	normal	56
4204	b55c	b55c0000	-8.195638656616211e-07	-0x1.b800000000000p-21	-55	67108864	normal	67
4205	b55d	b55d0000	-8.23289155960083e-07	-0x1.ba00000000000p-21	-221	268435456	normal	67
4206	b55e	b55e0000	-8.270144462585449e-07	-0x1.bc00000000000p-21	-111	134217728	normal	61
4207	b55f	b55f0000	-8.307397365570068e-07	-0x1.be00000000000p-21	-223	268435456	normal	62
4208	b560	b5600000	-8.344650268554688e-07	-0x1.c000000000000p-21	-7	8388608	normal	70
4209	b561	b5610000	-8.381903171539307e-07	-0x1.c200000000000p-21	-225	268435456	normal	81
4210	b562	b5620000	-8.419156074523926e-07	-0x1.c400000000000p-21	-113	134217728	normal	61
4211	b563	b5630000	-8.456408977508545e-07	-0x1.c600000000000p-21	-227	268435456	normal	54
4212	b564	b5640000	-8.493661880493164e-07	-0x1.c800000000000p-21	-57	67108864	normal	62
4213	b565	b5650000	-8.530914783477783e-07	-0x1.ca00000000000p-21	-229	268435456	normal	75
4214	b566	b5660000	-8.568167686462402e-07	-0x1.cc00000000000p-21	-115	134217728	normal	64
4215	b567	b5670000	-8.605420589447021e-07	-0x1.ce00000000000p-21	-231	268435456	normal	71
4216	b568	b5680000	-8.642673492431641e-07	-0x1.d000000000000p-21	-29	33554432	normal	79
4217	b569	b5690000	-8.67992639541626e-07	-0x1.d200000000000p-21	-233	268435456	normal	68
4218	b56a	b56a0000	-8.717179298400879e-07	-0x1.d400000000000p-21	-117	134217728	normal	73
4219	b56b	b56b0000	-8.754432201385498e-07	-0x1.d600000000000p-21	-235	268435456	normal	72
4220	b56c	b56c0000	-8.791685104370117e-07	-0x1.d800000000000p-21	-59	67108864	normal	68
4221	b56d	b56d0000	-8.828938007354736e-07	-0x1.da00000000000p-21	-237	268435456	normal	57
4222	b56e	b56e0000	-8.866190910339355e-07	-0x1.dc00000000000p-21	-119	134217728	normal	62
4223	b56f	b56f0000	-8.903443813323975e-07	-0x1.de00000000000p-21	-239	268435456	normal	66
4224	b570	b5700000	-8.940696716308594e-07	-0x1.e000000000000p-21	-15	16777216	normal	78
4225	b571	b5710000	-8.977949619293213e-07	-0x1.e200000000000p-21	-241	268435456	normal	87
4226	b572	b5720000	-9.015202522277832e-07	-0x1.e400000000000p-21	-121	134217728	normal	58
4227	b573	b5730000	-9.052455425262451e-07	-0x1.e600000000000p-21	-243	268435456	normal	51
4228	b574	b5740000	-9.08970832824707e-07	-0x1.e800000000000p-21	-61	67108864	normal	58
4229	b575	b5750000	-9.126961231231689e-07	-0x1.ea00000000000p-21	-245	268435456	normal	67
4230	b576	b5760000	-9.164214134216309e-07	-0x1.ec00000000000p-21	-123	134217728	normal	68
4231	b577	b5770000	-9.201467037200928e-07	-0x1.ee00000000000p-21	-247	268435456	normal	58
4232	b578	b5780000	-9.238719940185547e-07	-0x1.f000000000000p-21	-31	33554432	normal	55
4233	b579	b5790000	-9.275972843170166e-07	-0x1.f200000000000p-21	-249	268435456	normal	63
4234	b57a	b57a0000	-9.313225746154785e-07	-0x1.f400000000000p-21	-125	134217728	normal	70
4235	b57b	b57b0000	-9.350478649139404e-07	-0x1.f600000000000p-21	-251	268435456	normal	68
4236	b57c	b57c0000	-9.387731552124023e-07	-0x1.f800000000000p-21	-63	67108864	normal	64
4237	b57d	b57d0000	-9.424984455108643e-07	-0x1.fa00000000000p-21	-253	268435456	normal	60
4238	b57e	b57e0000	-9.462237358093262e-07	-0x1.fc00000000000p-21	-127	134217728	normal	73
4239	b57f	b57f0000	-9.499490261077881e-07	-0x1.fe00000000000p-21	-255	268435456	normal	69
4240	b580	b5800000	-9.5367431640625e-07	-0x1.0000000000000p-20	-1	1048576	normal	113
4241	b581	b5810000	-9.611248970031738e-07	-0x1.0200000000000p-20	-129	134217728	normal	143
4242	b582	b5820000	-9.685754776000977e-07	-0x1.0400000000000p-20	-65	67108864	normal	110
4243	b583	b5830000	-9.760260581970215e-07	-0x1.0600000000000p-20	-131	134217728	normal	135
4244	b584	b5840000	-9.834766387939453e-07	-0x1.0800000000000p-20	-33	33554432	normal	115
4245	b585	b5850000	-9.909272193908691e-07	-0x1.0a00000000000p-20	-133	134217728	normal	147
4246	b586	b5860000	-9.98377799987793e-07	-0x1.0c00000000000p-20	-67	67108864	normal	134
4247	b587	b5870000	-1.0058283805847168e-06	-0x1.0e00000000000p-20	-135	134217728	normal	156
4248	b588	b5880000	-1.0132789611816406e-06	-0x1.1000000000000p-20	-17	16777216	normal	141
4249	b589	b5890000	-1.0207295417785645e-06	-0x1.1200000000000p-20	-137	134217728	normal	130
4250	b58a	b58a0000	-1.0281801223754883e-06	-0x1.1400000000000p-20	-69	67108864	normal	131
4251	b58b	b58b0000	-1.0356307029724121e-06	-0x1.1600000000000p-20	-139	134217728	normal	142
4252	b58c	b58c0000	-1.043081283569336e-06	-0x1.1800000000000p-20	-35	33554432	normal	112
4253	b58d	b58d0000	-1.0505318641662598e-06	-0x1.1a00000000000p-20	-141	134217728	normal	131
4254	b58e	b58e0000	-1.0579824447631836e-06	-0x1.1c00000000000p-20	-71	67108864	normal	127
4255	b58f	b58f0000	-1.0654330253601074e-06	-0x1.1e00000000000p-20	-143	134217728	normal	141
4256	b590	b5900000	-1.0728836059570312e-06	-0x1.2000000000000p-20	-9	8388608	normal	126
4257	b591	b5910000	-1.080334186553955e-06	-0x1.2200000000000p-20	-145	134217728	normal	128
4258	b592	b5920000	-1.087784767150879e-06	-0x1.2400000000000p-20	-73	67108864	normal	149
4259	b593	b5930000	-1.0952353477478027e-06	-0x1.2600000000000p-20	-147	134217728	normal	132
4260	b594	b5940000	-1.1026859283447266e-06	-0x1.2800000000000p-20	-37	33554432	normal	135
4261	b595	b5950000	-1.1101365089416504e-06	-0x1.2a00000000000p-20	-149	134217728	normal	128
4262	b596	b5960000	-1.1175870895385742e-06	-0x1.2c00000000000p-20	-75	67108864	normal	135
4263	b597	b5970000	-1.125037670135498e-06	-0x1.2e00000000000p-20	-151	134217728	normal	142
4264	b598	b5980000	-1.1324882507324219e-06	-0x1.3000000000000p-20	-19	16777216	normal	134
4265	b599	b5990000	-1.1399388313293457e-06	-0x1.3200000000000p-20	-153	134217728	normal	135
4266	b59a	b59a0000	-1.1473894119262695e-06	-0x1.3400000000000p-20	-77	67108864	normal	148
4267	b59b	b59b0000	-1.1548399925231934e-06	-0x1.3600000000000p-20	-155	134217728	normal	127
4268	b59c	b59c0000	-1.1622905731201172e-06	-0x1.3800000000000p-20	-39	33554432	normal	129
4269	b59d	b59d0000	-1.169741153717041e-06	-0x1.3a00000000000p-20	-157	134217728	normal	135
4270	b59e	b59e0000	-1.1771917343139648e-06	-0x1.3c00000000000p-20	-79	67108864	normal	127
4271	b59f	b59f0000	-1.1846423149108887e-06	-0x1.3e00000000000p-20	-159	134217728	normal	158
4272	b5a0	b5a00000	-1.1920928955078125e-06	-0x1.4000000000000p-20	-5	4194304	normal	119
4273	b5a1	b5a10000	-1.1995434761047363e-06	-0x1.4200000000000p-20	-161	134217728	normal	122
4274	b5a2	b5a20000	-1.2069940567016602e-06	-0x1.4400000000000p-20	-81	67108864	normal	127
4275	b5a3	b5a30000	-1.214444637298584e-06	-0x1.4600000000000p-20	-163	134217728	normal	124
4276	b5a4	b5a40000	-1.2218952178955078e-06	-0x1.4800000000000p-20	-41	33554432	normal	104
4277	b5a5	b5a50000	-1.2293457984924316e-06	-0x1.4a00000000000p-20	-165	134217728	normal	128
4278	b5a6	b5a60000	-1.2367963790893555e-06	-0x1.4c00000000000p-20	-83	67108864	normal	146
4279	b5a7	b5a70000	-1.2442469596862793e-06	-0x1.4e00000000000p-20	-167	134217728	normal	139
4280	b5a8	b5a80000	-1.2516975402832031e-06	-0x1.5000000000000p-20	-21	16777216	normal	132
4281	b5a9	b5a90000	-1.259148120880127e-06	-0x1.5200000000000p-20	-169	134217728	normal	153
4282	b5aa	b5aa0000	-1.2665987014770508e-06	-0x1.5400000000000p-20	-85	67108864	normal	117
4283	b5ab	b5ab0000	-1.2740492820739746e-06	-0x1.5600000000000p-20	-171	134217728	normal	127
4284	b5ac	b5ac0000	-1.2814998626708984e-06	-0x1.5800000000000p-20	-43	33554432	normal	136
4285	b5ad	b5ad0000	-1.2889504432678223e-06	-0x1.5a00000000000p-20	-173	134217728	normal	113
4286	b5ae	b5ae0000	-1.296401023864746e-06	-0x1.5c00000000000p-20	-87	67108864	normal	122
4287	b5af	b5af0000	-1.30385160446167e-06	-0x1.5e00000000000p-20	-175	134217728	normal	129
4288	b5b0	b5b00000	-1.3113021850585938e-06	-0x1.6000000000000p-20	-11	8388608	normal	121
4289	b5b1	b5b10000	-1.3187527656555176e-06	-0x1.6200000000000p-20	-177	134217728	normal	134
4290	b5b2	b5b20000	-1.3262033462524414e-06	-0x1.6400000000000p-20	-89	67108864	normal	123
4291	b5b3	b5b30000	-1.3336539268493652e-06	-0x1.6600000000000p-20	-179	134217728	normal	138
4292	b5b4	b5b40000	-1.341104507446289e-06	-0x1.6800000000000p-20	-45	33554432	normal	144
4293	b5b5	b5b50000	-1.3485550880432129e-06	-0x1.6a00000000000p-20	-181	134217728	normal	117
4294	b5b6	b5b60000	-1.3560056686401367e-06	-0x1.6c00000000000p-20	-91	67108864	normal	147
4295	b5b7	b5b70000	-1.3634562492370605e-06	-0x1.6e00000000000p-20	-183	134217728	normal	125
4296	b5b8	b5b80000	-1.3709068298339844e-06	-0x1.7000000000000p-20	-23	16777216	normal	153
4297	b5b9	b5b90000	-1.3783574104309082e-06	-0x1.7200000000000p-20	-185	134217728	normal	146
4298	b5ba	b5ba0000	-1.385807991027832e-06	-0x1.7400000000000p-20	-93	67108864	normal	133
4299	b5bb	b5bb0000	-1.3932585716247559e-06	-0x1.7600000000000p-20	-187	134217728	normal	126
4300	b5bc	b5bc0000	-1.4007091522216797e-06	-0x1.7800000000000p-20	-47	33554432	normal	146
4301	b5bd	b5bd0000	-1.4081597328186035e-06	-0x1.7a00000000000p-20	-189	134217728	normal	135
4302	b5be	b5be0000	-1.4156103134155273e-06	-0x1.7c00000000000p-20	-95	67108864	normal	130
4303	b5bf	b5bf0000	-1.4230608940124512e-06	-0x1.7e00000000000p-20	-191	134217728	normal	130
4304	b5c0	b5c00000	-1.430511474609375e-06	-0x1.8000000000000p-20	-3	2097152	normal	145
4305	b5c1	b5c10000	-1.4379620552062988e-06	-0x1.8200000000000p-20	-193	134217728	normal	122
4306	b5c2	b5c20000	-1.4454126358032227e-06	-0x1.8400000000000p-20	-97	67108864	normal	129
4307	b5c3	b5c30000	-1.4528632164001465e-06	-0x1.8600000000000p-20	-195	134217728	normal	134
4308	b5c4	b5c40000	-1.4603137969970703e-06	-0x1.8800000000000p-20	-49	33554432	normal	138
4309	b5c5	b5c50000	-1.4677643775939941e-06	-0x1.8a00000000000p-20	-197	134217728	normal	135
4310	b5c6	b5c60000	-1.475214958190918e-06	-0x1.8c00000000000p-20	-99	67108864	normal	151
4311	b5c7	b5c70000	-1.4826655387878418e-06	-0x1.8e00000000000p-20	-199	134217728	normal	145
4312	b5c8	b5c80000	-1.4901161193847656e-06	-0x1.9000000000000p-20	-25	16777216	normal	128
4313	b5c9	b5c90000	-1.4975666999816895e-06	-0x1.9200000000000p-20	-201	134217728	normal	137
4314	b5ca	b5ca0000	-1.5050172805786133e-06	-0x1.9400000000000p-20	-101	67108864	normal	113
4315	b5cb	b5cb0000	-1.5124678611755371e-06	-0x1.9600000000000p-20	-203	134217728	normal	140
4316	b5cc	b5cc0000	-1.519918441772461e-06	-0x1.9800000000000p-20	-51	33554432	normal	149
4317	b5cd	b5cd0000	-1.5273690223693848e-06	-0x1.9a00000000000p-20	-205	134217728	normal	137
4318	b5ce	b5ce0000	-1.5348196029663086e-06	-0x1.9c00000000000p-20	-103	67108864	normal	130
4319	b5cf	b5cf0000	-1.5422701835632324e-06	-0x1.9e00000000000p-20	-207	134217728	normal	141
4320	b5d0	b5d00000	-1.5497207641601562e-06	-0x1.a000000000000p-20	-13	8388608	normal	106
4321	b5d1	b5d10000	-1.55717134475708e-06	-0x1.a200000000000p-20	-209	134217728	normal	131
4322	b5d2	b5d20000	-1.564621925354004e-06	-0x1.a400000000000p-20	-105	67108864	normal	142
4323	b5d3	b5d30000	-1.5720725059509277e-06	-0x1.a600000000000p-20	-211	134217728	normal	130
4324	b5d4	b5d40000	-1.5795230865478516e-06	-0x1.a800000000000p-20	-53	33554432	normal	138
4325	b5d5	b5d50000	-1.5869736671447754e-06	-0x1.aa00000000000p-20	-213	134217728	normal	127
4326	b5d6	b5d60000	-1.5944242477416992e-06	-0x1.ac00000000000p-20	-107	67108864	normal	132
4327	b5d7	b5d70000	-1.601874828338623e-06	-0x1.ae00000000000p-20	-215	134217728	normal	125
4328	b5d8	b5d80000	-1.6093254089355469e-06	-0x1.b000000000000p-20	-27	16777216	normal	121
4329	b5d9	b5d90000	-1.6167759895324707e-06	-0x1.b200000000000p-20	-217	134217728	normal	140
4330	b5da	b5da0000	-1.6242265701293945e-06	-0x1.b400000000000p-20	-109	67108864	normal	132
4331	b5db	b5db0000	-1.6316771507263184e-06	-0x1.b600000000000p-20	-219	134217728	normal	113
4332	b5dc	b5dc0000	-1.6391277313232422e-06	-0x1.b800000000000p-20	-55	33554432	normal	114
4333	b5dd	b5dd0000	-1.646578311920166e-06	-0x1.ba00000000000p-20	-221	134217728	normal	145
4334	b5de	b5de0000	-1.6540288925170898e-06	-0x1.bc00000000000p-20	-111	67108864	normal	129
4335	b5df	b5df0000	-1.6614794731140137e-06	-0x1.be00000000000p-20	-223	134217728	normal	136
4336	b5e0	b5e00000	-1.6689300537109375e-06	-0x1.c000000000000p-20	-7	4194304	normal	130
4337	b5e1	b5e10000	-1.6763806343078613e-06	-0x1.c200000000000p-20	-225	134217728	normal	113
4338	b5e2	b5e20000	-1.6838312149047852e-06	-0x1.c400000000000p-20	-113	67108864	normal	140
4339	b5e3	b5e30000	-1.691281795501709e-06	-0x1.c600000000000p-20	-227	134217728	normal	130
4340	b5e4	b5e40000	-1.6987323760986328e-06	-0x1.c800000000000p-20	-57	33554432	normal	122
4341	b5e5	b5e50000	-1.7061829566955566e-06	-0x1.ca00000000000p-20	-229	134217728	normal	145
4342	b5e6	b5e60000	-1.7136335372924805e-06	-0x1.cc00000000000p-20	-115	67108864	normal	147
4343	b5e7	b5e70000	-1.7210841178894043e-06	-0x1.ce00000000000p-20	-231	134217728	normal	115
4344	b5e8	b5e80000	-1.7285346984863281e-06	-0x1.d000000000000p-20	-29	16777216	normal	153
4345	b5e9	b5e90000	-1.735985279083252e-06	-0x1.d200000000000p-20	-233	134217728	normal	133
4346	b5ea	b5ea0000	-1.7434358596801758e-06	-0x1.d400000000000p-20	-117	67108864	normal	131
4347	b5eb	b5eb0000	-1.7508864402770996e-06	-0x1.d600000000000p-20	-235	134217728	normal	172
4348	b5ec	b5ec0000	-1.7583370208740234e-06	-0x1.d800000000000p-20	-59	33554432	normal	123
4349	b5ed	b5ed0000	-1.7657876014709473e-06	-0x1.da00000000000p-20	-237	134217728	normal	142
4350	b5ee	b5ee0000	-1.773238182067871e-06	-0x1.dc00000000000p-20	-119	67108864	normal	139
4351	b5ef	b5ef0000	-1.780688762664795e-06	-0x1.de00000000000p-20	-239	134217728	normal	138
4352	b5f0	b5f00000	-1.7881393432617188e-06	-0x1.e000000000000p-20	-15	8388608	normal	123
4353	b5f1	b5f10000	-1.7955899238586426e-06	-0x1.e200000000000p-20	-241	134217728	normal	145
4354	b5f2	b5f20000	-1.8030405044555664e-06	-0x1.e400000000000p-20	-121	67108864	normal	134
4355	b5f3	b5f30000	-1.8104910850524902e-06	-0x1.e600000000000p-20	-243	134217728	normal	112
4356	b5f4	b5f40000	-1.817941665649414e-06	-0x1.e800000000000p-20	-61	33554432	normal	133
4357	b5f5	b5f50000	-1.8253922462463379e-06	-0x1.ea00000000000p-20	-245	134217728	normal	133
4358	b5f6	b5f60000	-1.8328428268432617e-06	-0x1.ec00000000000p-20	-123	67108864	normal	108
4359	b5f7	b5f70000	-1.8402934074401855e-06	-0x1.ee00000000000p-20	-247	134217728	normal	129
4360	b5f8	b5f80000	-1.8477439880371094e-06	-0x1.f000000000000p-20	-31	16777216	normal	141
4361	b5f9	b5f90000	-1.8551945686340332e-06	-0x1.f200000000000p-20	-249	134217728	normal	127
4362	b5fa	b5fa0000	-1.862645149230957e-06	-0x1.f400000000000p-20	-125	67108864	normal	128
4363	b5fb	b5fb0000	-1.8700957298278809e-06	-0x1.f600000000000p-20	-251	134217728	normal	132
4364	b5fc	b5fc0000	-1.8775463104248047e-06	-0x1.f800000000000p-20	-63	33554432	normal	120
4365	b5fd	b5fd0000	-1.8849968910217285e-06	-0x1.fa00000000000p-20	-253	134217728	normal	155
4366	b5fe	b5fe0000	-1.8924474716186523e-06	-0x1.fc00000000000p-20	-127	67108864	normal	119
4367	b5ff	b5ff0000	-1.8998980522155762e-06	-0x1.fe00000000000p-20	-255	134217728	normal	116
4368	b600	b6000000	-1.9073486328125e-06	-0x1.0000000000000p-19	-1	524288	normal	179
4369	b601	b6010000	-1.9222497940063477e-06	-0x1.0200000000000p-19	-129	67108864	normal	288
4370	b602	b6020000	-1.9371509552001953e-06	-0x1.0400000000000p-19	-65	33554432	normal	275
4371	b603	b6030000	-1.952052116394043e-06	-0x1.0600000000000p-19	-131	67108864	normal	259
4372	b604	b6040000	-1.9669532775878906e-06	-0x1.0800000000000p-19	-33	16777216	normal	252
4373	b605	b6050000	-1.9818544387817383e-06	-0x1.0a00000000000p-19	-133	67108864	normal	268
4374	b606	b6060000	-1.996755599975586e-06	-0x1.0c00000000000p-19	-67	33554432	normal	270
4375	b607	b6070000	-2.0116567611694336e-06	-0x1.0e00000000000p-19	-135	67108864	normal	244
4376	b608	b6080000	-2.0265579223632812e-06	-0x1.1000000000000p-19	-17	8388608	normal	253
4377	b609	b6090000	-2.041459083557129e-06	-0x1.1200000000000p-19	-137	67108864	normal	256
4378	b60a	b60a0000	-2.0563602447509766e-06	-0x1.1400000000000p-19	-69	33554432	normal	263
4379	b60b	b60b0000	-2.0712614059448242e-06	-0x1.1600000000000p-19	-139	67108864	normal	274
4380	b60c	b60c0000	-2.086162567138672e-06	-0x1.1800000000000p-19	-35	16777216	normal	263
4381	b60d	b60d0000	-2.1010637283325195e-06	-0x1.1a00000000000p-19	-141	67108864	normal	240
4382	b60e	b60e0000	-2.115964889526367e-06	-0x1.1c00000000000p-19	-71	33554432	normal	250
4383	b60f	b60f0000	-2.130866050720215e-06	-0x1.1e00000000000p-19	-143	67108864	normal	253
4384	b610	b6100000	-2.1457672119140625e-06	-0x1.2000000000000p-19	-9	4194304	normal	264
4385	b611	b6110000	-2.16066837310791e-06	-0x1.2200000000000p-19	-145	67108864	normal	304
4386	b612	b6120000	-2.175569534301758e-06	-0x1.2400000000000p-19	-73	33554432	normal	237
4387	b613	b6130000	-2.1904706954956055e-06	-0x1.2600000000000p-19	-147	67108864	normal	254
4388	b614	b6140000	-2.205371856689453e-06	-0x1.2800000000000p-19	-37	16777216	normal	283
4389	b615	b6150000	-2.2202730178833008e-06	-0x1.2a00000000000p-19	-149	67108864	normal	264
4390	b616	b6160000	-2.2351741790771484e-06	-0x1.2c00000000000p-19	-75	33554432	normal	251
4391	b617	b6170000	-2.250075340270996e-06	-0x1.2e00000000000p-19	-151	67108864	normal	267
4392	b618	b6180000	-2.2649765014648438e-06	-0x1.3000000000000p-19	-19	8388608	normal	257
4393	b619	b6190000	-2.2798776626586914e-06	-0x1.3200000000000p-19	-153	67108864	normal	250
4394	b61a	b61a0000	-2.294778823852539e-06	-0x1.3400000000000p-19	-77	33554432	normal	248
4395	b61b	b61b0000	-2.3096799850463867e-06	-0x1.3600000000000p-19	-155	67108864	normal	266
4396	b61c	b61c0000	-2.3245811462402344e-06	-0x1.3800000000000p-19	-39	16777216	normal	277
4397	b61d	b61d0000	-2.339482307434082e-06	-0x1.3a00000000000p-19	-157	67108864	normal	269
4398	b61e	b61e0000	-2.3543834686279297e-06	-0x1.3c00000000000p-19	-79	33554432	normal	232
4399	b61f	b61f0000	-2.3692846298217773e-06	-0x1.3e00000000000p-19	-159	67108864	normal	271
4400	b620	b6200000	-2.384185791015625e-06	-0x1.4000000000000p-19	-5	2097152	normal	234
4401	b621	b6210000	-2.3990869522094727e-06	-0x1.4200000000000p-19	-161	67108864	normal	264
4402	b622	b6220000	-2.4139881134033203e-06	-0x1.4400000000000p-19	-81	33554432	normal	268
4403	b623	b6230000	-2.428889274597168e-06	-0x1.4600000000000p-19	-163	67108864	normal	275
4404	b624	b6240000	-2.4437904357910156e-06	-0x1.4800000000000p-19	-41	16777216	normal	237
4405	b625	b6250000	-2.4586915969848633e-06	-0x1.4a00000000000p-19	-165	67108864	normal	255
4406	b626	b6260000	-2.473592758178711e-06	-0x1.4c00000000000p-19	-83	33554432	normal	269
4407	b627	b6270000	-2.4884939193725586e-06	-0x1.4e00000000000p-19	-167	67108864	normal	284
4408	b628	b6280000	-2.5033950805664062e-06	-0x1.5000000000000p-19	-21	8388608	normal	255
4409	b629	b6290000	-2.518296241760254e-06	-0x1.5200000000000p-19	-169	67108864	normal	283
4410	b62a	b62a0000	-2.5331974029541016e-06	-0x1.5400000000000p-19	-85	33554432	normal	272
4411	b62b	b62b0000	-2.5480985641479492e-06	-0x1.5600000000000p-19	-171	67108864	normal	267
4412	b62c	b62c0000	-2.562999725341797e-06	-0x1.5800000000000p-19	-43	16777216	normal	272
4413	b62d	b62d0000	-2.5779008865356445e-06	-0x1.5a00000000000p-19	-173	67108864	normal	267
4414	b62e	b62e0000	-2.592802047729492e-06	-0x1.5c00000000000p-19	-87	33554432	normal	260
4415	b62f	b62f0000	-2.60770320892334e-06	-0x1.5e00000000000p-19	-175	67108864	normal	269
4416	b630	b6300000	-2.6226043701171875e-06	-0x1.6000000000000p-19	-11	4194304	normal	274
4417	b631	b6310000	-2.637505531311035e-06	-0x1.6200000000000p-19	-177	67108864	normal	267
4418	b632	b6320000	-2.652406692504883e-06	-0x1.6400000000000p-19	-89	33554432	normal	262
4419	b633	b6330000	-2.6673078536987305e-06	-0x1.6600000000000p-19	-179	67108864	normal	259
4420	b634	b6340000	-2.682209014892578e-06	-0x1.6800000000000p-19	-45	16777216	normal	277
4421	b635	b6350000	-2.6971101760864258e-06	-0x1.6a00000000000p-19	-181	67108864	normal	240
4422	b636	b6360000	-2.7120113372802734e-06	-0x1.6c00000000000p-19	-91	33554432	normal	246
4423	b637	b6370000	-2.726912498474121e-06	-0x1.6e00000000000p-19	-183	67108864	normal	268
4424	b638	b6380000	-2.7418136596679688e-06	-0x1.7000000000000p-19	-23	8388608	normal	284
4425	b639	b6390000	-2.7567148208618164e-06	-0x1.7200000000000p-19	-185	67108864	normal	274
4426	b63a	b63a0000	-2.771615982055664e-06	-0x1.7400000000000p-19	-93	33554432	normal	260
4427	b63b	b63b0000	-2.7865171432495117e-06	-0x1.7600000000000p-19	-187	67108864	normal	267
4428	b63c	b63c0000	-2.8014183044433594e-06	-0x1.7800000000000p-19	-47	16777216	normal	260
4429	b63d	b63d0000	-2.816319465637207e-06	-0x1.7a00000000000p-19	-189	67108864	normal	260
4430	b63e	b63e0000	-2.8312206268310547e-06	-0x1.7c00000000000p-19	-95	33554432	normal	273
4431	b63f	b63f0000	-2.8461217880249023e-06	-0x1.7e00000000000p-19	-191	67108864	normal	257
4432	b640	b6400000	-2.86102294921875e-06	-0x1.8000000000000p-19	-3	1048576	normal	285
4433	b641	b6410000	-2.8759241104125977e-06	-0x1.8200000000000p-19	-193	67108864	normal	266
4434	b642	b6420000	-2.8908252716064453e-06	-0x1.8400000000000p-19	-97	33554432	normal	247
4435	b643	b6430000	-2.905726432800293e-06	-0x1.8600000000000p-19	-195	67108864	normal	266
4436	b644	b6440000	-2.9206275939941406e-06	-0x1.8800000000000p-19	-49	16777216	normal	251
4437	b645	b6450000	-2.9355287551879883e-06	-0x1.8a00000000000p-19	-197	67108864	normal	272
4438	b646	b6460000	-2.950429916381836e-06	-0x1.8c00000000000p-19	-99	33554432	normal	278
4439	b647	b6470000	-2.9653310775756836e-06	-0x1.8e00000000000p-19	-199	67108864	normal	250
4440	b648	b6480000	-2.9802322387695312e-06	-0x1.9000000000000p-19	-25	8388608	normal	297
4441	b649	b6490000	-2.995133399963379e-06	-0x1.9200000000000p-19	-201	67108864	normal	259
4442	b64a	b64a0000	-3.0100345611572266e-06	-0x1.9400000000000p-19	-101	33554432	normal	272
4443	b64b	b64b0000	-3.0249357223510742e-06	-0x1.9600000000000p-19	-203	67108864	normal	282
4444	b64c	b64c0000	-3.039836883544922e-06	-0x1.9800000000000p-19	-51	16777216	normal	242
4445	b64d	b64d0000	-3.0547380447387695e-06	-0x1.9a00000000000p-19	-205	67108864	normal	263
4446	b64e	b64e0000	-3.069639205932617e-06	-0x1.9c00000000000p-19	-103	33554432	normal	277
4447	b64f	b64f0000	-3.084540367126465e-06	-0x1.9e00000000000p-19	-207	67108864	normal	262
4448	b650	b6500000	-3.0994415283203125e-06	-0x1.a000000000000p-19	-13	4194304	normal	262
4449	b651	b6510000	-3.11434268951416e-06	-0x1.a200000000000p-19	-209	67108864	normal	272
4450	b652	b6520000	-3.129243850708008e-06	-0x1.a400000000000p-19	-105	33554432	normal	260
4451	b653	b6530000	-3.1441450119018555e-06	-0x1.a600000000000p-19	-211	67108864	normal	291
4452	b654	b6540000	-3.159046173095703e-06	-0x1.a800000000000p-19	-53	16777216	normal	258
4453	b655	b6550000	-3.1739473342895508e-06	-0x1.aa00000000000p-19	-213	67108864	normal	294
4454	b656	b6560000	-3.1888484954833984e-06	-0x1.ac00000000000p-19	-107	33554432	normal	275
4455	b657	b6570000	-3.203749656677246e-06	-0x1.ae00000000000p-19	-215	67108864	normal	277
4456	b658	b6580000	-3.2186508178710938e-06	-0x1.b000000000000p-19	-27	8388608	normal	258
4457	b659	b6590000	-3.2335519790649414e-06	-0x1.b200000000000p-19	-217	67108864	normal	255
4458	b65a	b65a0000	-3.248453140258789e-06	-0x1.b400000000000p-19	-109	33554432	normal	270
4459	b65b	b65b0000	-3.2633543014526367e-06	-0x1.b600000000000p-19	-219	67108864	normal	251
4460	b65c	b65c0000	-3.2782554626464844e-06	-0x1.b800000000000p-19	-55	16777216	normal	262
4461	b65d	b65d0000	-3.293156623840332e-06	-0x1.ba00000000000p-19	-221	67108864	normal	295
4462	b65e	b65e0000	-3.3080577850341797e-06	-0x1.bc00000000000p-19	-111	33554432	normal	248
4463	b65f	b65f0000	-3.3229589462280273e-06	-0x1.be00000000000p-19	-223	67108864	normal	278
4464	b660	b6600000	-3.337860107421875e-06	-0x1.c000000000000p-19	-7	2097152	normal	263
4465	b661	b6610000	-3.3527612686157227e-06	-0x1.c200000000000p-19	-225	67108864	normal	256
4466	b662	b6620000	-3.3676624298095703e-06	-0x1.c400000000000p-19	-113	33554432	normal	243
4467	b663	b6630000	-3.382563591003418e-06	-0x1.c600000000000p-19	-227	67108864	normal	276
4468	b664	b6640000	-3.3974647521972656e-06	-0x1.c800000000000p-19	-57	16777216	normal	263
4469	b665	b6650000	-3.4123659133911133e-06	-0x1.ca00000000000p-19	-229	67108864	normal	266
4470	b666	b6660000	-3.427267074584961e-06	-0x1.cc00000000000p-19	-115	33554432	normal	230
4471	b667	b6670000	-3.4421682357788086e-06	-0x1.ce00000000000p-19	-231	67108864	normal	277
4472	b668	b6680000	-3.4570693969726562e-06	-0x1.d000000000000p-19	-29	8388608	normal	285
4473	b669	b6690000	-3.471970558166504e-06	-0x1.d200000000000p-19	-233	67108864	normal	256
4474	b66a	b66a0000	-3.4868717193603516e-06	-0x1.d400000000000p-19	-117	33554432	normal	274
4475	b66b	b66b0000	-3.5017728805541992e-06	-0x1.d600000000000p-19	-235	67108864	normal	288
4476	b66c	b66c0000	-3.516674041748047e-06	-0x1.d800000000000p-19	-59	16777216	normal	275
4477	b66d	b66d0000	-3.5315752029418945e-06	-0x1.da00000000000p-19	-237	67108864	normal	279
4478	b66e	b66e0000	-3.546476364135742e-06	-0x1.dc00000000000p-19	-119	33554432	normal	269
4479	b66f	b66f0000	-3.56137752532959e-06	-0x1.de00000000000p-19	-239	67108864	normal	269
4480	b670	b6700000	-3.5762786865234375e-06	-0x1.e000000000000p-19	-15	4194304	normal	270
4481	b671	b6710000	-3.591179847717285e-06	-0x1.e200000000000p-19	-241	67108864	normal	281
4482	b672	b6720000	-3.606081008911133e-06	-0x1.e400000000000p-19	-121	33554432	normal	269
4483	b673	b6730000	-3.6209821701049805e-06	-0x1.e600000000000p-19	-243	67108864	normal	262
4484	b674	b6740000	-3.635883331298828e-06	-0x1.e800000000000p-19	-61	16777216	normal	262
4485	b675	b6750000	-3.6507844924926758e-06	-0x1.ea00000000000p-19	-245	67108864	normal	244
4486	b676	b6760000	-3.6656856536865234e-06	-0x1.ec00000000000p-19	-123	33554432	normal	252
4487	b677	b6770000	-3.680586814880371e-06	-0x1.ee00000000000p-19	-247	67108864	normal	299
4488	b678	b6780000	-3.6954879760742188e-06	-0x1.f000000000000p-19	-31	8388608	normal	268
4489	b679	b6790000	-3.7103891372680664e-06	-0x1.f200000000000p-19	-249	67108864	normal	266
4490	b67a	b67a0000	-3.725290298461914e-06	-0x1.f400000000000p-19	-125	33554432	normal	264
4491	b67b	b67b0000	-3.7401914596557617e-06	-0x1.f600000000000p-19	-251	67108864	normal	302
4492	b67c	b67c0000	-3.7550926208496094e-06	-0x1.f800000000000p-19	-63	16777216	normal	272
4493	b67d	b67d0000	-3.769993782043457e-06	-0x1.fa00000000000p-19	-253	67108864	normal	281
4494	b67e	b67e0000	-3.7848949432373047e-06	-0x1.fc00000000000p-19	-127	33554432	normal	257
4495	b67f	b67f0000	-3.7997961044311523e-06	-0x1.fe00000000000p-19	-255	67108864	normal	280
4496	b680	b6800000	-3.814697265625e-06	-0x1.0000000000000p-18	-1	262144	normal	391
4497	b681	b6810000	-3.844499588012695e-06	-0x1.0200000000000p-18	-129	33554432	normal	563
4498	b682	b6820000	-3.874301910400391e-06	-0x1.0400000000000p-18	-65	16777216	normal	551
4499	b683	b6830000	-3.904104232788086e-06	-0x1.0600000000000p-18	-131	33554432	normal	569
4500	b684	b6840000	-3.933906555175781e-06	-0x1.0800000000000p-18	-33	8388608	normal	537
4501	b685	b6850000	-3.9637088775634766e-06	-0x1.0a00000000000p-18	-133	33554432	normal	512
4502	b686	b6860000	-3.993511199951172e-06	-0x1.0c00000000000p-18	-67	16777216	normal	577
4503	b687	b6870000	-4.023313522338867e-06	-0x1.0e00000000000p-18	-135	33554432	normal	539
4504	b688	b6880000	-4.0531158447265625e-06	-0x1.1000000000000p-18	-17	4194304	normal	533
4505	b689	b6890000	-4.082918167114258e-06	-0x1.1200000000000p-18	-137	33554432	normal	535
4506	b68a	b68a0000	-4.112720489501953e-06	-0x1.1400000000000p-18	-69	16777216	normal	523
4507	b68b	b68b0000	-4.1425228118896484e-06	-0x1.1600000000000p-18	-139	33554432	normal	517
4508	b68c	b68c0000	-4.172325134277344e-06	-0x1.1800000000000p-18	-35	8388608	normal	537
4509	b68d	b68d0000	-4.202127456665039e-06	-0x1.1a00000000000p-18	-141	33554432	normal	543
4510	b68e	b68e0000	-4.231929779052734e-06	-0x1.1c00000000000p-18	-71	16777216	normal	515
4511	b68f	b68f0000	-4.26173210144043e-06	-0x1.1e00000000000p-18	-143	33554432	normal	494
4512	b690	b6900000	-4.291534423828125e-06	-0x1.2000000000000p-18	-9	2097152	normal	584
4513	b691	b6910000	-4.32133674621582e-06	-0x1.2200000000000p-18	-145	33554432	normal	518
4514	b692	b6920000	-4.351139068603516e-06	-0x1.2400000000000p-18	-73	16777216	normal	531
4515	b693	b6930000	-4.380941390991211e-06	-0x1.2600000000000p-18	-147	33554432	normal	504
4516	b694	b6940000	-4.410743713378906e-06	-0x1.2800000000000p-18	-37	8388608	normal	496
4517	b695	b6950000	-4.4405460357666016e-06	-0x1.2a00000000000p-18	-149	33554432	normal	513
4518	b696	b6960000	-4.470348358154297e-06	-0x1.2c00000000000p-18	-75	16777216	normal	565
4519	b697	b6970000	-4.500150680541992e-06	-0x1.2e00000000000p-18	-151	33554432	normal	542
4520	b698	b6980000	-4.5299530029296875e-06	-0x1.3000000000000p-18	-19	4194304	normal	574
4521	b699	b6990000	-4.559755325317383e-06	-0x1.3200000000000p-18	-153	33554432	normal	521
4522	b69a	b69a0000	-4.589557647705078e-06	-0x1.3400000000000p-18	-77	16777216	normal	516
4523	b69b	b69b0000	-4.6193599700927734e-06	-0x1.3600000000000p-18	-155	33554432	normal	483
4524	b69c	b69c0000	-4.649162292480469e-06	-0x1.3800000000000p-18	-39	8388608	normal	516
4525	b69d	b69d0000	-4.678964614868164e-06	-0x1.3a00000000000p-18	-157	33554432	normal	560
4526	b69e	b69e0000	-4.708766937255859e-06	-0x1.3c00000000000p-18	-79	16777216	normal	530
4527	b69f	b69f0000	-4.738569259643555e-06	-0x1.3e00000000000p-18	-159	33554432	normal	518
4528	b6a0	b6a00000	-4.76837158203125e-06	-0x1.4000000000000p-18	-5	1048576	normal	547
4529	b6a1	b6a10000	-4.798173904418945e-06	-0x1.4200000000000p-18	-161	33554432	normal	522
4530	b6a2	b6a20000	-4.827976226806641e-06	-0x1.4400000000000p-18	-81	16777216	normal	503
4531	b6a3	b6a30000	-4.857778549194336e-06	-0x1.4600000000000p-18	-163	33554432	normal	575
4532	b6a4	b6a40000	-4.887580871582031e-06	-0x1.4800000000000p-18	-41	8388608	normal	577
4533	b6a5	b6a50000	-4.9173831939697266e-06	-0x1.4a00000000000p-18	-165	33554432	normal	575
4534	b6a6	b6a60000	-4.947185516357422e-06	-0x1.4c00000000000p-18	-83	16777216	normal	541
4535	b6a7	b6a70000	-4.976987838745117e-06	-0x1.4e00000000000p-18	-167	33554432	normal	543
4536	b6a8	b6a80000	-5.0067901611328125e-06	-0x1.5000000000000p-18	-21	4194304	normal	541
4537	b6a9	b6a90000	-5.036592483520508e-06	-0x1.5200000000000p-18	-169	33554432	normal	547
4538	b6aa	b6aa0000	-5.066394805908203e-06	-0x1.5400000000000p-18	-85	16777216	normal	555
4539	b6ab	b6ab0000	-5.0961971282958984e-06	-0x1.5600000000000p-18	-171	33554432	normal	544
4540	b6ac	b6ac0000	-5.125999450683594e-06	-0x1.5800000000000p-18	-43	8388608	normal	498
4541	b6ad	b6ad0000	-5.155801773071289e-06	-0x1.5a00000000000p-18	-173	33554432	normal	556
4542	b6ae	b6ae0000	-5.185604095458984e-06	-0x1.5c00000000000p-18	-87	16777216	normal	550
4543	b6af	b6af0000	-5.21540641784668e-06	-0x1.5e00000000000p-18	-175	33554432	normal	542
4544	b6b0	b6b00000	-5.245208740234375e-06	-0x1.6000000000000p-18	-11	2097152	normal	537
4545	b6b1	b6b10000	-5.27501106262207e-06	-0x1.6200000000000p-18	-177	33554432	normal	529
4546	b6b2	b6b20000	-5.304813385009766e-06	-0x1.6400000000000p-18	-89	16777216	normal	504
4547	b6b3	b6b30000	-5.334615707397461e-06	-0x1.6600000000000p-18	-179	33554432	normal	516
4548	b6b4	b6b40000	-5.364418029785156e-06	-0x1.6800000000000p-18	-45	8388608	normal	536
4549	b6b5	b6b50000	-5.3942203521728516e-06	-0x1.6a00000000000p-18	-181	33554432	normal	514
4550	b6b6	b6b60000	-5.424022674560547e-06	-0x1.6c00000000000p-18	-91	16777216	normal	534
4551	b6b7	b6b70000	-5.453824996948242e-06	-0x1.6e00000000000p-18	-183	33554432	normal	564
4552	b6b8	b6b80000	-5.4836273193359375e-06	-0x1.7000000000000p-18	-23	4194304	normal	529
4553	b6b9	b6b90000	-5.513429641723633e-06	-0x1.7200000000000p-18	-185	33554432	normal	563
4554	b6ba	b6ba0000	-5.543231964111328e-06	-0x1.7400000000000p-18	-93	16777216	normal	553
4555	b6bb	b6bb0000	-5.5730342864990234e-06	-0x1.7600000000000p-18	-187	33554432	normal	516
4556	b6bc	b6bc0000	-5.602836608886719e-06	-0x1.7800000000000p-18	-47	8388608	normal	526
4557	b6bd	b6bd0000	-5.632638931274414e-06	-0x1.7a00000000000p-18	-189	33554432	normal	577
4558	b6be	b6be0000	-5.662441253662109e-06	-0x1.7c00000000000p-18	-95	16777216	normal	509
4559	b6bf	b6bf0000	-5.692243576049805e-06	-0x1.7e00000000000p-18	-191	33554432	normal	504
4560	b6c0	b6c00000	-5.7220458984375e-06	-0x1.8000000000000p-18	-3	524288	normal	530
4561	b6c1	b6c10000	-5.751848220825195e-06	-0x1.8200000000000p-18	-193	33554432	normal	560
4562	b6c2	b6c20000	-5.781650543212891e-06	-0x1.8400000000000p-18	-97	16777216	normal	519
4563	b6c3	b6c30000	-5.811452865600586e-06	-0x1.8600000000000p-18	-195	33554432	normal	533
4564	b6c4	b6c40000	-5.841255187988281e-06	-0x1.8800000000000p-18	-49	8388608	normal	525
4565	b6c5	b6c50000	-5.8710575103759766e-06	-0x1.8a00000000000p-18	-197	33554432	normal	573
4566	b6c6	b6c60000	-5.900859832763672e-06	-0x1.8c00000000000p-18	-99	16777216	normal	531
4567	b6c7	b6c70000	-5.930662155151367e-06	-0x1.8e00000000000p-18	-199	33554432	normal	577
4568	b6c8	b6c80000	-5.9604644775390625e-06	-0x1.9000000000000p-18	-25	4194304	normal	479
4569	b6c9	b6c90000	-5.990266799926758e-06	-0x1.9200000000000p-18	-201	33554432	normal	521
4570	b6ca	b6ca0000	-6.020069122314453e-06	-0x1.9400000000000p-18	-101	16777216	normal	496
4571	b6cb	b6cb0000	-6.0498714447021484e-06	-0x1.9600000000000p-18	-203	33554432	normal	529
4572	b6cc	b6cc0000	-6.079673767089844e-06	-0x1.9800000000000p-18	-51	8388608	normal	537
4573	b6cd	b6cd0000	-6.109476089477539e-06	-0x1.9a00000000000p-18	-205	33554432	normal	523
4574	b6ce	b6ce0000	-6.139278411865234e-06	-0x1.9c00000000000p-18	-103	16777216	normal	545
4575	b6cf	b6cf0000	-6.16908073425293e-06	-0x1.9e00000000000p-18	-207	33554432	normal	556
4576	b6d0	b6d00000	-6.198883056640625e-06	-0x1.a000000000000p-18	-13	2097152	normal	537
4577	b6d1	b6d10000	-6.22868537902832e-06	-0x1.a200000000000p-18	-209	33554432	normal	513
4578	b6d2	b6d20000	-6.258487701416016e-06	-0x1.a400000000000p-18	-105	16777216	normal	541
4579	b6d3	b6d30000	-6.288290023803711e-06	-0x1.a600000000000p-18	-211	33554432	normal	517
4580	b6d4	b6d40000	-6.318092346191406e-06	-0x1.a800000000000p-18	-53	8388608	normal	544
4581	b6d5	b6d50000	-6.3478946685791016e-06	-0x1.aa00000000000p-18	-213	33554432	normal	486
4582	b6d6	b6d60000	-6.377696990966797e-06	-0x1.ac00000000000p-18	-107	16777216	normal	524
4583	b6d7	b6d70000	-6.407499313354492e-06	-0x1.ae00000000000p-18	-215	33554432	normal	547
4584	b6d8	b6d80000	-6.4373016357421875e-06	-0x1.b000000000000p-18	-27	4194304	normal	566
4585	b6d9	b6d90000	-6.467103958129883e-06	-0x1.b200000000000p-18	-217	33554432	normal	528
4586	b6da	b6da0000	-6.496906280517578e-06	-0x1.b400000000000p-18	-109	16777216	normal	540
4587	b6db	b6db0000	-6.5267086029052734e-06	-0x1.b600000000000p-18	-219	33554432	normal	507
4588	b6dc	b6dc0000	-6.556510925292969e-06	-0x1.b800000000000p-18	-55	8388608	normal	496
4589	b6dd	b6dd0000	-6.586313247680664e-06	-0x1.ba00000000000p-18	-221	33554432	normal	556
4590	b6de	b6de0000	-6.616115570068359e-06	-0x1.bc00000000000p-18	-111	16777216	normal	541
4591	b6df	b6df0000	-6.645917892456055e-06	-0x1.be00000000000p-18	-223	33554432	normal	541
4592	b6e0	b6e00000	-6.67572021484375e-06	-0x1.c000000000000p-18	-7	1048576	normal	519
4593	b6e1	b6e10000	-6.705522537231445e-06	-0x1.c200000000000p-18	-225	33554432	normal	570
4594	b6e2	b6e20000	-6.735324859619141e-06	-0x1.c400000000000p-18	-113	16777216	normal	566
4595	b6e3	b6e30000	-6.765127182006836e-06	-0x1.c600000000000p-18	-227	33554432	normal	527
4596	b6e4	b6e40000	-6.794929504394531e-06	-0x1.c800000000000p-18	-57	8388608	normal	514
4597	b6e5	b6e50000	-6.8247318267822266e-06	-0x1.ca00000000000p-18	-229	33554432	normal	537
4598	b6e6	b6e60000	-6.854534149169922e-06	-0x1.cc00000000000p-18	-115	16777216	normal	545
4599	b6e7	b6e70000	-6.884336471557617e-06	-0x1.ce00000000000p-18	-231	33554432	normal	562
4600	b6e8	b6e80000	-6.9141387939453125e-06	-0x1.d000000000000p-18	-29	4194304	normal	539
4601	b6e9	b6e90000	-6.943941116333008e-06	-0x1.d200000000000p-18	-233	33554432	normal	505
4602	b6ea	b6ea0000	-6.973743438720703e-06	-0x1.d400000000000p-18	-117	16777216	normal	549
4603	b6eb	b6eb0000	-7.0035457611083984e-06	-0x1.d600000000000p-18	-235	33554432	normal	541
4604	b6ec	b6ec0000	-7.033348083496094e-06	-0x1.d800000000000p-18	-59	8388608	normal	564
4605	b6ed	b6ed0000	-7.063150405883789e-06	-0x1.da00000000000p-18	-237	33554432	normal	565
4606	b6ee	b6ee0000	-7.092952728271484e-06	-0x1.dc00000000000p-18	-119	16777216	normal	532
4607	b6ef	b6ef0000	-7.12275505065918e-06	-0x1.de00000000000p-18	-239	33554432	normal	516
4608	b6f0	b6f00000	-7.152557373046875e-06	-0x1.e000000000000p-18	-15	2097152	normal	528
4609	b6f1	b6f10000	-7.18235969543457e-06	-0x1.e200000000000p-18	-241	33554432	normal	565
4610	b6f2	b6f20000	-7.212162017822266e-06	-0x1.e400000000000p-18	-121	16777216	normal	582
4611	b6f3	b6f30000	-7.241964340209961e-06	-0x1.e600000000000p-18	-243	33554432	normal	537
4612	b6f4	b6f40000	-7.271766662597656e-06	-0x1.e800000000000p-18	-61	8388608	normal	538
4613	b6f5	b6f50000	-7.3015689849853516e-06	-0x1.ea00000000000p-18	-245	33554432	normal	529
4614	b6f6	b6f60000	-7.331371307373047e-06	-0x1.ec00000000000p-18	-123	16777216	normal	506
4615	b6f7	b6f70000	-7.361173629760742e-06	-0x1.ee00000000000p-18	-247	33554432	normal	526
4616	b6f8	b6f80000	-7.3909759521484375e-06	-0x1.f000000000000p-18	-31	4194304	normal	557
4617	b6f9	b6f90000	-7.420778274536133e-06	-0x1.f200000000000p-18	-249	33554432	normal	555
4618	b6fa	b6fa0000	-7.450580596923828e-06	-0x1.f400000000000p-18	-125	16777216	normal	508
4619	b6fb	b6fb0000	-7.4803829193115234e-06	-0x1.f600000000000p-18	-251	33554432	normal	545
4620	b6fc	b6fc0000	-7.510185241699219e-06	-0x1.f800000000000p-18	-63	8388608	normal	501
4621	b6fd	b6fd0000	-7.539987564086914e-06	-0x1.fa00000000000p-18	-253	33554432	normal	544
4622	b6fe	b6fe0000	-7.569789886474609e-06	-0x1.fc00000000000p-18	-127	16777216	normal	546
4623	b6ff	b6ff0000	-7.599592208862305e-06	-0x1.fe00000000000p-18	-255	33554432	normal	543
4624	b700	b7000000	-7.62939453125e-06	-0x1.0000000000000p-17	-1	131072	normal	812
4625	b701	b7010000	-7.68899917602539e-06	-0x1.0200000000000p-17	-129	16777216	normal	1085
4626	b702	b7020000	-7.748603820800781e-06	-0x1.0400000000000p-17	-65	8388608	normal	1072
4627	b703	b7030000	-7.808208465576172e-06	-0x1.0600000000000p-17	-131	16777216	normal	1080
4628	b704	b7040000	-7.867813110351562e-06	-0x1.0800000000000p-17	-33	4194304	normal	1071
4629	b705	b7050000	-7.927417755126953e-06	-0x1.0a00000000000p-17	-133	16777216	normal	1016
4630	b706	b7060000	-7.987022399902344e-06	-0x1.0c00000000000p-17	-67	8388608	normal	1100
4631	b707	b7070000	-8.046627044677734e-06	-0x1.0e00000000000p-17	-135	16777216	normal	1060
4632	b708	b7080000	-8.106231689453125e-06	-0x1.1000000000000p-17	-17	2097152	normal	1079
4633	b709	b7090000	-8.165836334228516e-06	-0x1.1200000000000p-17	-137	16777216	normal	1096
4634	b70a	b70a0000	-8.225440979003906e-06	-0x1.1400000000000p-17	-69	8388608	normal	1044
4635	b70b	b70b0000	-8.285045623779297e-06	-0x1.1600000000000p-17	-139	16777216	normal	1065
4636	b70c	b70c0000	-8.344650268554688e-06	-0x1.1800000000000p-17	-35	4194304	normal	1075
4637	b70d	b70d0000	-8.404254913330078e-06	-0x1.1a00000000000p-17	-141	16777216	normal	1090
4638	b70e	b70e0000	-8.463859558105469e-06	-0x1.1c00000000000p-17	-71	8388608	normal	1089
4639	b70f	b70f0000	-8.52346420288086e-06	-0x1.1e00000000000p-17	-143	16777216	normal	1128
4640	b710	b7100000	-8.58306884765625e-06	-0x1.2000000000000p-17	-9	1048576	normal	1049
4641	b711	b7110000	-8.64267349243164e-06	-0x1.2200000000000p-17	-145	16777216	normal	1054
4642	b712	b7120000	-8.702278137207031e-06	-0x1.2400000000000p-17	-73	8388608	normal	1073
4643	b713	b7130000	-8.761882781982422e-06	-0x1.2600000000000p-17	-147	16777216	normal	1076
4644	b714	b7140000	-8.821487426757812e-06	-0x1.2800000000000p-17	-37	4194304	normal	1065
4645	b715	b7150000	-8.881092071533203e-06	-0x1.2a00000000000p-17	-149	16777216	normal	1057
4646	b716	b7160000	-8.940696716308594e-06	-0x1.2c00000000000p-17	-75	8388608	normal	1007
4647	b717	b7170000	-9.000301361083984e-06	-0x1.2e00000000000p-17	-151	16777216	normal	1053
4648	b718	b7180000	-9.059906005859375e-06	-0x1.3000000000000p-17	-19	2097152	normal	1035
4649	b719	b7190000	-9.119510650634766e-06	-0x1.3200000000000p-17	-153	16777216	normal	1083
4650	b71a	b71a0000	-9.179115295410156e-06	-0x1.3400000000000p-17	-77	8388608	normal	1069
4651	b71b	b71b0000	-9.238719940185547e-06	-0x1.3600000000000p-17	-155	16777216	normal	1105
4652	b71c	b71c0000	-9.298324584960938e-06	-0x1.3800000000000p-17	-39	4194304	normal	1051
4653	b71d	b71d0000	-9.357929229736328e-06	-0x1.3a00000000000p-17	-157	16777216	normal	1085
4654	b71e	b71e0000	-9.417533874511719e-06	-0x1.3c00000000000p-17	-79	8388608	normal	1080
4655	b71f	b71f0000	-9.47713851928711e-06	-0x1.3e00000000000p-17	-159	16777216	normal	1033
4656	b720	b7200000	-9.5367431640625e-06	-0x1.4000000000000p-17	-5	524288	normal	1087
4657	b721	b7210000	-9.59634780883789e-06	-0x1.4200000000000p-17	-161	16777216	normal	1087
4658	b722	b7220000	-9.655952453613281e-06	-0x1.4400000000000p-17	-81	8388608	normal	1080
4659	b723	b7230000	-9.715557098388672e-06	-0x1.4600000000000p-17	-163	16777216	normal	1055
4660	b724	b7240000	-9.775161743164062e-06	-0x1.4800000000000p-17	-41	4194304	normal	1056
4661	b725	b7250000	-9.834766387939453e-06	-0x1.4a00000000000p-17	-165	16777216	normal	1098
4662	b726	b7260000	-9.894371032714844e-06	-0x1.4c00000000000p-17	-83	8388608	normal	1079
4663	b727	b7270000	-9.953975677490234e-06	-0x1.4e00000000000p-17	-167	16777216	normal	1037
4664	b728	b7280000	-1.0013580322265625e-05	-0x1.5000000000000p-17	-21	2097152	normal	1074
4665	b729	b7290000	-1.0073184967041016e-05	-0x1.5200000000000p-17	-169	16777216	normal	1051
4666	b72a	b72a0000	-1.0132789611816406e-05	-0x1.5400000000000p-17	-85	8388608	normal	1059
4667	b72b	b72b0000	-1.0192394256591797e-05	-0x1.5600000000000p-17	-171	16777216	normal	1053
4668	b72c	b72c0000	-1.0251998901367188e-05	-0x1.5800000000000p-17	-43	4194304	normal	1058
4669	b72d	b72d0000	-1.0311603546142578e-05	-0x1.5a00000000000p-17	-173	16777216	normal	1080
4670	b72e	b72e0000	-1.0371208190917969e-05	-0x1.5c00000000000p-17	-87	8388608	normal	1103
4671	b72f	b72f0000	-1.043081283569336e-05	-0x1.5e00000000000p-17	-175	16777216	normal	1050
4672	b730	b7300000	-1.049041748046875e-05	-0x1.6000000000000p-17	-11	1048576	normal	1042
4673	b731	b7310000	-1.055002212524414e-05	-0x1.6200000000000p-17	-177	16777216	normal	1079
4674	b732	b7320000	-1.0609626770019531e-05	-0x1.6400000000000p-17	-89	8388608	normal	1044
4675	b733	b7330000	-1.0669231414794922e-05	-0x1.6600000000000p-17	-179	16777216	normal	1042
4676	b734	b7340000	-1.0728836059570312e-05	-0x1.6800000000000p-17	-45	4194304	normal	1078
4677	b735	b7350000	-1.0788440704345703e-05	-0x1.6a00000000000p-17	-181	16777216	normal	1075
4678	b736	b7360000	-1.0848045349121094e-05	-0x1.6c00000000000p-17	-91	8388608	normal	1064
4679	b737	b7370000	-1.0907649993896484e-05	-0x1.6e00000000000p-17	-183	16777216	normal	1010
4680	b738	b7380000	-1.0967254638671875e-05	-0x1.7000000000000p-17	-23	2097152	normal	1087
4681	b739	b7390000	-1.1026859283447266e-05	-0x1.7200000000000p-17	-185	16777216	normal	1059
4682	b73a	b73a0000	-1.1086463928222656e-05	-0x1.7400000000000p-17	-93	8388608	normal	1051
4683	b73b	b73b0000	-1.1146068572998047e-05	-0x1.7600000000000p-17	-187	16777216	normal	1096
4684	b73c	b73c0000	-1.1205673217773438e-05	-0x1.7800000000000p-17	-47	4194304	normal	1091
4685	b73d	b73d0000	-1.1265277862548828e-05	-0x1.7a00000000000p-17	-189	16777216	normal	1066
4686	b73e	b73e0000	-1.1324882507324219e-05	-0x1.7c00000000000p-17	-95	8388608	normal	1043
4687	b73f	b73f0000	-1.138448715209961e-05	-0x1.7e00000000000p-17	-191	16777216	normal	1146
4688	b740	b7400000	-1.1444091796875e-05	-0x1.8000000000000p-17	-3	262144	normal	1129
4689	b741	b7410000	-1.150369644165039e-05	-0x1.8200000000000p-17	-193	16777216	normal	1049
4690	b742	b7420000	-1.1563301086425781e-05	-0x1.8400000000000p-17	-97	8388608	normal	1053
4691	b743	b7430000	-1.1622905731201172e-05	-0x1.8600000000000p-17	-195	16777216	normal	1015
4692	b744	b7440000	-1.1682510375976562e-05	-0x1.8800000000000p-17	-49	4194304	normal	1096
4693	b745	b7450000	-1.1742115020751953e-05	-0x1.8a00000000000p-17	-197	16777216	normal	1097
4694	b746	b7460000	-1.1801719665527344e-05	-0x1.8c00000000000p-17	-99	8388608	normal	1065
4695	b747	b7470000	-1.1861324310302734e-05	-0x1.8e00000000000p-17	-199	16777216	normal	1080
4696	b748	b7480000	-1.1920928955078125e-05	-0x1.9000000000000p-17	-25	2097152	normal	1092
4697	b749	b7490000	-1.1980533599853516e-05	-0x1.9200000000000p-17	-201	16777216	normal	1075
4698	b74a	b74a0000	-1.2040138244628906e-05	-0x1.9400000000000p-17	-101	8388608	normal	1120
4699	b74b	b74b0000	-1.2099742889404297e-05	-0x1.9600000000000p-17	-203	16777216	normal	1029
4700	b74c	b74c0000	-1.2159347534179688e-05	-0x1.9800000000000p-17	-51	4194304	normal	1054
4701	b74d	b74d0000	-1.2218952178955078e-05	-0x1.9a00000000000p-17	-205	16777216	normal	1087
4702	b74e	b74e0000	-1.2278556823730469e-05	-0x1.9c00000000000p-17	-103	8388608	normal	1065
4703	b74f	b74f0000	-1.233816146850586e-05	-0x1.9e00000000000p-17	-207	16777216	normal	1075
4704	b750	b7500000	-1.239776611328125e-05	-0x1.a000000000000p-17	-13	1048576	normal	1085
4705	b751	b7510000	-1.245737075805664e-05	-0x1.a200000000000p-17	-209	16777216	normal	1014
4706	b752	b7520000	-1.2516975402832031e-05	-0x1.a400000000000p-17	-105	8388608	normal	1038
4707	b753	b7530000	-1.2576580047607422e-05	-0x1.a600000000000p-17	-211	16777216	normal	1060
4708	b754	b7540000	-1.2636184692382812e-05	-0x1.a800000000000p-17	-53	4194304	normal	1102
4709	b755	b7550000	-1.2695789337158203e-05	-0x1.aa00000000000p-17	-213	16777216	normal	1025
4710	b756	b7560000	-1.2755393981933594e-05	-0x1.ac00000000000p-17	-107	8388608	normal	1107
4711	b757	b7570000	-1.2814998626708984e-05	-0x1.ae00000000000p-17	-215	16777216	normal	1047
4712	b758	b7580000	-1.2874603271484375e-05	-0x1.b000000000000p-17	-27	2097152	normal	1074
4713	b759	b7590000	-1.2934207916259766e-05	-0x1.b200000000000p-17	-217	16777216	normal	1064
4714	b75a	b75a0000	-1.2993812561035156e-05	-0x1.b400000000000p-17	-109	8388608	normal	1040
4715	b75b	b75b0000	-1.3053417205810547e-05	-0x1.b600000000000p-17	-219	16777216	normal	1041
4716	b75c	b75c0000	-1.3113021850585938e-05	-0x1.b800000000000p-17	-55	4194304	normal	1052
4717	b75d	b75d0000	-1.3172626495361328e-05	-0x1.ba00000000000p-17	-221	16777216	normal	1097
4718	b75e	b75e0000	-1.3232231140136719e-05	-0x1.bc00000000000p-17	-111	8388608	normal	1042
4719	b75f	b75f0000	-1.329183578491211e-05	-0x1.be00000000000p-17	-223	16777216	normal	1042
4720	b760	b7600000	-1.33514404296875e-05	-0x1.c000000000000p-17	-7	524288	normal	1046
4721	b761	b7610000	-1.341104507446289e-05	-0x1.c200000000000p-17	-225	16777216	normal	1027
4722	b762	b7620000	-1.3470649719238281e-05	-0x1.c400000000000p-17	-113	8388608	normal	1061
4723	b763	b7630000	-1.3530254364013672e-05	-0x1.c600000000000p-17	-227	16777216	normal	1015
4724	b764	b7640000	-1.3589859008789062e-05	-0x1.c800000000000p-17	-57	4194304	normal	1083
4725	b765	b7650000	-1.3649463653564453e-05	-0x1.ca00000000000p-17	-229	16777216	normal	1074
4726	b766	b7660000	-1.3709068298339844e-05	-0x1.cc00000000000p-17	-115	8388608	normal	1049
4727	b767	b7670000	-1.3768672943115234e-05	-0x1.ce00000000000p-17	-231	16777216	normal	1093
4728	b768	b7680000	-1.3828277587890625e-05	-0x1.d000000000000p-17	-29	2097152	normal	1072
4729	b769	b7690000	-1.3887882232666016e-05	-0x1.d200000000000p-17	-233	16777216	normal	1013
4730	b76a	b76a0000	-1.3947486877441406e-05	-0x1.d400000000000p-17	-117	8388608	normal	1089
4731	b76b	b76b0000	-1.4007091522216797e-05	-0x1.d600000000000p-17	-235	16777216	normal	1063
4732	b76c	b76c0000	-1.4066696166992188e-05	-0x1.d800000000000p-17	-59	4194304	normal	1122
4733	b76d	b76d0000	-1.4126300811767578e-05	-0x1.da00000000000p-17	-237	16777216	normal	1085
4734	b76e	b76e0000	-1.4185905456542969e-05	-0x1.dc00000000000p-17	-119	8388608	normal	978
4735	b76f	b76f0000	-1.424551010131836e-05	-0x1.de00000000000p-17	-239	16777216	normal	1034
4736	b770	b7700000	-1.430511474609375e-05	-0x1.e000000000000p-17	-15	1048576	normal	1064
4737	b771	b7710000	-1.436471939086914e-05	-0x1.e200000000000p-17	-241	16777216	normal	1071
4738	b772	b7720000	-1.4424324035644531e-05	-0x1.e400000000000p-17	-121	8388608	normal	1040
4739	b773	b7730000	-1.4483928680419922e-05	-0x1.e600000000000p-17	-243	16777216	normal	1036
4740	b774	b7740000	-1.4543533325195312e-05	-0x1.e800000000000p-17	-61	4194304	normal	1081
4741	b775	b7750000	-1.4603137969970703e-05	-0x1.ea00000000000p-17	-245	16777216	normal	1105
4742	b776	b7760000	-1.4662742614746094e-05	-0x1.ec00000000000p-17	-123	8388608	normal	1034
4743	b777	b7770000	-1.4722347259521484e-05	-0x1.ee00000000000p-17	-247	16777216	normal	1062
4744	b778	b7780000	-1.4781951904296875e-05	-0x1.f000000000000p-17	-31	2097152	normal	1047
4745	b779	b7790000	-1.4841556549072266e-05	-0x1.f200000000000p-17	-249	16777216	normal	1056
4746	b77a	b77a0000	-1.4901161193847656e-05	-0x1.f400000000000p-17	-125	8388608	normal	1036
4747	b77b	b77b0000	-1.4960765838623047e-05	-0x1.f600000000000p-17	-251	16777216	normal	1068
4748	b77c	b77c0000	-1.5020370483398438e-05	-0x1.f800000000000p-17	-63	4194304	normal	1111
4749	b77d	b77d0000	-1.5079975128173828e-05	-0x1.fa00000000000p-17	-253	16777216	normal	1072
4750	b77e	b77e0000	-1.5139579772949219e-05	-0x1.fc00000000000p-17	-127	8388608	normal	1015
4751	b77f	b77f0000	-1.519918441772461e-05	-0x1.fe00000000000p-17	-255	16777216	normal	1050
4752	b780	b7800000	-1.52587890625e-05	-0x1.0000000000000p-16	-1	65536	normal	1573
4753	b781	b7810000	-1.537799835205078e-05	-0x1.0200000000000p-16	-129	8388608	normal	2086
4754	b782	b7820000	-1.5497207641601562e-05	-0x1.0400000000000p-16	-65	4194304	normal	2054
4755	b783	b7830000	-1.5616416931152344e-05	-0x1.0600000000000p-16	-131	8388608	normal	2176
4756	b784	b7840000	-1.5735626220703125e-05	-0x1.0800000000000p-16	-33	2097152	normal	2222
4757	b785	b7850000	-1.5854835510253906e-05	-0x1.0a00000000000p-16	-133	8388608	normal	2203
4758	b786	b7860000	-1.5974044799804688e-05	-0x1.0c00000000000p-16	-67	4194304	normal	2163
4759	b787	b7870000	-1.609325408935547e-05	-0x1.0e00000000000p-16	-135	8388608	normal	2162
4760	b788	b7880000	-1.621246337890625e-05	-0x1.1000000000000p-16	-17	1048576	normal	2209
4761	b789	b7890000	-1.633167266845703e-05	-0x1.1200000000000p-16	-137	8388608	normal	2121
4762	b78a	b78a0000	-1.6450881958007812e-05	-0x1.1400000000000p-16	-69	4194304	normal	2156
4763	b78b	b78b0000	-1.6570091247558594e-05	-0x1.1600000000000p-16	-139	8388608	normal	2202
4764	b78c	b78c0000	-1.6689300537109375e-05	-0x1.1800000000000p-16	-35	2097152	normal	2168
4765	b78d	b78d0000	-1.6808509826660156e-05	-0x1.1a00000000000p-16	-141	8388608	normal	2094
4766	b78e	b78e0000	-1.6927719116210938e-05	-0x1.1c00000000000p-16	-71	4194304	normal	2110
4767	b78f	b78f0000	-1.704692840576172e-05	-0x1.1e00000000000p-16	-143	8388608	normal	2019
4768	b790	b7900000	-1.71661376953125e-05	-0x1.2000000000000p-16	-9	524288	normal	2208
4769	b791	b7910000	-1.728534698486328e-05	-0x1.2200000000000p-16	-145	8388608	normal	2146
4770	b792	b7920000	-1.7404556274414062e-05	-0x1.2400000000000p-16	-73	4194304	normal	2184
4771	b793	b7930000	-1.7523765563964844e-05	-0x1.2600000000000p-16	-147	8388608	normal	2114
4772	b794	b7940000	-1.7642974853515625e-05	-0x1.2800000000000p-16	-37	2097152	normal	2126
4773	b795	b7950000	-1.7762184143066406e-05	-0x1.2a00000000000p-16	-149	8388608	normal	2101
4774	b796	b7960000	-1.7881393432617188e-05	-0x1.2c00000000000p-16	-75	4194304	normal	2196
4775	b797	b7970000	-1.800060272216797e-05	-0x1.2e00000000000p-16	-151	8388608	normal	2209
4776	b798	b7980000	-1.811981201171875e-05	-0x1.3000000000000p-16	-19	1048576	normal	2160
4777	b799	b7990000	-1.823902130126953e-05	-0x1.3200000000000p-16	-153	8388608	normal	2164
4778	b79a	b79a0000	-1.8358230590820312e-05	-0x1.3400000000000p-16	-77	4194304	normal	2194
4779	b79b	b79b0000	-1.8477439880371094e-05	-0x1.3600000000000p-16	-155	8388608	normal	2256
4780	b79c	b79c0000	-1.8596649169921875e-05	-0x1.3800000000000p-16	-39	2097152	normal	2222
4781	b79d	b79d0000	-1.8715858459472656e-05	-0x1.3a00000000000p-16	-157	8388608	normal	2159
4782	b79e	b79e0000	-1.8835067749023438e-05	-0x1.3c00000000000p-16	-79	4194304	normal	2141
4783	b79f	b79f0000	-1.895427703857422e-05	-0x1.3e00000000000p-16	-159	8388608	normal	2099
4784	b7a0	b7a00000	-1.9073486328125e-05	-0x1.4000000000000p-16	-5	262144	normal	2187
4785	b7a1	b7a10000	-1.919269561767578e-05	-0x1.4200000000000p-16	-161	8388608	normal	2113
4786	b7a2	b7a20000	-1.9311904907226562e-05	-0x1.4400000000000p-16	-81	4194304	normal	2106
4787	b7a3	b7a30000	-1.9431114196777344e-05	-0x1.4600000000000p-16	-163	8388608	normal	2100
4788	b7a4	b7a40000	-1.9550323486328125e-05	-0x1.4800000000000p-16	-41	2097152	normal	2184
4789	b7a5	b7a50000	-1.9669532775878906e-05	-0x1.4a00000000000p-16	-165	8388608	normal	2096
4790	b7a6	b7a60000	-1.9788742065429688e-05	-0x1.4c00000000000p-16	-83	4194304	normal	2100
4791	b7a7	b7a70000	-1.990795135498047e-05	-0x1.4e00000000000p-16	-167	8388608	normal	2105
4792	b7a8	b7a80000	-2.002716064453125e-05	-0x1.5000000000000p-16	-21	1048576	normal	2129
4793	b7a9	b7a90000	-2.014636993408203e-05	-0x1.5200000000000p-16	-169	8388608	normal	2112
4794	b7aa	b7aa0000	-2.0265579223632812e-05	-0x1.5400000000000p-16	-85	4194304	normal	2173
4795	b7ab	b7ab0000	-2.0384788513183594e-05	-0x1.5600000000000p-16	-171	8388608	normal	2106
4796	b7ac	b7ac0000	-2.0503997802734375e-05	-0x1.5800000000000p-16	-43	2097152	normal	2081
4797	b7ad	b7ad0000	-2.0623207092285156e-05	-0x1.5a00000000000p-16	-173	8388608	normal	2127
4798	b7ae	b7ae0000	-2.0742416381835938e-05	-0x1.5c00000000000p-16	-87	4194304	normal	2280
4799	b7af	b7af0000	-2.086162567138672e-05	-0x1.5e00000000000p-16	-175	8388608	normal	2126
4800	b7b0	b7b00000	-2.09808349609375e-05	-0x1.6000000000000p-16	-11	524288	normal	2162
4801	b7b1	b7b10000	-2.110004425048828e-05	-0x1.6200000000000p-16	-177	8388608	normal	2155
4802	b7b2	b7b20000	-2.1219253540039062e-05	-0x1.6400000000000p-16	-89	4194304	normal	2147
4803	b7b3	b7b30000	-2.1338462829589844e-05	-0x1.6600000000000p-16	-179	8388608	normal	2121
4804	b7b4	b7b40000	-2.1457672119140625e-05	-0x1.6800000000000p-16	-45	2097152	normal	2118
4805	b7b5	b7b50000	-2.1576881408691406e-05	-0x1.6a00000000000p-16	-181	8388608	normal	2109
4806	b7b6	b7b60000	-2.1696090698242188e-05	-0x1.6c00000000000p-16	-91	4194304	normal	2096
4807	b7b7	b7b70000	-2.181529998779297e-05	-0x1.6e00000000000p-16	-183	8388608	normal	2172
4808	b7b8	b7b80000	-2.193450927734375e-05	-0x1.7000000000000p-16	-23	1048576	normal	2122
4809	b7b9	b7b90000	-2.205371856689453e-05	-0x1.7200000000000p-16	-185	8388608	normal	2116
4810	b7ba	b7ba0000	-2.2172927856445312e-05	-0x1.7400000000000p-16	-93	4194304	normal	2136
4811	b7bb	b7bb0000	-2.2292137145996094e-05	-0x1.7600000000000p-16	-187	8388608	normal	2070
4812	b7bc	b7bc0000	-2.2411346435546875e-05	-0x1.7800000000000p-16	-47	2097152	normal	2161
4813	b7bd	b7bd0000	-2.2530555725097656e-05	-0x1.7a00000000000p-16	-189	8388608	normal	2125
4814	b7be	b7be0000	-2.2649765014648438e-05	-0x1.7c00000000000p-16	-95	4194304	normal	2150
4815	b7bf	b7bf0000	-2.276897430419922e-05	-0x1.7e00000000000p-16	-191	8388608	normal	2162
4816	b7c0	b7c00000	-2.288818359375e-05	-0x1.8000000000000p-16	-3	131072	normal	2212
4817	b7c1	b7c10000	-2.300739288330078e-05	-0x1.8200000000000p-16	-193	8388608	normal	2187
4818	b7c2	b7c20000	-2.3126602172851562e-05	-0x1.8400000000000p-16	-97	4194304	normal	2191
4819	b7c3	b7c30000	-2.3245811462402344e-05	-0x1.8600000000000p-16	-195	8388608	normal	2183
4820	b7c4	b7c40000	-2.3365020751953125e-05	-0x1.8800000000000p-16	-49	2097152	normal	2148
4821	b7c5	b7c50000	-2.3484230041503906e-05	-0x1.8a00000000000p-16	-197	8388608	normal	2123
4822	b7c6	b7c60000	-2.3603439331054688e-05	-0x1.8c00000000000p-16	-99	4194304	normal	2198
4823	b7c7	b7c70000	-2.372264862060547e-05	-0x1.8e00000000000p-16	-199	8388608	normal	2134
4824	b7c8	b7c80000	-2.384185791015625e-05	-0x1.9000000000000p-16	-25	1048576	normal	2112
4825	b7c9	b7c90000	-2.396106719970703e-05	-0x1.9200000000000p-16	-201	8388608	normal	2092
4826	b7ca	b7ca0000	-2.4080276489257812e-05	-0x1.9400000000000p-16	-101	4194304	normal	2173
4827	b7cb	b7cb0000	-2.4199485778808594e-05	-0x1.9600000000000p-16	-203	8388608	normal	2158
4828	b7cc	b7cc0000	-2.4318695068359375e-05	-0x1.9800000000000p-16	-51	2097152	normal	2106
4829	b7cd	b7cd0000	-2.4437904357910156e-05	-0x1.9a00000000000p-16	-205	8388608	normal	2181
4830	b7ce	b7ce0000	-2.4557113647460938e-05	-0x1.9c00000000000p-16	-103	4194304	normal	2108
4831	b7cf	b7cf0000	-2.467632293701172e-05	-0x1.9e00000000000p-16	-207	8388608	normal	2073
4832	b7d0	b7d00000	-2.47955322265625e-05	-0x1.a000000000000p-16	-13	524288	normal	2240
4833	b7d1	b7d10000	-2.491474151611328e-05	-0x1.a200000000000p-16	-209	8388608	normal	2116
4834	b7d2	b7d20000	-2.5033950805664062e-05	-0x1.a400000000000p-16	-105	4194304	normal	2106
4835	b7d3	b7d30000	-2.5153160095214844e-05	-0x1.a600000000000p-16	-211	8388608	normal	2138
4836	b7d4	b7d40000	-2.5272369384765625e-05	-0x1.a800000000000p-16	-53	2097152	normal	2197
4837	b7d5	b7d50000	-2.5391578674316406e-05	-0x1.aa00000000000p-16	-213	8388608	normal	2159
4838	b7d6	b7d60000	-2.5510787963867188e-05	-0x1.ac00000000000p-16	-107	4194304	normal	2122
4839	b7d7	b7d70000	-2.562999725341797e-05	-0x1.ae00000000000p-16	-215	8388608	normal	2112
4840	b7d8	b7d80000	-2.574920654296875e-05	-0x1.b000000000000p-16	-27	1048576	normal	2188
4841	b7d9	b7d90000	-2.586841583251953e-05	-0x1.b200000000000p-16	-217	8388608	normal	2187
4842	b7da	b7da0000	-2.5987625122070312e-05	-0x1.b400000000000p-16	-109	4194304	normal	2120
4843	b7db	b7db0000	-2.6106834411621094e-05	-0x1.b600000000000p-16	-219	8388608	normal	2145
4844	b7dc	b7dc0000	-2.6226043701171875e-05	-0x1.b800000000000p-16	-55	2097152	normal	2156
4845	b7dd	b7dd0000	-2.6345252990722656e-05	-0x1.ba00000000000p-16	-221	8388608	normal	2156
4846	b7de	b7de0000	-2.6464462280273438e-05	-0x1.bc00000000000p-16	-111	4194304	normal	2153
4847	b7df	b7df0000	-2.658367156982422e-05	-0x1.be00000000000p-16	-223	8388608	normal	2105
4848	b7e0	b7e00000	-2.6702880859375e-05	-0x1.c000000000000p-16	-7	262144	normal	2047
4849	b7e1	b7e10000	-2.682209014892578e-05	-0x1.c200000000000p-16	-225	8388608	normal	2062
4850	b7e2	b7e20000	-2.6941299438476562e-05	-0x1.c400000000000p-16	-113	4194304	normal	2065
4851	b7e3	b7e30000	-2.7060508728027344e-05	-0x1.c600000000000p-16	-227	8388608	normal	2137
4852	b7e4	b7e40000	-2.7179718017578125e-05	-0x1.c800000000000p-16	-57	2097152	normal	2106
4853	b7e5	b7e50000	-2.7298927307128906e-05	-0x1.ca00000000000p-16	-229	8388608	normal	2109
4854	b7e6	b7e60000	-2.7418136596679688e-05	-0x1.cc00000000000p-16	-115	4194304	normal	2139
4855	b7e7	b7e70000	-2.753734588623047e-05	-0x1.ce00000000000p-16	-231	8388608	normal	2140
4856	b7e8	b7e80000	-2.765655517578125e-05	-0x1.d000000000000p-16	-29	1048576	normal	2135
4857	b7e9	b7e90000	-2.777576446533203e-05	-0x1.d200000000000p-16	-233	8388608	normal	2134
4858	b7ea	b7ea0000	-2.7894973754882812e-05	-0x1.d400000000000p-16	-117	4194304	normal	2165
4859	b7eb	b7eb0000	-2.8014183044433594e-05	-0x1.d600000000000p-16	-235	8388608	normal	2124
4860	b7ec	b7ec0000	-2.8133392333984375e-05	-0x1.d800000000000p-16	-59	2097152	normal	2087
4861	b7ed	b7ed0000	-2.8252601623535156e-05	-0x1.da00000000000p-16	-237	8388608	normal	2188
4862	b7ee	b7ee0000	-2.8371810913085938e-05	-0x1.dc00000000000p-16	-119	4194304	normal	2090
4863	b7ef	b7ef0000	-2.849102020263672e-05	-0x1.de00000000000p-16	-239	8388608	normal	2097
4864	b7f0	b7f00000	-2.86102294921875e-05	-0x1.e000000000000p-16	-15	524288	normal	2183
4865	b7f1	b7f10000	-2.872943878173828e-05	-0x1.e200000000000p-16	-241	8388608	normal	2127
4866	b7f2	b7f20000	-2.8848648071289062e-05	-0x1.e400000000000p-16	-121	4194304	normal	2053
4867	b7f3	b7f30000	-2.8967857360839844e-05	-0x1.e600000000000p-16	-243	8388608	normal	2139
4868	b7f4	b7f40000	-2.9087066650390625e-05	-0x1.e800000000000p-16	-61	2097152	normal	2136
4869	b7f5	b7f50000	-2.9206275939941406e-05	-0x1.ea00000000000p-16	-245	8388608	normal	2170
4870	b7f6	b7f60000	-2.9325485229492188e-05	-0x1.ec00000000000p-16	-123	4194304	normal	2195
4871	b7f7	b7f70000	-2.944469451904297e-05	-0x1.ee00000000000p-16	-247	8388608	normal	2122
4872	b7f8	b7f80000	-2.956390380859375e-05	-0x1.f000000000000p-16	-31	1048576	normal	2211
4873	b7f9	b7f90000	-2.968311309814453e-05	-0x1.f200000000000p-16	-249	8388608	normal	2070
4874	b7fa	b7fa0000	-2.9802322387695312e-05	-0x1.f400000000000p-16	-125	4194304	normal	2144
4875	b7fb	b7fb0000	-2.9921531677246094e-05	-0x1.f600000000000p-16	-251	8388608	normal	2147
4876	b7fc	b7fc0000	-3.0040740966796875e-05	-0x1.f800000000000p-16	-63	2097152	normal	2104
4877	b7fd	b7fd0000	-3.0159950256347656e-05	-0x1.fa00000000000p-16	-253	8388608	normal	2174
4878	b7fe	b7fe0000	-3.0279159545898438e-05	-0x1.fc00000000000p-16	-127	4194304	normal	2174
4879	b7ff	b7ff0000	-3.039836883544922e-05	-0x1.fe00000000000p-16	-255	8388608	normal	2142
4880	b800	b8000000	-3.0517578125e-05	-0x1.0000000000000p-15	-1	32768	normal	3189
4881	b801	b8010000	-3.075599670410156e-05	-0x1.0200000000000p-15	-129	4194304	normal	4294
4882	b802	b8020000	-3.0994415283203125e-05	-0x1.0400000000000p-15	-65	2097152	normal	4296
4883	b803	b8030000	-3.123283386230469e-05	-0x1.0600000000000p-15	-131	4194304	normal	4276
4884	b804	b8040000	-3.147125244140625e-05	-0x1.0800000000000p-15	-33	1048576	normal	4205
4885	b805	b8050000	-3.170967102050781e-05	-0x1.0a00000000000p-15	-133	4194304	normal	4194
4886	b806	b8060000	-3.1948089599609375e-05	-0x1.0c00000000000p-15	-67	2097152	normal	4225
4887	b807	b8070000	-3.218650817871094e-05	-0x1.0e00000000000p-15	-135	4194304	normal	4327
4888	b808	b8080000	-3.24249267578125e-05	-0x1.1000000000000p-15	-17	524288	normal	4185
4889	b809	b8090000	-3.266334533691406e-05	-0x1.1200000000000p-15	-137	4194304	normal	4289
4890	b80a	b80a0000	-3.2901763916015625e-05	-0x1.1400000000000p-15	-69	2097152	normal	4233
4891	b80b	b80b0000	-3.314018249511719e-05	-0x1.1600000000000p-15	-139	4194304	normal	4225
4892	b80c	b80c0000	-3.337860107421875e-05	-0x1.1800000000000p-15	-35	1048576	normal	4183
4893	b80d	b80d0000	-3.361701965332031e-05	-0x1.1a00000000000p-15	-141	4194304	normal	4276
4894	b80e	b80e0000	-3.3855438232421875e-05	-0x1.1c00000000000p-15	-71	2097152	normal	4319
4895	b80f	b80f0000	-3.409385681152344e-05	-0x1.1e00000000000p-15	-143	4194304	normal	4180
4896	b810	b8100000	-3.4332275390625e-05	-0x1.2000000000000p-15	-9	262144	normal	4188
4897	b811	b8110000	-3.457069396972656e-05	-0x1.2200000000000p-15	-145	4194304	normal	4403
4898	b812	b8120000	-3.4809112548828125e-05	-0x1.2400000000000p-15	-73	2097152	normal	4260
4899	b813	b8130000	-3.504753112792969e-05	-0x1.2600000000000p-15	-147	4194304	normal	4229
4900	b814	b8140000	-3.528594970703125e-05	-0x1.2800000000000p-15	-37	1048576	normal	4293
4901	b815	b8150000	-3.552436828613281e-05	-0x1.2a00000000000p-15	-149	4194304	normal	4224
4902	b816	b8160000	-3.5762786865234375e-05	-0x1.2c00000000000p-15	-75	2097152	normal	4153
4903	b817	b8170000	-3.600120544433594e-05	-0x1.2e00000000000p-15	-151	4194304	normal	4313
4904	b818	b8180000	-3.62396240234375e-05	-0x1.3000000000000p-15	-19	524288	normal	4366
4905	b819	b8190000	-3.647804260253906e-05	-0x1.3200000000000p-15	-153	4194304	normal	4240
4906	b81a	b81a0000	-3.6716461181640625e-05	-0x1.3400000000000p-15	-77	2097152	normal	4313
4907	b81b	b81b0000	-3.695487976074219e-05	-0x1.3600000000000p-15	-155	4194304	normal	4298
4908	b81c	b81c0000	-3.719329833984375e-05	-0x1.3800000000000p-15	-39	1048576	normal	4320
4909	b81d	b81d0000	-3.743171691894531e-05	-0x1.3a00000000000p-15	-157	4194304	normal	4247
4910	b81e	b81e0000	-3.7670135498046875e-05	-0x1.3c00000000000p-15	-79	2097152	normal	4263
4911	b81f	b81f0000	-3.790855407714844e-05	-0x1.3e00000000000p-15	-159	4194304	normal	4357
4912	b820	b8200000	-3.814697265625e-05	-0x1.4000000000000p-15	-5	131072	normal	4277
4913	b821	b8210000	-3.838539123535156e-05	-0x1.4200000000000p-15	-161	4194304	normal	4296
4914	b822	b8220000	-3.8623809814453125e-05	-0x1.4400000000000p-15	-81	2097152	normal	4187
4915	b823	b8230000	-3.886222839355469e-05	-0x1.4600000000000p-15	-163	4194304	normal	4179
4916	b824	b8240000	-3.910064697265625e-05	-0x1.4800000000000p-15	-41	1048576	normal	4195
4917	b825	b8250000	-3.933906555175781e-05	-0x1.4a00000000000p-15	-165	4194304	normal	4265
4918	b826	b8260000	-3.9577484130859375e-05	-0x1.4c00000000000p-15	-83	2097152	normal	4301
4919	b827	b8270000	-3.981590270996094e-05	-0x1.4e00000000000p-15	-167	4194304	normal	4149
4920	b828	b8280000	-4.00543212890625e-05	-0x1.5000000000000p-15	-21	524288	normal	4234
4921	b829	b8290000	-4.029273986816406e-05	-0x1.5200000000000p-15	-169	4194304	normal	4304
4922	b82a	b82a0000	-4.0531158447265625e-05	-0x1.5400000000000p-15	-85	2097152	normal	4258
4923	b82b	b82b0000	-4.076957702636719e-05	-0x1.5600000000000p-15	-171	4194304	normal	4325
4924	b82c	b82c0000	-4.100799560546875e-05	-0x1.5800000000000p-15	-43	1048576	normal	4317
4925	b82d	b82d0000	-4.124641418457031e-05	-0x1.5a00000000000p-15	-173	4194304	normal	4237
4926	b82e	b82e0000	-4.1484832763671875e-05	-0x1.5c00000000000p-15	-87	2097152	normal	4299
4927	b82f	b82f0000	-4.172325134277344e-05	-0x1.5e00000000000p-15	-175	4194304	normal	4272
4928	b830	b8300000	-4.1961669921875e-05	-0x1.6000000000000p-15	-11	262144	normal	4259
4929	b831	b8310000	-4.220008850097656e-05	-0x1.6200000000000p-15	-177	4194304	normal	4318
4930	b832	b8320000	-4.2438507080078125e-05	-0x1.6400000000000p-15	-89	2097152	normal	4309
4931	b833	b8330000	-4.267692565917969e-05	-0x1.6600000000000p-15	-179	4194304	normal	4322
4932	b834	b8340000	-4.291534423828125e-05	-0x1.6800000000000p-15	-45	1048576	normal	4363
4933	b835	b8350000	-4.315376281738281e-05	-0x1.6a00000000000p-15	-181	4194304	normal	4221
4934	b836	b8360000	-4.3392181396484375e-05	-0x1.6c00000000000p-15	-91	2097152	normal	4329
4935	b837	b8370000	-4.363059997558594e-05	-0x1.6e00000000000p-15	-183	4194304	normal	4372
4936	b838	b8380000	-4.38690185546875e-05	-0x1.7000000000000p-15	-23	524288	normal	4282
4937	b839	b8390000	-4.410743713378906e-05	-0x1.7200000000000p-15	-185	4194304	normal	4254
4938	b83a	b83a0000	-4.4345855712890625e-05	-0x1.7400000000000p-15	-93	2097152	normal	4159
4939	b83b	b83b0000	-4.458427429199219e-05	-0x1.7600000000000p-15	-187	4194304	normal	4247
4940	b83c	b83c0000	-4.482269287109375e-05	-0x1.7800000000000p-15	-47	1048576	normal	4229
4941	b83d	b83d0000	-4.506111145019531e-05	-0x1.7a00000000000p-15	-189	4194304	normal	4298
4942	b83e	b83e0000	-4.5299530029296875e-05	-0x1.7c00000000000p-15	-95	2097152	normal	4295
4943	b83f	b83f0000	-4.553794860839844e-05	-0x1.7e00000000000p-15	-191	4194304	normal	4371
4944	b840	b8400000	-4.57763671875e-05	-0x1.8000000000000p-15	-3	65536	normal	4254
4945	b841	b8410000	-4.601478576660156e-05	-0x1.8200000000000p-15	-193	4194304	normal	4340
4946	b842	b8420000	-4.6253204345703125e-05	-0x1.8400000000000p-15	-97	2097152	normal	4199
4947	b843	b8430000	-4.649162292480469e-05	-0x1.8600000000000p-15	-195	4194304	normal	4235
4948	b844	b8440000	-4.673004150390625e-05	-0x1.8800000000000p-15	-49	1048576	normal	4251
4949	b845	b8450000	-4.696846008300781e-05	-0x1.8a00000000000p-15	-197	4194304	normal	4247
4950	b846	b8460000	-4.7206878662109375e-05	-0x1.8c00000000000p-15	-99	2097152	normal	4278
4951	b847	b8470000	-4.744529724121094e-05	-0x1.8e00000000000p-15	-199	4194304	normal	4381
4952	b848	b8480000	-4.76837158203125e-05	-0x1.9000000000000p-15	-25	524288	normal	4313
4953	b849	b8490000	-4.792213439941406e-05	-0x1.9200000000000p-15	-201	4194304	normal	4215
4954	b84a	b84a0000	-4.8160552978515625e-05	-0x1.9400000000000p-15	-101	2097152	normal	4265
4955	b84b	b84b0000	-4.839897155761719e-05	-0x1.9600000000000p-15	-203	4194304	normal	4344
4956	b84c	b84c0000	-4.863739013671875e-05	-0x1.9800000000000p-15	-51	1048576	normal	4278
4957	b84d	b84d0000	-4.887580871582031e-05	-0x1.9a00000000000p-15	-205	4194304	normal	4275
4958	b84e	b84e0000	-4.9114227294921875e-05	-0x1.9c00000000000p-15	-103	2097152	normal	4371
4959	b84f	b84f0000	-4.935264587402344e-05	-0x1.9e00000000000p-15	-207	4194304	normal	4322
4960	b850	b8500000	-4.9591064453125e-05	-0x1.a000000000000p-15	-13	262144	normal	4161
4961	b851	b8510000	-4.982948303222656e-05	-0x1.a200000000000p-15	-209	4194304	normal	4269
4962	b852	b8520000	-5.0067901611328125e-05	-0x1.a400000000000p-15	-105	2097152	normal	4275
4963	b853	b8530000	-5.030632019042969e-05	-0x1.a600000000000p-15	-211	4194304	normal	4355
4964	b854	b8540000	-5.054473876953125e-05	-0x1.a800000000000p-15	-53	1048576	normal	4272
4965	b855	b8550000	-5.078315734863281e-05	-0x1.aa00000000000p-15	-213	4194304	normal	4333
4966	b856	b8560000	-5.1021575927734375e-05	-0x1.ac00000000000p-15	-107	2097152	normal	4126
4967	b857	b8570000	-5.125999450683594e-05	-0x1.ae00000000000p-15	-215	4194304	normal	4296
4968	b858	b8580000	-5.14984130859375e-05	-0x1.b000000000000p-15	-27	524288	normal	4284
4969	b859	b8590000	-5.173683166503906e-05	-0x1.b200000000000p-15	-217	4194304	normal	4189
4970	b85a	b85a0000	-5.1975250244140625e-05	-0x1.b400000000000p-15	-109	2097152	normal	4387
4971	b85b	b85b0000	-5.221366882324219e-05	-0x1.b600000000000p-15	-219	4194304	normal	4234
4972	b85c	b85c0000	-5.245208740234375e-05	-0x1.b800000000000p-15	-55	1048576	normal	4286
4973	b85d	b85d0000	-5.269050598144531e-05	-0x1.ba00000000000p-15	-221	4194304	normal	4259
4974	b85e	b85e0000	-5.2928924560546875e-05	-0x1.bc00000000000p-15	-111	2097152	normal	4343
4975	b85f	b85f0000	-5.316734313964844e-05	-0x1.be00000000000p-15	-223	4194304	normal	4234
4976	b860	b8600000	-5.340576171875e-05	-0x1.c000000000000p-15	-7	131072	normal	4231
4977	b861	b8610000	-5.364418029785156e-05	-0x1.c200000000000p-15	-225	4194304	normal	4317
4978	b862	b8620000	-5.3882598876953125e-05	-0x1.c400000000000p-15	-113	2097152	normal	4372
4979	b863	b8630000	-5.412101745605469e-05	-0x1.c600000000000p-15	-227	4194304	normal	4308
4980	b864	b8640000	-5.435943603515625e-05	-0x1.c800000000000p-15	-57	1048576	normal	4233
4981	b865	b8650000	-5.459785461425781e-05	-0x1.ca00000000000p-15	-229	4194304	normal	4297
4982	b866	b8660000	-5.4836273193359375e-05	-0x1.cc00000000000p-15	-115	2097152	normal	4334
4983	b867	b8670000	-5.507469177246094e-05	-0x1.ce00000000000p-15	-231	4194304	normal	4310
4984	b868	b8680000	-5.53131103515625e-05	-0x1.d000000000000p-15	-29	524288	normal	4244
4985	b869	b8690000	-5.555152893066406e-05	-0x1.d200000000000p-15	-233	4194304	normal	4232
4986	b86a	b86a0000	-5.5789947509765625e-05	-0x1.d400000000000p-15	-117	2097152	normal	4275
4987	b86b	b86b0000	-5.602836608886719e-05	-0x1.d600000000000p-15	-235	4194304	normal	4213
4988	b86c	b86c0000	-5.626678466796875e-05	-0x1.d800000000000p-15	-59	1048576	normal	4168
4989	b86d	b86d0000	-5.650520324707031e-05	-0x1.da00000000000p-15	-237	4194304	normal	4345
4990	b86e	b86e0000	-5.6743621826171875e-05	-0x1.dc00000000000p-15	-119	2097152	normal	4387
4991	b86f	b86f0000	-5.698204040527344e-05	-0x1.de00000000000p-15	-239	4194304	normal	4258
4992	b870	b8700000	-5.7220458984375e-05	-0x1.e000000000000p-15	-15	262144	normal	4360
4993	b871	b8710000	-5.745887756347656e-05	-0x1.e200000000000p-15	-241	4194304	normal	4336
4994	b872	b8720000	-5.7697296142578125e-05	-0x1.e400000000000p-15	-121	2097152	normal	4271
4995	b873	b8730000	-5.793571472167969e-05	-0x1.e600000000000p-15	-243	4194304	normal	4257
4996	b874	b8740000	-5.817413330078125e-05	-0x1.e800000000000p-15	-61	1048576	normal	4352
4997	b875	b8750000	-5.841255187988281e-05	-0x1.ea00000000000p-15	-245	4194304	normal	4275
4998	b876	b8760000	-5.8650970458984375e-05	-0x1.ec00000000000p-15	-123	2097152	normal	4360
4999	b877	b8770000	-5.888938903808594e-05	-0x1.ee00000000000p-15	-247	4194304	normal	4312
5000	b878	b8780000	-5.91278076171875e-05	-0x1.f000000000000p-15	-31	524288	normal	4192
5001	b879	b8790000	-5.936622619628906e-05	-0x1.f200000000000p-15	-249	4194304	normal	4196
5002	b87a	b87a0000	-5.9604644775390625e-05	-0x1.f400000000000p-15	-125	2097152	normal	4379
5003	b87b	b87b0000	-5.984306335449219e-05	-0x1.f600000000000p-15	-251	4194304	normal	4290
5004	b87c	b87c0000	-6.008148193359375e-05	-0x1.f800000000000p-15	-63	1048576	normal	4290
5005	b87d	b87d0000	-6.031990051269531e-05	-0x1.fa00000000000p-15	-253	4194304	normal	4204
5006	b87e	b87e0000	-6.0558319091796875e-05	-0x1.fc00000000000p-15	-127	2097152	normal	4164
5007	b87f	b87f0000	-6.079673767089844e-05	-0x1.fe00000000000p-15	-255	4194304	normal	4258
5008	b880	b8800000	-6.103515625e-05	-0x1.0000000000000p-14	-1	16384	normal	6359
5009	b881	b8810000	-6.151199340820312e-05	-0x1.0200000000000p-14	-129	2097152	normal	8477
5010	b882	b8820000	-6.198883056640625e-05	-0x1.0400000000000p-14	-65	1048576	normal	8465
5011	b883	b8830000	-6.246566772460938e-05	-0x1.0600000000000p-14	-131	2097152	normal	8522
5012	b884	b8840000	-6.29425048828125e-05	-0x1.0800000000000p-14	-33	524288	normal	8488
5013	b885	b8850000	-6.341934204101562e-05	-0x1.0a00000000000p-14	-133	2097152	normal	8556
5014	b886	b8860000	-6.389617919921875e-05	-0x1.0c00000000000p-14	-67	1048576	normal	8530
5015	b887	b8870000	-6.437301635742188e-05	-0x1.0e00000000000p-14	-135	2097152	normal	8477
5016	b888	b8880000	-6.4849853515625e-05	-0x1.1000000000000p-14	-17	262144	normal	8660
5017	b889	b8890000	-6.532669067382812e-05	-0x1.1200000000000p-14	-137	2097152	normal	8689
5018	b88a	b88a0000	-6.580352783203125e-05	-0x1.1400000000000p-14	-69	1048576	normal	8558
5019	b88b	b88b0000	-6.628036499023438e-05	-0x1.1600000000000p-14	-139	2097152	normal	8616
5020	b88c	b88c0000	-6.67572021484375e-05	-0x1.1800000000000p-14	-35	524288	normal	8492
5021	b88d	b88d0000	-6.723403930664062e-05	-0x1.1a00000000000p-14	-141	2097152	normal	8622
5022	b88e	b88e0000	-6.771087646484375e-05	-0x1.1c00000000000p-14	-71	1048576	normal	8421
5023	b88f	b88f0000	-6.818771362304688e-05	-0x1.1e00000000000p-14	-143	2097152	normal	8424
5024	b890	b8900000	-6.866455078125e-05	-0x1.2000000000000p-14	-9	131072	normal	8480
5025	b891	b8910000	-6.914138793945312e-05	-0x1.2200000000000p-14	-145	2097152	normal	8636
5026	b892	b8920000	-6.961822509765625e-05	-0x1.2400000000000p-14	-73	1048576	normal	8279
5027	b893	b8930000	-7.009506225585938e-05	-0x1.2600000000000p-14	-147	2097152	normal	8527
5028	b894	b8940000	-7.05718994140625e-05	-0x1.2800000000000p-14	-37	524288	normal	8582
5029	b895	b8950000	-7.104873657226562e-05	-0x1.2a00000000000p-14	-149	2097152	normal	8459
5030	b896	b8960000	-7.152557373046875e-05	-0x1.2c00000000000p-14	-75	1048576	normal	8677
5031	b897	b8970000	-7.200241088867188e-05	-0x1.2e00000000000p-14	-151	2097152	normal	8526
5032	b898	b8980000	-7.2479248046875e-05	-0x1.3000000000000p-14	-19	262144	normal	8514
5033	b899	b8990000	-7.295608520507812e-05	-0x1.3200000000000p-14	-153	2097152	normal	8468
5034	b89a	b89a0000	-7.343292236328125e-05	-0x1.3400000000000p-14	-77	1048576	normal	8577
5035	b89b	b89b0000	-7.390975952148438e-05	-0x1.3600000000000p-14	-155	2097152	normal	8585
5036	b89c	b89c0000	-7.43865966796875e-05	-0x1.3800000000000p-14	-39	524288	normal	8407
5037	b89d	b89d0000	-7.486343383789062e-05	-0x1.3a00000000000p-14	-157	2097152	normal	8600
5038	b89e	b89e0000	-7.534027099609375e-05	-0x1.3c00000000000p-14	-79	1048576	normal	8380
5039	b89f	b89f0000	-7.581710815429688e-05	-0x1.3e00000000000p-14	-159	2097152	normal	8508
5040	b8a0	b8a00000	-7.62939453125e-05	-0x1.4000000000000p-14	-5	65536	normal	8532
5041	b8a1	b8a10000	-7.677078247070312e-05	-0x1.4200000000000p-14	-161	2097152	normal	8612
5042	b8a2	b8a20000	-7.724761962890625e-05	-0x1.4400000000000p-14	-81	1048576	normal	8467
5043	b8a3	b8a30000	-7.772445678710938e-05	-0x1.4600000000000p-14	-163	2097152	normal	8402
5044	b8a4	b8a40000	-7.82012939453125e-05	-0x1.4800000000000p-14	-41	524288	normal	8519
5045	b8a5	b8a50000	-7.867813110351562e-05	-0x1.4a00000000000p-14	-165	2097152	normal	8545
5046	b8a6	b8a60000	-7.915496826171875e-05	-0x1.4c00000000000p-14	-83	1048576	normal	8548
5047	b8a7	b8a70000	-7.963180541992188e-05	-0x1.4e00000000000p-14	-167	2097152	normal	8439
5048	b8a8	b8a80000	-8.0108642578125e-05	-0x1.5000000000000p-14	-21	262144	normal	8470
5049	b8a9	b8a90000	-8.058547973632812e-05	-0x1.5200000000000p-14	-169	2097152	normal	8474
5050	b8aa	b8aa0000	-8.106231689453125e-05	-0x1.5400000000000p-14	-85	1048576	normal	8637
5051	b8ab	b8ab0000	-8.153915405273438e-05	-0x1.5600000000000p-14	-171	2097152	normal	8410
5052	b8ac	b8ac0000	-8.20159912109375e-05	-0x1.5800000000000p-14	-43	524288	normal	8498
5053	b8ad	b8ad0000	-8.249282836914062e-05	-0x1.5a00000000000p-14	-173	2097152	normal	8445
5054	b8ae	b8ae0000	-8.296966552734375e-05	-0x1.5c00000000000p-14	-87	1048576	normal	8512
5055	b8af	b8af0000	-8.344650268554688e-05	-0x1.5e00000000000p-14	-175	2097152	normal	8653
5056	b8b0	b8b00000	-8.392333984375e-05	-0x1.6000000000000p-14	-11	131072	normal	8479
5057	b8b1	b8b10000	-8.440017700195312e-05	-0x1.6200000000000p-14	-177	2097152	normal	8540
5058	b8b2	b8b20000	-8.487701416015625e-05	-0x1.6400000000000p-14	-89	1048576	normal	8397
5059	b8b3	b8b30000	-8.535385131835938e-05	-0x1.6600000000000p-14	-179	2097152	normal	8594
5060	b8b4	b8b40000	-8.58306884765625e-05	-0x1.6800000000000p-14	-45	524288	normal	8519
5061	b8b5	b8b50000	-8.630752563476562e-05	-0x1.6a00000000000p-14	-181	2097152	normal	8489
5062	b8b6	b8b60000	-8.678436279296875e-05	-0x1.6c00000000000p-14	-91	1048576	normal	8583
5063	b8b7	b8b70000	-8.726119995117188e-05	-0x1.6e00000000000p-14	-183	2097152	normal	8480
5064	b8b8	b8b80000	-8.7738037109375e-05	-0x1.7000000000000p-14	-23	262144	normal	8592
5065	b8b9	b8b90000	-8.821487426757812e-05	-0x1.7200000000000p-14	-185	2097152	normal	8394
5066	b8ba	b8ba0000	-8.869171142578125e-05	-0x1.7400000000000p-14	-93	1048576	normal	8558
5067	b8bb	b8bb0000	-8.916854858398438e-05	-0x1.7600000000000p-14	-187	2097152	normal	8549
5068	b8bc	b8bc0000	-8.96453857421875e-05	-0x1.7800000000000p-14	-47	524288	normal	8650
5069	b8bd	b8bd0000	-9.012222290039062e-05	-0x1.7a00000000000p-14	-189	2097152	normal	8683
5070	b8be	b8be0000	-9.059906005859375e-05	-0x1.7c00000000000p-14	-95	1048576	normal	8566
5071	b8bf	b8bf0000	-9.107589721679688e-05	-0x1.7e00000000000p-14	-191	2097152	normal	8670
5072	b8c0	b8c00000	-9.1552734375e-05	-0x1.8000000000000p-14	-3	32768	normal	8583
5073	b8c1	b8c10000	-9.202957153320312e-05	-0x1.8200000000000p-14	-193	2097152	normal	8620
5074	b8c2	b8c20000	-9.250640869140625e-05	-0x1.8400000000000p-14	-97	1048576	normal	8537
5075	b8c3	b8c30000	-9.298324584960938e-05	-0x1.8600000000000p-14	-195	2097152	normal	8610
5076	b8c4	b8c40000	-9.34600830078125e-05	-0x1.8800000000000p-14	-49	524288	normal	8698
5077	b8c5	b8c50000	-9.393692016601562e-05	-0x1.8a00000000000p-14	-197	2097152	normal	8675
5078	b8c6	b8c60000	-9.441375732421875e-05	-0x1.8c00000000000p-14	-99	1048576	normal	8401
5079	b8c7	b8c70000	-9.489059448242188e-05	-0x1.8e00000000000p-14	-199	2097152	normal	8466
5080	b8c8	b8c80000	-9.5367431640625e-05	-0x1.9000000000000p-14	-25	262144	normal	8599
5081	b8c9	b8c90000	-9.584426879882812e-05	-0x1.9200000000000p-14	-201	2097152	normal	8558
5082	b8ca	b8ca0000	-9.632110595703125e-05	-0x1.9400000000000p-14	-101	1048576	normal	8583
5083	b8cb	b8cb0000	-9.679794311523438e-05	-0x1.9600000000000p-14	-203	2097152	normal	8616
5084	b8cc	b8cc0000	-9.72747802734375e-05	-0x1.9800000000000p-14	-51	524288	normal	8552
5085	b8cd	b8cd0000	-9.775161743164062e-05	-0x1.9a00000000000p-14	-205	2097152	normal	8500
5086	b8ce	b8ce0000	-9.822845458984375e-05	-0x1.9c00000000000p-14	-103	1048576	normal	8612
5087	b8cf	b8cf0000	-9.870529174804688e-05	-0x1.9e00000000000p-14	-207	2097152	normal	8521
5088	b8d0	b8d00000	-9.918212890625e-05	-0x1.a000000000000p-14	-13	131072	normal	8495
5089	b8d1	b8d10000	-9.965896606445312e-05	-0x1.a200000000000p-14	-209	2097152	normal	8400
5090	b8d2	b8d20000	-0.00010013580322265625	-0x1.a400000000000p-14	-105	1048576	normal	8497
5091	b8d3	b8d30000	-0.00010061264038085938	-0x1.a600000000000p-14	-211	2097152	normal	8440
5092	b8d4	b8d40000	-0.0001010894775390625	-0x1.a800000000000p-14	-53	524288	normal	8481
5093	b8d5	b8d50000	-0.00010156631469726562	-0x1.aa00000000000p-14	-213	2097152	normal	8721
5094	b8d6	b8d60000	-0.00010204315185546875	-0x1.ac00000000000p-14	-107	1048576	normal	8466
5095	b8d7	b8d70000	-0.00010251998901367188	-0x1.ae00000000000p-14	-215	2097152	normal	8753
5096	b8d8	b8d80000	-0.000102996826171875	-0x1.b000000000000p-14	-27	262144	normal	8582
5097	b8d9	b8d90000	-0.00010347366333007812	-0x1.b200000000000p-14	-217	2097152	normal	8566
5098	b8da	b8da0000	-0.00010395050048828125	-0x1.b400000000000p-14	-109	1048576	normal	8676
5099	b8db	b8db0000	-0.00010442733764648438	-0x1.b600000000000p-14	-219	2097152	normal	8656
5100	b8dc	b8dc0000	-0.0001049041748046875	-0x1.b800000000000p-14	-55	524288	normal	8640
5101	b8dd	b8dd0000	-0.00010538101196289062	-0x1.ba00000000000p-14	-221	2097152	normal	8587
5102	b8de	b8de0000	-0.00010585784912109375	-0x1.bc00000000000p-14	-111	1048576	normal	8512
5103	b8df	b8df0000	-0.00010633468627929688	-0x1.be00000000000p-14	-223	2097152	normal	8388
5104	b8e0	b8e00000	-0.0001068115234375	-0x1.c000000000000p-14	-7	65536	normal	8642
5105	b8e1	b8e10000	-0.00010728836059570312	-0x1.c200000000000p-14	-225	2097152	normal	8536
5106	b8e2	b8e20000	-0.00010776519775390625	-0x1.c400000000000p-14	-113	1048576	normal	8532
5107	b8e3	b8e30000	-0.00010824203491210938	-0x1.c600000000000p-14	-227	2097152	normal	8563
5108	b8e4	b8e40000	-0.0001087188720703125	-0x1.c800000000000p-14	-57	524288	normal	8470
5109	b8e5	b8e50000	-0.00010919570922851562	-0x1.ca00000000000p-14	-229	2097152	normal	8576
5110	b8e6	b8e60000	-0.00010967254638671875	-0x1.cc00000000000p-14	-115	1048576	normal	8616
5111	b8e7	b8e70000	-0.00011014938354492188	-0x1.ce00000000000p-14	-231	2097152	normal	8564
5112	b8e8	b8e80000	-0.000110626220703125	-0x1.d000000000000p-14	-29	262144	normal	8669
5113	b8e9	b8e90000	-0.00011110305786132812	-0x1.d200000000000p-14	-233	2097152	normal	8537
5114	b8ea	b8ea0000	-0.00011157989501953125	-0x1.d400000000000p-14	-117	1048576	normal	8414
5115	b8eb	b8eb0000	-0.00011205673217773438	-0x1.d600000000000p-14	-235	2097152	normal	8683
5116	b8ec	b8ec0000	-0.0001125335693359375	-0x1.d800000000000p-14	-59	524288	normal	8375
5117	b8ed	b8ed0000	-0.00011301040649414062	-0x1.da00000000000p-14	-237	2097152	normal	8493
5118	b8ee	b8ee0000	-0.00011348724365234375	-0x1.dc00000000000p-14	-119	1048576	normal	8558
5119	b8ef	b8ef0000	-0.00011396408081054688	-0x1.de00000000000p-14	-239	2097152	normal	8457
5120	b8f0	b8f00000	-0.00011444091796875	-0x1.e000000000000p-14	-15	131072	normal	8498
5121	b8f1	b8f10000	-0.00011491775512695312	-0x1.e200000000000p-14	-241	2097152	normal	8373
5122	b8f2	b8f20000	-0.00011539459228515625	-0x1.e400000000000p-14	-121	1048576	normal	8560
5123	b8f3	b8f30000	-0.00011587142944335938	-0x1.e600000000000p-14	-243	2097152	normal	8532
5124	b8f4	b8f40000	-0.0001163482666015625	-0x1.e800000000000p-14	-61	524288	normal	8565
5125	b8f5	b8f50000	-0.00011682510375976562	-0x1.ea00000000000p-14	-245	2097152	normal	8534
5126	b8f6	b8f60000	-0.00011730194091796875	-0x1.ec00000000000p-14	-123	1048576	normal	8503
5127	b8f7	b8f70000	-0.00011777877807617188	-0x1.ee00000000000p-14	-247	2097152	normal	8448
5128	b8f8	b8f80000	-0.000118255615234375	-0x1.f000000000000p-14	-31	262144	normal	8499
5129	b8f9	b8f90000	-0.00011873245239257812	-0x1.f200000000000p-14	-249	2097152	normal	8536
5130	b8fa	b8fa0000	-0.00011920928955078125	-0x1.f400000000000p-14	-125	1048576	normal	8522
5131	b8fb	b8fb0000	-0.00011968612670898438	-0x1.f600000000000p-14	-251	2097152	normal	8445
5132	b8fc	b8fc0000	-0.0001201629638671875	-0x1.f800000000000p-14	-63	524288	normal	8504
5133	b8fd	b8fd0000	-0.00012063980102539062	-0x1.fa00000000000p-14	-253	2097152	normal	8738
5134	b8fe	b8fe0000	-0.00012111663818359375	-0x1.fc00000000000p-14	-127	1048576	normal	8515
5135	b8ff	b8ff0000	-0.00012159347534179688	-0x1.fe00000000000p-14	-255	2097152	normal	8646
5136	b900	b9000000	-0.0001220703125	-0x1.0000000000000p-13	-1	8192	normal	12633
5137	b901	b9010000	-0.00012302398681640625	-0x1.0200000000000p-13	-129	1048576	normal	17007
5138	b902	b9020000	-0.0001239776611328125	-0x1.0400000000000p-13	-65	524288	normal	16984
5139	b903	b9030000	-0.00012493133544921875	-0x1.0600000000000p-13	-131	1048576	normal	17019
5140	b904	b9040000	-0.000125885009765625	-0x1.0800000000000p-13	-33	262144	normal	16863
5141	b905	b9050000	-0.00012683868408203125	-0x1.0a00000000000p-13	-133	1048576	normal	17094
5142	b906	b9060000	-0.0001277923583984375	-0x1.0c00000000000p-13	-67	524288	normal	17164
5143	b907	b9070000	-0.00012874603271484375	-0x1.0e00000000000p-13	-135	1048576	normal	17235
5144	b908	b9080000	-0.00012969970703125	-0x1.1000000000000p-13	-17	131072	normal	17005
5145	b909	b9090000	-0.00013065338134765625	-0x1.1200000000000p-13	-137	1048576	normal	16911
5146	b90a	b90a0000	-0.0001316070556640625	-0x1.1400000000000p-13	-69	524288	normal	16989
5147	b90b	b90b0000	-0.00013256072998046875	-0x1.1600000000000p-13	-139	1048576	normal	17269
5148	b90c	b90c0000	-0.000133514404296875	-0x1.1800000000000p-13	-35	262144	normal	17248
5149	b90d	b90d0000	-0.00013446807861328125	-0x1.1a00000000000p-13	-141	1048576	normal	17069
5150	b90e	b90e0000	-0.0001354217529296875	-0x1.1c00000000000p-13	-71	524288	normal	17142
5151	b90f	b90f0000	-0.00013637542724609375	-0x1.1e00000000000p-13	-143	1048576	normal	17100
5152	b910	b9100000	-0.0001373291015625	-0x1.2000000000000p-13	-9	65536	normal	17003
5153	b911	b9110000	-0.00013828277587890625	-0x1.2200000000000p-13	-145	1048576	normal	16947
5154	b912	b9120000	-0.0001392364501953125	-0x1.2400000000000p-13	-73	524288	normal	17013
5155	b913	b9130000	-0.00014019012451171875	-0x1.2600000000000p-13	-147	1048576	normal	17231
5156	b914	b9140000	-0.000141143798828125	-0x1.2800000000000p-13	-37	262144	normal	17175
5157	b915	b9150000	-0.00014209747314453125	-0x1.2a00000000000p-13	-149	1048576	normal	17245
5158	b916	b9160000	-0.0001430511474609375	-0x1.2c00000000000p-13	-75	524288	normal	17195
5159	b917	b9170000	-0.00014400482177734375	-0x1.2e00000000000p-13	-151	1048576	normal	17269
5160	b918	b9180000	-0.00014495849609375	-0x1.3000000000000p-13	-19	131072	normal	17020
5161	b919	b9190000	-0.00014591217041015625	-0x1.3200000000000p-13	-153	1048576	normal	17091
5162	b91a	b91a0000	-0.0001468658447265625	-0x1.3400000000000p-13	-77	524288	normal	17010
5163	b91b	b91b0000	-0.00014781951904296875	-0x1.3600000000000p-13	-155	1048576	normal	16897
5164	b91c	b91c0000	-0.000148773193359375	-0x1.3800000000000p-13	-39	262144	normal	17299
5165	b91d	b91d0000	-0.00014972686767578125	-0x1.3a00000000000p-13	-157	1048576	normal	16953
5166	b91e	b91e0000	-0.0001506805419921875	-0x1.3c00000000000p-13	-79	524288	normal	16937
5167	b91f	b91f0000	-0.00015163421630859375	-0x1.3e00000000000p-13	-159	1048576	normal	17327
5168	b920	b9200000	-0.000152587890625	-0x1.4000000000000p-13	-5	32768	normal	17062
5169	b921	b9210000	-0.00015354156494140625	-0x1.4200000000000p-13	-161	1048576	normal	16848
5170	b922	b9220000	-0.0001544952392578125	-0x1.4400000000000p-13	-81	524288	normal	17227
5171	b923	b9230000	-0.00015544891357421875	-0x1.4600000000000p-13	-163	1048576	normal	17502
5172	b924	b9240000	-0.000156402587890625	-0x1.4800000000000p-13	-41	262144	normal	17138
5173	b925	b9250000	-0.00015735626220703125	-0x1.4a00000000000p-13	-165	1048576	normal	17022
5174	b926	b9260000	-0.0001583099365234375	-0x1.4c00000000000p-13	-83	524288	normal	16780
5175	b927	b9270000	-0.00015926361083984375	-0x1.4e00000000000p-13	-167	1048576	normal	16963
5176	b928	b9280000	-0.00016021728515625	-0x1.5000000000000p-13	-21	131072	normal	17061
5177	b929	b9290000	-0.00016117095947265625	-0x1.5200000000000p-13	-169	1048576	normal	17114
5178	b92a	b92a0000	-0.0001621246337890625	-0x1.5400000000000p-13	-85	524288	normal	16834
5179	b92b	b92b0000	-0.00016307830810546875	-0x1.5600000000000p-13	-171	1048576	normal	17056
5180	b92c	b92c0000	-0.000164031982421875	-0x1.5800000000000p-13	-43	262144	normal	17023
5181	b92d	b92d0000	-0.00016498565673828125	-0x1.5a00000000000p-13	-173	1048576	normal	17244
5182	b92e	b92e0000	-0.0001659393310546875	-0x1.5c00000000000p-13	-87	524288	normal	17229
5183	b92f	b92f0000	-0.00016689300537109375	-0x1.5e00000000000p-13	-175	1048576	normal	17022
5184	b930	b9300000	-0.0001678466796875	-0x1.6000000000000p-13	-11	65536	normal	16912
5185	b931	b9310000	-0.00016880035400390625	-0x1.6200000000000p-13	-177	1048576	normal	17198
5186	b932	b9320000	-0.0001697540283203125	-0x1.6400000000000p-13	-89	524288	normal	16870
5187	b933	b9330000	-0.00017070770263671875	-0x1.6600000000000p-13	-179	1048576	normal	17096
5188	b934	b9340000	-0.000171661376953125	-0x1.6800000000000p-13	-45	262144	normal	17002
5189	b935	b9350000	-0.00017261505126953125	-0x1.6a00000000000p-13	-181	1048576	normal	17132
5190	b936	b9360000	-0.0001735687255859375	-0x1.6c00000000000p-13	-91	524288	normal	17054
5191	b937	b9370000	-0.00017452239990234375	-0x1.6e00000000000p-13	-183	1048576	normal	16976
5192	b938	b9380000	-0.00017547607421875	-0x1.7000000000000p-13	-23	131072	normal	16958
5193	b939	b9390000	-0.00017642974853515625	-0x1.7200000000000p-13	-185	1048576	normal	17193
5194	b93a	b93a0000	-0.0001773834228515625	-0x1.7400000000000p-13	-93	524288	normal	16882
5195	b93b	b93b0000	-0.00017833709716796875	-0x1.7600000000000p-13	-187	1048576	normal	17342
5196	b93c	b93c0000	-0.000179290771484375	-0x1.7800000000000p-13	-47	262144	normal	16982
5197	b93d	b93d0000	-0.00018024444580078125	-0x1.7a00000000000p-13	-189	1048576	normal	16849
5198	b93e	b93e0000	-0.0001811981201171875	-0x1.7c00000000000p-13	-95	524288	normal	16784
5199	b93f	b93f0000	-0.00018215179443359375	-0x1.7e00000000000p-13	-191	1048576	normal	17103
5200	b940	b9400000	-0.00018310546875	-0x1.8000000000000p-13	-3	16384	normal	17071
5201	b941	b9410000	-0.00018405914306640625	-0x1.8200000000000p-13	-193	1048576	normal	17034
5202	b942	b9420000	-0.0001850128173828125	-0x1.8400000000000p-13	-97	524288	normal	16801
5203	b943	b9430000	-0.00018596649169921875	-0x1.8600000000000p-13	-195	1048576	normal	17214
5204	b944	b9440000	-0.000186920166015625	-0x1.8800000000000p-13	-49	262144	normal	16919
5205	b945	b9450000	-0.00018787384033203125	-0x1.8a00000000000p-13	-197	1048576	normal	17107
5206	b946	b9460000	-0.0001888275146484375	-0x1.8c00000000000p-13	-99	524288	normal	17266
5207	b947	b9470000	-0.00018978118896484375	-0x1.8e00000000000p-13	-199	1048576	normal	16979
5208	b948	b9480000	-0.00019073486328125	-0x1.9000000000000p-13	-25	131072	normal	16861
5209	b949	b9490000	-0.00019168853759765625	-0x1.9200000000000p-13	-201	1048576	normal	17055
5210	b94a	b94a0000	-0.0001926422119140625	-0x1.9400000000000p-13	-101	524288	normal	16937
5211	b94b	b94b0000	-0.00019359588623046875	-0x1.9600000000000p-13	-203	1048576	normal	16925
5212	b94c	b94c0000	-0.000194549560546875	-0x1.9800000000000p-13	-51	262144	normal	17164
5213	b94d	b94d0000	-0.00019550323486328125	-0x1.9a00000000000p-13	-205	1048576	normal	17055
5214	b94e	b94e0000	-0.0001964569091796875	-0x1.9c00000000000p-13	-103	524288	normal	16959
5215	b94f	b94f0000	-0.00019741058349609375	-0x1.9e00000000000p-13	-207	1048576	normal	17274
5216	b950	b9500000	-0.0001983642578125	-0x1.a000000000000p-13	-13	65536	normal	17161
5217	b951	b9510000	-0.00019931793212890625	-0x1.a200000000000p-13	-209	1048576	normal	17184
5218	b952	b9520000	-0.0002002716064453125	-0x1.a400000000000p-13	-105	524288	normal	17190
5219	b953	b9530000	-0.00020122528076171875	-0x1.a600000000000p-13	-211	1048576	normal	17168
5220	b954	b9540000	-0.000202178955078125	-0x1.a800000000000p-13	-53	262144	normal	17045
5221	b955	b9550000	-0.00020313262939453125	-0x1.aa00000000000p-13	-213	1048576	normal	17078
5222	b956	b9560000	-0.0002040863037109375	-0x1.ac00000000000p-13	-107	524288	normal	16990
5223	b957	b9570000	-0.00020503997802734375	-0x1.ae00000000000p-13	-215	1048576	normal	17107
5224	b958	b9580000	-0.00020599365234375	-0x1.b000000000000p-13	-27	131072	normal	17155
5225	b959	b9590000	-0.00020694732666015625	-0x1.b200000000000p-13	-217	1048576	normal	17075
5226	b95a	b95a0000	-0.0002079010009765625	-0x1.b400000000000p-13	-109	524288	normal	17126
5227	b95b	b95b0000	-0.00020885467529296875	-0x1.b600000000000p-13	-219	1048576	normal	16856
5228	b95c	b95c0000	-0.000209808349609375	-0x1.b800000000000p-13	-55	262144	normal	17272
5229	b95d	b95d0000	-0.00021076202392578125	-0x1.ba00000000000p-13	-221	1048576	normal	17170
5230	b95e	b95e0000	-0.0002117156982421875	-0x1.bc00000000000p-13	-111	524288	normal	17080
5231	b95f	b95f0000	-0.00021266937255859375	-0x1.be00000000000p-13	-223	1048576	normal	17001
5232	b960	b9600000	-0.000213623046875	-0x1.c000000000000p-13	-7	32768	normal	16901
5233	b961	b9610000	-0.00021457672119140625	-0x1.c200000000000p-13	-225	1048576	normal	16710
5234	b962	b9620000	-0.0002155303955078125	-0x1.c400000000000p-13	-113	524288	normal	17114
5235	b963	b9630000	-0.00021648406982421875	-0x1.c600000000000p-13	-227	1048576	normal	17242
5236	b964	b9640000	-0.000217437744140625	-0x1.c800000000000p-13	-57	262144	normal	17021
5237	b965	b9650000	-0.00021839141845703125	-0x1.ca00000000000p-13	-229	1048576	normal	16797
5238	b966	b9660000	-0.0002193450927734375	-0x1.cc00000000000p-13	-115	524288	normal	17089
5239	b967	b9670000	-0.00022029876708984375	-0x1.ce00000000000p-13	-231	1048576	normal	17050
5240	b968	b9680000	-0.00022125244140625	-0x1.d000000000000p-13	-29	131072	normal	17036
5241	b969	b9690000	-0.00022220611572265625	-0x1.d200000000000p-13	-233	1048576	normal	17092
5242	b96a	b96a0000	-0.0002231597900390625	-0x1.d400000000000p-13	-117	524288	normal	16982
5243	b96b	b96b0000	-0.00022411346435546875	-0x1.d600000000000p-13	-235	1048576	normal	16979
5244	b96c	b96c0000	-0.000225067138671875	-0x1.d800000000000p-13	-59	262144	normal	17202
5245	b96d	b96d0000	-0.00022602081298828125	-0x1.da00000000000p-13	-237	1048576	normal	17023
5246	b96e	b96e0000	-0.0002269744873046875	-0x1.dc00000000000p-13	-119	524288	normal	16979
5247	b96f	b96f0000	-0.00022792816162109375	-0x1.de00000000000p-13	-239	1048576	normal	17058
5248	b970	b9700000	-0.0002288818359375	-0x1.e000000000000p-13	-15	65536	normal	16905
5249	b971	b9710000	-0.00022983551025390625	-0x1.e200000000000p-13	-241	1048576	normal	17183
5250	b972	b9720000	-0.0002307891845703125	-0x1.e400000000000p-13	-121	524288	normal	16867
5251	b973	b9730000	-0.00023174285888671875	-0x1.e600000000000p-13	-243	1048576	normal	17270
5252	b974	b9740000	-0.000232696533203125	-0x1.e800000000000p-13	-61	262144	normal	17207
5253	b975	b9750000	-0.00023365020751953125	-0x1.ea00000000000p-13	-245	1048576	normal	16976
5254	b976	b9760000	-0.0002346038818359375	-0x1.ec00000000000p-13	-123	524288	normal	17106
5255	b977	b9770000	-0.00023555755615234375	-0x1.ee00000000000p-13	-247	1048576	normal	16850
5256	b978	b9780000	-0.00023651123046875	-0x1.f000000000000p-13	-31	131072	normal	16972
5257	b979	b9790000	-0.00023746490478515625	-0x1.f200000000000p-13	-249	1048576	normal	17270
5258	b97a	b97a0000	-0.0002384185791015625	-0x1.f400000000000p-13	-125	524288	normal	17137
5259	b97b	b97b0000	-0.00023937225341796875	-0x1.f600000000000p-13	-251	1048576	normal	17136
5260	b97c	b97c0000	-0.000240325927734375	-0x1.f800000000000p-13	-63	262144	normal	17001
5261	b97d	b97d0000	-0.00024127960205078125	-0x1.fa00000000000p-13	-253	1048576	normal	17004
5262	b97e	b97e0000	-0.0002422332763671875	-0x1.fc00000000000p-13	-127	524288	normal	16917
5263	b97f	b97f0000	-0.00024318695068359375	-0x1.fe00000000000p-13	-255	1048576	normal	17322
5264	b980	b9800000	-0.000244140625	-0x1.0000000000000p-12	-1	4096	normal	25727
5265	b981	b9810000	-0.0002460479736328125	-0x1.0200000000000p-12	-129	524288	normal	34112
5266	b982	b9820000	-0.000247955322265625	-0x1.0400000000000p-12	-65	262144	normal	34275
5267	b983	b9830000	-0.0002498626708984375	-0x1.0600000000000p-12	-131	524288	normal	33990
5268	b984	b9840000	-0.00025177001953125	-0x1.0800000000000p-12	-33	131072	normal	34250
5269	b985	b9850000	-0.0002536773681640625	-0x1.0a00000000000p-12	-133	524288	normal	34217
5270	b986	b9860000	-0.000255584716796875	-0x1.0c00000000000p-12	-67	262144	normal	34114
5271	b987	b9870000	-0.0002574920654296875	-0x1.0e00000000000p-12	-135	524288	normal	34379
5272	b988	b9880000	-0.0002593994140625	-0x1.1000000000000p-12	-17	65536	normal	34166
5273	b989	b9890000	-0.0002613067626953125	-0x1.1200000000000p-12	-137	524288	normal	34318
5274	b98a	b98a0000	-0.000263214111328125	-0x1.1400000000000p-12	-69	262144	normal	34132
5275	b98b	b98b0000	-0.0002651214599609375	-0x1.1600000000000p-12	-139	524288	normal	34246
5276	b98c	b98c0000	-0.00026702880859375	-0x1.1800000000000p-12	-35	131072	normal	34072
5277	b98d	b98d0000	-0.0002689361572265625	-0x1.1a00000000000p-12	-141	524288	normal	33858
5278	b98e	b98e0000	-0.000270843505859375	-0x1.1c00000000000p-12	-71	262144	normal	34016
5279	b98f	b98f0000	-0.0002727508544921875	-0x1.1e00000000000p-12	-143	524288	normal	34160
5280	b990	b9900000	-0.000274658203125	-0x1.2000000000000p-12	-9	32768	normal	34175
5281	b991	b9910000	-0.0002765655517578125	-0x1.2200000000000p-12	-145	524288	normal	34400
5282	b992	b9920000	-0.000278472900390625	-0x1.2400000000000p-12	-73	262144	normal	34618
5283	b993	b9930000	-0.0002803802490234375	-0x1.2600000000000p-12	-147	524288	normal	34155
5284	b994	b9940000	-0.00028228759765625	-0x1.2800000000000p-12	-37	131072	normal	34154
5285	b995	b9950000	-0.0002841949462890625	-0x1.2a00000000000p-12	-149	524288	normal	34028
5286	b996	b9960000	-0.000286102294921875	-0x1.2c00000000000p-12	-75	262144	normal	34072
5287	b997	b9970000	-0.0002880096435546875	-0x1.2e00000000000p-12	-151	524288	normal	34075
5288	b998	b9980000	-0.0002899169921875	-0x1.3000000000000p-12	-19	65536	normal	34198
5289	b999	b9990000	-0.0002918243408203125	-0x1.3200000000000p-12	-153	524288	normal	33895
5290	b99a	b99a0000	-0.000293731689453125	-0x1.3400000000000p-12	-77	262144	normal	34162
5291	b99b	b99b0000	-0.0002956390380859375	-0x1.3600000000000p-12	-155	524288	normal	34079
5292	b99c	b99c0000	-0.00029754638671875	-0x1.3800000000000p-12	-39	131072	normal	34036
5293	b99d	b99d0000	-0.0002994537353515625	-0x1.3a00000000000p-12	-157	524288	normal	33940
5294	b99e	b99e0000	-0.000301361083984375	-0x1.3c00000000000p-12	-79	262144	normal	34059
5295	b99f	b99f0000	-0.0003032684326171875	-0x1.3e00000000000p-12	-159	524288	normal	34196
5296	b9a0	b9a00000	-0.00030517578125	-0x1.4000000000000p-12	-5	16384	normal	34309
5297	b9a1	b9a10000	-0.0003070831298828125	-0x1.4200000000000p-12	-161	524288	normal	34266
5298	b9a2	b9a20000	-0.000308990478515625	-0x1.4400000000000p-12	-81	262144	normal	34322
5299	b9a3	b9a30000	-0.0003108978271484375	-0x1.4600000000000p-12	-163	524288	normal	34192
5300	b9a4	b9a40000	-0.00031280517578125	-0x1.4800000000000p-12	-41	131072	normal	33968
5301	b9a5	b9a50000	-0.0003147125244140625	-0x1.4a00000000000p-12	-165	524288	normal	34495
5302	b9a6	b9a60000	-0.000316619873046875	-0x1.4c00000000000p-12	-83	262144	normal	33909
5303	b9a7	b9a70000	-0.0003185272216796875	-0x1.4e00000000000p-12	-167	524288	normal	34203
5304	b9a8	b9a80000	-0.0003204345703125	-0x1.5000000000000p-12	-21	65536	normal	34144
5305	b9a9	b9a90000	-0.0003223419189453125	-0x1.5200000000000p-12	-169	524288	normal	34312
5306	b9aa	b9aa0000	-0.000324249267578125	-0x1.5400000000000p-12	-85	262144	normal	33812
5307	b9ab	b9ab0000	-0.0003261566162109375	-0x1.5600000000000p-12	-171	524288	normal	33937
5308	b9ac	b9ac0000	-0.00032806396484375	-0x1.5800000000000p-12	-43	131072	normal	34109
5309	b9ad	b9ad0000	-0.0003299713134765625	-0x1.5a00000000000p-12	-173	524288	normal	34131
5310	b9ae	b9ae0000	-0.000331878662109375	-0x1.5c00000000000p-12	-87	262144	normal	34110
5311	b9af	b9af0000	-0.0003337860107421875	-0x1.5e00000000000p-12	-175	524288	normal	34351
5312	b9b0	b9b00000	-0.000335693359375	-0x1.6000000000000p-12	-11	32768	normal	34256
5313	b9b1	b9b10000	-0.0003376007080078125	-0x1.6200000000000p-12	-177	524288	normal	34661
5314	b9b2	b9b20000	-0.000339508056640625	-0x1.6400000000000p-12	-89	262144	normal	33733
5315	b9b3	b9b30000	-0.0003414154052734375	-0x1.6600000000000p-12	-179	524288	normal	34013
5316	b9b4	b9b40000	-0.00034332275390625	-0x1.6800000000000p-12	-45	131072	normal	34153
5317	b9b5	b9b50000	-0.0003452301025390625	-0x1.6a00000000000p-12	-181	524288	normal	34286
5318	b9b6	b9b60000	-0.000347137451171875	-0x1.6c00000000000p-12	-91	262144	normal	34210
5319	b9b7	b9b70000	-0.0003490447998046875	-0x1.6e00000000000p-12	-183	524288	normal	34103
5320	b9b8	b9b80000	-0.0003509521484375	-0x1.7000000000000p-12	-23	65536	normal	34022
5321	b9b9	b9b90000	-0.0003528594970703125	-0x1.7200000000000p-12	-185	524288	normal	33909
5322	b9ba	b9ba0000	-0.000354766845703125	-0x1.7400000000000p-12	-93	262144	normal	34309
5323	b9bb	b9bb0000	-0.0003566741943359375	-0x1.7600000000000p-12	-187	524288	normal	34122
5324	b9bc	b9bc0000	-0.00035858154296875	-0x1.7800000000000p-12	-47	131072	normal	34014
5325	b9bd	b9bd0000	-0.0003604888916015625	-0x1.7a00000000000p-12	-189	524288	normal	34097
5326	b9be	b9be0000	-0.000362396240234375	-0x1.7c00000000000p-12	-95	262144	normal	34406
5327	b9bf	b9bf0000	-0.0003643035888671875	-0x1.7e00000000000p-12	-191	524288	normal	34141
5328	b9c0	b9c00000	-0.0003662109375	-0x1.8000000000000p-12	-3	8192	normal	34206
5329	b9c1	b9c10000	-0.0003681182861328125	-0x1.8200000000000p-12	-193	524288	normal	34146
5330	b9c2	b9c20000	-0.000370025634765625	-0x1.8400000000000p-12	-97	262144	normal	33650
5331	b9c3	b9c30000	-0.0003719329833984375	-0x1.8600000000000p-12	-195	524288	normal	34113
5332	b9c4	b9c40000	-0.00037384033203125	-0x1.8800000000000p-12	-49	131072	normal	33893
5333	b9c5	b9c50000	-0.0003757476806640625	-0x1.8a00000000000p-12	-197	524288	normal	34118
5334	b9c6	b9c60000	-0.000377655029296875	-0x1.8c00000000000p-12	-99	262144	normal	34075
5335	b9c7	b9c70000	-0.0003795623779296875	-0x1.8e00000000000p-12	-199	524288	normal	34127
5336	b9c8	b9c80000	-0.0003814697265625	-0x1.9000000000000p-12	-25	65536	normal	34102
5337	b9c9	b9c90000	-0.0003833770751953125	-0x1.9200000000000p-12	-201	524288	normal	33914
5338	b9ca	b9ca0000	-0.000385284423828125	-0x1.9400000000000p-12	-101	262144	normal	34568
5339	b9cb	b9cb0000	-0.0003871917724609375	-0x1.9600000000000p-12	-203	524288	normal	34130
5340	b9cc	b9cc0000	-0.00038909912109375	-0x1.9800000000000p-12	-51	131072	normal	33815
5341	b9cd	b9cd0000	-0.0003910064697265625	-0x1.9a00000000000p-12	-205	524288	normal	33982
5342	b9ce	b9ce0000	-0.000392913818359375	-0x1.9c00000000000p-12	-103	262144	normal	34184
5343	b9cf	b9cf0000	-0.0003948211669921875	-0x1.9e00000000000p-12	-207	524288	normal	33802
5344	b9d0	b9d00000	-0.000396728515625	-0x1.a000000000000p-12	-13	32768	normal	33914
5345	b9d1	b9d10000	-0.0003986358642578125	-0x1.a200000000000p-12	-209	524288	normal	34152
5346	b9d2	b9d20000	-0.000400543212890625	-0x1.a400000000000p-12	-105	262144	normal	34123
5347	b9d3	b9d30000	-0.0004024505615234375	-0x1.a600000000000p-12	-211	524288	normal	34268
5348	b9d4	b9d40000	-0.00040435791015625	-0x1.a800000000000p-12	-53	131072	normal	33973
5349	b9d5	b9d50000	-0.0004062652587890625	-0x1.aa00000000000p-12	-213	524288	normal	33674
5350	b9d6	b9d60000	-0.000408172607421875	-0x1.ac00000000000p-12	-107	262144	normal	34326
5351	b9d7	b9d70000	-0.0004100799560546875	-0x1.ae00000000000p-12	-215	524288	normal	34037
5352	b9d8	b9d80000	-0.0004119873046875	-0x1.b000000000000p-12	-27	65536	normal	34221
5353	b9d9	b9d90000	-0.0004138946533203125	-0x1.b200000000000p-12	-217	524288	normal	34258
5354	b9da	b9da0000	-0.000415802001953125	-0x1.b400000000000p-12	-109	262144	normal	34164
5355	b9db	b9db0000	-0.0004177093505859375	-0x1.b600000000000p-12	-219	524288	normal	34011
5356	b9dc	b9dc0000	-0.00041961669921875	-0x1.b800000000000p-12	-55	131072	normal	34394
5357	b9dd	b9dd0000	-0.0004215240478515625	-0x1.ba00000000000p-12	-221	524288	normal	34077
5358	b9de	b9de0000	-0.000423431396484375	-0x1.bc00000000000p-12	-111	262144	normal	33881
5359	b9df	b9df0000	-0.0004253387451171875	-0x1.be00000000000p-12	-223	524288	normal	34070
5360	b9e0	b9e00000	-0.00042724609375	-0x1.c000000000000p-12	-7	16384	normal	34324
5361	b9e1	b9e10000	-0.0004291534423828125	-0x1.c200000000000p-12	-225	524288	normal	34473
5362	b9e2	b9e20000	-0.000431060791015625	-0x1.c400000000000p-12	-113	262144	normal	34532
5363	b9e3	b9e30000	-0.0004329681396484375	-0x1.c600000000000p-12	-227	524288	normal	34031
5364	b9e4	b9e40000	-0.00043487548828125	-0x1.c800000000000p-12	-57	131072	normal	34105
5365	b9e5	b9e50000	-0.0004367828369140625	-0x1.ca00000000000p-12	-229	524288	normal	34489
5366	b9e6	b9e60000	-0.000438690185546875	-0x1.cc00000000000p-12	-115	262144	normal	34104
5367	b9e7	b9e70000	-0.0004405975341796875	-0x1.ce00000000000p-12	-231	524288	normal	34099
5368	b9e8	b9e80000	-0.0004425048828125	-0x1.d000000000000p-12	-29	65536	normal	33828
5369	b9e9	b9e90000	-0.0004444122314453125	-0x1.d200000000000p-12	-233	524288	normal	34173
5370	b9ea	b9ea0000	-0.000446319580078125	-0x1.d400000000000p-12	-117	262144	normal	34100
5371	b9eb	b9eb0000	-0.0004482269287109375	-0x1.d600000000000p-12	-235	524288	normal	33989
5372	b9ec	b9ec0000	-0.00045013427734375	-0x1.d800000000000p-12	-59	131072	normal	33882
5373	b9ed	b9ed0000	-0.0004520416259765625	-0x1.da00000000000p-12	-237	524288	normal	34207
5374	b9ee	b9ee0000	-0.000453948974609375	-0x1.dc00000000000p-12	-119	262144	normal	34034
5375	b9ef	b9ef0000	-0.0004558563232421875	-0x1.de00000000000p-12	-239	524288	normal	34296
5376	b9f0	b9f00000	-0.000457763671875	-0x1.e000000000000p-12	-15	32768	normal	34111
5377	b9f1	b9f10000	-0.0004596710205078125	-0x1.e200000000000p-12	-241	524288	normal	34176
5378	b9f2	b9f20000	-0.000461578369140625	-0x1.e400000000000p-12	-121	262144	normal	34092
5379	b9f3	b9f30000	-0.0004634857177734375	-0x1.e600000000000p-12	-243	524288	normal	34373
5380	b9f4	b9f40000	-0.00046539306640625	-0x1.e800000000000p-12	-61	131072	normal	33900
5381	b9f5	b9f50000	-0.0004673004150390625	-0x1.ea00000000000p-12	-245	524288	normal	34260
5382	b9f6	b9f60000	-0.000469207763671875	-0x1.ec00000000000p-12	-123	262144	normal	34048
5383	b9f7	b9f70000	-0.0004711151123046875	-0x1.ee00000000000p-12	-247	524288	normal	34052
5384	b9f8	b9f80000	-0.0004730224609375	-0x1.f000000000000p-12	-31	65536	normal	34028
5385	b9f9	b9f90000	-0.0004749298095703125	-0x1.f200000000000p-12	-249	524288	normal	34207
5386	b9fa	b9fa0000	-0.000476837158203125	-0x1.f400000000000p-12	-125	262144	normal	33572
5387	b9fb	b9fb0000	-0.0004787445068359375	-0x1.f600000000000p-12	-251	524288	normal	34083
5388	b9fc	b9fc0000	-0.00048065185546875	-0x1.f800000000000p-12	-63	131072	normal	34209
5389	b9fd	b9fd0000	-0.0004825592041015625	-0x1.fa00000000000p-12	-253	524288	normal	34162
5390	b9fe	b9fe0000	-0.000484466552734375	-0x1.fc00000000000p-12	-127	262144	normal	33998
5391	b9ff	b9ff0000	-0.0004863739013671875	-0x1.fe00000000000p-12	-255	524288	normal	34480
5392	ba00	ba000000	-0.00048828125	-0x1.0000000000000p-11	-1	2048	normal	51310
5393	ba01	ba010000	-0.000492095947265625	-0x1.0200000000000p-11	-129	262144	normal	68181
5394	ba02	ba020000	-0.00049591064453125	-0x1.0400000000000p-11	-65	131072	normal	68181
5395	ba03	ba030000	-0.000499725341796875	-0x1.0600000000000p-11	-131	262144	normal	68213
5396	ba04	ba040000	-0.0005035400390625	-0x1.0800000000000p-11	-33	65536	normal	68466
5397	ba05	ba050000	-0.000507354736328125	-0x1.0a00000000000p-11	-133	262144	normal	67862
5398	ba06	ba060000	-0.00051116943359375	-0x1.0c00000000000p-11	-67	131072	normal	68308
5399	ba07	ba070000	-0.000514984130859375	-0x1.0e00000000000p-11	-135	262144	normal	68027
5400	ba08	ba080000	-0.000518798828125	-0x1.1000000000000p-11	-17	32768	normal	68226
5401	ba09	ba090000	-0.000522613525390625	-0x1.1200000000000p-11	-137	262144	normal	68082
5402	ba0a	ba0a0000	-0.00052642822265625	-0x1.1400000000000p-11	-69	131072	normal	68310
5403	ba0b	ba0b0000	-0.000530242919921875	-0x1.1600000000000p-11	-139	262144	normal	68124
5404	ba0c	ba0c0000	-0.0005340576171875	-0x1.1800000000000p-11	-35	65536	normal	68280
5405	ba0d	ba0d0000	-0.000537872314453125	-0x1.1a00000000000p-11	-141	262144	normal	68373
5406	ba0e	ba0e0000	-0.00054168701171875	-0x1.1c00000000000p-11	-71	131072	normal	68542
5407	ba0f	ba0f0000	-0.000545501708984375	-0x1.1e00000000000p-11	-143	262144	normal	68762
5408	ba10	ba100000	-0.00054931640625	-0x1.2000000000000p-11	-9	16384	normal	68371
5409	ba11	ba110000	-0.000553131103515625	-0x1.2200000000000p-11	-145	262144	normal	68486
5410	ba12	ba120000	-0.00055694580078125	-0x1.2400000000000p-11	-73	131072	normal	68225
5411	ba13	ba130000	-0.000560760498046875	-0x1.2600000000000p-11	-147	262144	normal	67780
5412	ba14	ba140000	-0.0005645751953125	-0x1.2800000000000p-11	-37	65536	normal	68155
5413	ba15	ba150000	-0.000568389892578125	-0x1.2a00000000000p-11	-149	262144	normal	68295
5414	ba16	ba160000	-0.00057220458984375	-0x1.2c00000000000p-11	-75	131072	normal	68298
5415	ba17	ba170000	-0.000576019287109375	-0x1.2e00000000000p-11	-151	262144	normal	68779
5416	ba18	ba180000	-0.000579833984375	-0x1.3000000000000p-11	-19	32768	normal	68261
5417	ba19	ba190000	-0.000583648681640625	-0x1.3200000000000p-11	-153	262144	normal	68168
5418	ba1a	ba1a0000	-0.00058746337890625	-0x1.3400000000000p-11	-77	131072	normal	68378
5419	ba1b	ba1b0000	-0.000591278076171875	-0x1.3600000000000p-11	-155	262144	normal	67911
5420	ba1c	ba1c0000	-0.0005950927734375	-0x1.3800000000000p-11	-39	65536	normal	68244
5421	ba1d	ba1d0000	-0.000598907470703125	-0x1.3a00000000000p-11	-157	262144	normal	68391
5422	ba1e	ba1e0000	-0.00060272216796875	-0x1.3c00000000000p-11	-79	131072	normal	68191
5423	ba1f	ba1f0000	-0.000606536865234375	-0x1.3e00000000000p-11	-159	262144	normal	68492
5424	ba20	ba200000	-0.0006103515625	-0x1.4000000000000p-11	-5	8192	normal	68478
5425	ba21	ba210000	-0.000614166259765625	-0x1.4200000000000p-11	-161	262144	normal	68514
5426	ba22	ba220000	-0.00061798095703125	-0x1.4400000000000p-11	-81	131072	normal	68246
5427	ba23	ba230000	-0.000621795654296875	-0x1.4600000000000p-11	-163	262144	normal	68162
5428	ba24	ba240000	-0.0006256103515625	-0x1.4800000000000p-11	-41	65536	normal	68640
5429	ba25	ba250000	-0.000629425048828125	-0x1.4a00000000000p-11	-165	262144	normal	67932
5430	ba26	ba260000	-0.00063323974609375	-0x1.4c00000000000p-11	-83	131072	normal	68271
5431	ba27	ba270000	-0.000637054443359375	-0x1.4e00000000000p-11	-167	262144	normal	68471
5432	ba28	ba280000	-0.000640869140625	-0x1.5000000000000p-11	-21	32768	normal	68195
5433	ba29	ba290000	-0.000644683837890625	-0x1.5200000000000p-11	-169	262144	normal	68055
5434	ba2a	ba2a0000	-0.00064849853515625	-0x1.5400000000000p-11	-85	131072	normal	67949
5435	ba2b	ba2b0000	-0.000652313232421875	-0x1.5600000000000p-11	-171	262144	normal	68767
5436	ba2c	ba2c0000	-0.0006561279296875	-0x1.5800000000000p-11	-43	65536	normal	68027
5437	ba2d	ba2d0000	-0.000659942626953125	-0x1.5a00000000000p-11	-173	262144	normal	68942
5438	ba2e	ba2e0000	-0.00066375732421875	-0x1.5c00000000000p-11	-87	131072	normal	68219
5439	ba2f	ba2f0000	-0.000667572021484375	-0x1.5e00000000000p-11	-175	262144	normal	68537
5440	ba30	ba300000	-0.00067138671875	-0x1.6000000000000p-11	-11	16384	normal	68325
5441	ba31	ba310000	-0.000675201416015625	-0x1.6200000000000p-11	-177	262144	normal	68330
5442	ba32	ba320000	-0.00067901611328125	-0x1.6400000000000p-11	-89	131072	normal	68397
5443	ba33	ba330000	-0.000682830810546875	-0x1.6600000000000p-11	-179	262144	normal	68345
5444	ba34	ba340000	-0.0006866455078125	-0x1.6800000000000p-11	-45	65536	normal	67925
5445	ba35	ba350000	-0.000690460205078125	-0x1.6a00000000000p-11	-181	262144	normal	68318
5446	ba36	ba360000	-0.00069427490234375	-0x1.6c00000000000p-11	-91	131072	normal	68067
5447	ba37	ba370000	-0.000698089599609375	-0x1.6e00000000000p-11	-183	262144	normal	68230
5448	ba38	ba380000	-0.000701904296875	-0x1.7000000000000p-11	-23	32768	normal	68272
5449	ba39	ba390000	-0.000705718994140625	-0x1.7200000000000p-11	-185	262144	normal	68293
5450	ba3a	ba3a0000	-0.00070953369140625	-0x1.7400000000000p-11	-93	131072	normal	68068
5451	ba3b	ba3b0000	-0.000713348388671875	-0x1.7600000000000p-11	-187	262144	normal	68211
5452	ba3c	ba3c0000	-0.0007171630859375	-0x1.7800000000000p-11	-47	65536	normal	68476
5453	ba3d	ba3d0000	-0.000720977783203125	-0x1.7a00000000000p-11	-189	262144	normal	68160
5454	ba3e	ba3e0000	-0.00072479248046875	-0x1.7c00000000000p-11	-95	131072	normal	67875
5455	ba3f	ba3f0000	-0.000728607177734375	-0x1.7e00000000000p-11	-191	262144	normal	68336
5456	ba40	ba400000	-0.000732421875	-0x1.8000000000000p-11	-3	4096	normal	68360
5457	ba41	ba410000	-0.000736236572265625	-0x1.8200000000000p-11	-193	262144	normal	68100
5458	ba42	ba420000	-0.00074005126953125	-0x1.8400000000000p-11	-97	131072	normal	68067
5459	ba43	ba430000	-0.000743865966796875	-0x1.8600000000000p-11	-195	262144	normal	68517
5460	ba44	ba440000	-0.0007476806640625	-0x1.8800000000000p-11	-49	65536	normal	68566
5461	ba45	ba450000	-0.000751495361328125	-0x1.8a00000000000p-11	-197	262144	normal	68431
5462	ba46	ba460000	-0.00075531005859375	-0x1.8c00000000000p-11	-99	131072	normal	68188
5463	ba47	ba470000	-0.000759124755859375	-0x1.8e00000000000p-11	-199	262144	normal	68301
5464	ba48	ba480000	-0.000762939453125	-0x1.9000000000000p-11	-25	32768	normal	68352
5465	ba49	ba490000	-0.000766754150390625	-0x1.9200000000000p-11	-201	262144	normal	68274
5466	ba4a	ba4a0000	-0.00077056884765625	-0x1.9400000000000p-11	-101	131072	normal	68761
5467	ba4b	ba4b0000	-0.000774383544921875	-0x1.9600000000000p-11	-203	262144	normal	68220
5468	ba4c	ba4c0000	-0.0007781982421875	-0x1.9800000000000p-11	-51	65536	normal	68144
5469	ba4d	ba4d0000	-0.000782012939453125	-0x1.9a00000000000p-11	-205	262144	normal	68602
5470	ba4e	ba4e0000	-0.00078582763671875	-0x1.9c00000000000p-11	-103	131072	normal	68705
5471	ba4f	ba4f0000	-0.000789642333984375	-0x1.9e00000000000p-11	-207	262144	normal	68080
5472	ba50	ba500000	-0.00079345703125	-0x1.a000000000000p-11	-13	16384	normal	68075
5473	ba51	ba510000	-0.000797271728515625	-0x1.a200000000000p-11	-209	262144	normal	67986
5474	ba52	ba520000	-0.00080108642578125	-0x1.a400000000000p-11	-105	131072	normal	68504
5475	ba53	ba530000	-0.000804901123046875	-0x1.a600000000000p-11	-211	262144	normal	67967
5476	ba54	ba540000	-0.0008087158203125	-0x1.a800000000000p-11	-53	65536	normal	68130
5477	ba55	ba550000	-0.000812530517578125	-0x1.aa00000000000p-11	-213	262144	normal	68681
5478	ba56	ba560000	-0.00081634521484375	-0x1.ac00000000000p-11	-107	131072	normal	68253
5479	ba57	ba570000	-0.000820159912109375	-0x1.ae00000000000p-11	-215	262144	normal	68371
5480	ba58	ba580000	-0.000823974609375	-0x1.b000000000000p-11	-27	32768	normal	68369
5481	ba59	ba590000	-0.000827789306640625	-0x1.b200000000000p-11	-217	262144	normal	68341
5482	ba5a	ba5a0000	-0.00083160400390625	-0x1.b400000000000p-11	-109	131072	normal	68436
5483	ba5b	ba5b0000	-0.000835418701171875	-0x1.b600000000000p-11	-219	262144	normal	68012
5484	ba5c	ba5c0000	-0.0008392333984375	-0x1.b800000000000p-11	-55	65536	normal	68300
5485	ba5d	ba5d0000	-0.000843048095703125	-0x1.ba00000000000p-11	-221	262144	normal	68348
5486	ba5e	ba5e0000	-0.00084686279296875	-0x1.bc00000000000p-11	-111	131072	normal	68882
5487	ba5f	ba5f0000	-0.000850677490234375	-0x1.be00000000000p-11	-223	262144	normal	68320
5488	ba60	ba600000	-0.0008544921875	-0x1.c000000000000p-11	-7	8192	normal	68320
5489	ba61	ba610000	-0.000858306884765625	-0x1.c200000000000p-11	-225	262144	normal	68103
5490	ba62	ba620000	-0.00086212158203125	-0x1.c400000000000p-11	-113	131072	normal	68190
5491	ba63	ba630000	-0.000865936279296875	-0x1.c600000000000p-11	-227	262144	normal	68574
5492	ba64	ba640000	-0.0008697509765625	-0x1.c800000000000p-11	-57	65536	normal	68438
5493	ba65	ba650000	-0.000873565673828125	-0x1.ca00000000000p-11	-229	262144	normal	68619
5494	ba66	ba660000	-0.00087738037109375	-0x1.cc00000000000p-11	-115	131072	normal	67957
5495	ba67	ba670000	-0.000881195068359375	-0x1.ce00000000000p-11	-231	262144	normal	68171
5496	ba68	ba680000	-0.000885009765625	-0x1.d000000000000p-11	-29	32768	normal	68145
5497	ba69	ba690000	-0.000888824462890625	-0x1.d200000000000p-11	-233	262144	normal	67685
5498	ba6a	ba6a0000	-0.00089263916015625	-0x1.d400000000000p-11	-117	131072	normal	68043
5499	ba6b	ba6b0000	-0.000896453857421875	-0x1.d600000000000p-11	-235	262144	normal	68580
5500	ba6c	ba6c0000	-0.0009002685546875	-0x1.d800000000000p-11	-59	65536	normal	68525
5501	ba6d	ba6d0000	-0.000904083251953125	-0x1.da00000000000p-11	-237	262144	normal	68204
5502	ba6e	ba6e0000	-0.00090789794921875	-0x1.dc00000000000p-11	-119	131072	normal	68348
5503	ba6f	ba6f0000	-0.000911712646484375	-0x1.de00000000000p-11	-239	262144	normal	68581
5504	ba70	ba700000	-0.00091552734375	-0x1.e000000000000p-11	-15	16384	normal	67960
5505	ba71	ba710000	-0.000919342041015625	-0x1.e200000000000p-11	-241	262144	normal	68268
5506	ba72	ba720000	-0.00092315673828125	-0x1.e400000000000p-11	-121	131072	normal	68057
5507	ba73	ba730000	-0.000926971435546875	-0x1.e600000000000p-11	-243	262144	normal	67830
5508	ba74	ba740000	-0.0009307861328125	-0x1.e800000000000p-11	-61	65536	normal	67972
5509	ba75	ba750000	-0.000934600830078125	-0x1.ea00000000000p-11	-245	262144	normal	68585
5510	ba76	ba760000	-0.00093841552734375	-0x1.ec00000000000p-11	-123	131072	normal	68222
5511	ba77	ba770000	-0.000942230224609375	-0x1.ee00000000000p-11	-247	262144	normal	68391
5512	ba78	ba780000	-0.000946044921875	-0x1.f000000000000p-11	-31	32768	normal	68353
5513	ba79	ba790000	-0.000949859619140625	-0x1.f200000000000p-11	-249	262144	normal	68612
5514	ba7a	ba7a0000	-0.00095367431640625	-0x1.f400000000000p-11	-125	131072	normal	68369
5515	ba7b	ba7b0000	-0.000957489013671875	-0x1.f600000000000p-11	-251	262144	normal	67875
5516	ba7c	ba7c0000	-0.0009613037109375	-0x1.f800000000000p-11	-63	65536	normal	68488
5517	ba7d	ba7d0000	-0.000965118408203125	-0x1.fa00000000000p-11	-253	262144	normal	68020
5518	ba7e	ba7e0000	-0.00096893310546875	-0x1.fc00000000000p-11	-127	131072	normal	68733
5519	ba7f	ba7f0000	-0.000972747802734375	-0x1.fe00000000000p-11	-255	262144	normal	68870
5520	ba80	ba800000	-0.0009765625	-0x1.0000000000000p-10	-1	1024	normal	101705
5521	ba81	ba810000	-0.00098419189453125	-0x1.0200000000000p-10	-129	131072	normal	136022
5522	ba82	ba820000	-0.0009918212890625	-0x1.0400000000000p-10	-65	65536	normal	136061
5523	ba83	ba830000	-0.00099945068359375	-0x1.0600000000000p-10	-131	131072	normal	136256
5524	ba84	ba840000	-0.001007080078125	-0x1.0800000000000p-10	-33	32768	normal	136628
5525	ba85	ba850000	-0.00101470947265625	-0x1.0a00000000000p-10	-133	131072	normal	136533
5526	ba86	ba860000	-0.0010223388671875	-0x1.0c00000000000p-10	-67	65536	normal	136352
5527	ba87	ba870000	-0.00102996826171875	-0x1.0e00000000000p-10	-135	131072	normal	136769
5528	ba88	ba880000	-0.00103759765625	-0x1.1000000000000p-10	-17	16384	normal	136688
5529	ba89	ba890000	-0.00104522705078125	-0x1.1200000000000p-10	-137	131072	normal	136841
5530	ba8a	ba8a0000	-0.0010528564453125	-0x1.1400000000000p-10	-69	65536	normal	135826
5531	ba8b	ba8b0000	-0.00106048583984375	-0x1.1600000000000p-10	-139	131072	normal	136375
5532	ba8c	ba8c0000	-0.001068115234375	-0x1.1800000000000p-10	-35	32768	normal	136084
5533	ba8d	ba8d0000	-0.00107574462890625	-0x1.1a00000000000p-10	-141	131072	normal	136265
5534	ba8e	ba8e0000	-0.0010833740234375	-0x1.1c00000000000p-10	-71	65536	normal	136189
5535	ba8f	ba8f0000	-0.00109100341796875	-0x1.1e00000000000p-10	-143	131072	normal	136071
5536	ba90	ba900000	-0.0010986328125	-0x1.2000000000000p-10	-9	8192	normal	136311
5537	ba91	ba910000	-0.00110626220703125	-0x1.2200000000000p-10	-145	131072	normal	137049
5538	ba92	ba920000	-0.0011138916015625	-0x1.2400000000000p-10	-73	65536	normal	135792
5539	ba93	ba930000	-0.00112152099609375	-0x1.2600000000000p-10	-147	131072	normal	136310
5540	ba94	ba940000	-0.001129150390625	-0x1.2800000000000p-10	-37	32768	normal	135843
5541	ba95	ba950000	-0.00113677978515625	-0x1.2a00000000000p-10	-149	131072	normal	136285
5542	ba96	ba960000	-0.0011444091796875	-0x1.2c00000000000p-10	-75	65536	normal	136246
5543	ba97	ba970000	-0.00115203857421875	-0x1.2e00000000000p-10	-151	131072	normal	136539
5544	ba98	ba980000	-0.00115966796875	-0x1.3000000000000p-10	-19	16384	normal	135258
5545	ba99	ba990000	-0.00116729736328125	-0x1.3200000000000p-10	-153	131072	normal	136664
5546	ba9a	ba9a0000	-0.0011749267578125	-0x1.3400000000000p-10	-77	65536	normal	136357
5547	ba9b	ba9b0000	-0.00118255615234375	-0x1.3600000000000p-10	-155	131072	normal	136236
5548	ba9c	ba9c0000	-0.001190185546875	-0x1.3800000000000p-10	-39	32768	normal	136333
5549	ba9d	ba9d0000	-0.00119781494140625	-0x1.3a00000000000p-10	-157	131072	normal	136058
5550	ba9e	ba9e0000	-0.0012054443359375	-0x1.3c00000000000p-10	-79	65536	normal	136567
5551	ba9f	ba9f0000	-0.00121307373046875	-0x1.3e00000000000p-10	-159	131072	normal	136686
5552	baa0	baa00000	-0.001220703125	-0x1.4000000000000p-10	-5	4096	normal	136072
5553	baa1	baa10000	-0.00122833251953125	-0x1.4200000000000p-10	-161	131072	normal	136414
5554	baa2	baa20000	-0.0012359619140625	-0x1.4400000000000p-10	-81	65536	normal	136003
5555	baa3	baa30000	-0.00124359130859375	-0x1.4600000000000p-10	-163	131072	normal	136149
5556	baa4	baa40000	-0.001251220703125	-0x1.4800000000000p-10	-41	32768	normal	136982
5557	baa5	baa50000	-0.00125885009765625	-0x1.4a00000000000p-10	-165	131072	normal	136066
5558	baa6	baa60000	-0.0012664794921875	-0x1.4c00000000000p-10	-83	65536	normal	137208
5559	baa7	baa70000	-0.00127410888671875	-0x1.4e00000000000p-10	-167	131072	normal	136185
5560	baa8	baa80000	-0.00128173828125	-0x1.5000000000000p-10	-21	16384	normal	135525
5561	baa9	baa90000	-0.00128936767578125	-0x1.5200000000000p-10	-169	131072	normal	135808
5562	baaa	baaa0000	-0.0012969970703125	-0x1.5400000000000p-10	-85	65536	normal	135925
5563	baab	baab0000	-0.00130462646484375	-0x1.5600000000000p-10	-171	131072	normal	136577
5564	baac	baac0000	-0.001312255859375	-0x1.5800000000000p-10	-43	32768	normal	136737
5565	baad	baad0000	-0.00131988525390625	-0x1.5a00000000000p-10	-173	131072	normal	136160
5566	baae	baae0000	-0.0013275146484375	-0x1.5c00000000000p-10	-87	65536	normal	136486
5567	baaf	baaf0000	-0.00133514404296875	-0x1.5e00000000000p-10	-175	131072	normal	136251
5568	bab0	bab00000	-0.0013427734375	-0x1.6000000000000p-10	-11	8192	normal	135834
5569	bab1	bab10000	-0.00135040283203125	-0x1.6200000000000p-10	-177	131072	normal	136355
5570	bab2	bab20000	-0.0013580322265625	-0x1.6400000000000p-10	-89	65536	normal	136249
5571	bab3	bab30000	-0.00136566162109375	-0x1.6600000000000p-10	-179	131072	normal	136390
5572	bab4	bab40000	-0.001373291015625	-0x1.6800000000000p-10	-45	32768	normal	136383
5573	bab5	bab50000	-0.00138092041015625	-0x1.6a00000000000p-10	-181	131072	normal	135753
5574	bab6	bab60000	-0.0013885498046875	-0x1.6c00000000000p-10	-91	65536	normal	136749
5575	bab7	bab70000	-0.00139617919921875	-0x1.6e00000000000p-10	-183	131072	normal	136610
5576	bab8	bab80000	-0.00140380859375	-0x1.7000000000000p-10	-23	16384	normal	135760
5577	bab9	bab90000	-0.00141143798828125	-0x1.7200000000000p-10	-185	131072	normal	136368
5578	baba	baba0000	-0.0014190673828125	-0x1.7400000000000p-10	-93	65536	normal	136892
5579	babb	babb0000	-0.00142669677734375	-0x1.7600000000000p-10	-187	131072	normal	136828
5580	babc	babc0000	-0.001434326171875	-0x1.7800000000000p-10	-47	32768	normal	136759
5581	babd	babd0000	-0.00144195556640625	-0x1.7a00000000000p-10	-189	131072	normal	136424
5582	babe	babe0000	-0.0014495849609375	-0x1.7c00000000000p-10	-95	65536	normal	136464
5583	babf	babf0000	-0.00145721435546875	-0x1.7e00000000000p-10	-191	131072	normal	135873
5584	bac0	bac00000	-0.00146484375	-0x1.8000000000000p-10	-3	2048	normal	136600
5585	bac1	bac10000	-0.00147247314453125	-0x1.8200000000000p-10	-193	131072	normal	135890
5586	bac2	bac20000	-0.0014801025390625	-0x1.8400000000000p-10	-97	65536	normal	135847
5587	bac3	bac30000	-0.00148773193359375	-0x1.8600000000000p-10	-195	131072	normal	136321
5588	bac4	bac40000	-0.001495361328125	-0x1.8800000000000p-10	-49	32768	normal	136808
5589	bac5	bac50000	-0.00150299072265625	-0x1.8a00000000000p-10	-197	131072	normal	136167
5590	bac6	bac60000	-0.0015106201171875	-0x1.8c00000000000p-10	-99	65536	normal	136182
5591	bac7	bac70000	-0.00151824951171875	-0x1.8e00000000000p-10	-199	131072	normal	136376
5592	bac8	bac80000	-0.00152587890625	-0x1.9000000000000p-10	-25	16384	normal	136005
5593	bac9	bac90000	-0.00153350830078125	-0x1.9200000000000p-10	-201	131072	normal	136735
5594	baca	baca0000	-0.0015411376953125	-0x1.9400000000000p-10	-101	65536	normal	136066
5595	bacb	bacb0000	-0.00154876708984375	-0x1.9600000000000p-10	-203	131072	normal	136212
5596	bacc	bacc0000	-0.001556396484375	-0x1.9800000000000p-10	-51	32768	normal	136400
5597	bacd	bacd0000	-0.00156402587890625	-0x1.9a00000000000p-10	-205	131072	normal	136747
5598	bace	bace0000	-0.0015716552734375	-0x1.9c00000000000p-10	-103	65536	normal	135890
5599	bacf	bacf0000	-0.00157928466796875	-0x1.9e00000000000p-10	-207	131072	normal	135860
5600	bad0	bad00000	-0.0015869140625	-0x1.a000000000000p-10	-13	8192	normal	136459
5601	bad1	bad10000	-0.00159454345703125	-0x1.a200000000000p-10	-209	131072	normal	136117
5602	bad2	bad20000	-0.0016021728515625	-0x1.a400000000000p-10	-105	65536	normal	135745
5603	bad3	bad30000	-0.00160980224609375	-0x1.a600000000000p-10	-211	131072	normal	136901
5604	bad4	bad40000	-0.001617431640625	-0x1.a800000000000p-10	-53	32768	normal	136403
5605	bad5	bad50000	-0.00162506103515625	-0x1.aa00000000000p-10	-213	131072	normal	136512
5606	bad6	bad60000	-0.0016326904296875	-0x1.ac00000000000p-10	-107	65536	normal	135734
5607	bad7	bad70000	-0.00164031982421875	-0x1.ae00000000000p-10	-215	131072	normal	136091
5608	bad8	bad80000	-0.00164794921875	-0x1.b000000000000p-10	-27	16384	normal	136594
5609	bad9	bad90000	-0.00165557861328125	-0x1.b200000000000p-10	-217	131072	normal	136600
5610	bada	bada0000	-0.0016632080078125	-0x1.b400000000000p-10	-109	65536	normal	136131
5611	badb	badb0000	-0.00167083740234375	-0x1.b600000000000p-10	-219	131072	normal	135974
5612	badc	badc0000	-0.001678466796875	-0x1.b800000000000p-10	-55	32768	normal	135867
5613	badd	badd0000	-0.00168609619140625	-0x1.ba00000000000p-10	-221	131072	normal	135216
5614	bade	bade0000	-0.0016937255859375	-0x1.bc00000000000p-10	-111	65536	normal	135748
5615	badf	badf0000	-0.00170135498046875	-0x1.be00000000000p-10	-223	131072	normal	135813
5616	bae0	bae00000	-0.001708984375	-0x1.c000000000000p-10	-7	4096	normal	136737
5617	bae1	bae10000	-0.00171661376953125	-0x1.c200000000000p-10	-225	131072	normal	136366
5618	bae2	bae20000	-0.0017242431640625	-0x1.c400000000000p-10	-113	65536	normal	136283
5619	bae3	bae30000	-0.00173187255859375	-0x1.c600000000000p-10	-227	131072	normal	136105
5620	bae4	bae40000	-0.001739501953125	-0x1.c800000000000p-10	-57	32768	normal	135834
5621	bae5	bae50000	-0.00174713134765625	-0x1.ca00000000000p-10	-229	131072	normal	136436
5622	bae6	bae60000	-0.0017547607421875	-0x1.cc00000000000p-10	-115	65536	normal	135869
5623	bae7	bae70000	-0.00176239013671875	-0x1.ce00000000000p-10	-231	131072	normal	136330
5624	bae8	bae80000	-0.00177001953125	-0x1.d000000000000p-10	-29	16384	normal	135444
5625	bae9	bae90000	-0.00177764892578125	-0x1.d200000000000p-10	-233	131072	normal	136088
5626	baea	baea0000	-0.0017852783203125	-0x1.d400000000000p-10	-117	65536	normal	136090
5627	baeb	baeb0000	-0.00179290771484375	-0x1.d600000000000p-10	-235	131072	normal	135936
5628	baec	baec0000	-0.001800537109375	-0x1.d800000000000p-10	-59	32768	normal	135537
5629	baed	baed0000	-0.00180816650390625	-0x1.da00000000000p-10	-237	131072	normal	135396
5630	baee	baee0000	-0.0018157958984375	-0x1.dc00000000000p-10	-119	65536	normal	136487
5631	baef	baef0000	-0.00182342529296875	-0x1.de00000000000p-10	-239	131072	normal	136558
5632	baf0	baf00000	-0.0018310546875	-0x1.e000000000000p-10	-15	8192	normal	136268
5633	baf1	baf10000	-0.00183868408203125	-0x1.e200000000000p-10	-241	131072	normal	136374
5634	baf2	baf20000	-0.0018463134765625	-0x1.e400000000000p-10	-121	65536	normal	136221
5635	baf3	baf30000	-0.00185394287109375	-0x1.e600000000000p-10	-243	131072	normal	136333
5636	baf4	baf40000	-0.001861572265625	-0x1.e800000000000p-10	-61	32768	normal	136906
5637	baf5	baf50000	-0.00186920166015625	-0x1.ea00000000000p-10	-245	131072	normal	136743
5638	baf6	baf60000	-0.0018768310546875	-0x1.ec00000000000p-10	-123	65536	normal	136401
5639	baf7	baf70000	-0.00188446044921875	-0x1.ee00000000000p-10	-247	131072	normal	136376
5640	baf8	baf80000	-0.00189208984375	-0x1.f000000000000p-10	-31	16384	normal	136247
5641	baf9	baf90000	-0.00189971923828125	-0x1.f200000000000p-10	-249	131072	normal	135784
5642	bafa	bafa0000	-0.0019073486328125	-0x1.f400000000000p-10	-125	65536	normal	136461
5643	bafb	bafb0000	-0.00191497802734375	-0x1.f600000000000p-10	-251	131072	normal	135945
5644	bafc	bafc0000	-0.001922607421875	-0x1.f800000000000p-10	-63	32768	normal	136793
5645	bafd	bafd0000	-0.00193023681640625	-0x1.fa00000000000p-10	-253	131072	normal	136965
5646	bafe	bafe0000	-0.0019378662109375	-0x1.fc00000000000p-10	-127	65536	normal	137010
5647	baff	baff0000	-0.00194549560546875	-0x1.fe00000000000p-10	-255	131072	normal	136701
5648	bb00	bb000000	-0.001953125	-0x1.0000000000000p-9	-1	512	normal	203522
5649	bb01	bb010000	-0.0019683837890625	-0x1.0200000000000p-9	-129	65536	normal	271486
5650	bb02	bb020000	-0.001983642578125	-0x1.0400000000000p-9	-65	32768	normal	272204
5651	bb03	bb030000	-0.0019989013671875	-0x1.0600000000000p-9	-131	65536	normal	271577
5652	bb04	bb040000	-0.00201416015625	-0x1.0800000000000p-9	-33	16384	normal	273093
5653	bb05	bb050000	-0.0020294189453125	-0x1.0a00000000000p-9	-133	65536	normal	273297
5654	bb06	bb060000	-0.002044677734375	-0x1.0c00000000000p-9	-67	32768	normal	271878
5655	bb07	bb070000	-0.0020599365234375	-0x1.0e00000000000p-9	-135	65536	normal	272343
5656	bb08	bb080000	-0.0020751953125	-0x1.1000000000000p-9	-17	8192	normal	271545
5657	bb09	bb090000	-0.0020904541015625	-0x1.1200000000000p-9	-137	65536	normal	271749
5658	bb0a	bb0a0000	-0.002105712890625	-0x1.1400000000000p-9	-69	32768	normal	271606
5659	bb0b	bb0b0000	-0.0021209716796875	-0x1.1600000000000p-9	-139	65536	normal	271425
5660	bb0c	bb0c0000	-0.00213623046875	-0x1.1800000000000p-9	-35	16384	normal	271523
5661	bb0d	bb0d0000	-0.0021514892578125	-0x1.1a00000000000p-9	-141	65536	normal	271515
5662	bb0e	bb0e0000	-0.002166748046875	-0x1.1c00000000000p-9	-71	32768	normal	270893
5663	bb0f	bb0f0000	-0.0021820068359375	-0x1.1e00000000000p-9	-143	65536	normal	271786
5664	bb10	bb100000	-0.002197265625	-0x1.2000000000000p-9	-9	4096	normal	271967
5665	bb11	bb110000	-0.0022125244140625	-0x1.2200000000000p-9	-145	65536	normal	270553
5666	bb12	bb120000	-0.002227783203125	-0x1.2400000000000p-9	-73	32768	normal	271157
5667	bb13	bb130000	-0.0022430419921875	-0x1.2600000000000p-9	-147	65536	normal	270736
5668	bb14	bb140000	-0.00225830078125	-0x1.2800000000000p-9	-37	16384	normal	271512
5669	bb15	bb150000	-0.0022735595703125	-0x1.2a00000000000p-9	-149	65536	normal	271626
5670	bb16	bb160000	-0.002288818359375	-0x1.2c00000000000p-9	-75	32768	normal	272247
5671	bb17	bb170000	-0.0023040771484375	-0x1.2e00000000000p-9	-151	65536	normal	272007
5672	bb18	bb180000	-0.0023193359375	-0x1.3000000000000p-9	-19	8192	normal	271486
5673	bb19	bb190000	-0.0023345947265625	-0x1.3200000000000p-9	-153	65536	normal	271415
5674	bb1a	bb1a0000	-0.002349853515625	-0x1.3400000000000p-9	-77	32768	normal	271828
5675	bb1b	bb1b0000	-0.0023651123046875	-0x1.3600000000000p-9	-155	65536	normal	271897
5676	bb1c	bb1c0000	-0.00238037109375	-0x1.3800000000000p-9	-39	16384	normal	272345
5677	bb1d	bb1d0000	-0.0023956298828125	-0x1.3a00000000000p-9	-157	65536	normal	272217
5678	bb1e	bb1e0000	-0.002410888671875	-0x1.3c00000000000p-9	-79	32768	normal	270946
5679	bb1f	bb1f0000	-0.0024261474609375	-0x1.3e00000000000p-9	-159	65536	normal	271933
5680	bb20	bb200000	-0.00244140625	-0x1.4000000000000p-9	-5	2048	normal	272786
5681	bb21	bb210000	-0.0024566650390625	-0x1.4200000000000p-9	-161	65536	normal	272013
5682	bb22	bb220000	-0.002471923828125	-0x1.4400000000000p-9	-81	32768	normal	271190
5683	bb23	bb230000	-0.0024871826171875	-0x1.4600000000000p-9	-163	65536	normal	271717
5684	bb24	bb240000	-0.00250244140625	-0x1.4800000000000p-9	-41	16384	normal	271322
5685	bb25	bb250000	-0.0025177001953125	-0x1.4a00000000000p-9	-165	65536	normal	271217
5686	bb26	bb260000	-0.002532958984375	-0x1.4c00000000000p-9	-83	32768	normal	271206
5687	bb27	bb270000	-0.0025482177734375	-0x1.4e00000000000p-9	-167	65536	normal	271357
5688	bb28	bb280000	-0.0025634765625	-0x1.5000000000000p-9	-21	8192	normal	271746
5689	bb29	bb290000	-0.0025787353515625	-0x1.5200000000000p-9	-169	65536	normal	270512
5690	bb2a	bb2a0000	-0.002593994140625	-0x1.5400000000000p-9	-85	32768	normal	270938
5691	bb2b	bb2b0000	-0.0026092529296875	-0x1.5600000000000p-9	-171	65536	normal	270220
5692	bb2c	bb2c0000	-0.00262451171875	-0x1.5800000000000p-9	-43	16384	normal	270874
5693	bb2d	bb2d0000	-0.0026397705078125	-0x1.5a00000000000p-9	-173	65536	normal	270930
5694	bb2e	bb2e0000	-0.002655029296875	-0x1.5c00000000000p-9	-87	32768	normal	270952
5695	bb2f	bb2f0000	-0.0026702880859375	-0x1.5e00000000000p-9	-175	65536	normal	271138
5696	bb30	bb300000	-0.002685546875	-0x1.6000000000000p-9	-11	4096	normal	271341
5697	bb31	bb310000	-0.0027008056640625	-0x1.6200000000000p-9	-177	65536	normal	271573
5698	bb32	bb320000	-0.002716064453125	-0x1.6400000000000p-9	-89	32768	normal	271749
5699	bb33	bb330000	-0.0027313232421875	-0x1.6600000000000p-9	-179	65536	normal	271501
5700	bb34	bb340000	-0.00274658203125	-0x1.6800000000000p-9	-45	16384	normal	270280
5701	bb35	bb350000	-0.0027618408203125	-0x1.6a00000000000p-9	-181	65536	normal	271529
5702	bb36	bb360000	-0.002777099609375	-0x1.6c00000000000p-9	-91	32768	normal	271166
5703	bb37	bb370000	-0.0027923583984375	-0x1.6e00000000000p-9	-183	65536	normal	271302
5704	bb38	bb380000	-0.0028076171875	-0x1.7000000000000p-9	-23	8192	normal	270910
5705	bb39	bb390000	-0.0028228759765625	-0x1.7200000000000p-9	-185	65536	normal	270541
5706	bb3a	bb3a0000	-0.002838134765625	-0x1.7400000000000p-9	-93	32768	normal	270697
5707	bb3b	bb3b0000	-0.0028533935546875	-0x1.7600000000000p-9	-187	65536	normal	270456
5708	bb3c	bb3c0000	-0.00286865234375	-0x1.7800000000000p-9	-47	16384	normal	271649
5709	bb3d	bb3d0000	-0.0028839111328125	-0x1.7a00000000000p-9	-189	65536	normal	271210
5710	bb3e	bb3e0000	-0.002899169921875	-0x1.7c00000000000p-9	-95	32768	normal	270317
5711	bb3f	bb3f0000	-0.0029144287109375	-0x1.7e00000000000p-9	-191	65536	normal	270104
5712	bb40	bb400000	-0.0029296875	-0x1.8000000000000p-9	-3	1024	normal	270943
5713	bb41	bb410000	-0.0029449462890625	-0x1.8200000000000p-9	-193	65536	normal	270354
5714	bb42	bb420000	-0.002960205078125	-0x1.8400000000000p-9	-97	32768	normal	271457
5715	bb43	bb430000	-0.0029754638671875	-0x1.8600000000000p-9	-195	65536	normal	271103
5716	bb44	bb440000	-0.00299072265625	-0x1.8800000000000p-9	-49	16384	normal	270680
5717	bb45	bb450000	-0.0030059814453125	-0x1.8a00000000000p-9	-197	65536	normal	270780
5718	bb46	bb460000	-0.003021240234375	-0x1.8c00000000000p-9	-99	32768	normal	270722
5719	bb47	bb470000	-0.0030364990234375	-0x1.8e00000000000p-9	-199	65536	normal	270751
5720	bb48	bb480000	-0.0030517578125	-0x1.9000000000000p-9	-25	8192	normal	271374
5721	bb49	bb490000	-0.0030670166015625	-0x1.9200000000000p-9	-201	65536	normal	270499
5722	bb4a	bb4a0000	-0.003082275390625	-0x1.9400000000000p-9	-101	32768	normal	270248
5723	bb4b	bb4b0000	-0.0030975341796875	-0x1.9600000000000p-9	-203	65536	normal	271243
5724	bb4c	bb4c0000	-0.00311279296875	-0x1.9800000000000p-9	-51	16384	normal	270228
5725	bb4d	bb4d0000	-0.0031280517578125	-0x1.9a00000000000p-9	-205	65536	normal	271780
5726	bb4e	bb4e0000	-0.003143310546875	-0x1.9c00000000000p-9	-103	32768	normal	270802
5727	bb4f	bb4f0000	-0.0031585693359375	-0x1.9e00000000000p-9	-207	65536	normal	270114
5728	bb50	bb500000	-0.003173828125	-0x1.a000000000000p-9	-13	4096	normal	270505
5729	bb51	bb510000	-0.0031890869140625	-0x1.a200000000000p-9	-209	65536	normal	270392
5730	bb52	bb520000	-0.003204345703125	-0x1.a400000000000p-9	-105	32768	normal	270346
5731	bb53	bb530000	-0.0032196044921875	-0x1.a600000000000p-9	-211	65536	normal	271028
5732	bb54	bb540000	-0.00323486328125	-0x1.a800000000000p-9	-53	16384	normal	269925
5733	bb55	bb550000	-0.0032501220703125	-0x1.aa00000000000p-9	-213	65536	normal	271427
5734	bb56	bb560000	-0.003265380859375	-0x1.ac00000000000p-9	-107	32768	normal	269467
5735	bb57	bb570000	-0.0032806396484375	-0x1.ae00000000000p-9	-215	65536	normal	269409
5736	bb58	bb580000	-0.0032958984375	-0x1.b000000000000p-9	-27	8192	normal	270058
5737	bb59	bb590000	-0.0033111572265625	-0x1.b200000000000p-9	-217	65536	normal	270598
5738	bb5a	bb5a0000	-0.003326416015625	-0x1.b400000000000p-9	-109	32768	normal	270005
5739	bb5b	bb5b0000	-0.0033416748046875	-0x1.b600000000000p-9	-219	65536	normal	270421
5740	bb5c	bb5c0000	-0.00335693359375	-0x1.b800000000000p-9	-55	16384	normal	270682
5741	bb5d	bb5d0000	-0.0033721923828125	-0x1.ba00000000000p-9	-221	65536	normal	270408
5742	bb5e	bb5e0000	-0.003387451171875	-0x1.bc00000000000p-9	-111	32768	normal	270268
5743	bb5f	bb5f0000	-0.0034027099609375	-0x1.be00000000000p-9	-223	65536	normal	270140
5744	bb60	bb600000	-0.00341796875	-0x1.c000000000000p-9	-7	2048	normal	270683
5745	bb61	bb610000	-0.0034332275390625	-0x1.c200000000000p-9	-225	65536	normal	269937
5746	bb62	bb620000	-0.003448486328125	-0x1.c400000000000p-9	-113	32768	normal	269632
5747	bb63	bb630000	-0.0034637451171875	-0x1.c600000000000p-9	-227	65536	normal	269700
5748	bb64	bb640000	-0.00347900390625	-0x1.c800000000000p-9	-57	16384	normal	271591
5749	bb65	bb650000	-0.0034942626953125	-0x1.ca00000000000p-9	-229	65536	normal	270234
5750	bb66	bb660000	-0.003509521484375	-0x1.cc00000000000p-9	-115	32768	normal	270772
5751	bb67	bb670000	-0.0035247802734375	-0x1.ce00000000000p-9	-231	65536	normal	271499
5752	bb68	bb680000	-0.0035400390625	-0x1.d000000000000p-9	-29	8192	normal	270514
5753	bb69	bb690000	-0.0035552978515625	-0x1.d200000000000p-9	-233	65536	normal	270709
5754	bb6a	bb6a0000	-0.003570556640625	-0x1.d400000000000p-9	-117	32768	normal	270238
5755	bb6b	bb6b0000	-0.0035858154296875	-0x1.d600000000000p-9	-235	65536	normal	269326
5756	bb6c	bb6c0000	-0.00360107421875	-0x1.d800000000000p-9	-59	16384	normal	270871
5757	bb6d	bb6d0000	-0.0036163330078125	-0x1.da00000000000p-9	-237	65536	normal	270048
5758	bb6e	bb6e0000	-0.003631591796875	-0x1.dc00000000000p-9	-119	32768	normal	270047
5759	bb6f	bb6f0000	-0.0036468505859375	-0x1.de00000000000p-9	-239	65536	normal	270107
5760	bb70	bb700000	-0.003662109375	-0x1.e000000000000p-9	-15	4096	normal	270389
5761	bb71	bb710000	-0.0036773681640625	-0x1.e200000000000p-9	-241	65536	normal	269903
5762	bb72	bb720000	-0.003692626953125	-0x1.e400000000000p-9	-121	32768	normal	269981
5763	bb73	bb730000	-0.0037078857421875	-0x1.e600000000000p-9	-243	65536	normal	268948
5764	bb74	bb740000	-0.00372314453125	-0x1.e800000000000p-9	-61	16384	normal	269788
5765	bb75	bb750000	-0.0037384033203125	-0x1.ea00000000000p-9	-245	65536	normal	269619
5766	bb76	bb760000	-0.003753662109375	-0x1.ec00000000000p-9	-123	32768	normal	269654
5767	bb77	bb770000	-0.0037689208984375	-0x1.ee00000000000p-9	-247	65536	normal	269503
5768	bb78	bb780000	-0.0037841796875	-0x1.f000000000000p-9	-31	8192	normal	270635
5769	bb79	bb790000	-0.0037994384765625	-0x1.f200000000000p-9	-249	65536	normal	270295
5770	bb7a	bb7a0000	-0.003814697265625	-0x1.f400000000000p-9	-125	32768	normal	270766
5771	bb7b	bb7b0000	-0.0038299560546875	-0x1.f600000000000p-9	-251	65536	normal	269746
5772	bb7c	bb7c0000	-0.00384521484375	-0x1.f800000000000p-9	-63	16384	normal	270596
5773	bb7d	bb7d0000	-0.0038604736328125	-0x1.fa00000000000p-9	-253	65536	normal	270934
5774	bb7e	bb7e0000	-0.003875732421875	-0x1.fc00000000000p-9	-127	32768	normal	270661
5775	bb7f	bb7f0000	-0.0038909912109375	-0x1.fe00000000000p-9	-255	65536	normal	271500
5776	bb80	bb800000	-0.00390625	-0x1.0000000000000p-8	-1	256	normal	402808
5777	bb81	bb810000	-0.003936767578125	-0x1.0200000000000p-8	-129	32768	normal	535569
5778	bb82	bb820000	-0.00396728515625	-0x1.0400000000000p-8	-65	16384	normal	536719
5779	bb83	bb830000	-0.003997802734375	-0x1.0600000000000p-8	-131	32768	normal	536117
5780	bb84	bb840000	-0.0040283203125	-0x1.0800000000000p-8	-33	8192	normal	538133
5781	bb85	bb850000	-0.004058837890625	-0x1.0a00000000000p-8	-133	32768	normal	538656
5782	bb86	bb860000	-0.00408935546875	-0x1.0c00000000000p-8	-67	16384	normal	537983
5783	bb87	bb870000	-0.004119873046875	-0x1.0e00000000000p-8	-135	32768	normal	538163
5784	bb88	bb880000	-0.004150390625	-0x1.1000000000000p-8	-17	4096	normal	537251
5785	bb89	bb890000	-0.004180908203125	-0x1.1200000000000p-8	-137	32768	normal	537280
5786	bb8a	bb8a0000	-0.00421142578125	-0x1.1400000000000p-8	-69	16384	normal	536912
5787	bb8b	bb8b0000	-0.004241943359375	-0x1.1600000000000p-8	-139	32768	normal	537642
5788	bb8c	bb8c0000	-0.0042724609375	-0x1.1800000000000p-8	-35	8192	normal	537276
5789	bb8d	bb8d0000	-0.004302978515625	-0x1.1a00000000000p-8	-141	32768	normal	537105
5790	bb8e	bb8e0000	-0.00433349609375	-0x1.1c00000000000p-8	-71	16384	normal	536640
5791	bb8f	bb8f0000	-0.004364013671875	-0x1.1e00000000000p-8	-143	32768	normal	537219
5792	bb90	bb900000	-0.00439453125	-0x1.2000000000000p-8	-9	2048	normal	537162
5793	bb91	bb910000	-0.004425048828125	-0x1.2200000000000p-8	-145	32768	normal	537094
5794	bb92	bb920000	-0.00445556640625	-0x1.2400000000000p-8	-73	16384	normal	536815
5795	bb93	bb930000	-0.004486083984375	-0x1.2600000000000p-8	-147	32768	normal	535730
5796	bb94	bb940000	-0.0045166015625	-0x1.2800000000000p-8	-37	8192	normal	537691
5797	bb95	bb950000	-0.004547119140625	-0x1.2a00000000000p-8	-149	32768	normal	536288
5798	bb96	bb960000	-0.00457763671875	-0x1.2c00000000000p-8	-75	16384	normal	536573
5799	bb97	bb970000	-0.004608154296875	-0x1.2e00000000000p-8	-151	32768	normal	535752
5800	bb98	bb980000	-0.004638671875	-0x1.3000000000000p-8	-19	4096	normal	537831
5801	bb99	bb990000	-0.004669189453125	-0x1.3200000000000p-8	-153	32768	normal	535300
5802	bb9a	bb9a0000	-0.00469970703125	-0x1.3400000000000p-8	-77	16384	normal	535680
5803	bb9b	bb9b0000	-0.004730224609375	-0x1.3600000000000p-8	-155	32768	normal	535149
5804	bb9c	bb9c0000	-0.0047607421875	-0x1.3800000000000p-8	-39	8192	normal	536153
5805	bb9d	bb9d0000	-0.004791259765625	-0x1.3a00000000000p-8	-157	32768	normal	536269
5806	bb9e	bb9e0000	-0.00482177734375	-0x1.3c00000000000p-8	-79	16384	normal	535469
5807	bb9f	bb9f0000	-0.004852294921875	-0x1.3e00000000000p-8	-159	32768	normal	535151
5808	bba0	bba00000	-0.0048828125	-0x1.4000000000000p-8	-5	1024	normal	533970
5809	bba1	bba10000	-0.004913330078125	-0x1.4200000000000p-8	-161	32768	normal	534521
5810	bba2	bba20000	-0.00494384765625	-0x1.4400000000000p-8	-81	16384	normal	534587
5811	bba3	bba30000	-0.004974365234375	-0x1.4600000000000p-8	-163	32768	normal	535930
5812	bba4	bba40000	-0.0050048828125	-0x1.4800000000000p-8	-41	8192	normal	534530
5813	bba5	bba50000	-0.005035400390625	-0x1.4a00000000000p-8	-165	32768	normal	534251
5814	bba6	bba60000	-0.00506591796875	-0x1.4c00000000000p-8	-83	16384	normal	535701
5815	bba7	bba70000	-0.005096435546875	-0x1.4e00000000000p-8	-167	32768	normal	533424
5816	bba8	bba80000	-0.005126953125	-0x1.5000000000000p-8	-21	4096	normal	533743
5817	bba9	bba90000	-0.005157470703125	-0x1.5200000000000p-8	-169	32768	normal	533779
5818	bbaa	bbaa0000	-0.00518798828125	-0x1.5400000000000p-8	-85	16384	normal	533607
5819	bbab	bbab0000	-0.005218505859375	-0x1.5600000000000p-8	-171	32768	normal	532877
5820	bbac	bbac0000	-0.0052490234375	-0x1.5800000000000p-8	-43	8192	normal	533669
5821	bbad	bbad0000	-0.005279541015625	-0x1.5a00000000000p-8	-173	32768	normal	533413
5822	bbae	bbae0000	-0.00531005859375	-0x1.5c00000000000p-8	-87	16384	normal	533387
5823	bbaf	bbaf0000	-0.005340576171875	-0x1.5e00000000000p-8	-175	32768	normal	532521
5824	bbb0	bbb00000	-0.00537109375	-0x1.6000000000000p-8	-11	2048	normal	532539
5825	bbb1	bbb10000	-0.005401611328125	-0x1.6200000000000p-8	-177	32768	normal	531587
5826	bbb2	bbb20000	-0.00543212890625	-0x1.6400000000000p-8	-89	16384	normal	530859
5827	bbb3	bbb30000	-0.005462646484375	-0x1.6600000000000p-8	-179	32768	normal	532370
5828	bbb4	bbb40000	-0.0054931640625	-0x1.6800000000000p-8	-45	8192	normal	532629
5829	bbb5	bbb50000	-0.005523681640625	-0x1.6a00000000000p-8	-181	32768	normal	531813
5830	bbb6	bbb60000	-0.00555419921875	-0x1.6c00000000000p-8	-91	16384	normal	532650
5831	bbb7	bbb70000	-0.005584716796875	-0x1.6e00000000000p-8	-183	32768	normal	531097
5832	bbb8	bbb80000	-0.005615234375	-0x1.7000000000000p-8	-23	4096	normal	531756
5833	bbb9	bbb90000	-0.005645751953125	-0x1.7200000000000p-8	-185	32768	normal	531522
5834	bbba	bbba0000	-0.00567626953125	-0x1.7400000000000p-8	-93	16384	normal	531255
5835	bbbb	bbbb0000	-0.005706787109375	-0x1.7600000000000p-8	-187	32768	normal	531664
5836	bbbc	bbbc0000	-0.0057373046875	-0x1.7800000000000p-8	-47	8192	normal	529409
5837	bbbd	bbbd0000	-0.005767822265625	-0x1.7a00000000000p-8	-189	32768	normal	528924
5838	bbbe	bbbe0000	-0.00579833984375	-0x1.7c00000000000p-8	-95	16384	normal	529975
5839	bbbf	bbbf0000	-0.005828857421875	-0x1.7e00000000000p-8	-191	32768	normal	530396
5840	bbc0	bbc00000	-0.005859375	-0x1.8000000000000p-8	-3	512	normal	530962
5841	bbc1	bbc10000	-0.005889892578125	-0x1.8200000000000p-8	-193	32768	normal	530136
5842	bbc2	bbc20000	-0.00592041015625	-0x1.8400000000000p-8	-97	16384	normal	530103
5843	bbc3	bbc30000	-0.005950927734375	-0x1.8600000000000p-8	-195	32768	normal	529959
5844	bbc4	bbc40000	-0.0059814453125	-0x1.8800000000000p-8	-49	8192	normal	528582
5845	bbc5	bbc50000	-0.006011962890625	-0x1.8a00000000000p-8	-197	32768	normal	528201
5846	bbc6	bbc60000	-0.00604248046875	-0x1.8c00000000000p-8	-99	16384	normal	529912
5847	bbc7	bbc70000	-0.006072998046875	-0x1.8e00000000000p-8	-199	32768	normal	529323
5848	bbc8	bbc80000	-0.006103515625	-0x1.9000000000000p-8	-25	4096	normal	529062
5849	bbc9	bbc90000	-0.006134033203125	-0x1.9200000000000p-8	-201	32768	normal	530126
5850	bbca	bbca0000	-0.00616455078125	-0x1.9400000000000p-8	-101	16384	normal	529044
5851	bbcb	bbcb0000	-0.006195068359375	-0x1.9600000000000p-8	-203	32768	normal	528756
5852	bbcc	bbcc0000	-0.0062255859375	-0x1.9800000000000p-8	-51	8192	normal	526948
5853	bbcd	bbcd0000	-0.006256103515625	-0x1.9a00000000000p-8	-205	32768	normal	528190
5854	bbce	bbce0000	-0.00628662109375	-0x1.9c00000000000p-8	-103	16384	normal	527543
5855	bbcf	bbcf0000	-0.006317138671875	-0x1.9e00000000000p-8	-207	32768	normal	526523
5856	bbd0	bbd00000	-0.00634765625	-0x1.a000000000000p-8	-13	2048	normal	528883
5857	bbd1	bbd10000	-0.006378173828125	-0x1.a200000000000p-8	-209	32768	normal	528817
5858	bbd2	bbd20000	-0.00640869140625	-0x1.a400000000000p-8	-105	16384	normal	527790
5859	bbd3	bbd30000	-0.006439208984375	-0x1.a600000000000p-8	-211	32768	normal	527207
5860	bbd4	bbd40000	-0.0064697265625	-0x1.a800000000000p-8	-53	8192	normal	527941
5861	bbd5	bbd50000	-0.006500244140625	-0x1.aa00000000000p-8	-213	32768	normal	526786
5862	bbd6	bbd60000	-0.00653076171875	-0x1.ac00000000000p-8	-107	16384	normal	527900
5863	bbd7	bbd70000	-0.006561279296875	-0x1.ae00000000000p-8	-215	32768	normal	525803
5864	bbd8	bbd80000	-0.006591796875	-0x1.b000000000000p-8	-27	4096	normal	527209
5865	bbd9	bbd90000	-0.006622314453125	-0x1.b200000000000p-8	-217	32768	normal	526147
5866	bbda	bbda0000	-0.00665283203125	-0x1.b400000000000p-8	-109	16384	normal	527100
5867	bbdb	bbdb0000	-0.006683349609375	-0x1.b600000000000p-8	-219	32768	normal	526872
5868	bbdc	bbdc0000	-0.0067138671875	-0x1.b800000000000p-8	-55	8192	normal	524645
5869	bbdd	bbdd0000	-0.006744384765625	-0x1.ba00000000000p-8	-221	32768	normal	525254
5870	bbde	bbde0000	-0.00677490234375	-0x1.bc00000000000p-8	-111	16384	normal	524809
5871	bbdf	bbdf0000	-0.006805419921875	-0x1.be00000000000p-8	-223	32768	normal	524466
5872	bbe0	bbe00000	-0.0068359375	-0x1.c000000000000p-8	-7	1024	normal	525444
5873	bbe1	bbe10000	-0.006866455078125	-0x1.c200000000000p-8	-225	32768	normal	525461
5874	bbe2	bbe20000	-0.00689697265625	-0x1.c400000000000p-8	-113	16384	normal	525367
5875	bbe3	bbe30000	-0.006927490234375	-0x1.c600000000000p-8	-227	32768	normal	523889
5876	bbe4	bbe40000	-0.0069580078125	-0x1.c800000000000p-8	-57	8192	normal	524890
5877	bbe5	bbe50000	-0.006988525390625	-0x1.ca00000000000p-8	-229	32768	normal	523150
5878	bbe6	bbe60000	-0.00701904296875	-0x1.cc00000000000p-8	-115	16384	normal	525155
5879	bbe7	bbe70000	-0.007049560546875	-0x1.ce00000000000p-8	-231	32768	normal	524065
5880	bbe8	bbe80000	-0.007080078125	-0x1.d000000000000p-8	-29	4096	normal	523215
5881	bbe9	bbe90000	-0.007110595703125	-0x1.d200000000000p-8	-233	32768	normal	523604
5882	bbea	bbea0000	-0.00714111328125	-0x1.d400000000000p-8	-117	16384	normal	522841
5883	bbeb	bbeb0000	-0.007171630859375	-0x1.d600000000000p-8	-235	32768	normal	522321
5884	bbec	bbec0000	-0.0072021484375	-0x1.d800000000000p-8	-59	8192	normal	522990
5885	bbed	bbed0000	-0.007232666015625	-0x1.da00000000000p-8	-237	32768	normal	522149
5886	bbee	bbee0000	-0.00726318359375	-0x1.dc00000000000p-8	-119	16384	normal	521967
5887	bbef	bbef0000	-0.007293701171875	-0x1.de00000000000p-8	-239	32768	normal	522898
5888	bbf0	bbf00000	-0.00732421875	-0x1.e000000000000p-8	-15	2048	normal	521955
5889	bbf1	bbf10000	-0.007354736328125	-0x1.e200000000000p-8	-241	32768	normal	522064
5890	bbf2	bbf20000	-0.00738525390625	-0x1.e400000000000p-8	-121	16384	normal	523264
5891	bbf3	bbf30000	-0.007415771484375	-0x1.e600000000000p-8	-243	32768	normal	521681
5892	bbf4	bbf40000	-0.0074462890625	-0x1.e800000000000p-8	-61	8192	normal	522201
5893	bbf5	bbf50000	-0.007476806640625	-0x1.ea00000000000p-8	-245	32768	normal	521392
5894	bbf6	bbf60000	-0.00750732421875	-0x1.ec00000000000p-8	-123	16384	normal	521682
5895	bbf7	bbf70000	-0.007537841796875	-0x1.ee00000000000p-8	-247	32768	normal	521854
5896	bbf8	bbf80000	-0.007568359375	-0x1.f000000000000p-8	-31	4096	normal	520849
5897	bbf9	bbf90000	-0.007598876953125	-0x1.f200000000000p-8	-249	32768	normal	521732
5898	bbfa	bbfa0000	-0.00762939453125	-0x1.f400000000000p-8	-125	16384	normal	522217
5899	bbfb	bbfb0000	-0.007659912109375	-0x1.f600000000000p-8	-251	32768	normal	521827
5900	bbfc	bbfc0000	-0.0076904296875	-0x1.f800000000000p-8	-63	8192	normal	523436
5901	bbfd	bbfd0000	-0.007720947265625	-0x1.fa00000000000p-8	-253	32768	normal	524703
5902	bbfe	bbfe0000	-0.00775146484375	-0x1.fc00000000000p-8	-127	16384	normal	527360
5903	bbff	bbff0000	-0.007781982421875	-0x1.fe00000000000p-8	-255	32768	normal	532921
5904	bc00	bc000000	-0.0078125	-0x1.0000000000000p-7	-1	128	normal	768729
5905	bc01	bc010000	-0.00787353515625	-0x1.0200000000000p-7	-129	16384	normal	1020337
5906	bc02	bc020000	-0.0079345703125	-0x1.0400000000000p-7	-65	8192	normal	1029150
5907	bc03	bc030000	-0.00799560546875	-0x1.0600000000000p-7	-131	16384	normal	1031489
5908	bc04	bc040000	-0.008056640625	-0x1.0800000000000p-7	-33	4096	normal	1033716
5909	bc05	bc050000	-0.00811767578125	-0x1.0a00000000000p-7	-133	16384	normal	1032302
5910	bc06	bc060000	-0.0081787109375	-0x1.0c00000000000p-7	-67	8192	normal	1030938
5911	bc07	bc070000	-0.00823974609375	-0x1.0e00000000000p-7	-135	16384	normal	1033100
5912	bc08	bc080000	-0.00830078125	-0x1.1000000000000p-7	-17	2048	normal	1030386
5913	bc09	bc090000	-0.00836181640625	-0x1.1200000000000p-7	-137	16384	normal	1031512
5914	bc0a	bc0a0000	-0.0084228515625	-0x1.1400000000000p-7	-69	8192	normal	1033248
5915	bc0b	bc0b0000	-0.00848388671875	-0x1.1600000000000p-7	-139	16384	normal	1030294
5916	bc0c	bc0c0000	-0.008544921875	-0x1.1800000000000p-7	-35	4096	normal	1028156
5917	bc0d	bc0d0000	-0.00860595703125	-0x1.1a00000000000p-7	-141	16384	normal	1028409
5918	bc0e	bc0e0000	-0.0086669921875	-0x1.1c00000000000p-7	-71	8192	normal	1025809
5919	bc0f	bc0f0000	-0.00872802734375	-0x1.1e00000000000p-7	-143	16384	normal	1026078
5920	bc10	bc100000	-0.0087890625	-0x1.2000000000000p-7	-9	1024	normal	1024239
5921	bc11	bc110000	-0.00885009765625	-0x1.2200000000000p-7	-145	16384	normal	1025575
5922	bc12	bc120000	-0.0089111328125	-0x1.2400000000000p-7	-73	8192	normal	1022480
5923	bc13	bc130000	-0.00897216796875	-0x1.2600000000000p-7	-147	16384	normal	1021012
5924	bc14	bc140000	-0.009033203125	-0x1.2800000000000p-7	-37	4096	normal	1021231
5925	bc15	bc150000	-0.00909423828125	-0x1.2a00000000000p-7	-149	16384	normal	1018829
5926	bc16	bc160000	-0.0091552734375	-0x1.2c00000000000p-7	-75	8192	normal	1021527
5927	bc17	bc170000	-0.00921630859375	-0x1.2e00000000000p-7	-151	16384	normal	1019345
5928	bc18	bc180000	-0.00927734375	-0x1.3000000000000p-7	-19	2048	normal	1017728
5929	bc19	bc190000	-0.00933837890625	-0x1.3200000000000p-7	-153	16384	normal	1015532
5930	bc1a	bc1a0000	-0.0093994140625	-0x1.3400000000000p-7	-77	8192	normal	1015435
5931	bc1b	bc1b0000	-0.00946044921875	-0x1.3600000000000p-7	-155	16384	normal	1013287
5932	bc1c	bc1c0000	-0.009521484375	-0x1.3800000000000p-7	-39	4096	normal	1014652
5933	bc1d	bc1d0000	-0.00958251953125	-0x1.3a00000000000p-7	-157	16384	normal	1013976
5934	bc1e	bc1e0000	-0.0096435546875	-0x1.3c00000000000p-7	-79	8192	normal	1012984
5935	bc1f	bc1f0000	-0.00970458984375	-0x1.3e00000000000p-7	-159	16384	normal	1010405
5936	bc20	bc200000	-0.009765625	-0x1.4000000000000p-7	-5	512	normal	1011367
5937	bc21	bc210000	-0.00982666015625	-0x1.4200000000000p-7	-161	16384	normal	1009155
5938	bc22	bc220000	-0.0098876953125	-0x1.4400000000000p-7	-81	8192	normal	1008693
5939	bc23	bc230000	-0.00994873046875	-0x1.4600000000000p-7	-163	16384	normal	1009249
5940	bc24	bc240000	-0.010009765625	-0x1.4800000000000p-7	-41	4096	normal	1005629
5941	bc25	bc250000	-0.01007080078125	-0x1.4a00000000000p-7	-165	16384	normal	1005958
5942	bc26	bc260000	-0.0101318359375	-0x1.4c00000000000p-7	-83	8192	normal	1003625
5943	bc27	bc270000	-0.01019287109375	-0x1.4e00000000000p-7	-167	16384	normal	1004218
5944	bc28	bc280000	-0.01025390625	-0x1.5000000000000p-7	-21	2048	normal	1000067
5945	bc29	bc290000	-0.01031494140625	-0x1.5200000000000p-7	-169	16384	normal	1001135
5946	bc2a	bc2a0000	-0.0103759765625	-0x1.5400000000000p-7	-85	8192	normal	1001196
5947	bc2b	bc2b0000	-0.01043701171875	-0x1.5600000000000p-7	-171	16384	normal	999509
5948	bc2c	bc2c0000	-0.010498046875	-0x1.5800000000000p-7	-43	4096	normal	998969
5949	bc2d	bc2d0000	-0.01055908203125	-0x1.5a00000000000p-7	-173	16384	normal	998117
5950	bc2e	bc2e0000	-0.0106201171875	-0x1.5c00000000000p-7	-87	8192	normal	997630
5951	bc2f	bc2f0000	-0.01068115234375	-0x1.5e00000000000p-7	-175	16384	normal	994237
5952	bc30	bc300000	-0.0107421875	-0x1.6000000000000p-7	-11	1024	normal	996388
5953	bc31	bc310000	-0.01080322265625	-0x1.6200000000000p-7	-177	16384	normal	994695
5954	bc32	bc320000	-0.0108642578125	-0x1.6400000000000p-7	-89	8192	normal	992683
5955	bc33	bc330000	-0.01092529296875	-0x1.6600000000000p-7	-179	16384	normal	991682
5956	bc34	bc340000	-0.010986328125	-0x1.6800000000000p-7	-45	4096	normal	990596
5957	bc35	bc350000	-0.01104736328125	-0x1.6a00000000000p-7	-181	16384	normal	989620
5958	bc36	bc360000	-0.0111083984375	-0x1.6c00000000000p-7	-91	8192	normal	989847
5959	bc37	bc370000	-0.01116943359375	-0x1.6e00000000000p-7	-183	16384	normal	987304
5960	bc38	bc380000	-0.01123046875	-0x1.7000000000000p-7	-23	2048	normal	987000
5961	bc39	bc390000	-0.01129150390625	-0x1.7200000000000p-7	-185	16384	normal	985082
5962	bc3a	bc3a0000	-0.0113525390625	-0x1.7400000000000p-7	-93	8192	normal	984365
5963	bc3b	bc3b0000	-0.01141357421875	-0x1.7600000000000p-7	-187	16384	normal	983613
5964	bc3c	bc3c0000	-0.011474609375	-0x1.7800000000000p-7	-47	4096	normal	981056
5965	bc3d	bc3d0000	-0.01153564453125	-0x1.7a00000000000p-7	-189	16384	normal	980351
5966	bc3e	bc3e0000	-0.0115966796875	-0x1.7c00000000000p-7	-95	8192	normal	979670
5967	bc3f	bc3f0000	-0.01165771484375	-0x1.7e00000000000p-7	-191	16384	normal	978144
5968	bc40	bc400000	-0.01171875	-0x1.8000000000000p-7	-3	256	normal	979313
5969	bc41	bc410000	-0.01177978515625	-0x1.8200000000000p-7	-193	16384	normal	976626
5970	bc42	bc420000	-0.0118408203125	-0x1.8400000000000p-7	-97	8192	normal	974318
5971	bc43	bc430000	-0.01190185546875	-0x1.8600000000000p-7	-195	16384	normal	975368
5972	bc44	bc440000	-0.011962890625	-0x1.8800000000000p-7	-49	4096	normal	975450
5973	bc45	bc450000	-0.01202392578125	-0x1.8a00000000000p-7	-197	16384	normal	972462
5974	bc46	bc460000	-0.0120849609375	-0x1.8c00000000000p-7	-99	8192	normal	971959
5975	bc47	bc470000	-0.01214599609375	-0x1.8e00000000000p-7	-199	16384	normal	970786
5976	bc48	bc480000	-0.01220703125	-0x1.9000000000000p-7	-25	2048	normal	969438
5977	bc49	bc490000	-0.01226806640625	-0x1.9200000000000p-7	-201	16384	normal	967619
5978	bc4a	bc4a0000	-0.0123291015625	-0x1.9400000000000p-7	-101	8192	normal	965802
5979	bc4b	bc4b0000	-0.01239013671875	-0x1.9600000000000p-7	-203	16384	normal	966048
5980	bc4c	bc4c0000	-0.012451171875	-0x1.9800000000000p-7	-51	4096	normal	965688
5981	bc4d	bc4d0000	-0.01251220703125	-0x1.9a00000000000p-7	-205	16384	normal	964684
5982	bc4e	bc4e0000	-0.0125732421875	-0x1.9c00000000000p-7	-103	8192	normal	962406
5983	bc4f	bc4f0000	-0.01263427734375	-0x1.9e00000000000p-7	-207	16384	normal	961414
5984	bc50	bc500000	-0.0126953125	-0x1.a000000000000p-7	-13	1024	normal	959566
5985	bc51	bc510000	-0.01275634765625	-0x1.a200000000000p-7	-209	16384	normal	957554
5986	bc52	bc520000	-0.0128173828125	-0x1.a400000000000p-7	-105	8192	normal	957728
5987	bc53	bc530000	-0.01287841796875	-0x1.a600000000000p-7	-211	16384	normal	957061
5988	bc54	bc540000	-0.012939453125	-0x1.a800000000000p-7	-53	4096	normal	955619
5989	bc55	bc550000	-0.01300048828125	-0x1.aa00000000000p-7	-213	16384	normal	955954
5990	bc56	bc560000	-0.0130615234375	-0x1.ac00000000000p-7	-107	8192	normal	953114
5991	bc57	bc570000	-0.01312255859375	-0x1.ae00000000000p-7	-215	16384	normal	953237
5992	bc58	bc580000	-0.01318359375	-0x1.b000000000000p-7	-27	2048	normal	950432
5993	bc59	bc590000	-0.01324462890625	-0x1.b200000000000p-7	-217	16384	normal	949797
5994	bc5a	bc5a0000	-0.0133056640625	-0x1.b400000000000p-7	-109	8192	normal	949039
5995	bc5b	bc5b0000	-0.01336669921875	-0x1.b600000000000p-7	-219	16384	normal	946731
5996	bc5c	bc5c0000	-0.013427734375	-0x1.b800000000000p-7	-55	4096	normal	944774
5997	bc5d	bc5d0000	-0.01348876953125	-0x1.ba00000000000p-7	-221	16384	normal	946454
5998	bc5e	bc5e0000	-0.0135498046875	-0x1.bc00000000000p-7	-111	8192	normal	946129
5999	bc5f	bc5f0000	-0.01361083984375	-0x1.be00000000000p-7	-223	16384	normal	943649
6000	bc60	bc600000	-0.013671875	-0x1.c000000000000p-7	-7	512	normal	942029
6001	bc61	bc610000	-0.01373291015625	-0x1.c200000000000p-7	-225	16384	normal	940945
6002	bc62	bc620000	-0.0137939453125	-0x1.c400000000000p-7	-113	8192	normal	939573
6003	bc63	bc630000	-0.01385498046875	-0x1.c600000000000p-7	-227	16384	normal	940682
6004	bc64	bc640000	-0.013916015625	-0x1.c800000000000p-7	-57	4096	normal	937365
6005	bc65	bc650000	-0.01397705078125	-0x1.ca00000000000p-7	-229	16384	normal	936063
6006	bc66	bc660000	-0.0140380859375	-0x1.cc00000000000p-7	-115	8192	normal	933752
6007	bc67	bc670000	-0.01409912109375	-0x1.ce00000000000p-7	-231	16384	normal	934216
6008	bc68	bc680000	-0.01416015625	-0x1.d000000000000p-7	-29	2048	normal	932356
6009	bc69	bc690000	-0.01422119140625	-0x1.d200000000000p-7	-233	16384	normal	930927
6010	bc6a	bc6a0000	-0.0142822265625	-0x1.d400000000000p-7	-117	8192	normal	928948
6011	bc6b	bc6b0000	-0.01434326171875	-0x1.d600000000000p-7	-235	16384	normal	927998
6012	bc6c	bc6c0000	-0.014404296875	-0x1.d800000000000p-7	-59	4096	normal	926783
6013	bc6d	bc6d0000	-0.01446533203125	-0x1.da00000000000p-7	-237	16384	normal	926588
6014	bc6e	bc6e0000	-0.0145263671875	-0x1.dc00000000000p-7	-119	8192	normal	924458
6015	bc6f	bc6f0000	-0.01458740234375	-0x1.de00000000000p-7	-239	16384	normal	923172
6016	bc70	bc700000	-0.0146484375	-0x1.e000000000000p-7	-15	1024	normal	923891
6017	bc71	bc710000	-0.01470947265625	-0x1.e200000000000p-7	-241	16384	normal	921643
6018	bc72	bc720000	-0.0147705078125	-0x1.e400000000000p-7	-121	8192	normal	922807
6019	bc73	bc730000	-0.01483154296875	-0x1.e600000000000p-7	-243	16384	normal	921632
6020	bc74	bc740000	-0.014892578125	-0x1.e800000000000p-7	-61	4096	normal	919407
6021	bc75	bc750000	-0.01495361328125	-0x1.ea00000000000p-7	-245	16384	normal	917247
6022	bc76	bc760000	-0.0150146484375	-0x1.ec00000000000p-7	-123	8192	normal	919026
6023	bc77	bc770000	-0.01507568359375	-0x1.ee00000000000p-7	-247	16384	normal	916321
6024	bc78	bc780000	-0.01513671875	-0x1.f000000000000p-7	-31	2048	normal	914936
6025	bc79	bc790000	-0.01519775390625	-0x1.f200000000000p-7	-249	16384	normal	915861
6026	bc7a	bc7a0000	-0.0152587890625	-0x1.f400000000000p-7	-125	8192	normal	911803
6027	bc7b	bc7b0000	-0.01531982421875	-0x1.f600000000000p-7	-251	16384	normal	912819
6028	bc7c	bc7c0000	-0.015380859375	-0x1.f800000000000p-7	-63	4096	normal	911079
6029	bc7d	bc7d0000	-0.01544189453125	-0x1.fa00000000000p-7	-253	16384	normal	913081
6030	bc7e	bc7e0000	-0.0155029296875	-0x1.fc00000000000p-7	-127	8192	normal	928083
6031	bc7f	bc7f0000	-0.01556396484375	-0x1.fe00000000000p-7	-255	16384	normal	961836
6032	bc80	bc800000	-0.015625	-0x1.0000000000000p-6	-1	64	normal	1301436
6033	bc81	bc810000	-0.0157470703125	-0x1.0200000000000p-6	-129	8192	normal	1751086
6034	bc82	bc820000	-0.015869140625	-0x1.0400000000000p-6	-65	4096	normal	1781065
6035	bc83	bc830000	-0.0159912109375	-0x1.0600000000000p-6	-131	8192	normal	1780081
6036	bc84	bc840000	-0.01611328125	-0x1.0800000000000p-6	-33	2048	normal	1777122
6037	bc85	bc850000	-0.0162353515625	-0x1.0a00000000000p-6	-133	8192	normal	1773053
6038	bc86	bc860000	-0.016357421875	-0x1.0c00000000000p-6	-67	4096	normal	1768292
6039	bc87	bc870000	-0.0164794921875	-0x1.0e00000000000p-6	-135	8192	normal	1764957
6040	bc88	bc880000	-0.0166015625	-0x1.1000000000000p-6	-17	1024	normal	1764520
6041	bc89	bc890000	-0.0167236328125	-0x1.1200000000000p-6	-137	8192	normal	1757547
6042	bc8a	bc8a0000	-0.016845703125	-0x1.1400000000000p-6	-69	4096	normal	1752270
6043	bc8b	bc8b0000	-0.0169677734375	-0x1.1600000000000p-6	-139	8192	normal	1747507
6044	bc8c	bc8c0000	-0.01708984375	-0x1.1800000000000p-6	-35	2048	normal	1741728
6045	bc8d	bc8d0000	-0.0172119140625	-0x1.1a00000000000p-6	-141	8192	normal	1733747
6046	bc8e	bc8e0000	-0.017333984375	-0x1.1c00000000000p-6	-71	4096	normal	1728531
6047	bc8f	bc8f0000	-0.0174560546875	-0x1.1e00000000000p-6	-143	8192	normal	1723434
6048	bc90	bc900000	-0.017578125	-0x1.2000000000000p-6	-9	512	normal	1716924
6049	bc91	bc910000	-0.0177001953125	-0x1.2200000000000p-6	-145	8192	normal	1713062
6050	bc92	bc920000	-0.017822265625	-0x1.2400000000000p-6	-73	4096	normal	1704958
6051	bc93	bc930000	-0.0179443359375	-0x1.2600000000000p-6	-147	8192	normal	1701209
6052	bc94	bc940000	-0.01806640625	-0x1.2800000000000p-6	-37	2048	normal	1695192
6053	bc95	bc950000	-0.0181884765625	-0x1.2a00000000000p-6	-149	8192	normal	1687107
6054	bc96	bc960000	-0.018310546875	-0x1.2c00000000000p-6	-75	4096	normal	1682370
6055	bc97	bc970000	-0.0184326171875	-0x1.2e00000000000p-6	-151	8192	normal	1678894
6056	bc98	bc980000	-0.0185546875	-0x1.3000000000000p-6	-19	1024	normal	1670604
6057	bc99	bc990000	-0.0186767578125	-0x1.3200000000000p-6	-153	8192	normal	1665288
6058	bc9a	bc9a0000	-0.018798828125	-0x1.3400000000000p-6	-77	4096	normal	1661083
6059	bc9b	bc9b0000	-0.0189208984375	-0x1.3600000000000p-6	-155	8192	normal	1656474
6060	bc9c	bc9c0000	-0.01904296875	-0x1.3800000000000p-6	-39	2048	normal	1649276
6061	bc9d	bc9d0000	-0.0191650390625	-0x1.3a00000000000p-6	-157	8192	normal	1644470
6062	bc9e	bc9e0000	-0.019287109375	-0x1.3c00000000000p-6	-79	4096	normal	1641191
6063	bc9f	bc9f0000	-0.0194091796875	-0x1.3e00000000000p-6	-159	8192	normal	1637066
6064	bca0	bca00000	-0.01953125	-0x1.4000000000000p-6	-5	256	normal	1631946
6065	bca1	bca10000	-0.0196533203125	-0x1.4200000000000p-6	-161	8192	normal	1623575
6066	bca2	bca20000	-0.019775390625	-0x1.4400000000000p-6	-81	4096	normal	1616431
6067	bca3	bca30000	-0.0198974609375	-0x1.4600000000000p-6	-163	8192	normal	1609189
6068	bca4	bca40000	-0.02001953125	-0x1.4800000000000p-6	-41	2048	normal	1602563
6069	bca5	bca50000	-0.0201416015625	-0x1.4a00000000000p-6	-165	8192	normal	1597051
6070	bca6	bca60000	-0.020263671875	-0x1.4c00000000000p-6	-83	4096	normal	1590912
6071	bca7	bca70000	-0.0203857421875	-0x1.4e00000000000p-6	-167	8192	normal	1583538
6072	bca8	bca80000	-0.0205078125	-0x1.5000000000000p-6	-21	1024	normal	1580492
6073	bca9	bca90000	-0.0206298828125	-0x1.5200000000000p-6	-169	8192	normal	1575116
6074	bcaa	bcaa0000	-0.020751953125	-0x1.5400000000000p-6	-85	4096	normal	1567293
6075	bcab	bcab0000	-0.0208740234375	-0x1.5600000000000p-6	-171	8192	normal	1561049
6076	bcac	bcac0000	-0.02099609375	-0x1.5800000000000p-6	-43	2048	normal	1556251
6077	bcad	bcad0000	-0.0211181640625	-0x1.5a00000000000p-6	-173	8192	normal	1548807
6078	bcae	bcae0000	-0.021240234375	-0x1.5c00000000000p-6	-87	4096	normal	1544757
6079	bcaf	bcaf0000	-0.0213623046875	-0x1.5e00000000000p-6	-175	8192	normal	1539465
6080	bcb0	bcb00000	-0.021484375	-0x1.6000000000000p-6	-11	512	normal	1534078
6081	bcb1	bcb10000	-0.0216064453125	-0x1.6200000000000p-6	-177	8192	normal	1527120
6082	bcb2	bcb20000	-0.021728515625	-0x1.6400000000000p-6	-89	4096	normal	1522757
6083	bcb3	bcb30000	-0.0218505859375	-0x1.6600000000000p-6	-179	8192	normal	1518173
6084	bcb4	bcb40000	-0.02197265625	-0x1.6800000000000p-6	-45	2048	normal	1512280
6085	bcb5	bcb50000	-0.0220947265625	-0x1.6a00000000000p-6	-181	8192	normal	1504650
6086	bcb6	bcb60000	-0.022216796875	-0x1.6c00000000000p-6	-91	4096	normal	1499346
6087	bcb7	bcb70000	-0.0223388671875	-0x1.6e00000000000p-6	-183	8192	normal	1493860
6088	bcb8	bcb80000	-0.0224609375	-0x1.7000000000000p-6	-23	1024	normal	1486887
6089	bcb9	bcb90000	-0.0225830078125	-0x1.7200000000000p-6	-185	8192	normal	1481688
6090	bcba	bcba0000	-0.022705078125	-0x1.7400000000000p-6	-93	4096	normal	1473359
6091	bcbb	bcbb0000	-0.0228271484375	-0x1.7600000000000p-6	-187	8192	normal	1466015
6092	bcbc	bcbc0000	-0.02294921875	-0x1.7800000000000p-6	-47	2048	normal	1463520
6093	bcbd	bcbd0000	-0.0230712890625	-0x1.7a00000000000p-6	-189	8192	normal	1453814
6094	bcbe	bcbe0000	-0.023193359375	-0x1.7c00000000000p-6	-95	4096	normal	1450444
6095	bcbf	bcbf0000	-0.0233154296875	-0x1.7e00000000000p-6	-191	8192	normal	1444356
6096	bcc0	bcc00000	-0.0234375	-0x1.8000000000000p-6	-3	128	normal	1437366
6097	bcc1	bcc10000	-0.0235595703125	-0x1.8200000000000p-6	-193	8192	normal	1429015
6098	bcc2	bcc20000	-0.023681640625	-0x1.8400000000000p-6	-97	4096	normal	1424942
6099	bcc3	bcc30000	-0.0238037109375	-0x1.8600000000000p-6	-195	8192	normal	1420436
6100	bcc4	bcc40000	-0.02392578125	-0x1.8800000000000p-6	-49	2048	normal	1413909
6101	bcc5	bcc50000	-0.0240478515625	-0x1.8a00000000000p-6	-197	8192	normal	1408364
6102	bcc6	bcc60000	-0.024169921875	-0x1.8c00000000000p-6	-99	4096	normal	1402125
6103	bcc7	bcc70000	-0.0242919921875	-0x1.8e00000000000p-6	-199	8192	normal	1395688
6104	bcc8	bcc80000	-0.0244140625	-0x1.9000000000000p-6	-25	1024	normal	1390949
6105	bcc9	bcc90000	-0.0245361328125	-0x1.9200000000000p-6	-201	8192	normal	1385540
6106	bcca	bcca0000	-0.024658203125	-0x1.9400000000000p-6	-101	4096	normal	1381024
6107	bccb	bccb0000	-0.0247802734375	-0x1.9600000000000p-6	-203	8192	normal	1376503
6108	bccc	bccc0000	-0.02490234375	-0x1.9800000000000p-6	-51	2048	normal	1369856
6109	bccd	bccd0000	-0.0250244140625	-0x1.9a00000000000p-6	-205	8192	normal	1361168
6110	bcce	bcce0000	-0.025146484375	-0x1.9c00000000000p-6	-103	4096	normal	1354069
6111	bccf	bccf0000	-0.0252685546875	-0x1.9e00000000000p-6	-207	8192	normal	1348132
6112	bcd0	bcd00000	-0.025390625	-0x1.a000000000000p-6	-13	512	normal	1341877
6113	bcd1	bcd10000	-0.0255126953125	-0x1.a200000000000p-6	-209	8192	normal	1336356
6114	bcd2	bcd20000	-0.025634765625	-0x1.a400000000000p-6	-105	4096	normal	1330826
6115	bcd3	bcd30000	-0.0257568359375	-0x1.a600000000000p-6	-211	8192	normal	1325387
6116	bcd4	bcd40000	-0.02587890625	-0x1.a800000000000p-6	-53	2048	normal	1319243
6117	bcd5	bcd50000	-0.0260009765625	-0x1.aa00000000000p-6	-213	8192	normal	1312476
6118	bcd6	bcd60000	-0.026123046875	-0x1.ac00000000000p-6	-107	4096	normal	1304437
6119	bcd7	bcd70000	-0.0262451171875	-0x1.ae00000000000p-6	-215	8192	normal	1300243
6120	bcd8	bcd80000	-0.0263671875	-0x1.b000000000000p-6	-27	1024	normal	1292711
6121	bcd9	bcd90000	-0.0264892578125	-0x1.b200000000000p-6	-217	8192	normal	1286696
6122	bcda	bcda0000	-0.026611328125	-0x1.b400000000000p-6	-109	4096	normal	1280505
6123	bcdb	bcdb0000	-0.0267333984375	-0x1.b600000000000p-6	-219	8192	normal	1275871
6124	bcdc	bcdc0000	-0.02685546875	-0x1.b800000000000p-6	-55	2048	normal	1270886
6125	bcdd	bcdd0000	-0.0269775390625	-0x1.ba00000000000p-6	-221	8192	normal	1266117
6126	bcde	bcde0000	-0.027099609375	-0x1.bc00000000000p-6	-111	4096	normal	1257964
6127	bcdf	bcdf0000	-0.0272216796875	-0x1.be00000000000p-6	-223	8192	normal	1251578
6128	bce0	bce00000	-0.02734375	-0x1.c000000000000p-6	-7	256	normal	1248982
6129	bce1	bce10000	-0.0274658203125	-0x1.c200000000000p-6	-225	8192	normal	1240743
6130	bce2	bce20000	-0.027587890625	-0x1.c400000000000p-6	-113	4096	normal	1235987
6131	bce3	bce30000	-0.0277099609375	-0x1.c600000000000p-6	-227	8192	normal	1229643
6132	bce4	bce40000	-0.02783203125	-0x1.c800000000000p-6	-57	2048	normal	1222758
6133	bce5	bce50000	-0.0279541015625	-0x1.ca00000000000p-6	-229	8192	normal	1216916
6134	bce6	bce60000	-0.028076171875	-0x1.cc00000000000p-6	-115	4096	normal	1210640
6135	bce7	bce70000	-0.0281982421875	-0x1.ce00000000000p-6	-231	8192	normal	1205140
6136	bce8	bce80000	-0.0283203125	-0x1.d000000000000p-6	-29	1024	normal	1196195
6137	bce9	bce90000	-0.0284423828125	-0x1.d200000000000p-6	-233	8192	normal	1191800
6138	bcea	bcea0000	-0.028564453125	-0x1.d400000000000p-6	-117	4096	normal	1184225
6139	bceb	bceb0000	-0.0286865234375	-0x1.d600000000000p-6	-235	8192	normal	1179714
6140	bcec	bcec0000	-0.02880859375	-0x1.d800000000000p-6	-59	2048	normal	1173808
6141	bced	bced0000	-0.0289306640625	-0x1.da00000000000p-6	-237	8192	normal	1167088
6142	bcee	bcee0000	-0.029052734375	-0x1.dc00000000000p-6	-119	4096	normal	1160835
6143	bcef	bcef0000	-0.0291748046875	-0x1.de00000000000p-6	-239	8192	normal	1155621
6144	bcf0	bcf00000	-0.029296875	-0x1.e000000000000p-6	-15	512	normal	1150271
6145	bcf1	bcf10000	-0.0294189453125	-0x1.e200000000000p-6	-241	8192	normal	1143034
6146	bcf2	bcf20000	-0.029541015625	-0x1.e400000000000p-6	-121	4096	normal	1139742
6147	bcf3	bcf30000	-0.0296630859375	-0x1.e600000000000p-6	-243	8192	normal	1133334
6148	bcf4	bcf40000	-0.02978515625	-0x1.e800000000000p-6	-61	2048	normal	1130701
6149	bcf5	bcf50000	-0.0299072265625	-0x1.ea00000000000p-6	-245	8192	normal	1123874
6150	bcf6	bcf60000	-0.030029296875	-0x1.ec00000000000p-6	-123	4096	normal	1119004
6151	bcf7	bcf70000	-0.0301513671875	-0x1.ee00000000000p-6	-247	8192	normal	1113012
6152	bcf8	bcf80000	-0.0302734375	-0x1.f000000000000p-6	-31	1024	normal	1107900
6153	bcf9	bcf90000	-0.0303955078125	-0x1.f200000000000p-6	-249	8192	normal	1103126
6154	bcfa	bcfa0000	-0.030517578125	-0x1.f400000000000p-6	-125	4096	normal	1099071
6155	bcfb	bcfb0000	-0.0306396484375	-0x1.f600000000000p-6	-251	8192	normal	1093445
6156	bcfc	bcfc0000	-0.03076171875	-0x1.f800000000000p-6	-63	2048	normal	1093111
6157	bcfd	bcfd0000	-0.0308837890625	-0x1.fa00000000000p-6	-253	8192	normal	1089382
6158	bcfe	bcfe0000	-0.031005859375	-0x1.fc00000000000p-6	-127	4096	normal	1087752
6159	bcff	bcff0000	-0.0311279296875	-0x1.fe00000000000p-6	-255	8192	normal	1149859
6160	bd00	bd000000	-0.03125	-0x1.0000000000000p-5	-1	32	normal	1472810
6161	bd01	bd010000	-0.031494140625	-0x1.0200000000000p-5	-129	4096	normal	2039324
6162	bd02	bd020000	-0.03173828125	-0x1.0400000000000p-5	-65	2048	normal	2046270
6163	bd03	bd030000	-0.031982421875	-0x1.0600000000000p-5	-131	4096	normal	2032379
6164	bd04	bd040000	-0.0322265625	-0x1.0800000000000p-5	-33	1024	normal	2017137
6165	bd05	bd050000	-0.032470703125	-0x1.0a00000000000p-5	-133	4096	normal	2000278
6166	bd06	bd060000	-0.03271484375	-0x1.0c00000000000p-5	-67	2048	normal	1975955
6167	bd07	bd070000	-0.032958984375	-0x1.0e00000000000p-5	-135	4096	normal	1956194
6168	bd08	bd080000	-0.033203125	-0x1.1000000000000p-5	-17	512	normal	1936454
6169	bd09	bd090000	-0.033447265625	-0x1.1200000000000p-5	-137	4096	normal	1915370
6170	bd0a	bd0a0000	-0.03369140625	-0x1.1400000000000p-5	-69	2048	normal	1894376
6171	bd0b	bd0b0000	-0.033935546875	-0x1.1600000000000p-5	-139	4096	normal	1874633
6172	bd0c	bd0c0000	-0.0341796875	-0x1.1800000000000p-5	-35	1024	normal	1848721
6173	bd0d	bd0d0000	-0.034423828125	-0x1.1a00000000000p-5	-141	4096	normal	1825227
6174	bd0e	bd0e0000	-0.03466796875	-0x1.1c00000000000p-5	-71	2048	normal	1802670
6175	bd0f	bd0f0000	-0.034912109375	-0x1.1e00000000000p-5	-143	4096	normal	1780713
6176	bd10	bd100000	-0.03515625	-0x1.2000000000000p-5	-9	256	normal	1758156
6177	bd11	bd110000	-0.035400390625	-0x1.2200000000000p-5	-145	4096	normal	1736746
6178	bd12	bd120000	-0.03564453125	-0x1.2400000000000p-5	-73	2048	normal	1716938
6179	bd13	bd130000	-0.035888671875	-0x1.2600000000000p-5	-147	4096	normal	1696305
6180	bd14	bd140000	-0.0361328125	-0x1.2800000000000p-5	-37	1024	normal	1676006
6181	bd15	bd150000	-0.036376953125	-0x1.2a00000000000p-5	-149	4096	normal	1653137
6182	bd16	bd160000	-0.03662109375	-0x1.2c00000000000p-5	-75	2048	normal	1632634
6183	bd17	bd170000	-0.036865234375	-0x1.2e00000000000p-5	-151	4096	normal	1610732
6184	bd18	bd180000	-0.037109375	-0x1.3000000000000p-5	-19	512	normal	1593272
6185	bd19	bd190000	-0.037353515625	-0x1.3200000000000p-5	-153	4096	normal	1574869
6186	bd1a	bd1a0000	-0.03759765625	-0x1.3400000000000p-5	-77	2048	normal	1551212
6187	bd1b	bd1b0000	-0.037841796875	-0x1.3600000000000p-5	-155	4096	normal	1533946
6188	bd1c	bd1c0000	-0.0380859375	-0x1.3800000000000p-5	-39	1024	normal	1515078
6189	bd1d	bd1d0000	-0.038330078125	-0x1.3a00000000000p-5	-157	4096	normal	1495654
6190	bd1e	bd1e0000	-0.03857421875	-0x1.3c00000000000p-5	-79	2048	normal	1479308
6191	bd1f	bd1f0000	-0.038818359375	-0x1.3e00000000000p-5	-159	4096	normal	1459674
6192	bd20	bd200000	-0.0390625	-0x1.4000000000000p-5	-5	128	normal	1443000
6193	bd21	bd210000	-0.039306640625	-0x1.4200000000000p-5	-161	4096	normal	1419890
6194	bd22	bd220000	-0.03955078125	-0x1.4400000000000p-5	-81	2048	normal	1398638
6195	bd23	bd230000	-0.039794921875	-0x1.4600000000000p-5	-163	4096	normal	1380827
6196	bd24	bd240000	-0.0400390625	-0x1.4800000000000p-5	-41	1024	normal	1360212
6197	bd25	bd250000	-0.040283203125	-0x1.4a00000000000p-5	-165	4096	normal	1341808
6198	bd26	bd260000	-0.04052734375	-0x1.4c00000000000p-5	-83	2048	normal	1325701
6199	bd27	bd270000	-0.040771484375	-0x1.4e00000000000p-5	-167	4096	normal	1306520
6200	bd28	bd280000	-0.041015625	-0x1.5000000000000p-5	-21	512	normal	1287912
6201	bd29	bd290000	-0.041259765625	-0x1.5200000000000p-5	-169	4096	normal	1268770
6202	bd2a	bd2a0000	-0.04150390625	-0x1.5400000000000p-5	-85	2048	normal	1250635
6203	bd2b	bd2b0000	-0.041748046875	-0x1.5600000000000p-5	-171	4096	normal	1232127
6204	bd2c	bd2c0000	-0.0419921875	-0x1.5800000000000p-5	-43	1024	normal	1216486
6205	bd2d	bd2d0000	-0.042236328125	-0x1.5a00000000000p-5	-173	4096	normal	1200069
6206	bd2e	bd2e0000	-0.04248046875	-0x1.5c00000000000p-5	-87	2048	normal	1183435
6207	bd2f	bd2f0000	-0.042724609375	-0x1.5e00000000000p-5	-175	4096	normal	1167227
6208	bd30	bd300000	-0.04296875	-0x1.6000000000000p-5	-11	256	normal	1152299
6209	bd31	bd310000	-0.043212890625	-0x1.6200000000000p-5	-177	4096	normal	1132458
6210	bd32	bd320000	-0.04345703125	-0x1.6400000000000p-5	-89	2048	normal	1116795
6211	bd33	bd330000	-0.043701171875	-0x1.6600000000000p-5	-179	4096	normal	1101404
6212	bd34	bd340000	-0.0439453125	-0x1.6800000000000p-5	-45	1024	normal	1087166
6213	bd35	bd350000	-0.044189453125	-0x1.6a00000000000p-5	-181	4096	normal	1073929
6214	bd36	bd360000	-0.04443359375	-0x1.6c00000000000p-5	-91	2048	normal	1055313
6215	bd37	bd370000	-0.044677734375	-0x1.6e00000000000p-5	-183	4096	normal	1039641
6216	bd38	bd380000	-0.044921875	-0x1.7000000000000p-5	-23	512	normal	1023606
6217	bd39	bd390000	-0.045166015625	-0x1.7200000000000p-5	-185	4096	normal	1006510
6218	bd3a	bd3a0000	-0.04541015625	-0x1.7400000000000p-5	-93	2048	normal	992146
6219	bd3b	bd3b0000	-0.045654296875	-0x1.7600000000000p-5	-187	4096	normal	976369
6220	bd3c	bd3c0000	-0.0458984375	-0x1.7800000000000p-5	-47	1024	normal	962042
6221	bd3d	bd3d0000	-0.046142578125	-0x1.7a00000000000p-5	-189	4096	normal	947108
6222	bd3e	bd3e0000	-0.04638671875	-0x1.7c00000000000p-5	-95	2048	normal	932254
6223	bd3f	bd3f0000	-0.046630859375	-0x1.7e00000000000p-5	-191	4096	normal	916760
6224	bd40	bd400000	-0.046875	-0x1.8000000000000p-5	-3	64	normal	905336
6225	bd41	bd410000	-0.047119140625	-0x1.8200000000000p-5	-193	4096	normal	889009
6226	bd42	bd420000	-0.04736328125	-0x1.8400000000000p-5	-97	2048	normal	873964
6227	bd43	bd430000	-0.047607421875	-0x1.8600000000000p-5	-195	4096	normal	861148
6228	bd44	bd440000	-0.0478515625	-0x1.8800000000000p-5	-49	1024	normal	847510
6229	bd45	bd450000	-0.048095703125	-0x1.8a00000000000p-5	-197	4096	normal	833668
6230	bd46	bd460000	-0.04833984375	-0x1.8c00000000000p-5	-99	2048	normal	821083
6231	bd47	bd470000	-0.048583984375	-0x1.8e00000000000p-5	-199	4096	normal	808893
6232	bd48	bd480000	-0.048828125	-0x1.9000000000000p-5	-25	512	normal	798090
6233	bd49	bd490000	-0.049072265625	-0x1.9200000000000p-5	-201	4096	normal	784195
6234	bd4a	bd4a0000	-0.04931640625	-0x1.9400000000000p-5	-101	2048	normal	771776
6235	bd4b	bd4b0000	-0.049560546875	-0x1.9600000000000p-5	-203	4096	normal	761037
6236	bd4c	bd4c0000	-0.0498046875	-0x1.9800000000000p-5	-51	1024	normal	744906
6237	bd4d	bd4d0000	-0.050048828125	-0x1.9a00000000000p-5	-205	4096	normal	733122
6238	bd4e	bd4e0000	-0.05029296875	-0x1.9c00000000000p-5	-103	2048	normal	720424
6239	bd4f	bd4f0000	-0.050537109375	-0x1.9e00000000000p-5	-207	4096	normal	708059
6240	bd50	bd500000	-0.05078125	-0x1.a000000000000p-5	-13	256	normal	697077
6241	bd51	bd510000	-0.051025390625	-0x1.a200000000000p-5	-209	4096	normal	686138
6242	bd52	bd520000	-0.05126953125	-0x1.a400000000000p-5	-105	2048	normal	672469
6243	bd53	bd530000	-0.051513671875	-0x1.a600000000000p-5	-211	4096	normal	663360
6244	bd54	bd540000	-0.0517578125	-0x1.a800000000000p-5	-53	1024	normal	649603
6245	bd55	bd550000	-0.052001953125	-0x1.aa00000000000p-5	-213	4096	normal	640792
6246	bd56	bd560000	-0.05224609375	-0x1.ac00000000000p-5	-107	2048	normal	628529
6247	bd57	bd570000	-0.052490234375	-0x1.ae00000000000p-5	-215	4096	normal	618289
6248	bd58	bd580000	-0.052734375	-0x1.b000000000000p-5	-27	512	normal	608291
6249	bd59	bd590000	-0.052978515625	-0x1.b200000000000p-5	-217	4096	normal	597447
6250	bd5a	bd5a0000	-0.05322265625	-0x1.b400000000000p-5	-109	2048	normal	585714
6251	bd5b	bd5b0000	-0.053466796875	-0x1.b600000000000p-5	-219	4096	normal	577535
6252	bd5c	bd5c0000	-0.0537109375	-0x1.b800000000000p-5	-55	1024	normal	566724
6253	bd5d	bd5d0000	-0.053955078125	-0x1.ba00000000000p-5	-221	4096	normal	557185
6254	bd5e	bd5e0000	-0.05419921875	-0x1.bc00000000000p-5	-111	2048	normal	548073
6255	bd5f	bd5f0000	-0.054443359375	-0x1.be00000000000p-5	-223	4096	normal	539410
6256	bd60	bd600000	-0.0546875	-0x1.c000000000000p-5	-7	128	normal	530034
6257	bd61	bd610000	-0.054931640625	-0x1.c200000000000p-5	-225	4096	normal	520073
6258	bd62	bd620000	-0.05517578125	-0x1.c400000000000p-5	-113	2048	normal	509581
6259	bd63	bd630000	-0.055419921875	-0x1.c600000000000p-5	-227	4096	normal	499669
6260	bd64	bd640000	-0.0556640625	-0x1.c800000000000p-5	-57	1024	normal	491113
6261	bd65	bd650000	-0.055908203125	-0x1.ca00000000000p-5	-229	4096	normal	482943
6262	bd66	bd660000	-0.05615234375	-0x1.cc00000000000p-5	-115	2048	normal	474476
6263	bd67	bd670000	-0.056396484375	-0x1.ce00000000000p-5	-231	4096	normal	464862
6264	bd68	bd680000	-0.056640625	-0x1.d000000000000p-5	-29	512	normal	457270
6265	bd69	bd690000	-0.056884765625	-0x1.d200000000000p-5	-233	4096	normal	449214
6266	bd6a	bd6a0000	-0.05712890625	-0x1.d400000000000p-5	-117	2048	normal	439782
6267	bd6b	bd6b0000	-0.057373046875	-0x1.d600000000000p-5	-235	4096	normal	431964
6268	bd6c	bd6c0000	-0.0576171875	-0x1.d800000000000p-5	-59	1024	normal	423286
6269	bd6d	bd6d0000	-0.057861328125	-0x1.da00000000000p-5	-237	4096	normal	416413
6270	bd6e	bd6e0000	-0.05810546875	-0x1.dc00000000000p-5	-119	2048	normal	407857
6271	bd6f	bd6f0000	-0.058349609375	-0x1.de00000000000p-5	-239	4096	normal	399908
6272	bd70	bd700000	-0.05859375	-0x1.e000000000000p-5	-15	256	normal	393330
6273	bd71	bd710000	-0.058837890625	-0x1.e200000000000p-5	-241	4096	normal	384962
6274	bd72	bd720000	-0.05908203125	-0x1.e400000000000p-5	-121	2048	normal	379225
6275	bd73	bd730000	-0.059326171875	-0x1.e600000000000p-5	-243	4096	normal	372381
6276	bd74	bd740000	-0.0595703125	-0x1.e800000000000p-5	-61	1024	normal	365753
6277	bd75	bd750000	-0.059814453125	-0x1.ea00000000000p-5	-245	4096	normal	360104
6278	bd76	bd760000	-0.06005859375	-0x1.ec00000000000p-5	-123	2048	normal	352555
6279	bd77	bd770000	-0.060302734375	-0x1.ee00000000000p-5	-247	4096	normal	345292
6280	bd78	bd780000	-0.060546875	-0x1.f000000000000p-5	-31	512	normal	338995
6281	bd79	bd790000	-0.060791015625	-0x1.f200000000000p-5	-249	4096	normal	332031
6282	bd7a	bd7a0000	-0.06103515625	-0x1.f400000000000p-5	-125	2048	normal	325059
6283	bd7b	bd7b0000	-0.061279296875	-0x1.f600000000000p-5	-251	4096	normal	319121
6284	bd7c	bd7c0000	-0.0615234375	-0x1.f800000000000p-5	-63	1024	normal	313813
6285	bd7d	bd7d0000	-0.061767578125	-0x1.fa00000000000p-5	-253	4096	normal	312594
6286	bd7e	bd7e0000	-0.06201171875	-0x1.fc00000000000p-5	-127	2048	normal	310587
6287	bd7f	bd7f0000	-0.062255859375	-0x1.fe00000000000p-5	-255	4096	normal	309068
6288	bd80	bd800000	-0.0625	-0x1.0000000000000p-4	-1	16	normal	390350
6289	bd81	bd810000	-0.06298828125	-0x1.0200000000000p-4	-129	2048	normal	537702
6290	bd82	bd820000	-0.0634765625	-0x1.0400000000000p-4	-65	1024	normal	526119
6291	bd83	bd830000	-0.06396484375	-0x1.0600000000000p-4	-131	2048	normal	508790
6292	bd84	bd840000	-0.064453125	-0x1.0800000000000p-4	-33	512	normal	490954
6293	bd85	bd850000	-0.06494140625	-0x1.0a00000000000p-4	-133	2048	normal	471239
6294	bd86	bd860000	-0.0654296875	-0x1.0c00000000000p-4	-67	1024	normal	451089
6295	bd87	bd870000	-0.06591796875	-0x1.0e00000000000p-4	-135	2048	normal	433494
6296	bd88	bd880000	-0.06640625	-0x1.1000000000000p-4	-17	256	normal	415425
6297	bd89	bd890000	-0.06689453125	-0x1.1200000000000p-4	-137	2048	normal	398557
6298	bd8a	bd8a0000	-0.0673828125	-0x1.1400000000000p-4	-69	1024	normal	384076
6299	bd8b	bd8b0000	-0.06787109375	-0x1.1600000000000p-4	-139	2048	normal	369124
6300	bd8c	bd8c0000	-0.068359375	-0x1.1800000000000p-4	-35	512	normal	351096
6301	bd8d	bd8d0000	-0.06884765625	-0x1.1a00000000000p-4	-141	2048	normal	336546
6302	bd8e	bd8e0000	-0.0693359375	-0x1.1c00000000000p-4	-71	1024	normal	322316
6303	bd8f	bd8f0000	-0.06982421875	-0x1.1e00000000000p-4	-143	2048	normal	307680
6304	bd90	bd900000	-0.0703125	-0x1.2000000000000p-4	-9	128	normal	295497
6305	bd91	bd910000	-0.07080078125	-0x1.2200000000000p-4	-145	2048	normal	283060
6306	bd92	bd920000	-0.0712890625	-0x1.2400000000000p-4	-73	1024	normal	270678
6307	bd93	bd930000	-0.07177734375	-0x1.2600000000000p-4	-147	2048	normal	258288
6308	bd94	bd940000	-0.072265625	-0x1.2800000000000p-4	-37	512	normal	247364
6309	bd95	bd950000	-0.07275390625	-0x1.2a00000000000p-4	-149	2048	normal	236710
6310	bd96	bd960000	-0.0732421875	-0x1.2c00000000000p-4	-75	1024	normal	226473
6311	bd97	bd970000	-0.07373046875	-0x1.2e00000000000p-4	-151	2048	normal	216668
6312	bd98	bd980000	-0.07421875	-0x1.3000000000000p-4	-19	256	normal	206880
6313	bd99	bd990000	-0.07470703125	-0x1.3200000000000p-4	-153	2048	normal	197715
6314	bd9a	bd9a0000	-0.0751953125	-0x1.3400000000000p-4	-77	1024	normal	188809
6315	bd9b	bd9b0000	-0.07568359375	-0x1.3600000000000p-4	-155	2048	normal	180367
6316	bd9c	bd9c0000	-0.076171875	-0x1.3800000000000p-4	-39	512	normal	172683
6317	bd9d	bd9d0000	-0.07666015625	-0x1.3a00000000000p-4	-157	2048	normal	164541
6318	bd9e	bd9e0000	-0.0771484375	-0x1.3c00000000000p-4	-79	1024	normal	157047
6319	bd9f	bd9f0000	-0.07763671875	-0x1.3e00000000000p-4	-159	2048	normal	150804
6320	bda0	bda00000	-0.078125	-0x1.4000000000000p-4	-5	64	normal	144807
6321	bda1	bda10000	-0.07861328125	-0x1.4200000000000p-4	-161	2048	normal	137972
6322	bda2	bda20000	-0.0791015625	-0x1.4400000000000p-4	-81	1024	normal	131247
6323	bda3	bda30000	-0.07958984375	-0x1.4600000000000p-4	-163	2048	normal	123900
6324	bda4	bda40000	-0.080078125	-0x1.4800000000000p-4	-41	512	normal	119200
6325	bda5	bda50000	-0.08056640625	-0x1.4a00000000000p-4	-165	2048	normal	113049
6326	bda6	bda60000	-0.0810546875	-0x1.4c00000000000p-4	-83	1024	normal	108298
6327	bda7	bda70000	-0.08154296875	-0x1.4e00000000000p-4	-167	2048	normal	103372
6328	bda8	bda80000	-0.08203125	-0x1.5000000000000p-4	-21	256	normal	98748
6329	bda9	bda90000	-0.08251953125	-0x1.5200000000000p-4	-169	2048	normal	93520
6330	bdaa	bdaa0000	-0.0830078125	-0x1.5400000000000p-4	-85	1024	normal	89298
6331	bdab	bdab0000	-0.08349609375	-0x1.5600000000000p-4	-171	2048	normal	84908
6332	bdac	bdac0000	-0.083984375	-0x1.5800000000000p-4	-43	512	normal	80799
6333	bdad	bdad0000	-0.08447265625	-0x1.5a00000000000p-4	-173	2048	normal	77057
6334	bdae	bdae0000	-0.0849609375	-0x1.5c00000000000p-4	-87	1024	normal	74066
6335	bdaf	bdaf0000	-0.08544921875	-0x1.5e00000000000p-4	-175	2048	normal	70714
6336	bdb0	bdb00000	-0.0859375	-0x1.6000000000000p-4	-11	128	normal	67723
6337	bdb1	bdb10000	-0.08642578125	-0x1.6200000000000p-4	-177	2048	normal	63783
6338	bdb2	bdb20000	-0.0869140625	-0x1.6400000000000p-4	-89	1024	normal	61275
6339	bdb3	bdb30000	-0.08740234375	-0x1.6600000000000p-4	-179	2048	normal	58533
6340	bdb4	bdb40000	-0.087890625	-0x1.6800000000000p-4	-45	512	normal	56101
6341	bdb5	bdb50000	-0.08837890625	-0x1.6a00000000000p-4	-181	2048	normal	52796
6342	bdb6	bdb60000	-0.0888671875	-0x1.6c00000000000p-4	-91	1024	normal	50762
6343	bdb7	bdb70000	-0.08935546875	-0x1.6e00000000000p-4	-183	2048	normal	48280
6344	bdb8	bdb80000	-0.08984375	-0x1.7000000000000p-4	-23	256	normal	46486
6345	bdb9	bdb90000	-0.09033203125	-0x1.7200000000000p-4	-185	2048	normal	43780
6346	bdba	bdba0000	-0.0908203125	-0x1.7400000000000p-4	-93	1024	normal	42175
6347	bdbb	bdbb0000	-0.09130859375	-0x1.7600000000000p-4	-187	2048	normal	40017
6348	bdbc	bdbc0000	-0.091796875	-0x1.7800000000000p-4	-47	512	normal	38022
6349	bdbd	bdbd0000	-0.09228515625	-0x1.7a00000000000p-4	-189	2048	normal	36277
6350	bdbe	bdbe0000	-0.0927734375	-0x1.7c00000000000p-4	-95	1024	normal	34579
6351	bdbf	bdbf0000	-0.09326171875	-0x1.7e00000000000p-4	-191	2048	normal	33271
6352	bdc0	bdc00000	-0.09375	-0x1.8000000000000p-4	-3	32	normal	31406
6353	bdc1	bdc10000	-0.09423828125	-0x1.8200000000000p-4	-193	2048	normal	30111
6354	bdc2	bdc20000	-0.0947265625	-0x1.8400000000000p-4	-97	1024	normal	28389
6355	bdc3	bdc30000	-0.09521484375	-0x1.8600000000000p-4	-195	2048	normal	27579
6356	bdc4	bdc40000	-0.095703125	-0x1.8800000000000p-4	-49	512	normal	26045
6357	bdc5	bdc50000	-0.09619140625	-0x1.8a00000000000p-4	-197	2048	normal	25022
6358	bdc6	bdc60000	-0.0966796875	-0x1.8c00000000000p-4	-99	1024	normal	24147
6359	bdc7	bdc70000	-0.09716796875	-0x1.8e00000000000p-4	-199	2048	normal	23162
6360	bdc8	bdc80000	-0.09765625	-0x1.9000000000000p-4	-25	256	normal	22202
6361	bdc9	bdc90000	-0.09814453125	-0x1.9200000000000p-4	-201	2048	normal	21274
6362	bdca	bdca0000	-0.0986328125	-0x1.9400000000000p-4	-101	1024	normal	20220
6363	bdcb	bdcb0000	-0.09912109375	-0x1.9600000000000p-4	-203	2048	normal	19200
6364	bdcc	bdcc0000	-0.099609375	-0x1.9800000000000p-4	-51	512	normal	18491
6365	bdcd	bdcd0000	-0.10009765625	-0x1.9a00000000000p-4	-205	2048	normal	17454
6366	bdce	bdce0000	-0.1005859375	-0x1.9c00000000000p-4	-103	1024	normal	16873
6367	bdcf	bdcf0000	-0.10107421875	-0x1.9e00000000000p-4	-207	2048	normal	16200
6368	bdd0	bdd00000	-0.1015625	-0x1.a000000000000p-4	-13	128	normal	15609
6369	bdd1	bdd10000	-0.10205078125	-0x1.a200000000000p-4	-209	2048	normal	15093
6370	bdd2	bdd20000	-0.1025390625	-0x1.a400000000000p-4	-105	1024	normal	14040
6371	bdd3	bdd30000	-0.10302734375	-0x1.a600000000000p-4	-211	2048	normal	13615
6372	bdd4	bdd40000	-0.103515625	-0x1.a800000000000p-4	-53	512	normal	12976
6373	bdd5	bdd50000	-0.10400390625	-0x1.aa00000000000p-4	-213	2048	normal	12387
6374	bdd6	bdd60000	-0.1044921875	-0x1.ac00000000000p-4	-107	1024	normal	12087
6375	bdd7	bdd70000	-0.10498046875	-0x1.ae00000000000p-4	-215	2048	normal	11289
6376	bdd8	bdd80000	-0.10546875	-0x1.b000000000000p-4	-27	256	normal	10970
6377	bdd9	bdd90000	-0.10595703125	-0x1.b200000000000p-4	-217	2048	normal	10639
6378	bdda	bdda0000	-0.1064453125	-0x1.b400000000000p-4	-109	1024	normal	10257
6379	bddb	bddb0000	-0.10693359375	-0x1.b600000000000p-4	-219	2048	normal	9721
6380	bddc	bddc0000	-0.107421875	-0x1.b800000000000p-4	-55	512	normal	9258
6381	bddd	bddd0000	-0.10791015625	-0x1.ba00000000000p-4	-221	2048	normal	9043
6382	bdde	bdde0000	-0.1083984375	-0x1.bc00000000000p-4	-111	1024	normal	8611
6383	bddf	bddf0000	-0.10888671875	-0x1.be00000000000p-4	-223	2048	normal	8316
6384	bde0	bde00000	-0.109375	-0x1.c000000000000p-4	-7	64	normal	8057
6385	bde1	bde10000	-0.10986328125	-0x1.c200000000000p-4	-225	2048	normal	7788
6386	bde2	bde20000	-0.1103515625	-0x1.c400000000000p-4	-113	1024	normal	7398
6387	bde3	bde30000	-0.11083984375	-0x1.c600000000000p-4	-227	2048	normal	7075
6388	bde4	bde40000	-0.111328125	-0x1.c800000000000p-4	-57	512	normal	6913
6389	bde5	bde50000	-0.11181640625	-0x1.ca00000000000p-4	-229	2048	normal	6676
6390	bde6	bde60000	-0.1123046875	-0x1.cc00000000000p-4	-115	1024	normal	6444
6391	bde7	bde70000	-0.11279296875	-0x1.ce00000000000p-4	-231	2048	normal	6097
6392	bde8	bde80000	-0.11328125	-0x1.d000000000000p-4	-29	256	normal	5865
6393	bde9	bde90000	-0.11376953125	-0x1.d200000000000p-4	-233	2048	normal	5771
6394	bdea	bdea0000	-0.1142578125	-0x1.d400000000000p-4	-117	1024	normal	5515
6395	bdeb	bdeb0000	-0.11474609375	-0x1.d600000000000p-4	-235	2048	normal	5372
6396	bdec	bdec0000	-0.115234375	-0x1.d800000000000p-4	-59	512	normal	5254
6397	bded	bded0000	-0.11572265625	-0x1.da00000000000p-4	-237	2048	normal	5163
6398	bdee	bdee0000	-0.1162109375	-0x1.dc00000000000p-4	-119	1024	normal	4930
6399	bdef	bdef0000	-0.11669921875	-0x1.de00000000000p-4	-239	2048	normal	4838
6400	bdf0	bdf00000	-0.1171875	-0x1.e000000000000p-4	-15	128	normal	4571
6401	bdf1	bdf10000	-0.11767578125	-0x1.e200000000000p-4	-241	2048	normal	4468
6402	bdf2	bdf20000	-0.1181640625	-0x1.e400000000000p-4	-121	1024	normal	4479
6403	bdf3	bdf30000	-0.11865234375	-0x1.e600000000000p-4	-243	2048	normal	4389
6404	bdf4	bdf40000	-0.119140625	-0x1.e800000000000p-4	-61	512	normal	4229
6405	bdf5	bdf50000	-0.11962890625	-0x1.ea00000000000p-4	-245	2048	normal	4171
6406	bdf6	bdf60000	-0.1201171875	-0x1.ec00000000000p-4	-123	1024	normal	4055
6407	bdf7	bdf70000	-0.12060546875	-0x1.ee00000000000p-4	-247	2048	normal	3906
6408	bdf8	bdf80000	-0.12109375	-0x1.f000000000000p-4	-31	256	normal	3758
6409	bdf9	bdf90000	-0.12158203125	-0x1.f200000000000p-4	-249	2048	normal	3863
6410	bdfa	bdfa0000	-0.1220703125	-0x1.f400000000000p-4	-125	1024	normal	3683
6411	bdfb	bdfb0000	-0.12255859375	-0x1.f600000000000p-4	-251	2048	normal	3535
6412	bdfc	bdfc0000	-0.123046875	-0x1.f800000000000p-4	-63	512	normal	3482
6413	bdfd	bdfd0000	-0.12353515625	-0x1.fa00000000000p-4	-253	2048	normal	3371
6414	bdfe	bdfe0000	-0.1240234375	-0x1.fc00000000000p-4	-127	1024	normal	3517
6415	bdff	bdff0000	-0.12451171875	-0x1.fe00000000000p-4	-255	2048	normal	3659
6416	be00	be000000	-0.125	-0x1.0000000000000p-3	-1	8	normal	3831
6417	be01	be010000	-0.1259765625	-0x1.0200000000000p-3	-129	1024	normal	6234
6418	be02	be020000	-0.126953125	-0x1.0400000000000p-3	-65	512	normal	6032
6419	be03	be030000	-0.1279296875	-0x1.0600000000000p-3	-131	1024	normal	5854
6420	be04	be040000	-0.12890625	-0x1.0800000000000p-3	-33	256	normal	5676
6421	be05	be050000	-0.1298828125	-0x1.0a00000000000p-3	-133	1024	normal	5368
6422	be06	be060000	-0.130859375	-0x1.0c00000000000p-3	-67	512	normal	5332
6423	be07	be070000	-0.1318359375	-0x1.0e00000000000p-3	-135	1024	normal	5163
6424	be08	be080000	-0.1328125	-0x1.1000000000000p-3	-17	128	normal	4947
6425	be09	be090000	-0.1337890625	-0x1.1200000000000p-3	-137	1024	normal	4850
6426	be0a	be0a0000	-0.134765625	-0x1.1400000000000p-3	-69	512	normal	4624
6427	be0b	be0b0000	-0.1357421875	-0x1.1600000000000p-3	-139	1024	normal	4678
6428	be0c	be0c0000	-0.13671875	-0x1.1800000000000p-3	-35	256	normal	4227
6429	be0d	be0d0000	-0.1376953125	-0x1.1a00000000000p-3	-141	1024	normal	4282
6430	be0e	be0e0000	-0.138671875	-0x1.1c00000000000p-3	-71	512	normal	4033
6431	be0f	be0f0000	-0.1396484375	-0x1.1e00000000000p-3	-143	1024	normal	3913
6432	be10	be100000	-0.140625	-0x1.2000000000000p-3	-9	64	normal	3861
6433	be11	be110000	-0.1416015625	-0x1.2200000000000p-3	-145	1024	normal	3776
6434	be12	be120000	-0.142578125	-0x1.2400000000000p-3	-73	512	normal	3527
6435	be13	be130000	-0.1435546875	-0x1.2600000000000p-3	-147	1024	normal	3551
6436	be14	be140000	-0.14453125	-0x1.2800000000000p-3	-37	256	normal	3278
6437	be15	be150000	-0.1455078125	-0x1.2a00000000000p-3	-149	1024	normal	3176
6438	be16	be160000	-0.146484375	-0x1.2c00000000000p-3	-75	512	normal	3044
6439	be17	be170000	-0.1474609375	-0x1.2e00000000000p-3	-151	1024	normal	2870
6440	be18	be180000	-0.1484375	-0x1.3000000000000p-3	-19	128	normal	2851
6441	be19	be190000	-0.1494140625	-0x1.3200000000000p-3	-153	1024	normal	2744
6442	be1a	be1a0000	-0.150390625	-0x1.3400000000000p-3	-77	512	normal	2678
6443	be1b	be1b0000	-0.1513671875	-0x1.3600000000000p-3	-155	1024	normal	2570
6444	be1c	be1c0000	-0.15234375	-0x1.3800000000000p-3	-39	256	normal	2441
6445	be1d	be1d0000	-0.1533203125	-0x1.3a00000000000p-3	-157	1024	normal	2372
6446	be1e	be1e0000	-0.154296875	-0x1.3c00000000000p-3	-79	512	normal	2268
6447	be1f	be1f0000	-0.1552734375	-0x1.3e00000000000p-3	-159	1024	normal	2103
6448	be20	be200000	-0.15625	-0x1.4000000000000p-3	-5	32	normal	2113
6449	be21	be210000	-0.1572265625	-0x1.4200000000000p-3	-161	1024	normal	1926
6450	be22	be220000	-0.158203125	-0x1.4400000000000p-3	-81	512	normal	1986
6451	be23	be230000	-0.1591796875	-0x1.4600000000000p-3	-163	1024	normal	1803
6452	be24	be240000	-0.16015625	-0x1.4800000000000p-3	-41	256	normal	1716
6453	be25	be250000	-0.1611328125	-0x1.4a00000000000p-3	-165	1024	normal	1725
6454	be26	be260000	-0.162109375	-0x1.4c00000000000p-3	-83	512	normal	1611
6455	be27	be270000	-0.1630859375	-0x1.4e00000000000p-3	-167	1024	normal	1518
6456	be28	be280000	-0.1640625	-0x1.5000000000000p-3	-21	128	normal	1454
6457	be29	be290000	-0.1650390625	-0x1.5200000000000p-3	-169	1024	normal	1435
6458	be2a	be2a0000	-0.166015625	-0x1.5400000000000p-3	-85	512	normal	1367
6459	be2b	be2b0000	-0.1669921875	-0x1.5600000000000p-3	-171	1024	normal	1271
6460	be2c	be2c0000	-0.16796875	-0x1.5800000000000p-3	-43	256	normal	1278
6461	be2d	be2d0000	-0.1689453125	-0x1.5a00000000000p-3	-173	1024	normal	1194
6462	be2e	be2e0000	-0.169921875	-0x1.5c00000000000p-3	-87	512	normal	1086
6463	be2f	be2f0000	-0.1708984375	-0x1.5e00000000000p-3	-175	1024	normal	1084
6464	be30	be300000	-0.171875	-0x1.6000000000000p-3	-11	64	normal	1039
6465	be31	be310000	-0.1728515625	-0x1.6200000000000p-3	-177	1024	normal	1066
6466	be32	be320000	-0.173828125	-0x1.6400000000000p-3	-89	512	normal	949
6467	be33	be330000	-0.1748046875	-0x1.6600000000000p-3	-179	1024	normal	914
6468	be34	be340000	-0.17578125	-0x1.6800000000000p-3	-45	256	normal	810
6469	be35	be350000	-0.1767578125	-0x1.6a00000000000p-3	-181	1024	normal	806
6470	be36	be360000	-0.177734375	-0x1.6c00000000000p-3	-91	512	normal	746
6471	be37	be370000	-0.1787109375	-0x1.6e00000000000p-3	-183	1024	normal	789
6472	be38	be380000	-0.1796875	-0x1.7000000000000p-3	-23	128	normal	676
6473	be39	be390000	-0.1806640625	-0x1.7200000000000p-3	-185	1024	normal	678
6474	be3a	be3a0000	-0.181640625	-0x1.7400000000000p-3	-93	512	normal	593
6475	be3b	be3b0000	-0.1826171875	-0x1.7600000000000p-3	-187	1024	normal	565
6476	be3c	be3c0000	-0.18359375	-0x1.7800000000000p-3	-47	256	normal	526
6477	be3d	be3d0000	-0.1845703125	-0x1.7a00000000000p-3	-189	1024	normal	525
6478	be3e	be3e0000	-0.185546875	-0x1.7c00000000000p-3	-95	512	normal	493
6479	be3f	be3f0000	-0.1865234375	-0x1.7e00000000000p-3	-191	1024	normal	485
6480	be40	be400000	-0.1875	-0x1.8000000000000p-3	-3	16	normal	434
6481	be41	be410000	-0.1884765625	-0x1.8200000000000p-3	-193	1024	normal	383
6482	be42	be420000	-0.189453125	-0x1.8400000000000p-3	-97	512	normal	372
6483	be43	be430000	-0.1904296875	-0x1.8600000000000p-3	-195	1024	normal	336
6484	be44	be440000	-0.19140625	-0x1.8800000000000p-3	-49	256	normal	264
6485	be45	be450000	-0.1923828125	-0x1.8a00000000000p-3	-197	1024	normal	285
6486	be46	be460000	-0.193359375	-0x1.8c00000000000p-3	-99	512	normal	219
6487	be47	be470000	-0.1943359375	-0x1.8e00000000000p-3	-199	1024	normal	253
6488	be48	be480000	-0.1953125	-0x1.9000000000000p-3	-25	128	normal	191
6489	be49	be490000	-0.1962890625	-0x1.9200000000000p-3	-201	1024	normal	187
6490	be4a	be4a0000	-0.197265625	-0x1.9400000000000p-3	-101	512	normal	177
6491	be4b	be4b0000	-0.1982421875	-0x1.9600000000000p-3	-203	1024	normal	166
6492	be4c	be4c0000	-0.19921875	-0x1.9800000000000p-3	-51	256	normal	150
6493	be4d	be4d0000	-0.2001953125	-0x1.9a00000000000p-3	-205	1024	normal	107
6494	be4e	be4e0000	-0.201171875	-0x1.9c00000000000p-3	-103	512	normal	101
6495	be4f	be4f0000	-0.2021484375	-0x1.9e00000000000p-3	-207	1024	normal	112
6496	be50	be500000	-0.203125	-0x1.a000000000000p-3	-13	64	normal	85
6497	be51	be510000	-0.2041015625	-0x1.a200000000000p-3	-209	1024	normal	74
6498	be52	be520000	-0.205078125	-0x1.a400000000000p-3	-105	512	normal	75
6499	be53	be530000	-0.2060546875	-0x1.a600000000000p-3	-211	1024	normal	58
6500	be54	be540000	-0.20703125	-0x1.a800000000000p-3	-53	256	normal	53
6501	be55	be550000	-0.2080078125	-0x1.aa00000000000p-3	-213	1024	normal	56
6502	be56	be560000	-0.208984375	-0x1.ac00000000000p-3	-107	512	normal	72
6503	be57	be570000	-0.2099609375	-0x1.ae00000000000p-3	-215	1024	normal	41
6504	be58	be580000	-0.2109375	-0x1.b000000000000p-3	-27	128	normal	36
6505	be59	be590000	-0.2119140625	-0x1.b200000000000p-3	-217	1024	normal	49
6506	be5a	be5a0000	-0.212890625	-0x1.b400000000000p-3	-109	512	normal	28
6507	be5b	be5b0000	-0.2138671875	-0x1.b600000000000p-3	-219	1024	normal	38
6508	be5c	be5c0000	-0.21484375	-0x1.b800000000000p-3	-55	256	normal	32
6509	be5d	be5d0000	-0.2158203125	-0x1.ba00000000000p-3	-221	1024	normal	31
6510	be5e	be5e0000	-0.216796875	-0x1.bc00000000000p-3	-111	512	normal	21
6511	be5f	be5f0000	-0.2177734375	-0x1.be00000000000p-3	-223	1024	normal	21
6512	be60	be600000	-0.21875	-0x1.c000000000000p-3	-7	32	normal	25
6513	be61	be610000	-0.2197265625	-0x1.c200000000000p-3	-225	1024	normal	16
6514	be62	be620000	-0.220703125	-0x1.c400000000000p-3	-113	512	normal	15
6515	be63	be630000	-0.2216796875	-0x1.c600000000000p-3	-227	1024	normal	13
6516	be64	be640000	-0.22265625	-0x1.c800000000000p-3	-57	256	normal	7
6517	be65	be650000	-0.2236328125	-0x1.ca00000000000p-3	-229	1024	normal	16
6518	be66	be660000	-0.224609375	-0x1.cc00000000000p-3	-115	512	normal	15
6519	be67	be670000	-0.2255859375	-0x1.ce00000000000p-3	-231	1024	normal	12
6520	be68	be680000	-0.2265625	-0x1.d000000000000p-3	-29	128	normal	3
6521	be69	be690000	-0.2275390625	-0x1.d200000000000p-3	-233	1024	normal	5
6522	be6a	be6a0000	-0.228515625	-0x1.d400000000000p-3	-117	512	normal	9
6523	be6b	be6b0000	-0.2294921875	-0x1.d600000000000p-3	-235	1024	normal	4
6524	be6c	be6c0000	-0.23046875	-0x1.d800000000000p-3	-59	256	normal	3
6525	be6d	be6d0000	-0.2314453125	-0x1.da00000000000p-3	-237	1024	normal	4
6526	be6e	be6e0000	-0.232421875	-0x1.dc00000000000p-3	-119	512	normal	3
6527	be6f	be6f0000	-0.2333984375	-0x1.de00000000000p-3	-239	1024	normal	8
6528	be70	be700000	-0.234375	-0x1.e000000000000p-3	-15	64	normal	10
6529	be71	be710000	-0.2353515625	-0x1.e200000000000p-3	-241	1024	normal	7
6530	be72	be720000	-0.236328125	-0x1.e400000000000p-3	-121	512	normal	4
6531	be73	be730000	-0.2373046875	-0x1.e600000000000p-3	-243	1024	normal	7
6532	be74	be740000	-0.23828125	-0x1.e800000000000p-3	-61	256	normal	3
6533	be75	be750000	-0.2392578125	-0x1.ea00000000000p-3	-245	1024	normal	6
6534	be76	be760000	-0.240234375	-0x1.ec00000000000p-3	-123	512	normal	5
6535	be77	be770000	-0.2412109375	-0x1.ee00000000000p-3	-247	1024	normal	4
6536	be78	be780000	-0.2421875	-0x1.f000000000000p-3	-31	128	normal	3
6537	be79	be790000	-0.2431640625	-0x1.f200000000000p-3	-249	1024	normal	5
6538	be7a	be7a0000	-0.244140625	-0x1.f400000000000p-3	-125	512	normal	4
6539	be7b	be7b0000	-0.2451171875	-0x1.f600000000000p-3	-251	1024	normal	2
6540	be7c	be7c0000	-0.24609375	-0x1.f800000000000p-3	-63	256	normal	6
6541	be7d	be7d0000	-0.2470703125	-0x1.fa00000000000p-3	-253	1024	normal	4
6542	be7e	be7e0000	-0.248046875	-0x1.fc00000000000p-3	-127	512	normal	2
6543	be7f	be7f0000	-0.2490234375	-0x1.fe00000000000p-3	-255	1024	normal	1
6544	be80	be800000	-0.25	-0x1.0000000000000p-2	-1	4	normal	2
6545	be81	be810000	-0.251953125	-0x1.0200000000000p-2	-129	512	normal	4
6546	be82	be820000	-0.25390625	-0x1.0400000000000p-2	-65	256	normal	4
6547	be83	be830000	-0.255859375	-0x1.0600000000000p-2	-131	512	normal	1
6548	be84	be840000	-0.2578125	-0x1.0800000000000p-2	-33	128	normal	3
6549	be85	be850000	-0.259765625	-0x1.0a00000000000p-2	-133	512	normal	1
6550	be86	be860000	-0.26171875	-0x1.0c00000000000p-2	-67	256	normal	5
6551	be87	be870000	-0.263671875	-0x1.0e00000000000p-2	-135	512	normal	1
6552	be88	be880000	-0.265625	-0x1.1000000000000p-2	-17	64	normal	5
6553	be89	be890000	-0.267578125	-0x1.1200000000000p-2	-137	512	normal	4
6554	be8a	be8a0000	-0.26953125	-0x1.1400000000000p-2	-69	256	normal	2
6555	be8b	be8b0000	-0.271484375	-0x1.1600000000000p-2	-139	512	normal	3
6556	be8c	be8c0000	-0.2734375	-0x1.1800000000000p-2	-35	128	normal	5
6557	be8e	be8e0000	-0.27734375	-0x1.1c00000000000p-2	-71	256	normal	2
6558	be8f	be8f0000	-0.279296875	-0x1.1e00000000000p-2	-143	512	normal	2
6559	be90	be900000	-0.28125	-0x1.2000000000000p-2	-9	32	normal	3
6560	be91	be910000	-0.283203125	-0x1.2200000000000p-2	-145	512	normal	2
6561	be92	be920000	-0.28515625	-0x1.2400000000000p-2	-73	256	normal	2
6562	be93	be930000	-0.287109375	-0x1.2600000000000p-2	-147	512	normal	2
6563	be94	be940000	-0.2890625	-0x1.2800000000000p-2	-37	128	normal	1
6564	be97	be970000	-0.294921875	-0x1.2e00000000000p-2	-151	512	normal	1
6565	be9a	be9a0000	-0.30078125	-0x1.3400000000000p-2	-77	256	normal	1
6566	be9b	be9b0000	-0.302734375	-0x1.3600000000000p-2	-155	512	normal	2
6567	be9c	be9c0000	-0.3046875	-0x1.3800000000000p-2	-39	128	normal	2
6568	be9d	be9d0000	-0.306640625	-0x1.3a00000000000p-2	-157	512	normal	2
6569	be9e	be9e0000	-0.30859375	-0x1.3c00000000000p-2	-79	256	normal	1
6570	bea1	bea10000	-0.314453125	-0x1.4200000000000p-2	-161	512	normal	1
6571	bea6	bea60000	-0.32421875	-0x1.4c00000000000p-2	-83	256	normal	1
6572	bea9	bea90000	-0.330078125	-0x1.5200000000000p-2	-169	512	normal	1
6573	beac	beac0000	-0.3359375	-0x1.5800000000000p-2	-43	128	normal	1
6574	beb1	beb10000	-0.345703125	-0x1.6200000000000p-2	-177	512	normal	1
6575	beb2	beb20000	-0.34765625	-0x1.6400000000000p-2	-89	256	normal	1
6576	beb4	beb40000	-0.3515625	-0x1.6800000000000p-2	-45	128	normal	1
6577	beba	beba0000	-0.36328125	-0x1.7400000000000p-2	-93	256	normal	3
6578	bebc	bebc0000	-0.3671875	-0x1.7800000000000p-2	-47	128	normal	1
6579	bebd	bebd0000	-0.369140625	-0x1.7a00000000000p-2	-189	512	normal	1
6580	bec3	bec30000	-0.380859375	-0x1.8600000000000p-2	-195	512	normal	1
6581	bec5	bec50000	-0.384765625	-0x1.8a00000000000p-2	-197	512	normal	1
6582	bec7	bec70000	-0.388671875	-0x1.8e00000000000p-2	-199	512	normal	1
6583	bed0	bed00000	-0.40625	-0x1.a000000000000p-2	-13	32	normal	1
6584	bed7	bed70000	-0.419921875	-0x1.ae00000000000p-2	-215	512	normal	1
6585	bee5	bee50000	-0.447265625	-0x1.ca00000000000p-2	-229	512	normal	1
6586	beed	beed0000	-0.462890625	-0x1.da00000000000p-2	-237	512	normal	1
6587	bef7	bef70000	-0.482421875	-0x1.ee00000000000p-2	-247	512	normal	1
6588	bf00	bf000000	-0.5	-0x1.0000000000000p-1	-1	2	normal	1
6589	bf14	bf140000	-0.578125	-0x1.2800000000000p-1	-37	64	normal	1
