client/bin/client	2306:57938678:39112:2026-10-02 11:45:59.899709534 +0200:755:0:0	e8a85b4666d90ae6502ff928d5686ac52dbf5e546993e74ad2560f8107f20992
client/bin/configs/README.md	2306:57938698:485:2026-10-02 06:23:29.550310788 +0200:644:0:0	eb11bc3c09bdedf52094368cfdbada842fe7efb398e764cd4a04409c5700dd21
client/bin/configs/tokenizer_config.json	2306:12324096:3478:2026-09-21 19:11:16.841697180 +0200:644:0:0	5d0803c94db9cd78763499e0956c95fd5a225c14a727e5a6cf5db3f96f010a6e
client/bin/test-client	2306:57938679:38976:2026-10-02 11:44:54.426591358 +0200:755:0:0	c6f33520bd66d8ba0c941af3589019fa7cb3a21ee00083209d0fe198b115be97
client/bin/test-client-sanitized	2306:57938680:255824:2026-10-02 05:53:47.729771426 +0200:755:0:0	92e78233387909e4c5bd594f6e8a20838be616fed5f565bbc51f44d178f4bbfb
client/bin/test-head	2306:57940758:38720:2026-10-02 11:46:00.199705503 +0200:755:0:0	1410e5b4f5f282527c1b4a47f8c1e16745277fe9a5341c7fd68a4f009c902ff0
client/bin/test-input	2306:57940864:38728:2026-10-02 12:16:25.697826438 +0200:755:0:0	f9d243d345279698e4f438f918e94325b16520a3f7a8ae746aee4c6025e051c6
client/bin/test-numeric	2306:57940756:38672:2026-10-02 11:44:54.097595800 +0200:755:0:0	7f1ea1778dabaf764b1269803099258011de16968e521b1a5251f08d2dad3591
client/client.c	2306:57938676:22661:2026-10-02 11:45:54.573781116 +0200:644:0:0	6e596346ea6f5aa2709b2b90b7f861744c29e1e8a0f58dc60ee254986476000f
client/CONTEXT.md	2306:57938683:22934:2026-10-02 12:23:56.968150609 +0200:644:0:0	22b1f025ac26cae5e1dbf26d5ac330092b538a1d52326e8cfb42b6a6e9c28738
client/decode.h	2306:57940754:7924:2026-10-02 11:44:49.726654826 +0200:644:0:0	165277ee22acb5e42e6f406804ae20c912d1c26914416e6fb8cee2545444b2f0
client/.gitignore	2306:57938689:64:2026-10-02 06:23:34.943241318 +0200:644:0:0	ae92c56d73e8f311fe789952424ec5bc494d81ea36e068caefd7482637c97853
client/numeric-table.h	2306:57940752:10100:2026-10-02 11:45:55.563767816 +0200:644:0:0	ba7ce5eec6f963e7cf4cd6897f7522e659ef2a01b35d73aa9542786e0e343f70
client/README.md	2306:57938682:7055:2026-10-02 06:23:20.014433612 +0200:644:0:0	2c4a02a65a274e7fd52b7f62f5f65a872bc929565f0b32d527fc20f1d044d48a
client/sha256.h	2306:57940753:4103:2026-10-02 11:44:48.655669293 +0200:644:0:0	75f629bb837aca4c7031faa9880773b68651fb1522f67f23bff3f46692a106c9
client/test-client.c	2306:57938677:5977:2026-10-02 05:53:43.899822434 +0200:644:0:0	b957e37e0095c870fd897a46c531e06dfada141b9202a83201830641adf59b41
client/test-head.c	2306:57940757:3091:2026-10-02 11:45:56.555754476 +0200:644:0:0	df15505c332bb375c1d22b119c14d6a347c8231f66c9797c3ca3d15b4c9f31fc
client/test-input.c	2306:57940863:1707:2026-10-02 12:16:22.332870059 +0200:644:0:0	3861bb4f6f24232c5f01469712227e31b91273443ee839c561f9901f9b258781
client/test-numeric.c	2306:57940755:1002:2026-10-02 11:44:50.791640444 +0200:644:0:0	2eb79b766c40e828205cee90e310bebf3fee2713953b27538853451e45813422
normalization/bin/normalization	2306:57940729:25784:2026-10-02 11:18:04.432159275 +0200:755:0:0	d69586f724aa73c3a468366e68aca8103172a9be0656e94c5ea61e120605a3de
normalization/bin/pipeline-stage.so	2306:57940769:25024:2026-10-02 11:49:11.788146898 +0200:755:0:0	4934477331557e6ff7b216917b7ad45a5e7aff14ccd3845d423e4e4f65d46a8b
normalization/bin/test-normalization-sanitized	2306:57940731:239344:2026-10-02 11:18:04.701155937 +0200:755:0:0	89a767e3bfb5d72873031f7113e47b2a06307f7821968a2d0df71386db148331
normalization/bin/test-reference	2306:57940736:91856:2026-10-02 11:19:39.543975915 +0200:755:0:0	10f55193759e72181add31d3a218dd30049004dfbfdb6ec8fa81acd1658ac733
normalization/bin/test-schema-sanitized	2306:57940743:245904:2026-10-02 11:28:00.783651389 +0200:755:0:0	2e7a22e563be45a8b0a2451e49e470f7a12c1d4bda1839b4c9ebaf18bd26b470
normalization/CONTEXT.md	2306:57940746:6233:2026-10-02 11:32:22.198318666 +0200:644:0:0	53da18059d966bf0bb23f740cee7a17b0ca07f115d63abb0c792bf1340ffb1da
normalization/.gitignore	2306:57940744:64:2026-10-02 11:32:13.497429811 +0200:644:0:0	4147084c48c2302d4d1dfa50f7b7639911d9c10e2722cebc396a6299e6d444e5
normalization/json.h	2306:57940728:8041:2026-10-02 11:32:08.834489376 +0200:644:0:0	981e98d52eabfedb81040ef4b1fba30cee4c754379108d86d372d99c8067f809
normalization/MOVE-JOURNAL.tsv	2306:57940741:150:2026-10-02 11:20:55.460026454 +0200:644:0:0	9304cd07b188f0acbf18a33562a2f935413ee478f71ca26ca26b95e6cd7cf5f4
normalization/move-leaves.sh	2306:57940737:2413:2026-10-02 11:33:01.700813880 +0200:644:0:0	529a83770bc46c65e99c754cdcf9c3b98a8f88477c78d1c935ac95408030b4ef
normalization/MOVE-PLAN.tsv	2306:57940738:252:2026-10-02 11:20:40.592212725 +0200:644:0:0	0f10bbbffd67c641fddffcdb87e16f57c7b2d9f41e13c0a028578f4d5b262959
normalization/normalization.c	2306:57940727:14191:2026-10-02 11:32:04.176548860 +0200:644:0:0	a24dd7292ac99114b9d72da07f9d2b8277d43002fe4f28aa95d707879537af04
normalization/prepare-json.mjs	2306:57940747:866:2026-10-02 11:32:26.421264709 +0200:644:0:0	5a3e576881e1b6eb40f4ae7491a8e9f568b9f462ab6434f69e28a26f881850c0
normalization/prepare-reference.mjs	2306:57940748:1695:2026-10-02 11:32:30.820208516 +0200:644:0:0	567ffb50b4021ba859ba5fbaa575afa012d4bf57a33a39491884814f1f3df9cb
normalization/README.md	2306:57940745:6819:2026-10-02 11:32:17.987372456 +0200:644:0:0	6ad655840b44e845498491b891a6dea8fe669525b75fbe8f646b7ed74b375894
normalization/reference-check.inc	2306:57940749:2433:2026-10-02 11:32:35.172152915 +0200:644:0:0	f1beb7ad144871fcf98b9824d4e75fba88c5f7a1491053cb10f07ba5b81c3c7c
normalization/reference-results.log	2306:57940735:5603:2026-10-02 11:19:54.998782957 +0200:644:0:0	8eb0617ee8641f2a71dd30bfa4000ab0bd47b4d4f23d715a43ddfc0cd61fb626
normalization/reference-tail.inc	2306:57940732:93673:2026-10-02 11:19:33.758048115 +0200:644:0:0	85ae10adadcfd8102732e6ffed0b8b689b73fbdbde5305c3f92550cd5c5b6719
normalization/test-cli.mjs	2306:57940750:1948:2026-10-02 11:32:57.417868632 +0200:644:0:0	0799bf257c1881d219a2ded6abc7d5f7d14678409855bf6abd2dd9b1d17b7001
normalization/test-normalization.c	2306:57940730:1509:2026-10-02 11:32:48.419983616 +0200:644:0:0	7bc6f38a3d56aee0bf36b91ddf1dc8e2ae7017bd54b3566d187c977cc7a9dcd4
normalization/test-reference.c	2306:57940733:5575:2026-10-02 11:32:39.655095633 +0200:644:0:0	96a4ecaf77e06304c90421cbe2613e822bb7cbe61aa84681d6a1f4034735a52c
normalization/test-reference.sh	2306:57940734:800:2026-10-02 11:32:44.129038453 +0200:644:0:0	890daae826da7cfa96e0311bac2554d76e394d2c1bed6322f8d0417b54e4cba0
normalization/test-schema.c	2306:57940742:3067:2026-10-02 11:32:52.875926674 +0200:644:0:0	ff833ab87c61eeb393c3381a953271dee3835810539354cedab0b37a01f8431d
pipeline/bin/pipeline	2306:57940767:43480:2026-10-02 11:49:11.513150551 +0200:755:0:0	9bb990b2b03cfeea2438890116c75386ec562ee30041097954f3c7b787a2dacb
pipeline/bin/test-tokenizer	2306:57940862:50656:2026-10-02 11:49:38.745789045 +0200:755:0:0	e984a2c401402776f91514223925bd2f648b0a6ba6644543141d54c7aad90540
pipeline/bin/trace-input	2306:57940866:55008:2026-10-02 12:22:34.733190315 +0200:755:0:0	4c82c19b12e3e6c095d5417eb25e9b11ee7db822c0c34bfdd4c67998b5e28815
pipeline/build.sh	2306:57940761:964:2026-10-02 11:49:04.807239641 +0200:644:0:0	7eb2ef44b628ac3a374ac108e8cf000e09203c1471ba2934769a980a84e6a671
pipeline/CONTEXT.md	2306:57940762:5014:2026-10-02 12:24:00.987099728 +0200:644:0:0	b5dc0798a9ebcf1bb213fe9a930b97c53ee6f2ae6f2acce39f9ae7bbe9dc555a
pipeline/.gitignore	2306:57940760:5:2026-10-02 11:49:04.014250184 +0200:644:0:0	1196586dcd47e00bde41b5cdf054988c1c9e9fcde7c70fb2437b7365b4dc6fbd
pipeline/pipeline.c	2306:57940763:8781:2026-10-02 11:49:06.400218471 +0200:644:0:0	143e737c6d27c3f7d92d8173b8a5afd5be025ef7fa6f23859fb3727e4df6e824
pipeline/run-prompt.mjs	2306:57940764:3422:2026-10-02 11:49:07.192207954 +0200:644:0:0	14a1bffb992e867bbf9237cd1198c0663a472752656c3d250b57d432fda66e51
pipeline/test-tokenizer.c	2306:57940765:375:2026-10-02 11:49:07.986197397 +0200:644:0:0	9d69d90e7cbeacae0c0e5b3db60f41e4007d5b0c6ea5fb0668b2a1c717be29ef
pipeline/trace-input.c	2306:57940865:3146:2026-10-02 12:21:56.980666507 +0200:644:0:0	2d67257fcfe6a141853d1ef1b00e68675e65291bbab8c4c25ff819bd09fbfbe0
server/BIN-DATASET-JOURNAL.tsv	2306:57938727:409:2026-10-02 07:10:51.412763999 +0200:644:0:0	164a4f45423674ba5c40d6e63d4f47ceb57c444c570373f637a833931c958812
server/BIN-DATASET-PLAN.tsv	2306:57938726:1275:2026-10-02 07:10:39.014937620 +0200:644:0:0	ec08e501df48477618543487eaadde293935398f206fbcb315c0c1d4cf2a7ab7
server/bin/pipeline-stage.so	2306:57940768:21048:2026-10-02 11:49:11.651148718 +0200:755:0:0	a7d6d064e81a71b1d7cdc0482f02be03e0dbd548aaf00e8c54b437b5cbc952b8
server/bin/server	2306:57938694:26024:2026-10-02 06:46:40.277536062 +0200:755:0:0	34c90c49bd0ef08007bbc8a501df2afc41b5912bcbd88e35c7d60bb427e6a7b3
server/bin/test-server-reference	2306:57938707:87680:2026-10-02 06:51:21.970926587 +0200:755:0:0	b9b6294a0319c1d4cec4e42e973d9981d0659b63290ebe7b5d0c726c85030ce0
server/bin/test-server-sanitized	2306:57938714:264360:2026-10-02 06:46:40.612531783 +0200:755:0:0	5df42bd05aec7f845d8acd9937213944d733bf7cc5f833c8b99b7c9f58f8479d
server/CONTEXT.md	2306:57938716:15863:2026-10-02 11:04:27.778243263 +0200:644:0:0	02447f9890647804b002ee054adf4b8fbe9a6f01d6abbfd5f5dea626b8c42d0b
server/.gitignore	2306:57938717:100:2026-10-02 07:13:11.238823456 +0200:644:0:0	bb1a75e7e6f888f93d9b27a63c403e294783205536d5144e7ff4d78ae5fe9a06
server/move-dataset-to-bin.sh	2306:57938725:4025:2026-10-02 07:10:35.274990051 +0200:644:0:0	a18060d8b4b080fc74dad801bed7fd19a4515249667674ad1203f8515bd1caa3
server/move-qkv.sh	2306:57938708:2643:2026-10-02 06:55:45.717532576 +0200:644:0:0	0a77048abc4c07186d938b21f48fc200860e6a379dc7818ae6df5b18e1da6987
server/move-trunk-zero.sh	2306:57938721:3048:2026-10-02 06:59:21.181753565 +0200:644:0:0	257bc656cccb9a7313600cc803869a88c91dd990c29504e3ff8837783491c28b
server/prepare-reference.mjs	2306:57938719:1241:2026-10-02 06:55:21.138849275 +0200:644:0:0	b1c9eeba8dfce1f14fe1f40360ca3ee53d8d2fe995af12befecb4ea791119c3b
server/QKV-DEDUP-JOURNAL.tsv	2306:57940724:370:2026-10-02 11:01:57.563199944 +0200:644:0:0	72d290b865c101dd82c20fbf3dc612d72aa86b673b3a1691a2ffab5a05f72dd3
server/QKV-DEDUP-PLAN.tsv	2306:57940723:1076:2026-10-02 11:01:42.099401360 +0200:644:0:0	6590d96bb47a31cb8c0b86c4975e6935ca6242ab02f2e25b6d3bb5cd6d150627
server/QKV-MOVE-JOURNAL.tsv	2306:57938712:149:2026-10-02 06:45:26.061483087 +0200:644:0:0	d3206df1da4b4468a5c3e3a461e9ffe90eaaac2187ecd03512e1fb8afa086fdc
server/QKV-MOVE-PLAN.tsv	2306:57938709:267:2026-10-02 06:45:08.741703790 +0200:644:0:0	1d65f846a96ada29147c6c762420547dc1616237e3b8a6a863c751194e779fa6
server/README.md	2306:57938715:9321:2026-10-02 11:04:22.952306133 +0200:644:0:0	e9b31267ef902f55b64037118af6bd79f0c20052eca34c0320b917111d9a17e2
server/reference-zero.inc	2306:57938704:102095:2026-10-02 06:42:35.288653475 +0200:644:0:0	7c25ecdfc04d008b212be826b4ca3a0f4d754d253332aafec1f9d7c83f872461
server/remove-duplicate-qkv.sh	2306:57940722:4700:2026-10-02 11:01:38.378449822 +0200:644:0:0	a319107069f17ab35fd6e1f774fab1ed6c9c35bd3679a8b86b514fae05ce5d08
server/server.c	2306:57938692:23155:2026-10-02 06:54:55.636177820 +0200:644:0:0	734ef995e0e05866b50e71572722129d84f970f661007d0d2e88e4e95d726446
server/test-reference.sh	2306:57938706:1200:2026-10-02 06:55:40.806595860 +0200:644:0:0	9d1e79b0e73ab6a644eb03493a273d88f80ef6ea44c0d246b5d6fbc4641ca617
server/test-server.c	2306:57938713:2072:2026-10-02 06:55:30.969722616 +0200:644:0:0	0bd179362abd911b9066807b45c87e1b75ce76d8aa5cf7108769c64c74226f9b
server/test-server-reference.c	2306:57938705:2997:2026-10-02 06:55:35.907658988 +0200:644:0:0	0a4a3ea84069427544b8d72b40f139720702bf64a2ff866aee71890adc6436ac
server/test-stream.mjs	2306:57938720:2455:2026-10-02 06:55:26.005786566 +0200:644:0:0	32661d145c87e7977713241129820c7f46416670f8f1852d0518fb1473c8908a
server/TRUNK0-MOVE-JOURNAL.tsv	2306:57938724:186:2026-10-02 06:59:46.127431559 +0200:644:0:0	79982108285c47ba47dc1d095d45ea7d33e5169c9479fd2465898d2a634d6953
server/TRUNK0-MOVE-PLAN.tsv	2306:57938722:807:2026-10-02 06:59:25.354699702 +0200:644:0:0	b0614298a8051a4d4a218b916a20da56e5dd7aa3af99d8eeac1d3083a32118f8
tansformers/README.md	2306:57938754:1212:2026-10-02 10:43:16.000000000 +0200:666:0:0	203e7c8b10c852e70d8917dd6700e55b9546b7fe6a261dda1fa91c0b01ed48d7
tansformers/remaining/campaign.sh	2306:57938809:5725:2026-10-02 08:00:11.000000000 +0200:666:0:0	291d0cac4df23fa68fa371aee806728540686a526460a7f0bfd54b17de00b748
tansformers/remaining/cli-results.json	2306:57940531:1036:2026-10-02 10:40:46.000000000 +0200:666:0:0	e412f212126217c4394cda8753f0a2ca3d262aa332ea888029b0514c75c77c2d
tansformers/remaining/collect-metadata.sh	2306:57938766:635:2026-10-02 09:31:40.000000000 +0200:666:0:0	7f237f48c17d3a1115f9983a549b3885a2b335a387c0c92f30a9717c9b36775c
tansformers/remaining/completed-evidence.tar	2306:57940525:1341440:2026-10-02 10:41:15.695351014 +0200:644:0:0	a2ddb36492b805f33842fe565b7cd095ed941ce34f47dbf66f313fcf81016e04
tansformers/remaining/CONTEXT.md	2306:57938812:6851:2026-10-02 10:47:18.000000000 +0200:666:0:0	b8a6521d667e9e8c3b5f0e55a73a907dde746fc512b87478bf54b698c9d65892
tansformers/remaining/final-docs.tar	2306:57940526:918016:2026-10-02 10:48:01.879077102 +0200:644:0:0	3ad1a40125a14337fd92d2dbd71099fe16926d899de1334fdc616bb293f1e69d
tansformers/remaining/finalize.mjs	2306:57940533:7692:2026-10-02 10:42:03.000000000 +0200:666:0:0	15c8e3ed443fded67606f8a3a5c48b715abe8723b3133f14c54a90d1a79d3dcc
tansformers/remaining/FINAL-SYNC.sha256	2306:57940721:43508:2026-10-02 10:47:55.000000000 +0200:666:0:0	331f8b1a55fc67cb1fe7cf52b2ab453c010ed6840b68f81a900fbae05e8fa94e
tansformers/remaining/generate.mjs	2306:57940534:10879:2026-10-02 09:31:40.000000000 +0200:666:0:0	7dd94d5243a5c89e402d6f2a3ca693c4e0979dbb374710c3b266963faa091478
tansformers/remaining/.gitignore	2306:57940527:43:2026-10-02 10:38:56.000000000 +0200:666:0:0	ac0b5503f01f4f44ceab1315b1bad83c8dcd0e41561dbff157df1316d6db89fd
tansformers/remaining/LAYERS.md	2306:57940528:9133:2026-10-02 10:42:10.000000000 +0200:666:0:0	b60ee2defb86a85f754b4d90d8ccd1259292960b8dad720dd6cc175f96647e94
tansformers/remaining/load-operator.inc	2306:57940536:3730:2026-10-02 09:31:40.000000000 +0200:666:0:0	d54bdac9a86c4acbf5b59f501e90c0b083ec264aa5adb59ebc57463e93c9c80f
tansformers/remaining/local-builds.json	2306:57940530:18216:2026-10-02 10:46:51.000000000 +0200:666:0:0	d76547ff79203e128771b29b77025ac841dd9b52e5fa66be7775d694cb75e5d5
tansformers/remaining/metadata.tar	2306:57938767:3235840:2026-10-02 07:50:50.590325506 +0200:644:0:0	1eb1dceedc8a5ecbf75debdd9df32a95ebe74ef51ccc0f47c470fd7b41d154ab
tansformers/remaining/mla.inc	2306:57940535:4127:2026-10-02 09:31:40.000000000 +0200:666:0:0	7142fb15e2ebc939890340b3aa90a17aa28473438b67a3892b604b4acd793233
tansformers/remaining/move.log	2306:57939887:7811:2026-10-02 10:38:00.120883316 +0200:644:0:0	f6abd02f68a6000c98eb70131a486ad32e3d387544084cb7380ca95563c664ef
tansformers/remaining/preflight.log	2306:57939523:7810:2026-10-02 08:19:54.969882748 +0200:644:0:0	7181148784227bb3bab37b5b1f977de7ae686c2bb7535b60671571adeff62489
tansformers/remaining/prepare-reference.mjs	2306:57940538:2420:2026-10-02 09:31:40.000000000 +0200:666:0:0	5e36263c2146443f243e8c569a4e9ddc03b5cd48c9bae8afed027f4e0c21fd51
tansformers/remaining/process.inc	2306:57940537:5597:2026-10-02 09:31:40.000000000 +0200:666:0:0	89e0d514a0085dc97580a0d3f40536eac6ef6d4563e620915f8f454e0bb5dcad
tansformers/remaining/README.md	2306:57938813:5189:2026-10-02 10:47:18.000000000 +0200:666:0:0	99673a9883ad5d384e95d12a6a8f9c486e6a7b4feaa2f7189f5fb8d2875d48c5
tansformers/remaining/reference-all.inc	2306:57938769:93673:2026-10-02 07:53:58.000000000 +0200:666:0:0	85ae10adadcfd8102732e6ffed0b8b689b73fbdbde5305c3f92550cd5c5b6719
tansformers/remaining/representatives.tar	2306:57938768:342528:2026-10-02 07:54:03.434629782 +0200:644:0:0	e54ecbed8703b3fd3c4550e4b84a9d152a02adbc9c7f810b59376f4b1786484e
tansformers/remaining/results.json	2306:57940529:81330:2026-10-02 10:42:10.000000000 +0200:666:0:0	f08d8f2e115763abd53de0791a10e2224d778d1731ef2bbfd1b6b5e70a0e5f60
tansformers/remaining/SOURCE-LOCK.sha256	2306:57939880:66951:2026-10-02 08:19:55.008882282 +0200:644:0:0	3ce4e1b09122c0c3e9186b56f9db6ba7edf1ba0bf9ffcd6ee09e637acda01e5a
tansformers/remaining/sources.tar	2306:57938810:5803008:2026-10-02 08:01:29.697527591 +0200:644:0:0	8cb39732cb1b88aedd1494b94dab2386dd44a793546f9080505c16badd323c61
tansformers/remaining/test-cli.mjs	2306:57940532:2599:2026-10-02 10:38:56.000000000 +0200:666:0:0	2f801f087fc8296dff6d4f2c95818aed42477cb1f5a523e0f566844b02efd103
tansformers/remaining/test-controls.c	2306:57938811:1298:2026-10-02 08:00:11.000000000 +0200:666:0:0	5236523a5595d68bed70c09efdaf58b7b65c143fc1abe4b5ba857c8ef8c517e8
tansformers/remaining/test-reference	2306:57938808:83408:2026-10-02 08:23:36.964184557 +0200:755:0:0	4e04c27776a68cd1d23c39d6bfd099bfdbea79e3157c3b7588d8887efc7eda77
tansformers/remaining/test-reference.c	2306:57938770:6891:2026-10-02 07:58:48.000000000 +0200:666:0:0	ee27c4b5cf9f3f47f1516365dda2ae171d7bc63c3dbf3d851f7280d9171e0fa8
tansformers/remaining/test-reference.sh	2306:57938771:736:2026-10-02 07:53:37.000000000 +0200:666:0:0	1c3de6064c9416f95f57b5a4777c696099fad628f7417f38e5d3f90c4f05120d
tansformers/remaining/validation.log	2306:57939886:9735:2026-10-02 10:07:41.874432649 +0200:644:0:0	6f7c8b279c2a9aeb0a3035c99daab31822826ed1138cbae38c5b1cf8e1670a04
tansformers/remaining/validation-run.log	2306:57939881:9898:2026-10-02 10:07:44.519398996 +0200:644:0:0	01ff9ec149ce64d0df4659e73c39ceae7249fbf25b8edff0c2303470820c3b60
tansformers/transformer-10/bin/pipeline-stage.so	2306:57940779:34056:2026-10-02 11:49:14.679108500 +0200:755:0:0	891990776d7c894e614426a857f0ec3d368b2de8964b11a0100c8dd196357251
tansformers/transformer-10/bin/test-layer.so	2306:57939554:34056:2026-10-02 08:03:08.835187839 +0200:755:0:0	891990776d7c894e614426a857f0ec3d368b2de8964b11a0100c8dd196357251
tansformers/transformer-10/bin/transformer-10	2306:57939553:38896:2026-10-02 08:03:08.552191658 +0200:755:0:0	a0d21b206d78d0072815e026947cb4505fea13dce67fe7738a86eddd9ae00bb0
tansformers/transformer-10/CONTEXT.md	2306:57938878:1315:2026-10-02 10:42:10.000000000 +0200:666:0:0	bbf2fdf9d688308913ae48a01eaaca8afa64f7f7ef0dc40f7ca7af2d1a84b26d
tansformers/transformer-10/decode.h	2306:57938876:7755:2026-10-02 08:00:27.000000000 +0200:666:0:0	8c585b02da5bf2a1375860f8b62c24abff5e68532229a31af7d23717f91c717d
tansformers/transformer-10/generation.json	2306:57938877:420:2026-10-02 08:00:27.000000000 +0200:666:0:0	ebb6534a09af8792c66bd111a29045965f912bc86a1a270e73cdc1cd03582cb2
tansformers/transformer-10/.gitignore	2306:57938880:43:2026-10-02 08:00:27.000000000 +0200:666:0:0	8b76d3159d5267a56fae0c99703956ca7da19bf29250ed753899077f1fd5f4ed
tansformers/transformer-10/MOVE-JOURNAL.tsv	2306:57939946:101:2026-10-02 10:11:30.108514064 +0200:644:0:0	a5bb47d63af1ba5ea6e6c0538118d74976515399386ca03ab8ebcd6f8f923935
tansformers/transformer-10/MOVE-PLAN.tsv	2306:57939555:10775:2026-10-02 08:03:20.223034193 +0200:644:0:0	28c629b1dc624b890f549ab2f07bc77359efecbe28fc92294be6995b2e4d31e3
tansformers/transformer-10/README.md	2306:57938879:1989:2026-10-02 08:00:27.000000000 +0200:666:0:0	3a475239ab25c2cc841ca05f9044b5037dd84fa22c4ba2caca7527081427291f
tansformers/transformer-10/root.h	2306:57938875:9392:2026-10-02 08:00:27.000000000 +0200:666:0:0	654f31e09d8f1cfd721f576bc6b724a2133f4ef27748aeb662ac7d7239971d9f
tansformers/transformer-10/transformer-10.c	2306:57938874:37143:2026-10-02 08:00:27.000000000 +0200:666:0:0	7a74e9843288e58e633b700a614d59a4b9c0e0f6d44ea286acef0f9571044a2f
tansformers/transformer-10/verification.json	2306:57940555:787:2026-10-02 10:42:10.000000000 +0200:666:0:0	2de4f6dd5f5b883dc672f0edf7c900794894b96ef71d0796a03e28b4c0943632
tansformers/transformer-11/bin/pipeline-stage.so	2306:57940780:33968:2026-10-02 11:49:14.971104622 +0200:755:0:0	c2b22beb7c8af49c2274fc06d0caa97b270de504f6f19a724c2c33e5df3e5bf2
tansformers/transformer-11/bin/test-layer.so	2306:57939558:33968:2026-10-02 08:03:20.822026112 +0200:755:0:0	c2b22beb7c8af49c2274fc06d0caa97b270de504f6f19a724c2c33e5df3e5bf2
tansformers/transformer-11/bin/transformer-11	2306:57939557:38792:2026-10-02 08:03:20.536029970 +0200:755:0:0	d984215a6c85f84aef4971f962729a587adff079f42531248b299a39746e43f0
tansformers/transformer-11/CONTEXT.md	2306:57938886:1315:2026-10-02 10:42:10.000000000 +0200:666:0:0	3e530bf5e1cbf10dc72f6845a65a1a75d438ec8d889b05836d324e2a029afb5d
tansformers/transformer-11/decode.h	2306:57938884:7755:2026-10-02 08:00:27.000000000 +0200:666:0:0	8c585b02da5bf2a1375860f8b62c24abff5e68532229a31af7d23717f91c717d
tansformers/transformer-11/generation.json	2306:57938885:420:2026-10-02 08:00:27.000000000 +0200:666:0:0	af2f4971dc0bba0bf00584b14021d49aca8d5c369e39b51e4bcfffc2427678bf
tansformers/transformer-11/.gitignore	2306:57938888:43:2026-10-02 08:00:27.000000000 +0200:666:0:0	fcc501d284bc4dc59f6c94ee9506b50b0ab4b3baac3ff937d93d99d625994787
tansformers/transformer-11/MOVE-JOURNAL.tsv	2306:57939953:101:2026-10-02 10:11:49.010271223 +0200:644:0:0	9b6dfb96173bd398ef27493bc2b5a66dc1f48d87bf1c0ab90dc0d4cbc1007975
tansformers/transformer-11/MOVE-PLAN.tsv	2306:57939559:10773:2026-10-02 08:03:32.170873042 +0200:644:0:0	ba58647166e67460b3b971aff90ee5e8fe08d3add6d92672a9623a8a46eedf4d
tansformers/transformer-11/README.md	2306:57938887:2001:2026-10-02 08:00:27.000000000 +0200:666:0:0	11c2bdc73e74eb4e3eef542dfa2705fcd52dfc3578f4d2f0298ad6c80844e9a9
tansformers/transformer-11/root.h	2306:57938883:9392:2026-10-02 08:00:27.000000000 +0200:666:0:0	8a4aaac59d8397b4d5812e16d8cad4525a9ee2cac583845180544da5597e4e3e
tansformers/transformer-11/transformer-11.c	2306:57938882:36963:2026-10-02 08:00:27.000000000 +0200:666:0:0	c7ceb62b6d4ec52412b5ca469a9d2f560fa855476c8977efd07d7263d79521be
tansformers/transformer-11/verification.json	2306:57940557:787:2026-10-02 10:42:10.000000000 +0200:666:0:0	590af1e2c13576d142fdb4d0ea75f852f168871374aff4a2416ab8a2247c8b38
tansformers/transformer-12/bin/pipeline-stage.so	2306:57940781:34056:2026-10-02 11:49:15.259100797 +0200:755:0:0	2b3ffa4dc2b324b0ead4a9c5a2acc0583fdba0474cfc7c22c2045849f2b7f19b
tansformers/transformer-12/bin/test-controls	2306:57939884:483160:2026-10-02 08:22:08.314272174 +0200:755:0:0	3ed4d0b94097f8b460824e60ca97392b62f700445e816a8363333229fdf25ef6
tansformers/transformer-12/bin/test-layer.so	2306:57938805:34056:2026-10-02 08:03:32.761865072 +0200:755:0:0	2b3ffa4dc2b324b0ead4a9c5a2acc0583fdba0474cfc7c22c2045849f2b7f19b
tansformers/transformer-12/bin/transformer-12	2306:57939560:38896:2026-10-02 08:03:32.476868915 +0200:755:0:0	16d4b78a9b81b6ef344809c295c91fd722a6e80ecd7d358563ba8fd6490157c2
tansformers/transformer-12/CONTEXT.md	2306:57938791:1315:2026-10-02 10:42:10.000000000 +0200:666:0:0	fcb62d72cff6c33c8b112537e585ab84f76747d0b5ebd87d86ff28e8f4eefbf0
tansformers/transformer-12/decode.h	2306:57938789:7755:2026-10-02 07:52:45.000000000 +0200:666:0:0	8c585b02da5bf2a1375860f8b62c24abff5e68532229a31af7d23717f91c717d
tansformers/transformer-12/generation.json	2306:57938790:420:2026-10-02 08:00:27.000000000 +0200:666:0:0	46042656322791844f56b27d558dcfede3de391df3a067d9b25f48e4d556d105
tansformers/transformer-12/.gitignore	2306:57938792:43:2026-10-02 07:52:45.000000000 +0200:666:0:0	bce741568fce7e22df19cd980e60d121f0e0c7cc73eea8e6e24c8ca3caaff027
tansformers/transformer-12/MOVE-JOURNAL.tsv	2306:57939960:101:2026-10-02 10:12:08.400021962 +0200:644:0:0	911cc5e9a5b116d01cf798592309cc771023daa93c645826a0aae59953528f31
tansformers/transformer-12/MOVE-PLAN.tsv	2306:57939561:10775:2026-10-02 08:03:44.223710528 +0200:644:0:0	5d1f6bd4fca14f120e07d0dadc550f2e108a604a7f767df61565c10df70de514
tansformers/transformer-12/README.md	2306:57938889:1989:2026-10-02 08:00:27.000000000 +0200:666:0:0	139a5263f1e71e94e239c936988de17ae31f71bd825d06f4914ef493449a8978
tansformers/transformer-12/root.h	2306:57938788:9392:2026-10-02 07:52:45.000000000 +0200:666:0:0	84f8bb0aaec356e49b059eea20815fcacd62ed92a63579f1b7231f69794e23d8
tansformers/transformer-12/transformer-12.c	2306:57938787:37143:2026-10-02 07:58:48.000000000 +0200:666:0:0	8906b8e06cd03db5c895ce7b318a22938f535dea074f56ba933d3af8d5b5392d
tansformers/transformer-12/verification.json	2306:57940559:787:2026-10-02 10:42:10.000000000 +0200:666:0:0	1ace4bbc02951b13452ac3f7b4143df4254c982757c083ab771f84ce340b3080
tansformers/transformer-13/bin/pipeline-stage.so	2306:57940782:34056:2026-10-02 11:49:15.546096985 +0200:755:0:0	c94eecb5f640ccb60a91525912eb1055cf362d699dc86f991262c800399a83b5
tansformers/transformer-13/bin/test-layer.so	2306:57939564:34056:2026-10-02 08:03:44.814702560 +0200:755:0:0	c94eecb5f640ccb60a91525912eb1055cf362d699dc86f991262c800399a83b5
tansformers/transformer-13/bin/transformer-13	2306:57939563:38896:2026-10-02 08:03:44.529706402 +0200:755:0:0	0efa36051602a4d71df4bf252927aed5dec3213dcf1a5d83d73102fdec620011
tansformers/transformer-13/CONTEXT.md	2306:57938895:1315:2026-10-02 10:42:10.000000000 +0200:666:0:0	af30eb4b460c7b22e532ed24f74f350afbf1b4a74d3e3fd111fc3383c120abf3
tansformers/transformer-13/decode.h	2306:57938893:7755:2026-10-02 08:00:27.000000000 +0200:666:0:0	8c585b02da5bf2a1375860f8b62c24abff5e68532229a31af7d23717f91c717d
tansformers/transformer-13/generation.json	2306:57938894:420:2026-10-02 08:00:27.000000000 +0200:666:0:0	640b6a2575535db3630ad2fafaf49c2d616e2815e3388f24897bc3c9e2552e9d
tansformers/transformer-13/.gitignore	2306:57938897:43:2026-10-02 08:00:27.000000000 +0200:666:0:0	cd6486afd9a213b8e2cd239a034876468bdb5a97910fd92aaa7c6295bdaa1689
tansformers/transformer-13/MOVE-JOURNAL.tsv	2306:57939967:101:2026-10-02 10:12:27.855771707 +0200:644:0:0	f688dca94f6b173e465bdd7b3f780751080f0519ecd5c9cc09acc0302821fd1c
tansformers/transformer-13/MOVE-PLAN.tsv	2306:57939565:10776:2026-10-02 08:03:56.440545854 +0200:644:0:0	d1f8b07eb6758f97bfbcf523c03f7c477860402d095e87753509a6484e14a3af
tansformers/transformer-13/README.md	2306:57938896:1989:2026-10-02 08:00:27.000000000 +0200:666:0:0	964ec9fd1965dba1115e014f4a96d269ffb68508c4b65810ea2bc2799f9ef241
tansformers/transformer-13/root.h	2306:57938892:9393:2026-10-02 08:00:27.000000000 +0200:666:0:0	18b1fa0ce6ffe8091329fa56de972064872722f703b05a9762514d737636d251
tansformers/transformer-13/transformer-13.c	2306:57938891:37143:2026-10-02 08:00:27.000000000 +0200:666:0:0	98b3e263b713c4cf17fe16b78a4121acad1f0340299bb4e99f2a34e5408429bf
tansformers/transformer-13/verification.json	2306:57940561:787:2026-10-02 10:42:10.000000000 +0200:666:0:0	1332eba343d82e3c8980e89e2b3732c5bd4bdb99650ebb2941920cc35fb7e119
tansformers/transformer-14/bin/pipeline-stage.so	2306:57940783:34056:2026-10-02 11:49:15.835093147 +0200:755:0:0	fbb0bf4ee81e12bf6447819da3e9500ae57f6f67d7d73652f8a5b930ec447479
tansformers/transformer-14/bin/test-layer.so	2306:57939568:34056:2026-10-02 08:03:57.034537848 +0200:755:0:0	fbb0bf4ee81e12bf6447819da3e9500ae57f6f67d7d73652f8a5b930ec447479
tansformers/transformer-14/bin/transformer-14	2306:57939567:38896:2026-10-02 08:03:56.748541703 +0200:755:0:0	4489c64e2a7e71f8cfc54d8ed88e085a718656033d9645732165bb3fe91a3d6f
tansformers/transformer-14/CONTEXT.md	2306:57938903:1315:2026-10-02 10:42:10.000000000 +0200:666:0:0	4a31839da1d8863ab7e5572487a9ab627d4a16fadbf5fe5b506e5dd20c16d84f
tansformers/transformer-14/decode.h	2306:57938901:7755:2026-10-02 08:00:27.000000000 +0200:666:0:0	8c585b02da5bf2a1375860f8b62c24abff5e68532229a31af7d23717f91c717d
tansformers/transformer-14/generation.json	2306:57938902:420:2026-10-02 08:00:27.000000000 +0200:666:0:0	d943a2f46bfe67481588b0cfe767d53b147b2ffe51ec55cce7750ca9ed5f8e64
tansformers/transformer-14/.gitignore	2306:57938905:43:2026-10-02 08:00:27.000000000 +0200:666:0:0	2f74e30f38ccda9ade4576db9f7c1d4f3325c9c70785a87706be4e072ce88021
tansformers/transformer-14/MOVE-JOURNAL.tsv	2306:57939974:101:2026-10-02 10:12:47.288521604 +0200:644:0:0	51db89d0eaa36c1642ba8d5ea57e52a49d1fa1bb327ef2c48d984f5e00b3539d
tansformers/transformer-14/MOVE-PLAN.tsv	2306:57939569:10776:2026-10-02 08:04:08.532382915 +0200:644:0:0	06ec37b9dd2cf6761a63a244a940b77af588157b87cc0afe508a7e0ffff7f81f
tansformers/transformer-14/README.md	2306:57938904:1989:2026-10-02 08:00:27.000000000 +0200:666:0:0	7b89a696054cf64fdb13ad5c189079034ee9c299b8cb421627e3e2bd42e55fff
tansformers/transformer-14/root.h	2306:57938900:9393:2026-10-02 08:00:27.000000000 +0200:666:0:0	70c3cbcf9911c99bbad1cdb1daa687076ea1894cbc46b04797a4e93a217fc466
tansformers/transformer-14/transformer-14.c	2306:57938899:37143:2026-10-02 08:00:27.000000000 +0200:666:0:0	4a573a728ee785d8d0065bf3b18f251d75838b4f8bb842a4af2ff144f6b74cc4
tansformers/transformer-14/verification.json	2306:57940563:787:2026-10-02 10:42:10.000000000 +0200:666:0:0	d206842a860ed4b559fc92ba7b3e9d149bf94b047197de42bd10747e40f28d02
tansformers/transformer-15/bin/pipeline-stage.so	2306:57940784:33968:2026-10-02 11:49:16.124089309 +0200:755:0:0	aaa7169df812a8606805103ba8fb09e0a30a9333428ae36570d17de947731c8c
tansformers/transformer-15/bin/test-layer.so	2306:57939572:33968:2026-10-02 08:04:09.121374979 +0200:755:0:0	aaa7169df812a8606805103ba8fb09e0a30a9333428ae36570d17de947731c8c
tansformers/transformer-15/bin/transformer-15	2306:57939571:38792:2026-10-02 08:04:08.836378819 +0200:755:0:0	018d8900eaa970c66817a889037ff0c352e6f1a180c08324698d2de1e7592e43
tansformers/transformer-15/CONTEXT.md	2306:57938911:1315:2026-10-02 10:42:10.000000000 +0200:666:0:0	7b119acec9f9ef3c4629ae2b2ee9877db9c73dcbf7c3eaa8fce4f31e84048826
tansformers/transformer-15/decode.h	2306:57938909:7755:2026-10-02 08:00:27.000000000 +0200:666:0:0	8c585b02da5bf2a1375860f8b62c24abff5e68532229a31af7d23717f91c717d
tansformers/transformer-15/generation.json	2306:57938910:420:2026-10-02 08:00:27.000000000 +0200:666:0:0	42122623ebbfc33c20663f7c6c624973f0c47dfbefde9cc3122e8ea48671e7ce
tansformers/transformer-15/.gitignore	2306:57938913:43:2026-10-02 08:00:27.000000000 +0200:666:0:0	bbcb22230830dee6d86514a164bdf9c8779717251bd155f72d8187ccb5424712
tansformers/transformer-15/MOVE-JOURNAL.tsv	2306:57939981:101:2026-10-02 10:13:06.192278177 +0200:644:0:0	c4aba5b50fb593391d8ef953550905097be0d24750410e6c7e69e5376581a400
tansformers/transformer-15/MOVE-PLAN.tsv	2306:57939573:10774:2026-10-02 08:04:20.392223149 +0200:644:0:0	0f60bac802264b9f9faae72beb44b9cd6be7b485bd5e307b2e9b57c81384f4b9
tansformers/transformer-15/README.md	2306:57938912:2001:2026-10-02 08:00:27.000000000 +0200:666:0:0	db274748cc05f6f627d26bdb0df5beccf95530c51f78f2198f90321b58a037ae
tansformers/transformer-15/root.h	2306:57938908:9393:2026-10-02 08:00:27.000000000 +0200:666:0:0	d3ddce39e2077e6c55128e50609030c510ea191b4fe463eac49d04fb01736130
tansformers/transformer-15/transformer-15.c	2306:57938907:36963:2026-10-02 08:00:27.000000000 +0200:666:0:0	c3c499513286b12b3476cb8d1290aad568b2ca8b7ac6e22af873eb5d451b16da
tansformers/transformer-15/verification.json	2306:57940565:787:2026-10-02 10:42:10.000000000 +0200:666:0:0	c65f09a0525c1ff583a5a8800e0ef3569a2457737d63a7b4898aa5b002475097
tansformers/transformer-16/bin/pipeline-stage.so	2306:57940785:34056:2026-10-02 11:49:16.410085511 +0200:755:0:0	73fbcdea9425d4b569e4b19a9d3089603e4c631aae24046d6c9c455b178527a4
tansformers/transformer-16/bin/test-layer.so	2306:57939576:34056:2026-10-02 08:04:20.984215175 +0200:755:0:0	73fbcdea9425d4b569e4b19a9d3089603e4c631aae24046d6c9c455b178527a4
tansformers/transformer-16/bin/transformer-16	2306:57939575:38896:2026-10-02 08:04:20.697219041 +0200:755:0:0	ee037a80f294b6525b3a14526e7ad8c9c2a175cc6ffde5c0ad59a27813953093
tansformers/transformer-16/CONTEXT.md	2306:57938919:1315:2026-10-02 10:42:10.000000000 +0200:666:0:0	04ece4999b436bee5e24330c03e85169c363cb82d5d478374e3fe8533dc0188b
tansformers/transformer-16/decode.h	2306:57938917:7755:2026-10-02 08:00:27.000000000 +0200:666:0:0	8c585b02da5bf2a1375860f8b62c24abff5e68532229a31af7d23717f91c717d
tansformers/transformer-16/generation.json	2306:57938918:420:2026-10-02 08:00:27.000000000 +0200:666:0:0	a8aaaba13466ca8b6af98afeac0f0be94d14079e135b60d39169876d81239515
tansformers/transformer-16/.gitignore	2306:57938921:43:2026-10-02 08:00:27.000000000 +0200:666:0:0	5851c37c71c0b0e685c05510df6f8c564aeb96bc8aab59cd6216addc0afc7aec
tansformers/transformer-16/MOVE-JOURNAL.tsv	2306:57939988:101:2026-10-02 10:13:25.491029536 +0200:644:0:0	a740c2aa3396e68cd8ec667a88f29e0b27a9c1ee4c2005c8e5a38a46531c3453
tansformers/transformer-16/MOVE-PLAN.tsv	2306:57939577:10776:2026-10-02 08:04:32.643058165 +0200:644:0:0	e100960cfc65422c5b1c4c3d059b6ea9e1a684b457938734094ab415639650f4
tansformers/transformer-16/README.md	2306:57938920:1989:2026-10-02 08:00:27.000000000 +0200:666:0:0	f709b8eb73a66b04ae1b139e26cd55a182cc72ba6ee939c450d4f95f7e20e62a
tansformers/transformer-16/root.h	2306:57938916:9393:2026-10-02 08:00:27.000000000 +0200:666:0:0	c5205d4ad9310e05c16c13439b5adcfcad35f46be99d6eccb237645be6a3c7a2
tansformers/transformer-16/transformer-16.c	2306:57938915:37143:2026-10-02 08:00:27.000000000 +0200:666:0:0	7be20c363ba1aa084de42b5ff025e857f2ccdbb243db6ce042cbf647174c9288
tansformers/transformer-16/verification.json	2306:57940567:787:2026-10-02 10:42:10.000000000 +0200:666:0:0	9b18e01eeabcf8c9a8805a704534b264219926109bf18b3bf0a404f105ac3de4
tansformers/transformer-17/bin/pipeline-stage.so	2306:57940786:34056:2026-10-02 11:49:16.700081660 +0200:755:0:0	75dad4bb3d9151bb5b7280f8f90f1538368813de4ae7256ab7e398d174880b65
tansformers/transformer-17/bin/test-layer.so	2306:57939580:34056:2026-10-02 08:04:33.233050221 +0200:755:0:0	75dad4bb3d9151bb5b7280f8f90f1538368813de4ae7256ab7e398d174880b65
tansformers/transformer-17/bin/transformer-17	2306:57939579:38896:2026-10-02 08:04:32.948054058 +0200:755:0:0	3b5e898794e2b6ec103a71629b80ed5581f5c6aad61a188fb9b67f94ec287224
tansformers/transformer-17/CONTEXT.md	2306:57938927:1315:2026-10-02 10:42:10.000000000 +0200:666:0:0	a91a63a7d80704b424418d04566fdc050f9d390b8e7a2e56614e94cb14f3562e
tansformers/transformer-17/decode.h	2306:57938925:7755:2026-10-02 08:00:27.000000000 +0200:666:0:0	8c585b02da5bf2a1375860f8b62c24abff5e68532229a31af7d23717f91c717d
tansformers/transformer-17/generation.json	2306:57938926:420:2026-10-02 08:00:27.000000000 +0200:666:0:0	7e01bc720019b5dc0d352712dc9c633fe8a19f7408b7926b2876e060985bb641
tansformers/transformer-17/.gitignore	2306:57938929:43:2026-10-02 08:00:27.000000000 +0200:666:0:0	e923702301835ae15b4c9d25703632bd1ce3f4081c8619518fa8693b8bf8098f
tansformers/transformer-17/MOVE-JOURNAL.tsv	2306:57939995:101:2026-10-02 10:13:44.918779112 +0200:644:0:0	3c09c1d0e5c7089182b0a7dcbbb504f5df987b40528f0f7c919894733587ea87
tansformers/transformer-17/MOVE-PLAN.tsv	2306:57939581:10776:2026-10-02 08:04:44.781894739 +0200:644:0:0	da4590657fad5545706631e438db94e0087a7e08831eefdea32582890236d74a
tansformers/transformer-17/README.md	2306:57938928:1989:2026-10-02 08:00:27.000000000 +0200:666:0:0	12e852442c1791faefc59765bf6865fe6719d127bc9556c3590d0f3fa050efdb
tansformers/transformer-17/root.h	2306:57938924:9393:2026-10-02 08:00:27.000000000 +0200:666:0:0	bf502eaa6567f12f9741c2fe8206d1018dba37cbdd3d19531d27b4d0817eb0cd
tansformers/transformer-17/transformer-17.c	2306:57938923:37143:2026-10-02 08:00:27.000000000 +0200:666:0:0	747a3f3656a2529b32cd02b969dcaa44c40671cd38d726ac700e57872f2f203f
tansformers/transformer-17/verification.json	2306:57940569:787:2026-10-02 10:42:10.000000000 +0200:666:0:0	16a92a82a4c6661ee5cd04fff0beda602c4f1ed0a2fb32c395921fbfd4c654f2
tansformers/transformer-18/bin/pipeline-stage.so	2306:57940787:34056:2026-10-02 11:49:16.991077795 +0200:755:0:0	e47b15be3718c84dcb6574c97e0fcd77997f8347eea36c9ed39ed22fb47e5c37
tansformers/transformer-18/bin/test-layer.so	2306:57939584:34056:2026-10-02 08:04:45.375886743 +0200:755:0:0	e47b15be3718c84dcb6574c97e0fcd77997f8347eea36c9ed39ed22fb47e5c37
tansformers/transformer-18/bin/transformer-18	2306:57939583:38896:2026-10-02 08:04:45.087890620 +0200:755:0:0	9990691a3f8fdaf99ae2eeb7714da6896a9be7e59ac3580b84ab9216faf224e3
tansformers/transformer-18/CONTEXT.md	2306:57938935:1315:2026-10-02 10:42:10.000000000 +0200:666:0:0	0aa7edefee71321067d589aa70544e25c3de41c602ccc58905c943fb397e3547
tansformers/transformer-18/decode.h	2306:57938933:7755:2026-10-02 08:00:27.000000000 +0200:666:0:0	8c585b02da5bf2a1375860f8b62c24abff5e68532229a31af7d23717f91c717d
tansformers/transformer-18/generation.json	2306:57938934:420:2026-10-02 08:00:27.000000000 +0200:666:0:0	3458900cc6bf7509baea276942074fc82a001a51c311b9abcaa8e5c12166ef89
tansformers/transformer-18/.gitignore	2306:57938937:43:2026-10-02 08:00:27.000000000 +0200:666:0:0	eb715181e4beb39d88a91b38a592d8a594a905fce5d292582c5f798b1ca1ad45
tansformers/transformer-18/MOVE-JOURNAL.tsv	2306:57940002:101:2026-10-02 10:14:04.447527257 +0200:644:0:0	977a1fb8d5a4a7bd2e984ff675264b417345416a8d005abe1301688b693b9947
tansformers/transformer-18/MOVE-PLAN.tsv	2306:57939585:10775:2026-10-02 08:04:57.040729741 +0200:644:0:0	066e056303a2f7755dfd35eb96a6ab192fa3fb5557b4a0d01497fee9f79f29a6
tansformers/transformer-18/README.md	2306:57938936:1989:2026-10-02 08:00:27.000000000 +0200:666:0:0	fc14661fd31886eae56c1469010882ee3b90cbf907fceff7f30f608607a5674e
tansformers/transformer-18/root.h	2306:57938932:9392:2026-10-02 08:00:27.000000000 +0200:666:0:0	b4f4be22c90536ec72d05e1695620932b7275e0008025f739d491434d7c52944
tansformers/transformer-18/transformer-18.c	2306:57938931:37143:2026-10-02 08:00:27.000000000 +0200:666:0:0	4f75157315420730e2bf7106a1eada14611fb63a671add8d40f0e3522f35b100
tansformers/transformer-18/verification.json	2306:57940571:787:2026-10-02 10:42:10.000000000 +0200:666:0:0	f1db68469bb18732616764b767e4856027af6336eb0ea43e580cd81dba4b54de
tansformers/transformer-19/bin/pipeline-stage.so	2306:57940788:33968:2026-10-02 11:49:17.279073971 +0200:755:0:0	c370f06cf44f9d617869b37c9b4aaf5ccc99b61c072356b04fd1295fb004cb27
tansformers/transformer-19/bin/test-layer.so	2306:57939588:33968:2026-10-02 08:04:57.632721774 +0200:755:0:0	c370f06cf44f9d617869b37c9b4aaf5ccc99b61c072356b04fd1295fb004cb27
tansformers/transformer-19/bin/transformer-19	2306:57939587:38792:2026-10-02 08:04:57.346725623 +0200:755:0:0	5a7760cb2b1bf8d7ca6d2e71e788b0ce970611444bf0371d4d864d363628cf0a
tansformers/transformer-19/CONTEXT.md	2306:57938943:1315:2026-10-02 10:42:10.000000000 +0200:666:0:0	df4ae88f70cf8242f1f78f79fe878932d9ab66bc0d8c4f45e01e34315cabb5a6
tansformers/transformer-19/decode.h	2306:57938941:7755:2026-10-02 08:00:27.000000000 +0200:666:0:0	8c585b02da5bf2a1375860f8b62c24abff5e68532229a31af7d23717f91c717d
tansformers/transformer-19/generation.json	2306:57938942:420:2026-10-02 08:00:27.000000000 +0200:666:0:0	962f447d90cac66556316337cd316981e6cb60af45a0f4bc24a7dd82cc92591b
tansformers/transformer-19/.gitignore	2306:57938945:43:2026-10-02 08:00:27.000000000 +0200:666:0:0	6d38d7b121cc5dd6a0fef4bdc1261c361cb5ec8bce39673539cb8164f2f35083
tansformers/transformer-19/MOVE-JOURNAL.tsv	2306:57940009:101:2026-10-02 10:14:23.484281635 +0200:644:0:0	dd2b649ed39f4a6aeec89a18a87247eb3a7fc2330220d75bc5c87e1ccce073b7
tansformers/transformer-19/MOVE-PLAN.tsv	2306:57939589:10773:2026-10-02 08:05:08.825571165 +0200:644:0:0	17d613ff2908360660b5ded8587965922fe61aa0cec5092e05f562b70e1c2392
tansformers/transformer-19/README.md	2306:57938944:2001:2026-10-02 08:00:27.000000000 +0200:666:0:0	4607716aa4936348a9fb1452060cb2a62f4cf932c19bb4fbacd4ab48f88cf26b
tansformers/transformer-19/root.h	2306:57938940:9392:2026-10-02 08:00:27.000000000 +0200:666:0:0	dcc6d9d0601283852d771572f61c94090d95e16a5432ab4682ede538ea4681a3
tansformers/transformer-19/transformer-19.c	2306:57938939:36963:2026-10-02 08:00:27.000000000 +0200:666:0:0	22b0350c437273599646de9e656e658fa5e4fac3b4d71cef821c0e606d142e5d
tansformers/transformer-19/verification.json	2306:57940573:787:2026-10-02 10:42:10.000000000 +0200:666:0:0	cc9505f612af1cfb1a90b8f9bbd73cf0c3afa4300fa772cef0bd2a6dbcf2ed17
tansformers/transformer-1/bin/pipeline-stage.so	2306:57940770:29920:2026-10-02 11:49:12.070143153 +0200:755:0:0	6d2f9d6ed9ed455f36d0cc070387ca8ee3bb4dc900ab120bff1ae190581827b7
tansformers/transformer-1/bin/test-decode-sanitized	2306:57938753:119504:2026-10-02 07:41:21.918373125 +0200:755:0:0	53d0dfbbf6725987ba6d2d5b0756a632ce0d28d387d744f3672bfaec7051b4f3
tansformers/transformer-1/bin/test-reference	2306:57938741:100824:2026-10-02 07:26:29.672101509 +0200:755:0:0	9df68b1d8f8b281520acf67c65a16865c52b24d91367445e94338052862f9e7f
tansformers/transformer-1/bin/test-root	2306:57938735:21224:2026-10-02 07:23:14.962682147 +0200:755:0:0	6cd403b68767ceb85be2a08020a5437eac26b850159bc97b95e28fe8a654b4b7
tansformers/transformer-1/bin/test-transformer-sanitized	2306:57938752:470544:2026-10-02 07:32:05.535673863 +0200:755:0:0	147d41c40427fdc031f13d70fadcfcea9819fe0c2eb4c6c8395dd12428aa55c0
tansformers/transformer-1/bin/transformer-1	2306:57938737:38896:2026-10-02 07:24:50.488414418 +0200:755:0:0	bc50e3fcf44f33cad93273d7768e84bffc3ad08f3ce24f59c1a1f1d84ae8f914
tansformers/transformer-1/cli.inc	2306:57938760:2783:2026-10-02 07:45:00.022397723 +0200:644:0:0	4b205e3a0b10729e45586dfdd7b88c0ff9cac3e972c07ee281f79fab54ec3e49
tansformers/transformer-1/CONTEXT.md	2306:57938757:7546:2026-10-02 07:44:47.058591329 +0200:644:0:0	45129e3a3bcb5303b9f98922d4f16468bf584ae6937eb903b00e93872caa0ad2
tansformers/transformer-1/decode.h	2306:57938731:7924:2026-10-02 07:44:34.173784265 +0200:644:0:0	165277ee22acb5e42e6f406804ae20c912d1c26914416e6fb8cee2545444b2f0
tansformers/transformer-1/derive-transformer.mjs	2306:57938758:6824:2026-10-02 07:44:51.265528449 +0200:644:0:0	a309209e09a14974c21e4acb9a1c31270e77af508f375dc99202cc57f32c04a9
tansformers/transformer-1/.gitignore	2306:57938755:63:2026-10-02 07:44:38.609717783 +0200:644:0:0	9889f4d933dcbdfb6c75fbde83ca73c88da0b7f04be8776ed6184d52d25861ea
tansformers/transformer-1/moe.inc	2306:57938759:4513:2026-10-02 07:44:55.532464716 +0200:644:0:0	6bb6aa6fb54f429325ac3fd8ea8590c0bbca9d3efbae1fb577ca1edc103d3f1b
tansformers/transformer-1/move-datasets.sh	2306:57938742:3748:2026-10-02 07:45:39.409812698 +0200:644:0:0	8b4c6fc0391af12a0cdf578a31cf1a53882e600cd7753ea36b557fd9f5a452a4
tansformers/transformer-1/MOVE-JOURNAL.tsv	2306:57938746:98:2026-10-02 07:29:50.886446167 +0200:644:0:0	862a3f6bbfc6b7fbfd4546d799f07ca8a62ead8ca3a1ec72bc65114f5d62b3ae
tansformers/transformer-1/MOVE-PLAN.tsv	2306:57938743:12521:2026-10-02 07:29:21.445834113 +0200:644:0:0	f40d59ed37f3de65e8cdd2cf16e3048e0c8395164c7e1b32a3af64e1603b3833
tansformers/transformer-1/prepare-reference.mjs	2306:57938761:2484:2026-10-02 07:45:03.984338655 +0200:644:0:0	58cf2ece4643dcf8c60e991b9d65b31ee075426cccc7f780ae0d207309d3457f
tansformers/transformer-1/README.md	2306:57938756:8652:2026-10-02 07:44:42.654657215 +0200:644:0:0	15375f7351748e609672e06caea631865df719018dde817a1158dd7a7d88211a
tansformers/transformer-1/reference-one.inc	2306:57938738:93704:2026-10-02 07:26:23.654181103 +0200:644:0:0	4bdb06506d4b670c05c718654b094e42d1718bf85f914f98645c3b038404b051
tansformers/transformer-1/root.h	2306:57938732:9600:2026-10-02 07:44:29.568853370 +0200:644:0:0	b46841e286ea84f6d2e0a2e9ef93145321f593147de5584ae3e246a4dea906ad
tansformers/transformer-1/test-cli.mjs	2306:57938762:1811:2026-10-02 07:45:26.186008588 +0200:644:0:0	a15f6264ee84f97e3fe3bcd01365c7f4db6d153c5e426bd3508f9496b7196a31
tansformers/transformer-1/test-decode.c	2306:57938734:1783:2026-10-02 07:45:30.549943891 +0200:644:0:0	44dba29693069d2e1adfcf993ac5f479b3f0ba5bcb98303f9b70f72ac4beb708
tansformers/transformer-1/test-decode.mjs	2306:57938763:2743:2026-10-02 07:45:34.762881463 +0200:644:0:0	9226397ab61c88a42402c4a1b1aa46ac08aa3d1b57fd89fdf5b87473d8a28da3
tansformers/transformer-1/test-reference.c	2306:57938739:4805:2026-10-02 07:45:08.335273850 +0200:644:0:0	e61ffa0ebe5d8bbc2d2d8a175fc2c390e382a317abc56135bf56f2918e673977
tansformers/transformer-1/test-reference.sh	2306:57938740:1157:2026-10-02 07:45:13.000204441 +0200:644:0:0	dc228b0809f8bdc7fb82df6bc7095b6b62a6b58dd9148bc889f480315b02ad9c
tansformers/transformer-1/test-root.c	2306:57938733:1477:2026-10-02 07:45:17.437138473 +0200:644:0:0	8c0c73e6bdad332476a1e748d7ebf38dead8980fd0d1986e2cae1fe0e65b2dad
tansformers/transformer-1/test-transformer.c	2306:57938751:2281:2026-10-02 07:45:21.749074430 +0200:644:0:0	b7b90feb1f47a2efdb259e6b35e931812966f4b565b49ba955c0a44a7b02120a
tansformers/transformer-1/transformer-1.c	2306:57938736:29539:2026-10-02 07:44:25.315917247 +0200:644:0:0	31066994f62bbc3ee18bc794746722e1dd52c6979f866070706ada822e51d090
tansformers/transformer-20/bin/pipeline-stage.so	2306:57940789:34056:2026-10-02 11:49:17.566070160 +0200:755:0:0	1e6b6fb05a5bb474c0a09416d5ca8eee877aa75b1a522510016237e99c38d79e
tansformers/transformer-20/bin/test-layer.so	2306:57939592:34056:2026-10-02 08:05:09.418563187 +0200:755:0:0	1e6b6fb05a5bb474c0a09416d5ca8eee877aa75b1a522510016237e99c38d79e
tansformers/transformer-20/bin/transformer-20	2306:57939591:38896:2026-10-02 08:05:09.132567034 +0200:755:0:0	a456b5076982d8abfb1a632b525310ccac9f127cc755d0cb57f7c06d49120a3e
tansformers/transformer-20/CONTEXT.md	2306:57938951:1315:2026-10-02 10:42:10.000000000 +0200:666:0:0	cce5561433b09261a9a2d71535841d7c9d88ac77d019d127988c2cee4fc7063f
tansformers/transformer-20/decode.h	2306:57938949:7755:2026-10-02 08:00:27.000000000 +0200:666:0:0	8c585b02da5bf2a1375860f8b62c24abff5e68532229a31af7d23717f91c717d
tansformers/transformer-20/generation.json	2306:57938950:420:2026-10-02 08:00:27.000000000 +0200:666:0:0	e09bc18c6d9910c567bb700814d85d4c76e84e25c072ac4cb43034c8f2396e6e
tansformers/transformer-20/.gitignore	2306:57938953:43:2026-10-02 08:00:27.000000000 +0200:666:0:0	3407daee50d669f30952d5b2aac3d9d03139aac4e01a9f586f9cbba73df0afd4
tansformers/transformer-20/MOVE-JOURNAL.tsv	2306:57940016:101:2026-10-02 10:14:42.901030998 +0200:644:0:0	ef64e94bc2e6a9ffe1bd238db12ce6cf84b70c7c33822d199e857dfc0bc894a5
tansformers/transformer-20/MOVE-PLAN.tsv	2306:57939593:10775:2026-10-02 08:05:20.979407667 +0200:644:0:0	c375315ae8d2739e1d4a7ec831e8fa070aae8e5cd36b3b8dff15a03c5aa8494f
tansformers/transformer-20/README.md	2306:57938952:1989:2026-10-02 08:00:27.000000000 +0200:666:0:0	bb21a93bb30fd3cf2726a2d8a81607732f00449704da6f96916b22bf67b57092
tansformers/transformer-20/root.h	2306:57938948:9392:2026-10-02 08:00:27.000000000 +0200:666:0:0	f24a84c6b2215a12c5b3b817e5c08ac5b4b4a8483994ee160a553eb6abd5a442
tansformers/transformer-20/transformer-20.c	2306:57938947:37143:2026-10-02 08:00:27.000000000 +0200:666:0:0	97682a0ee7570dd95929b5a697d93017e53237efc9d806149da4efc4c97d88f6
tansformers/transformer-20/verification.json	2306:57940575:787:2026-10-02 10:42:10.000000000 +0200:666:0:0	8666fdf51c504c5fdbea99ccfa126930d94357ec6e4df555b69995b53aad7d40
tansformers/transformer-21/bin/pipeline-stage.so	2306:57940790:34056:2026-10-02 11:49:17.854066335 +0200:755:0:0	219ac2aa447889d21b59c9c0f728bb7b565cb937851cd7453a72fc8e5da0ea99
tansformers/transformer-21/bin/test-layer.so	2306:57939596:34056:2026-10-02 08:05:21.577399624 +0200:755:0:0	219ac2aa447889d21b59c9c0f728bb7b565cb937851cd7453a72fc8e5da0ea99
tansformers/transformer-21/bin/transformer-21	2306:57939595:38896:2026-10-02 08:05:21.290403484 +0200:755:0:0	9d2d87430f80e3a2c4d9cee7df7e421815f505197c734c65ceb2355c8f1b49a7
tansformers/transformer-21/CONTEXT.md	2306:57938959:1315:2026-10-02 10:42:10.000000000 +0200:666:0:0	9c58cd602ac8678f03211190ad91d8c5f5d61ab5dac0fd29ca1604acbc32d8ce
tansformers/transformer-21/decode.h	2306:57938957:7755:2026-10-02 08:00:27.000000000 +0200:666:0:0	8c585b02da5bf2a1375860f8b62c24abff5e68532229a31af7d23717f91c717d
tansformers/transformer-21/generation.json	2306:57938958:420:2026-10-02 08:00:27.000000000 +0200:666:0:0	83a273f9f93371d81d0ef91f1e09b97015808e765c57aa52ef33fcfb9ee4fb70
tansformers/transformer-21/.gitignore	2306:57938961:43:2026-10-02 08:00:27.000000000 +0200:666:0:0	3180a309b8d339db881c4dbe871af715cd6f43f0de3b5d9361bcc2be945fff91
tansformers/transformer-21/MOVE-JOURNAL.tsv	2306:57940023:101:2026-10-02 10:15:02.366779623 +0200:644:0:0	3a882fb38ca233df8a5947598fa56ff5a753dccf7dd73e00755b75ed596a9895
tansformers/transformer-21/MOVE-PLAN.tsv	2306:57939597:10776:2026-10-02 08:05:33.117244428 +0200:644:0:0	033c9f8c57c51cfdca2c616a7e411d51338164bf09ac935b3af39c3ec2358b8d
tansformers/transformer-21/README.md	2306:57938960:1989:2026-10-02 08:00:27.000000000 +0200:666:0:0	1598ee36955823bf4107fe16036fb06ad036be9dfbd8e53caf6568206a63f73f
tansformers/transformer-21/root.h	2306:57938956:9393:2026-10-02 08:00:27.000000000 +0200:666:0:0	01c0af91a1e878ce65df0dc9c9e77d9f03cc4327b9460039147f2d2308548461
tansformers/transformer-21/transformer-21.c	2306:57938955:37143:2026-10-02 08:00:27.000000000 +0200:666:0:0	0045fa3b833af90d8df6842563b64892d9e91bd262466e012fa741e2a4c34a74
tansformers/transformer-21/verification.json	2306:57940577:787:2026-10-02 10:42:10.000000000 +0200:666:0:0	520b4ee32020c43f7257a245579795592ba0efc29e0f8a95ee4002e6d042a312
tansformers/transformer-22/bin/pipeline-stage.so	2306:57940791:34056:2026-10-02 11:49:18.142062511 +0200:755:0:0	ef4f4ff6924463ed09d3c37094aab8ffa0cb71b6cdf71b2713e97ef64db2302e
tansformers/transformer-22/bin/test-layer.so	2306:57939600:34056:2026-10-02 08:05:33.712236426 +0200:755:0:0	ef4f4ff6924463ed09d3c37094aab8ffa0cb71b6cdf71b2713e97ef64db2302e
tansformers/transformer-22/bin/transformer-22	2306:57939599:38896:2026-10-02 08:05:33.425240286 +0200:755:0:0	e421a6edf39ea23f47b4c9a26fd7069f5e096c437d45cfbc130d460783cf2974
tansformers/transformer-22/CONTEXT.md	2306:57938967:1315:2026-10-02 10:42:10.000000000 +0200:666:0:0	9ab0bc9586bf70a80490542fad83b7315afca97d6dcf79e1e14d395e115224a5
tansformers/transformer-22/decode.h	2306:57938965:7755:2026-10-02 08:00:27.000000000 +0200:666:0:0	8c585b02da5bf2a1375860f8b62c24abff5e68532229a31af7d23717f91c717d
tansformers/transformer-22/generation.json	2306:57938966:420:2026-10-02 08:00:27.000000000 +0200:666:0:0	0bee65069caaa7968d18da81d8a1deb49bbe512e056d6f7940730056c3815c0f
tansformers/transformer-22/.gitignore	2306:57938969:43:2026-10-02 08:00:27.000000000 +0200:666:0:0	3a6707c55bdc74753d31a866e8581f09ae9e990a77a98400c6bf32a0f88f585d
tansformers/transformer-22/MOVE-JOURNAL.tsv	2306:57940030:101:2026-10-02 10:15:21.915527066 +0200:644:0:0	39f4fbad72d7357718f1bc26a4f92ece4cfd83a5007f9652c05f7d5e5466735e
tansformers/transformer-22/MOVE-PLAN.tsv	2306:57939601:10776:2026-10-02 08:05:45.289080773 +0200:644:0:0	c9e75d4c9de2615c83f795e17c748f278814873b346811e2c89e3a56de70a9fc
tansformers/transformer-22/README.md	2306:57938968:1989:2026-10-02 08:00:27.000000000 +0200:666:0:0	9c21b1f785c47a501fa4a66998f40e7989cf0b865d941e91c2b5961dae0cde28
tansformers/transformer-22/root.h	2306:57938964:9393:2026-10-02 08:00:27.000000000 +0200:666:0:0	9352ba82403583a42abfb62ecd547f81d5af705eb42c68e9919e0bf1daab7963
tansformers/transformer-22/transformer-22.c	2306:57938963:37143:2026-10-02 08:00:27.000000000 +0200:666:0:0	68ed31c8deab5f66f4a33c8e0f85694dbe541011238196af255b97836c83690f
tansformers/transformer-22/verification.json	2306:57940579:787:2026-10-02 10:42:10.000000000 +0200:666:0:0	84c35de25e0add5e2669d40a955ac907df7a5b222203fe05877f4bf2c24d8297
tansformers/transformer-23/bin/pipeline-stage.so	2306:57940792:33968:2026-10-02 11:49:18.432058660 +0200:755:0:0	364e5c10b144765fd696d4dbc0779fdb8a058040c4ec05579f7bb27fc8305e41
tansformers/transformer-23/bin/test-layer.so	2306:57939604:33968:2026-10-02 08:05:45.886072747 +0200:755:0:0	364e5c10b144765fd696d4dbc0779fdb8a058040c4ec05579f7bb27fc8305e41
tansformers/transformer-23/bin/transformer-23	2306:57939603:38792:2026-10-02 08:05:45.599076605 +0200:755:0:0	9a07e7ba0a75ead97a75919fa00e8402e13dea74145f89a54dd3a69fdf407363
tansformers/transformer-23/CONTEXT.md	2306:57938975:1315:2026-10-02 10:42:10.000000000 +0200:666:0:0	48dccfc29913bde8a807908b3808ee40dad5e3bdb4719228c69c53341841793c
tansformers/transformer-23/decode.h	2306:57938973:7755:2026-10-02 08:00:27.000000000 +0200:666:0:0	8c585b02da5bf2a1375860f8b62c24abff5e68532229a31af7d23717f91c717d
tansformers/transformer-23/generation.json	2306:57938974:420:2026-10-02 08:00:27.000000000 +0200:666:0:0	fdfa2b0b7a236b1334585d69bed67f1da4b4d45c79f405d36edfde23cf35c607
tansformers/transformer-23/.gitignore	2306:57938977:43:2026-10-02 08:00:27.000000000 +0200:666:0:0	c076bba4b409f54466201476114f339ef0a78d9ba67d877c5a623a815efd1542
tansformers/transformer-23/MOVE-JOURNAL.tsv	2306:57940037:101:2026-10-02 10:15:40.855282278 +0200:644:0:0	4c9c50df990ac7f657048182493f0c8c3604a5aa96fde03e46b0168ad713797b
tansformers/transformer-23/MOVE-PLAN.tsv	2306:57939605:10773:2026-10-02 08:05:57.104921951 +0200:644:0:0	e365f6bf325886b3ef952f874633e371eb3275ad1cb3d76371beee343dc0b0e1
tansformers/transformer-23/README.md	2306:57938976:2001:2026-10-02 08:00:27.000000000 +0200:666:0:0	0dd786bcaae4b9ac6d3d73d1d98347695d414f43fb8b86f97754ccccc5a3efac
tansformers/transformer-23/root.h	2306:57938972:9392:2026-10-02 08:00:27.000000000 +0200:666:0:0	8db4cdc2e748b132b466dd28063cb04118015e664cc3420f9cf1ea8a8ae0a131
tansformers/transformer-23/transformer-23.c	2306:57938971:36963:2026-10-02 08:00:27.000000000 +0200:666:0:0	7623c37c4f8cea464110c4a1473199b26c9d5bf08fa1aaf97e28615b77fc399c
tansformers/transformer-23/verification.json	2306:57940581:787:2026-10-02 10:42:10.000000000 +0200:666:0:0	7961f1979e3790611e73adef351c55c1dc4dd7f6097ecd5c67e7650308b5020d
tansformers/transformer-24/bin/pipeline-stage.so	2306:57940793:34056:2026-10-02 11:49:18.721054822 +0200:755:0:0	889da30fca32a89263c3f28fc849ff02241a231d649d52b8ffc44599b7c990bd
tansformers/transformer-24/bin/test-layer.so	2306:57939608:34056:2026-10-02 08:05:57.696913995 +0200:755:0:0	889da30fca32a89263c3f28fc849ff02241a231d649d52b8ffc44599b7c990bd
tansformers/transformer-24/bin/transformer-24	2306:57939607:38896:2026-10-02 08:05:57.411917825 +0200:755:0:0	e5f647972b49ac38557be2779b068349ac226f1fe9a855a3b5b4e66407dd0bbd
tansformers/transformer-24/CONTEXT.md	2306:57938983:1315:2026-10-02 10:42:10.000000000 +0200:666:0:0	cda0d2d69be7580fbff1fbb921bb2ab1ba1aad6ef1cc1532ec5992b6b3f54856
tansformers/transformer-24/decode.h	2306:57938981:7755:2026-10-02 08:00:27.000000000 +0200:666:0:0	8c585b02da5bf2a1375860f8b62c24abff5e68532229a31af7d23717f91c717d
tansformers/transformer-24/generation.json	2306:57938982:420:2026-10-02 08:00:27.000000000 +0200:666:0:0	bc2dba3f09085f554bfd19cc775e6126b5079b2d05fd24948392b3e7434dbc6e
tansformers/transformer-24/.gitignore	2306:57938985:43:2026-10-02 08:00:27.000000000 +0200:666:0:0	d81d9c996ea383050a46f0c1f97f43a60a72aae20a7b159285cb9a17f01be0c8
tansformers/transformer-24/MOVE-JOURNAL.tsv	2306:57940044:101:2026-10-02 10:16:00.303030830 +0200:644:0:0	d366675acaa61d1105db5fcc4b5f3b477f12a82473a06ff7addec455f27ea599
tansformers/transformer-24/MOVE-PLAN.tsv	2306:57939609:10775:2026-10-02 08:06:09.279758336 +0200:644:0:0	84f971c1e93d816481785dca1e32cdf17c4c6fc24d6ec749eb6d883017738daa
tansformers/transformer-24/README.md	2306:57938984:1989:2026-10-02 08:00:27.000000000 +0200:666:0:0	7521d4028024ca2095ad3e754f8544b58c58c73de9300e7e7ade9cb2125457e2
tansformers/transformer-24/root.h	2306:57938980:9392:2026-10-02 08:00:27.000000000 +0200:666:0:0	27ecb401dfe48b348621b4c357ee70bcc6bd23a5c5301ac8cac47b4bd6d9b11c
tansformers/transformer-24/transformer-24.c	2306:57938979:37143:2026-10-02 08:00:27.000000000 +0200:666:0:0	3868a5cd7d96b3b4de067cec4df9f747cbbfc6692917fc15037a5f49566f51f8
tansformers/transformer-24/verification.json	2306:57940583:787:2026-10-02 10:42:10.000000000 +0200:666:0:0	84127e7212bcc6ec482c8e8bace0c9a50d32aa96ee39fae476337ec50ac55cc0
tansformers/transformer-25/bin/pipeline-stage.so	2306:57940794:34056:2026-10-02 11:49:19.007051025 +0200:755:0:0	63b76eab9b4e9d4292d833c772328912a23099ac291f933c86bd17bab0552300
tansformers/transformer-25/bin/test-layer.so	2306:57939612:34056:2026-10-02 08:06:09.870750394 +0200:755:0:0	63b76eab9b4e9d4292d833c772328912a23099ac291f933c86bd17bab0552300
tansformers/transformer-25/bin/transformer-25	2306:57939611:38896:2026-10-02 08:06:09.585754224 +0200:755:0:0	ab646b088b5bab7fa69402d593db07a95e7e6e1e82ea5831eb15c237ffdbffd6
tansformers/transformer-25/CONTEXT.md	2306:57938991:1315:2026-10-02 10:42:10.000000000 +0200:666:0:0	a6dea84bb4ddfa666699ccbf232cc3a852cd5c155ff197d5385b98935b04198c
tansformers/transformer-25/decode.h	2306:57938989:7755:2026-10-02 08:00:27.000000000 +0200:666:0:0	8c585b02da5bf2a1375860f8b62c24abff5e68532229a31af7d23717f91c717d
tansformers/transformer-25/generation.json	2306:57938990:420:2026-10-02 08:00:27.000000000 +0200:666:0:0	226298e9336a65ab7e5573831f5ec1008df2f4aa982d5956b2242a97f16818ef
tansformers/transformer-25/.gitignore	2306:57938993:43:2026-10-02 08:00:27.000000000 +0200:666:0:0	c60afe7fc2e1a969049d8322f2d1adeb0868976f4d7092baa9ea1b095132de33
tansformers/transformer-25/MOVE-JOURNAL.tsv	2306:57940051:101:2026-10-02 10:16:19.946776756 +0200:644:0:0	b81a8c44f0a1afe9b265a11a64722accf6c4a4c98f8138a85f9e74e7d09e28cf
tansformers/transformer-25/MOVE-PLAN.tsv	2306:57939613:10775:2026-10-02 08:06:21.571593187 +0200:644:0:0	430289b0394ffa9e8fab6921d5732fa89ccb9eb65af9d494e893a564d3ba877d
tansformers/transformer-25/README.md	2306:57938992:1989:2026-10-02 08:00:27.000000000 +0200:666:0:0	179512ccdde580d793d3a14d39e96dd70253f1a122811958b4ab69eaa3cd3ac5
tansformers/transformer-25/root.h	2306:57938988:9392:2026-10-02 08:00:27.000000000 +0200:666:0:0	27863ff4dd99054ef4cb6d18b89815699047ebf17546529007485b2d2d96fdc4
tansformers/transformer-25/transformer-25.c	2306:57938987:37143:2026-10-02 08:00:27.000000000 +0200:666:0:0	6d7b953eba4dbd61c7b2bff4483f6db3a095b75710de3bd8ca3bcb14af68f998
tansformers/transformer-25/verification.json	2306:57940585:787:2026-10-02 10:42:10.000000000 +0200:666:0:0	b44cbc4e78903f1279c42eb8b3fe0685a79b41b26ff0d89062de73f9015dfe9e
tansformers/transformer-26/bin/pipeline-stage.so	2306:57940795:34056:2026-10-02 11:49:19.297047174 +0200:755:0:0	2ecfcf4e7626ac37605860b768da686c3221f18f7609efdf7427d1b4f878e631
tansformers/transformer-26/bin/test-layer.so	2306:57939616:34056:2026-10-02 08:06:22.165585208 +0200:755:0:0	2ecfcf4e7626ac37605860b768da686c3221f18f7609efdf7427d1b4f878e631
tansformers/transformer-26/bin/transformer-26	2306:57939615:38896:2026-10-02 08:06:21.878589063 +0200:755:0:0	aff74b21e0dd7a9139edef4379976801ab49d3e9195701193a87aa2b614d6ce9
tansformers/transformer-26/CONTEXT.md	2306:57938999:1315:2026-10-02 10:42:10.000000000 +0200:666:0:0	17f34fbcbe7bc621dd4a540f594e1945830eb91194602b22796998ced390e106
tansformers/transformer-26/decode.h	2306:57938997:7755:2026-10-02 08:00:27.000000000 +0200:666:0:0	8c585b02da5bf2a1375860f8b62c24abff5e68532229a31af7d23717f91c717d
tansformers/transformer-26/generation.json	2306:57938998:420:2026-10-02 08:00:27.000000000 +0200:666:0:0	755566d613d90bf381fd69a51141b642147b1c9139639ce076a56cb303bfea16
tansformers/transformer-26/.gitignore	2306:57939001:43:2026-10-02 08:00:27.000000000 +0200:666:0:0	00a3a6510551c1e476d59e85ad048c76ea3ffae314d1aec2b1bfc5ed4a76155e
tansformers/transformer-26/MOVE-JOURNAL.tsv	2306:57940058:101:2026-10-02 10:16:39.485523944 +0200:644:0:0	ff340d33782837b9bb1d7313e01a83ccefc107b3bad2a71c9f70759e8c4347c9
tansformers/transformer-26/MOVE-PLAN.tsv	2306:57939617:10775:2026-10-02 08:06:33.769429340 +0200:644:0:0	ea41f8c6524672ccb69f94a66f7296e57279c02fa7f8417326d8f9205e953d26
tansformers/transformer-26/README.md	2306:57939000:1989:2026-10-02 08:00:27.000000000 +0200:666:0:0	abe2882ba2311cef9782e763fcfc809f2d470c4b21199200de6929b32d4a4a70
tansformers/transformer-26/root.h	2306:57938996:9392:2026-10-02 08:00:27.000000000 +0200:666:0:0	9f6b900f0ef7cf418a42782bc0a6f60f9117381766d883731c2c6c51646876a7
tansformers/transformer-26/transformer-26.c	2306:57938995:37143:2026-10-02 08:00:27.000000000 +0200:666:0:0	fe9b342fa02a37448b22729c95ade5426fe918aa8ec774ab55c0ab4ab59d5bb5
tansformers/transformer-26/verification.json	2306:57940587:787:2026-10-02 10:42:10.000000000 +0200:666:0:0	ba5c7ab9ca6c09ee5cdcf937401e4ecec83682828ef674fa7063a0bdfbaf6f8d
tansformers/transformer-27/bin/pipeline-stage.so	2306:57940796:33968:2026-10-02 11:49:19.588043310 +0200:755:0:0	7f1cf2c98e547f18efa624fa89a3702bd8acc1aa5ab65f987b7d6f996a9eee3c
tansformers/transformer-27/bin/test-layer.so	2306:57939620:33968:2026-10-02 08:06:34.362421375 +0200:755:0:0	7f1cf2c98e547f18efa624fa89a3702bd8acc1aa5ab65f987b7d6f996a9eee3c
tansformers/transformer-27/bin/transformer-27	2306:57939619:38792:2026-10-02 08:06:34.076425217 +0200:755:0:0	2c72a76ebd98e2b8b456895a9b8435cf3f40e7431c4831e7181f3cbe2f798a0f
tansformers/transformer-27/CONTEXT.md	2306:57939007:1315:2026-10-02 10:42:10.000000000 +0200:666:0:0	ca02c5e07c220e859fd290db1688efb2644a5ea67754533584b3985cb9a67cb4
tansformers/transformer-27/decode.h	2306:57939005:7755:2026-10-02 08:00:28.000000000 +0200:666:0:0	8c585b02da5bf2a1375860f8b62c24abff5e68532229a31af7d23717f91c717d
tansformers/transformer-27/generation.json	2306:57939006:420:2026-10-02 08:00:28.000000000 +0200:666:0:0	b588c122fc5c69d791691d3d2496dc5df94ec87e797523b5571d7bc38c1992b7
tansformers/transformer-27/.gitignore	2306:57939009:43:2026-10-02 08:00:28.000000000 +0200:666:0:0	d342116c04a35375fe0d21a5ee277d9c9dedab37007da25d163511b20f2e5c8e
tansformers/transformer-27/MOVE-JOURNAL.tsv	2306:57940065:101:2026-10-02 10:16:58.540277310 +0200:644:0:0	995957a4966e467915ddc616e707057aaccf97972bdfc7952eafb62e1702d0ad
tansformers/transformer-27/MOVE-PLAN.tsv	2306:57939621:10773:2026-10-02 08:06:45.669269531 +0200:644:0:0	897c701bc3aa8829fbbe6f1609ca4dd28507d206dfa8c5a7435e32e1e4fb360e
tansformers/transformer-27/README.md	2306:57939008:2001:2026-10-02 08:00:28.000000000 +0200:666:0:0	b02cafe85e100d5405b7f4d829835920d2f3afcf4e70a80405540eb25baa01fd
tansformers/transformer-27/root.h	2306:57939004:9392:2026-10-02 08:00:28.000000000 +0200:666:0:0	cbd1a6a0feb6a7bab5b5fa1208435ef768a4706bb1c50c28a547482946d1ac49
tansformers/transformer-27/transformer-27.c	2306:57939003:36963:2026-10-02 08:00:28.000000000 +0200:666:0:0	9b8d741ce3102325f32bb8d8537449774c3b3d6a37f14c5af13c4cfa0ebd3d4b
tansformers/transformer-27/verification.json	2306:57940589:787:2026-10-02 10:42:10.000000000 +0200:666:0:0	9af3f807dada304058ef1f8bf2f902f7f7aa594171ffbf960ab1842a1fc1d26b
tansformers/transformer-28/bin/pipeline-stage.so	2306:57940797:34056:2026-10-02 11:49:19.875039499 +0200:755:0:0	c0d122aba89e5f00bf38dd198acc09ab16a6752f9ccfd0d425aa4cb0cdfe17d1
tansformers/transformer-28/bin/test-layer.so	2306:57939624:34056:2026-10-02 08:06:46.273261421 +0200:755:0:0	c0d122aba89e5f00bf38dd198acc09ab16a6752f9ccfd0d425aa4cb0cdfe17d1
tansformers/transformer-28/bin/transformer-28	2306:57939623:38896:2026-10-02 08:06:45.984265301 +0200:755:0:0	c9e88344a71162aba5b9a419dee5b203a7ef6361827dcc70e9062337f6fb5166
tansformers/transformer-28/CONTEXT.md	2306:57939015:1315:2026-10-02 10:42:10.000000000 +0200:666:0:0	f442682385a338609d43ae50c02f51981c4ad7d33f5b4dfb98248aeaef3a819a
tansformers/transformer-28/decode.h	2306:57939013:7755:2026-10-02 08:00:28.000000000 +0200:666:0:0	8c585b02da5bf2a1375860f8b62c24abff5e68532229a31af7d23717f91c717d
tansformers/transformer-28/generation.json	2306:57939014:420:2026-10-02 08:00:28.000000000 +0200:666:0:0	71c2c3736ef21d89361b2855bd8043806b720b9db9f145f4c5a640673c761666
tansformers/transformer-28/.gitignore	2306:57939017:43:2026-10-02 08:00:28.000000000 +0200:666:0:0	4ef8ece47dfc1564fd07ff29849e5c822e805f8f243a1b7d9ba3212a1ebcaacf
tansformers/transformer-28/MOVE-JOURNAL.tsv	2306:57940072:101:2026-10-02 10:17:18.039024847 +0200:644:0:0	c013fda7347921b4be5001b04effedee4e22647b985fd792d433a2d6ab4ca614
tansformers/transformer-28/MOVE-PLAN.tsv	2306:57939625:10776:2026-10-02 08:06:57.835106187 +0200:644:0:0	b6e848214bb2b6419095f323ffd5dab36b2e4ec1f20204bddb37137b8ef3dc5c
tansformers/transformer-28/README.md	2306:57939016:1989:2026-10-02 08:00:28.000000000 +0200:666:0:0	7000f1386195a19345014091dc3ab31a0d15326fc0a6bc105d6984781e5dacc6
tansformers/transformer-28/root.h	2306:57939012:9393:2026-10-02 08:00:28.000000000 +0200:666:0:0	5c2f88f728b72da154e13bb17332294e8335d36ae0ff2681bfdceef69e66a64f
tansformers/transformer-28/transformer-28.c	2306:57939011:37143:2026-10-02 08:00:28.000000000 +0200:666:0:0	7df6534948a3022139e8f67bfb58bf98d809d87156ff6e9e0c8abf5a1717ae00
tansformers/transformer-28/verification.json	2306:57940591:787:2026-10-02 10:42:10.000000000 +0200:666:0:0	72be888563eabfcaab87e3f9afe3521ca101a2e7d0f122eb80258fdb225112f9
tansformers/transformer-29/bin/pipeline-stage.so	2306:57940798:34056:2026-10-02 11:49:20.165035649 +0200:755:0:0	030ddb40c7885e994228b4ed47029c18a3773ee6537f251a80e5c3a963b17dd5
tansformers/transformer-29/bin/test-layer.so	2306:57939628:34056:2026-10-02 08:06:58.426098253 +0200:755:0:0	030ddb40c7885e994228b4ed47029c18a3773ee6537f251a80e5c3a963b17dd5
tansformers/transformer-29/bin/transformer-29	2306:57939627:38896:2026-10-02 08:06:58.142102065 +0200:755:0:0	be38638687e58bcf522583263b2947ab15d6fb71cf167fd4d49eb1587ccccf56
tansformers/transformer-29/CONTEXT.md	2306:57939023:1315:2026-10-02 10:42:10.000000000 +0200:666:0:0	f3dd7cb5e5183b27e145a3ef3de4f5df4abcc924ca4a5bb8c2cf998fae21dfd3
tansformers/transformer-29/decode.h	2306:57939021:7755:2026-10-02 08:00:28.000000000 +0200:666:0:0	8c585b02da5bf2a1375860f8b62c24abff5e68532229a31af7d23717f91c717d
tansformers/transformer-29/generation.json	2306:57939022:420:2026-10-02 08:00:28.000000000 +0200:666:0:0	83c558ebf651dd7cdb5336ca25afb8e3e546ec01eabba73e61ddc944993a67a4
tansformers/transformer-29/.gitignore	2306:57939025:43:2026-10-02 08:00:28.000000000 +0200:666:0:0	f47abc32400d12ee11c9aa2f147933c91db827d0f2e1635b5e3d353130bbb130
tansformers/transformer-29/MOVE-JOURNAL.tsv	2306:57940079:101:2026-10-02 10:17:37.536772320 +0200:644:0:0	92a9d1d23640d3088a3951ee658ce6c726224e63527985e0d0cc229499fa5527
tansformers/transformer-29/MOVE-PLAN.tsv	2306:57939629:10775:2026-10-02 08:07:10.086941733 +0200:644:0:0	1964e6794e774e242f4bb7170c6550aa55433c84d36b8740e16c894683dcac7b
tansformers/transformer-29/README.md	2306:57939024:1989:2026-10-02 08:00:28.000000000 +0200:666:0:0	c07b0f60c96117cb815bf7ab587d3ff8ccdef5b02079fbac634e8aedeb94909b
tansformers/transformer-29/root.h	2306:57939020:9392:2026-10-02 08:00:28.000000000 +0200:666:0:0	0a7de24949e5d268c783054b0d521cfd8423834165c1ad99fc57056ea78f1b52
tansformers/transformer-29/transformer-29.c	2306:57939019:37143:2026-10-02 08:00:28.000000000 +0200:666:0:0	05311851124852c271e1ad4ac153270a11741a415f9a178eb29a779ae47acc37
tansformers/transformer-29/verification.json	2306:57940593:787:2026-10-02 10:42:10.000000000 +0200:666:0:0	d0cafbdb46ce7561385f4dc429b7e65724282f84b0733511b4e005f59a4d27a3
tansformers/transformer-2/bin/pipeline-stage.so	2306:57940771:34056:2026-10-02 11:49:12.359139314 +0200:755:0:0	34021417e15482f9f3171443d7141c633da53571adc6e3cc78ad855cf1de4980
tansformers/transformer-2/bin/test-controls	2306:57939882:483680:2026-10-02 08:20:40.370338219 +0200:755:0:0	1c31e3ef8b7f55cd9e5e1300c6bb5f8d81f979c93e6d99b0b116f88a5f46ace8
tansformers/transformer-2/bin/test-layer.so	2306:57938801:34056:2026-10-02 08:01:33.223479872 +0200:755:0:0	34021417e15482f9f3171443d7141c633da53571adc6e3cc78ad855cf1de4980
tansformers/transformer-2/bin/transformer-2	2306:57939524:38896:2026-10-02 08:01:32.947483607 +0200:755:0:0	545f05cd0cc075a26cb2432943594a85b72fb76acdc8c122bfed3ca2ec4c55e7
tansformers/transformer-2/CONTEXT.md	2306:57938777:1312:2026-10-02 10:42:10.000000000 +0200:666:0:0	36ecfbfd7cbc3eef965534e3daf649ebd41e11d90af7611983997b9e233ec8e1
tansformers/transformer-2/decode.h	2306:57938775:7755:2026-10-02 07:52:45.000000000 +0200:666:0:0	8c585b02da5bf2a1375860f8b62c24abff5e68532229a31af7d23717f91c717d
tansformers/transformer-2/generation.json	2306:57938776:418:2026-10-02 08:00:27.000000000 +0200:666:0:0	25899472a5f5b19b0d562cf8ef58b798b1e6646df184bb9ba7882de262fe1ea2
tansformers/transformer-2/.gitignore	2306:57938778:42:2026-10-02 07:52:45.000000000 +0200:666:0:0	c8b34414864d1f79dcabfc6af7400bc6c94e579cc0ebf8d477d5f179eeb5d784
tansformers/transformer-2/MOVE-JOURNAL.tsv	2306:57939890:98:2026-10-02 10:08:57.339470752 +0200:644:0:0	46d3e064f2ea389f622e1fb2e4c5e0098528b8c656949f2f4b49882ad4838aee
tansformers/transformer-2/MOVE-PLAN.tsv	2306:57939525:10639:2026-10-02 08:01:44.180331613 +0200:644:0:0	b2ec2e6c2493327eeedac6ae89b8e3065e07f6a0f7b5d0f7dfaed1316cee3682
tansformers/transformer-2/README.md	2306:57938814:1980:2026-10-02 08:00:27.000000000 +0200:666:0:0	cba24e8f0698c5caa2f811ae2e0f36c5f1dd2cd57b7e71805ce50957a52510da
tansformers/transformer-2/root.h	2306:57938774:9392:2026-10-02 07:52:45.000000000 +0200:666:0:0	edbd71bc5d93962b7b45efd064c95aad44268d98a148d650710a241ee19d26c5
tansformers/transformer-2/transformer-2.c	2306:57938773:37139:2026-10-02 07:58:48.000000000 +0200:666:0:0	8d728802301b998624f1c9138eae721e8c576df04799f3302bc94218d94e1dc0
tansformers/transformer-2/verification.json	2306:57940539:785:2026-10-02 10:42:10.000000000 +0200:666:0:0	e3dccf04ce31452e59a814036f1c5db299446d1810684c76507cb50dd4e2c99b
tansformers/transformer-30/bin/pipeline-stage.so	2306:57940799:34056:2026-10-02 11:49:20.453031825 +0200:755:0:0	6fe6e6097de175b37e2257c5ba870ec233ed5bfa67fdaf541739b1f925f3354f
tansformers/transformer-30/bin/test-layer.so	2306:57939632:34056:2026-10-02 08:07:10.681933747 +0200:755:0:0	6fe6e6097de175b37e2257c5ba870ec233ed5bfa67fdaf541739b1f925f3354f
tansformers/transformer-30/bin/transformer-30	2306:57939631:38896:2026-10-02 08:07:10.394937599 +0200:755:0:0	c0ebe134375094f9a818f9aee8ea5508cdfcd072c2c5d0f8412458fb31da7b6b
tansformers/transformer-30/CONTEXT.md	2306:57939031:1315:2026-10-02 10:42:10.000000000 +0200:666:0:0	ffb951e589940f118a8228eb4562d5487cb98ec8f1e3ba77934923bfa0d1ebaa
tansformers/transformer-30/decode.h	2306:57939029:7755:2026-10-02 08:00:28.000000000 +0200:666:0:0	8c585b02da5bf2a1375860f8b62c24abff5e68532229a31af7d23717f91c717d
tansformers/transformer-30/generation.json	2306:57939030:420:2026-10-02 08:00:28.000000000 +0200:666:0:0	81647edcb9ae938fca594e2b9758bed0fbae5eefa566158d949f210bee02cce0
tansformers/transformer-30/.gitignore	2306:57939033:43:2026-10-02 08:00:28.000000000 +0200:666:0:0	bff8b19b58d3771beaea86c4579dc4707586b634babd4a6125a7389086188a6b
tansformers/transformer-30/MOVE-JOURNAL.tsv	2306:57940086:101:2026-10-02 10:17:57.026519815 +0200:644:0:0	f4eba888020875e82c819db47722bdb92b7f9531b3c2870916db2bb86214a0ba
tansformers/transformer-30/MOVE-PLAN.tsv	2306:57939633:10778:2026-10-02 08:07:22.289777963 +0200:644:0:0	aa92cd950b07711ed4a4a919811ff13b23edc4dde91bae22d48f86ead9fea387
tansformers/transformer-30/README.md	2306:57939032:1989:2026-10-02 08:00:28.000000000 +0200:666:0:0	9056765483f840c5a9911cd249d1be31655c5ee418b2648d97609d88f74ba411
tansformers/transformer-30/root.h	2306:57939028:9393:2026-10-02 08:00:28.000000000 +0200:666:0:0	859ce134d0debab345ff4f086933ac758d5ae817045b496986a527ca62cc0ee7
tansformers/transformer-30/transformer-30.c	2306:57939027:37143:2026-10-02 08:00:28.000000000 +0200:666:0:0	846f6c2b36198f3576f93f3facd61e00a6e78fb80aeaf897aa545df13e5c07f0
tansformers/transformer-30/verification.json	2306:57940595:787:2026-10-02 10:42:10.000000000 +0200:666:0:0	522e7c3c2acc6245bcb9b0bbe33859d3c44d222bb34e6c467560941e56a3cc2c
tansformers/transformer-31/bin/pipeline-stage.so	2306:57940800:33968:2026-10-02 11:49:20.745027948 +0200:755:0:0	2f9c80095fcb650057d69b181b6c0fb240e7c17802340dd6554d479f06ca0c04
tansformers/transformer-31/bin/test-layer.so	2306:57939636:33968:2026-10-02 08:07:22.885769965 +0200:755:0:0	2f9c80095fcb650057d69b181b6c0fb240e7c17802340dd6554d479f06ca0c04
tansformers/transformer-31/bin/transformer-31	2306:57939635:38792:2026-10-02 08:07:22.597773830 +0200:755:0:0	b427e846712f25000094b8d2ebadb7b0f0c1b393f8fd16885c0026d3e976e564
tansformers/transformer-31/CONTEXT.md	2306:57939039:1315:2026-10-02 10:42:10.000000000 +0200:666:0:0	4182a56942069a3775156c2a048589e80391e627229cc7e0d040888552245895
tansformers/transformer-31/decode.h	2306:57939037:7755:2026-10-02 08:00:28.000000000 +0200:666:0:0	8c585b02da5bf2a1375860f8b62c24abff5e68532229a31af7d23717f91c717d
tansformers/transformer-31/generation.json	2306:57939038:420:2026-10-02 08:00:28.000000000 +0200:666:0:0	cc96fa2b213ffcf6e890ec2fb98166d7a294ef263d548db4f3438fda782317df
tansformers/transformer-31/.gitignore	2306:57939041:43:2026-10-02 08:00:28.000000000 +0200:666:0:0	1339ddb9c3969b69c97597ee0aa30643d788014f8269f71483b00ab3cbb6bc79
tansformers/transformer-31/MOVE-JOURNAL.tsv	2306:57940093:101:2026-10-02 10:18:16.024273611 +0200:644:0:0	7f7a558e5e2abdaa369f17e9bb553c0a52b042248cdaaf101835730e4aaa560f
tansformers/transformer-31/MOVE-PLAN.tsv	2306:57939637:10775:2026-10-02 08:07:34.194618225 +0200:644:0:0	16990c799973bf3d15aacfc43ac7634aa5cc1175b76a722cc87d10b2bf9d2c73
tansformers/transformer-31/README.md	2306:57939040:2001:2026-10-02 08:00:28.000000000 +0200:666:0:0	ef236863957604f1044fc33ca68417edf606bb0c1a756275366d9eced0250cd2
tansformers/transformer-31/root.h	2306:57939036:9392:2026-10-02 08:00:28.000000000 +0200:666:0:0	dddccd3b69eab0c51c24c1455559b87fb5331dc599b4084c0e2563956337a922
tansformers/transformer-31/transformer-31.c	2306:57939035:36963:2026-10-02 08:00:28.000000000 +0200:666:0:0	0ea82aeab3f7c465a2b525e612109ad3015d31305f3317c4c4d8b9c808be683e
tansformers/transformer-31/verification.json	2306:57940597:787:2026-10-02 10:42:10.000000000 +0200:666:0:0	27af9e23d7530e504617635366abf67d3eec6d47e66d735d370eb6733ba25658
tansformers/transformer-32/bin/pipeline-stage.so	2306:57940801:34056:2026-10-02 11:49:21.035024097 +0200:755:0:0	150b6a4da0975e5070b42661d6331be32995bff8b67f2e32e97ec55077f2d579
tansformers/transformer-32/bin/test-layer.so	2306:57939640:34056:2026-10-02 08:07:34.804610041 +0200:755:0:0	150b6a4da0975e5070b42661d6331be32995bff8b67f2e32e97ec55077f2d579
tansformers/transformer-32/bin/transformer-32	2306:57939639:38896:2026-10-02 08:07:34.509613999 +0200:755:0:0	5bc1e93712f27823a2f0cbb8abb05f8e02b95c64663457e5eeb696a046941270
tansformers/transformer-32/CONTEXT.md	2306:57939047:1315:2026-10-02 10:42:10.000000000 +0200:666:0:0	6802620ce53c8a0f778270c3b7a6a1deeb7ec18d28f275f11685b3678b67a944
tansformers/transformer-32/decode.h	2306:57939045:7755:2026-10-02 08:00:28.000000000 +0200:666:0:0	8c585b02da5bf2a1375860f8b62c24abff5e68532229a31af7d23717f91c717d
tansformers/transformer-32/generation.json	2306:57939046:420:2026-10-02 08:00:28.000000000 +0200:666:0:0	987c587c31d201ed356bf43842f6c5a166375cd08134ff1e90d9893385082d39
tansformers/transformer-32/.gitignore	2306:57939049:43:2026-10-02 08:00:28.000000000 +0200:666:0:0	6451f9f2eeafe2adf562b851319390021391bf6c41e49b43260658526ecf6f37
tansformers/transformer-32/MOVE-JOURNAL.tsv	2306:57940100:101:2026-10-02 10:18:35.366022878 +0200:644:0:0	6336fa0faf30cd2776f2e9397d88c0d252f3d86fe8897440cecdb3f531c441d3
tansformers/transformer-32/MOVE-PLAN.tsv	2306:57939641:10778:2026-10-02 08:07:46.482453380 +0200:644:0:0	8998f47964148adbfa720a04fe93d74fe478e19951c9f6b1ab2f480b9719fd06
tansformers/transformer-32/README.md	2306:57939048:1989:2026-10-02 08:00:28.000000000 +0200:666:0:0	65eb57bbf572def8f2b34420194a1b1b6636505f068c6d9d4ca3ad41b7bd859e
tansformers/transformer-32/root.h	2306:57939044:9393:2026-10-02 08:00:28.000000000 +0200:666:0:0	ba85eaa229348c6130b7e4f722881fe506c24480b8c270115fb87eb7c95965d3
tansformers/transformer-32/transformer-32.c	2306:57939043:37143:2026-10-02 08:00:28.000000000 +0200:666:0:0	ef981b4035e4cfbe3725639f98c76c95f0b885a29119ffb7b26cba25fc647fc7
tansformers/transformer-32/verification.json	2306:57940599:787:2026-10-02 10:42:10.000000000 +0200:666:0:0	2cc04753d6f892e28bdd9091620ee67b802d7a4f832b6f28e7fd420841058103
tansformers/transformer-33/bin/pipeline-stage.so	2306:57940802:34056:2026-10-02 11:49:21.324020260 +0200:755:0:0	ea8f81e180dc48118ab9d0511051ed75dc3d175b312ce795144724f778d90177
tansformers/transformer-33/bin/test-layer.so	2306:57939644:34056:2026-10-02 08:07:47.077445399 +0200:755:0:0	ea8f81e180dc48118ab9d0511051ed75dc3d175b312ce795144724f778d90177
tansformers/transformer-33/bin/transformer-33	2306:57939643:38896:2026-10-02 08:07:46.791449235 +0200:755:0:0	52dbbb203c9ee4f838742fba772a257841b7c5368830f829950e6a1676bc62b0
tansformers/transformer-33/CONTEXT.md	2306:57939055:1315:2026-10-02 10:42:10.000000000 +0200:666:0:0	103ee3ac98802e52eea860652139274dbdeb8e6a7c88549a932f92a69551627e
tansformers/transformer-33/decode.h	2306:57939053:7755:2026-10-02 08:00:28.000000000 +0200:666:0:0	8c585b02da5bf2a1375860f8b62c24abff5e68532229a31af7d23717f91c717d
tansformers/transformer-33/generation.json	2306:57939054:420:2026-10-02 08:00:28.000000000 +0200:666:0:0	7b61235bdea404643bbe70361f3d7910c89a6747ce95dd90fc1d39fd2e83d8a4
tansformers/transformer-33/.gitignore	2306:57939057:43:2026-10-02 08:00:28.000000000 +0200:666:0:0	029e66784a9782f69be2de2a63a5764bdf9ab5e6f245ab8e80e24065d430c2d4
tansformers/transformer-33/MOVE-JOURNAL.tsv	2306:57940107:101:2026-10-02 10:18:54.901769564 +0200:644:0:0	5bc755f0a62b3431ab6bacc0892e71039a0023fc05822f070eb09d6b78c128e8
tansformers/transformer-33/MOVE-PLAN.tsv	2306:57939645:10777:2026-10-02 08:07:58.672289883 +0200:644:0:0	ce8ce78682ad968b5a900ab2ea559f1f43e8a8c915ba5c269e01c36507c4f82a
tansformers/transformer-33/README.md	2306:57939056:1989:2026-10-02 08:00:28.000000000 +0200:666:0:0	bed0be7bdd0d2da4abb134006ba6e2f79e783a0fc08fecdc67858d0c359768c4
tansformers/transformer-33/root.h	2306:57939052:9392:2026-10-02 08:00:28.000000000 +0200:666:0:0	b3dea4b01a1e649e918aa5ed3ddd5f6e8611fda69ce7e88d310d0dddfb6fdc95
tansformers/transformer-33/transformer-33.c	2306:57939051:37143:2026-10-02 08:00:28.000000000 +0200:666:0:0	cb4480f6584c65d3827eeb34b531774b4592b4a9c169ca2e6e6b6d0cfdc015c8
tansformers/transformer-33/verification.json	2306:57940601:787:2026-10-02 10:42:10.000000000 +0200:666:0:0	29914a3c62563a9149347b4137eccf9c1ebe0507ffaca21504c54f3a204fa1a5
tansformers/transformer-34/bin/pipeline-stage.so	2306:57940803:34056:2026-10-02 11:49:21.614016410 +0200:755:0:0	e432d35b48995fd9b1961c9e2ff064a92148ba6e5d03240f89c98211c4695bd5
tansformers/transformer-34/bin/test-layer.so	2306:57939648:34056:2026-10-02 08:07:59.268281889 +0200:755:0:0	e432d35b48995fd9b1961c9e2ff064a92148ba6e5d03240f89c98211c4695bd5
tansformers/transformer-34/bin/transformer-34	2306:57939647:38896:2026-10-02 08:07:58.980285752 +0200:755:0:0	0d191d403462822e92a8f702a79512235478fce820996f35f7d6378b63a8699a
tansformers/transformer-34/CONTEXT.md	2306:57939063:1315:2026-10-02 10:42:10.000000000 +0200:666:0:0	2572682d46c9b3027e74cb9babb8a54c175a229e36465bf38bf02e8e3efcdfef
tansformers/transformer-34/decode.h	2306:57939061:7755:2026-10-02 08:00:28.000000000 +0200:666:0:0	8c585b02da5bf2a1375860f8b62c24abff5e68532229a31af7d23717f91c717d
tansformers/transformer-34/generation.json	2306:57939062:420:2026-10-02 08:00:28.000000000 +0200:666:0:0	9d4773d139ed26c511cf4d97b24c0be5dcabb0a5cc626d420fa83ad942436b5e
tansformers/transformer-34/.gitignore	2306:57939065:43:2026-10-02 08:00:28.000000000 +0200:666:0:0	a6901febd3ebb83c65dac73336f6c729889cf766e130582f8ecc0285e52aa107
tansformers/transformer-34/MOVE-JOURNAL.tsv	2306:57940114:101:2026-10-02 10:19:14.382516893 +0200:644:0:0	d4b05020f022a75db5fbbc06462522f4865e805555669f6871301ca0e09cc2cc
tansformers/transformer-34/MOVE-PLAN.tsv	2306:57939649:10777:2026-10-02 08:08:10.956125157 +0200:644:0:0	7698bd9a820517cc6ba2f9b7235e6d22b2e85b35e4e7177a6e6272871c22a997
tansformers/transformer-34/README.md	2306:57939064:1989:2026-10-02 08:00:28.000000000 +0200:666:0:0	8dce0408dd8af0a0ff6435fe7eba89869b9a1ed40be42034c1923430ec49d2a5
tansformers/transformer-34/root.h	2306:57939060:9392:2026-10-02 08:00:28.000000000 +0200:666:0:0	e4c301eaa1f05a8bd624b3f6cc51551d8d0083713d6875287d0bfe38cde1c93e
tansformers/transformer-34/transformer-34.c	2306:57939059:37143:2026-10-02 08:00:28.000000000 +0200:666:0:0	d0159105ce684156a8a9eca9356070f8679ca2e66d51d3dc8c37ce3c443268b9
tansformers/transformer-34/verification.json	2306:57940603:787:2026-10-02 10:42:10.000000000 +0200:666:0:0	401ddafaa47e4d3baaf951349f7871fc450afc3c6e054db9969cd6c05ded0cfd
tansformers/transformer-35/bin/pipeline-stage.so	2306:57940804:33968:2026-10-02 11:49:21.903012573 +0200:755:0:0	b6c1b829591a8ef4f3aab085401485e51eec3e6e41c282b3eafd286204020345
tansformers/transformer-35/bin/test-layer.so	2306:57939652:33968:2026-10-02 08:08:11.550117192 +0200:755:0:0	b6c1b829591a8ef4f3aab085401485e51eec3e6e41c282b3eafd286204020345
tansformers/transformer-35/bin/transformer-35	2306:57939651:38792:2026-10-02 08:08:11.264121027 +0200:755:0:0	66fa94d1f7e29693c3572b6a3bb52a6ca5c52acf5b7c408c12d8a386d1eb5428
tansformers/transformer-35/CONTEXT.md	2306:57939071:1315:2026-10-02 10:42:10.000000000 +0200:666:0:0	a534d470166c0c73266fe46c1c5da74560f7a730d08fde66027a59a1ef5fdec4
tansformers/transformer-35/decode.h	2306:57939069:7755:2026-10-02 08:00:28.000000000 +0200:666:0:0	8c585b02da5bf2a1375860f8b62c24abff5e68532229a31af7d23717f91c717d
tansformers/transformer-35/generation.json	2306:57939070:420:2026-10-02 08:00:28.000000000 +0200:666:0:0	ca91b07bef555329662d390e65fa8a7611c284c5b1beb232053ed7894fd111f4
tansformers/transformer-35/.gitignore	2306:57939073:43:2026-10-02 08:00:28.000000000 +0200:666:0:0	3533b86452bdb123e63c434f7da3bef77505fe8dd436cd7030cdd13773ba9e36
tansformers/transformer-35/MOVE-JOURNAL.tsv	2306:57940121:101:2026-10-02 10:19:33.441269634 +0200:644:0:0	ed200db98b22319345725e8d6828e59c69f2ce6d293a08ba305c9f32506d58e5
tansformers/transformer-35/MOVE-PLAN.tsv	2306:57939653:10775:2026-10-02 08:08:22.800966362 +0200:644:0:0	05c235295c6c4b26a432020fb27cb506910cec47a5469e07606d1a7b0f22c6d0
tansformers/transformer-35/README.md	2306:57939072:2001:2026-10-02 08:00:28.000000000 +0200:666:0:0	f0c958f973850d8c155caaa79999e4fe8640bd7019b8b021cd1506f5603991c3
tansformers/transformer-35/root.h	2306:57939068:9392:2026-10-02 08:00:28.000000000 +0200:666:0:0	c2d92cd6173bf73d08e35b4f34d6ee11b15ad5bc2a73f07f27cd9ab6bdf5a5fd
tansformers/transformer-35/transformer-35.c	2306:57939067:36963:2026-10-02 08:00:28.000000000 +0200:666:0:0	34c309a89a98bfcf75f87abdf0cc26a8310c21fa60d9eb886bfe9a11ddde2ee7
tansformers/transformer-35/verification.json	2306:57940605:787:2026-10-02 10:42:10.000000000 +0200:666:0:0	f851e91b2e16eb77a5ba2e881107020f4649f9cefe95edebcaf20c93992c0afd
tansformers/transformer-36/bin/pipeline-stage.so	2306:57940805:34056:2026-10-02 11:49:22.193008723 +0200:755:0:0	ba2e342f360eed18b497fd8aecaba0b965166ff12865d208485d15d3641c56a5
tansformers/transformer-36/bin/test-layer.so	2306:57939656:34056:2026-10-02 08:08:23.412958161 +0200:755:0:0	ba2e342f360eed18b497fd8aecaba0b965166ff12865d208485d15d3641c56a5
tansformers/transformer-36/bin/transformer-36	2306:57939655:38896:2026-10-02 08:08:23.116962126 +0200:755:0:0	29c762ce7c617136277addbcffe284cc5f86c69974aec8e854678f65a0451525
tansformers/transformer-36/CONTEXT.md	2306:57939079:1315:2026-10-02 10:42:10.000000000 +0200:666:0:0	131e18fe6ad520c18f910bad2513e715301ee81b161de3fd6766a21575edb824
tansformers/transformer-36/decode.h	2306:57939077:7755:2026-10-02 08:00:28.000000000 +0200:666:0:0	8c585b02da5bf2a1375860f8b62c24abff5e68532229a31af7d23717f91c717d
tansformers/transformer-36/generation.json	2306:57939078:420:2026-10-02 08:00:28.000000000 +0200:666:0:0	0940f0acb349efe2ace4d6c112e29cf2ec0ac488a9f1da970bb0cbe7a4ad534c
tansformers/transformer-36/.gitignore	2306:57939081:43:2026-10-02 08:00:28.000000000 +0200:666:0:0	5401f6f23b46839dc13acfe6eece7bf5832ea8480e317a2e056b4b0a26fcaf4c
tansformers/transformer-36/MOVE-JOURNAL.tsv	2306:57940128:101:2026-10-02 10:19:52.908017020 +0200:644:0:0	0d4faee1e6b8e33f41b75220b4aa32d5af24b84368eb31b6c16d8f633287276a
tansformers/transformer-36/MOVE-PLAN.tsv	2306:57939657:10777:2026-10-02 08:08:35.059802035 +0200:644:0:0	d7b1a470854c455fa9a04a4ee548978b1c1fe5c665ebe477261522b0c37e5f0a
tansformers/transformer-36/README.md	2306:57939080:1989:2026-10-02 08:00:28.000000000 +0200:666:0:0	8d836092f257074d689b26cdebccbd7a77404ed0f0bd1122635adb73e0ae301c
tansformers/transformer-36/root.h	2306:57939076:9392:2026-10-02 08:00:28.000000000 +0200:666:0:0	c4bd10d3c19f84e6bb0711a0f5224480e8c73693a7034996cca76ab1d235b1ad
tansformers/transformer-36/transformer-36.c	2306:57939075:37143:2026-10-02 08:00:28.000000000 +0200:666:0:0	ba954a616fc8dbc39b70b73327740856d1d1163087ed61a7e0cfd516b714cf0b
tansformers/transformer-36/verification.json	2306:57940607:787:2026-10-02 10:42:10.000000000 +0200:666:0:0	194ba8a76bc06cd1608f8e53ef9ca81e60e077f075087d67ead189e81a803ce1
tansformers/transformer-37/bin/pipeline-stage.so	2306:57940806:34056:2026-10-02 11:49:22.481004899 +0200:755:0:0	980130e2722a1de2cd92b61d59346f4f1b90fd48446778d47cb672c6c977f1aa
tansformers/transformer-37/bin/test-layer.so	2306:57939660:34056:2026-10-02 08:08:35.653794074 +0200:755:0:0	980130e2722a1de2cd92b61d59346f4f1b90fd48446778d47cb672c6c977f1aa
tansformers/transformer-37/bin/transformer-37	2306:57939659:38896:2026-10-02 08:08:35.366797921 +0200:755:0:0	291c7798ea6f38cb1e5af9f0b85ac97397039aaeb870f51eea5206e666b1491f
tansformers/transformer-37/CONTEXT.md	2306:57939087:1315:2026-10-02 10:42:10.000000000 +0200:666:0:0	bd20c5621de0ff6dd33095fa897060bedb603bcb839aaa029e46036e55fc0fce
tansformers/transformer-37/decode.h	2306:57939085:7755:2026-10-02 08:00:28.000000000 +0200:666:0:0	8c585b02da5bf2a1375860f8b62c24abff5e68532229a31af7d23717f91c717d
tansformers/transformer-37/generation.json	2306:57939086:420:2026-10-02 08:00:28.000000000 +0200:666:0:0	b05fcec7f04c429bcbe7c6f75f3b2259d45340aef7deb17b61ae5159bf0acfdd
tansformers/transformer-37/.gitignore	2306:57939089:43:2026-10-02 08:00:28.000000000 +0200:666:0:0	bc82a36cfc65cef72af886f857ece950ee57e006370245cd95a0aa457aa06f74
tansformers/transformer-37/MOVE-JOURNAL.tsv	2306:57940135:101:2026-10-02 10:20:12.378764295 +0200:644:0:0	4fdefc615e67b59be7defb9d57f79c60b9f6f21df4f092d288689fb603918936
tansformers/transformer-37/MOVE-PLAN.tsv	2306:57939661:10777:2026-10-02 08:08:47.234638860 +0200:644:0:0	ae518a3bec9eb2289e7c5393df1a5108e539ce5277c2e0c1f4e411ebece71d8c
tansformers/transformer-37/README.md	2306:57939088:1989:2026-10-02 08:00:28.000000000 +0200:666:0:0	382f7b71d313da2ab21d1fcc06e08a16a13aa48fbae6c7bfde5ce87aaef3cb1a
tansformers/transformer-37/root.h	2306:57939084:9392:2026-10-02 08:00:28.000000000 +0200:666:0:0	114c1a8fc265dedcca1c9fdc09fbd2f3932f884864d05d55f11935838bca62e9
tansformers/transformer-37/transformer-37.c	2306:57939083:37143:2026-10-02 08:00:28.000000000 +0200:666:0:0	3afeb7ceb5156867c930ab37f6eb252c90b052b0f28e27c4c6af93e6c9b88a50
tansformers/transformer-37/verification.json	2306:57940609:787:2026-10-02 10:42:10.000000000 +0200:666:0:0	b1df14b41a2e1c4d1f7b1c7506995c17d3d3d1ce6534f84ed5d29f4f73521f11
tansformers/transformer-38/bin/pipeline-stage.so	2306:57940807:34056:2026-10-02 11:49:22.773001023 +0200:755:0:0	66365949eab26bb1c9f6219ab0d333e82bee09380da92730dc054e9ccaa5c856
tansformers/transformer-38/bin/test-layer.so	2306:57939664:34056:2026-10-02 08:08:47.834630819 +0200:755:0:0	66365949eab26bb1c9f6219ab0d333e82bee09380da92730dc054e9ccaa5c856
tansformers/transformer-38/bin/transformer-38	2306:57939663:38896:2026-10-02 08:08:47.542634732 +0200:755:0:0	1e152422bb806949b7dbb46408a5104425e8c891c7c5e1faef85b66d3a62aaf3
tansformers/transformer-38/CONTEXT.md	2306:57939095:1313:2026-10-02 10:42:10.000000000 +0200:666:0:0	154f7ea846c6e3aaa48e638778f4fab4512451e9af96f2cfb734680d95d6ca0c
tansformers/transformer-38/decode.h	2306:57939093:7755:2026-10-02 08:00:28.000000000 +0200:666:0:0	8c585b02da5bf2a1375860f8b62c24abff5e68532229a31af7d23717f91c717d
tansformers/transformer-38/generation.json	2306:57939094:418:2026-10-02 08:00:28.000000000 +0200:666:0:0	f599a62e01e52856c550711ff4be600dacd7f4184bf424ddebd566d33c88d33d
tansformers/transformer-38/.gitignore	2306:57939097:43:2026-10-02 08:00:28.000000000 +0200:666:0:0	42c8558d811bd3fc9c49dee709378be3f5ead9cbc08b417d4020dba7e83d4592
tansformers/transformer-38/MOVE-JOURNAL.tsv	2306:57940142:101:2026-10-02 10:20:31.977509849 +0200:644:0:0	1917185676133fdfea4ea67298dff6d0f3442d189d949b51c7f18fb1f0c55305
tansformers/transformer-38/MOVE-PLAN.tsv	2306:57939665:10777:2026-10-02 08:08:59.419475579 +0200:644:0:0	9c6d9c4acf8b9ef9a81bf5982d8ad1467926df3e96c6b14706af71f7264a93d3
tansformers/transformer-38/README.md	2306:57939096:1989:2026-10-02 08:00:28.000000000 +0200:666:0:0	568dc6846830ed00b8acf6e7c27cfdcad9d5f8c9844bfe7129e0748309a658c5
tansformers/transformer-38/root.h	2306:57939092:9390:2026-10-02 08:00:28.000000000 +0200:666:0:0	4c2d6595fad196b5599ae0008ec54ac1fd1ba2579bb7a981108f7faaa74e2e3c
tansformers/transformer-38/transformer-38.c	2306:57939091:37143:2026-10-02 08:00:28.000000000 +0200:666:0:0	fbb4b7f553a018022c84fc9a3dd5656c0124f5c8e7880374da9107cef2505e5c
tansformers/transformer-38/verification.json	2306:57940611:787:2026-10-02 10:42:10.000000000 +0200:666:0:0	ff87e7dce4e9e90d286a35300c5e433d508d2832c6c42fb065f03d33540afc31
tansformers/transformer-39/bin/pipeline-stage.so	2306:57940808:33968:2026-10-02 11:49:23.060997199 +0200:755:0:0	6179b0580089f02fcec31654800ab3754207ccd590aa842c08f5d44e1b044426
tansformers/transformer-39/bin/test-layer.so	2306:57939668:33968:2026-10-02 08:09:00.013467620 +0200:755:0:0	6179b0580089f02fcec31654800ab3754207ccd590aa842c08f5d44e1b044426
tansformers/transformer-39/bin/transformer-39	2306:57939667:38792:2026-10-02 08:08:59.726471466 +0200:755:0:0	5506c77cb0d155ab145ebdc7539d759e3d103c7e950bb57cce6f879fd86df417
tansformers/transformer-39/CONTEXT.md	2306:57939103:1313:2026-10-02 10:42:10.000000000 +0200:666:0:0	8622f4085402cc194cd231215d6d95cb101b83658809525ce10d087de0bab194
tansformers/transformer-39/decode.h	2306:57939101:7755:2026-10-02 08:00:28.000000000 +0200:666:0:0	8c585b02da5bf2a1375860f8b62c24abff5e68532229a31af7d23717f91c717d
tansformers/transformer-39/generation.json	2306:57939102:418:2026-10-02 08:00:28.000000000 +0200:666:0:0	2c8c016ee36166df1be277fb5a988d6fd636ee389480d31c28a17d63cc448fec
tansformers/transformer-39/.gitignore	2306:57939105:43:2026-10-02 08:00:28.000000000 +0200:666:0:0	7f17eebfed66a68fb32acacfb647a249ad7d8672c307c68662ce230410fc9e15
tansformers/transformer-39/MOVE-JOURNAL.tsv	2306:57940149:101:2026-10-02 10:20:51.053262140 +0200:644:0:0	d74591f8f1aa00bccf4001b3775a68a9809825eab5e15fdd5679477b67b3bc40
tansformers/transformer-39/MOVE-PLAN.tsv	2306:57939669:10775:2026-10-02 08:09:11.282316640 +0200:644:0:0	2b6345d99277521e65edf47073d3bc329eeaa61fa52a7acd71f4f2a5b72ee009
tansformers/transformer-39/README.md	2306:57939104:2001:2026-10-02 08:00:28.000000000 +0200:666:0:0	00feddcff44307e88c56e572667510cb620365c1c5495519bc0265ea085e7272
tansformers/transformer-39/root.h	2306:57939100:9390:2026-10-02 08:00:28.000000000 +0200:666:0:0	5fc7a27de00722f93a3aedae3463c24ec2d636689569bfa62d086f514a7db101
tansformers/transformer-39/transformer-39.c	2306:57939099:36963:2026-10-02 08:00:28.000000000 +0200:666:0:0	ea9250e5badc97d488e51375cd21e469e3a77e46eb7c3dbb83c5170e8e5e026e
tansformers/transformer-39/verification.json	2306:57940613:787:2026-10-02 10:42:10.000000000 +0200:666:0:0	1bbbb81eb0a6e9e88b223e703680c86c745255006b5ddc37fc71a2a64dccbdd4
tansformers/transformer-3/bin/pipeline-stage.so	2306:57940772:33968:2026-10-02 11:49:12.648135475 +0200:755:0:0	c54cf2bcb7f56b135635c2c6157bd775594431858bcd3675046cd01c94dd15db
tansformers/transformer-3/bin/test-controls	2306:57939883:483376:2026-10-02 08:21:25.182796756 +0200:755:0:0	d3730f6a6f3f82ad26cb76f3566a43eb317081fcb6b21e66d6fa9eac74527e58
tansformers/transformer-3/bin/test-layer.so	2306:57938803:33968:2026-10-02 08:01:44.764323712 +0200:755:0:0	c54cf2bcb7f56b135635c2c6157bd775594431858bcd3675046cd01c94dd15db
tansformers/transformer-3/bin/transformer-3	2306:57939526:38792:2026-10-02 08:01:44.483327514 +0200:755:0:0	0f4ce486eccc14c44730f69992ab3b95fafcb6595e2102d8655b6747986edc15
tansformers/transformer-3/CONTEXT.md	2306:57938784:1312:2026-10-02 10:42:10.000000000 +0200:666:0:0	2e28858ff9d1325b3751c6c5c2ff835b1d0b042b95e28e0a26015d0295d40c9e
tansformers/transformer-3/decode.h	2306:57938782:7755:2026-10-02 07:52:45.000000000 +0200:666:0:0	8c585b02da5bf2a1375860f8b62c24abff5e68532229a31af7d23717f91c717d
tansformers/transformer-3/generation.json	2306:57938783:418:2026-10-02 08:00:27.000000000 +0200:666:0:0	252fd7052e9375953347e000673c71378506369ab6e4c6ed96c15d95d30f2ad7
tansformers/transformer-3/.gitignore	2306:57938785:42:2026-10-02 07:52:45.000000000 +0200:666:0:0	a68485bb485f047256bd88cc2c8c5a534b95cc5d940fd003004a9c9716178669
tansformers/transformer-3/MOVE-JOURNAL.tsv	2306:57939897:98:2026-10-02 10:09:15.841234412 +0200:644:0:0	839c49608d1ebea04dd9e7cf63cbac35748c65e73ee5f75e5cdc05b8f57db5c5
tansformers/transformer-3/MOVE-PLAN.tsv	2306:57939527:10638:2026-10-02 08:01:55.637176646 +0200:644:0:0	7a2d8dfb25ead89d2f3ec0872887f45fe231ae1b96c17193177a1f899a29b5bd
tansformers/transformer-3/README.md	2306:57938815:1992:2026-10-02 08:00:27.000000000 +0200:666:0:0	2d0cb2e57525fa6daf9566c9e643a16b82c871f1b4add995d6e2d6916e08bbac
tansformers/transformer-3/root.h	2306:57938781:9393:2026-10-02 07:52:45.000000000 +0200:666:0:0	d90bf9f124cd7263e0449e85806166b34da4579d3a155d2fc61d33136c21f7c1
tansformers/transformer-3/transformer-3.c	2306:57938780:36959:2026-10-02 07:58:48.000000000 +0200:666:0:0	c566490315c9dfe6543fcacb6cfb1a30bb184767cb5854b11bcfd206b91dcf02
tansformers/transformer-3/verification.json	2306:57940541:785:2026-10-02 10:42:10.000000000 +0200:666:0:0	772573fd96f1336b9547c2d9cd4027db392fd3b8636e0c97859507cea8724d38
tansformers/transformer-40/bin/pipeline-stage.so	2306:57940809:34056:2026-10-02 11:49:23.351993336 +0200:755:0:0	b95be871ec9a90d1b3dc4e06125f7292ff5a7f3d37cba8b9f506b5296658a90f
tansformers/transformer-40/bin/test-layer.so	2306:57939672:34056:2026-10-02 08:09:11.876308682 +0200:755:0:0	b95be871ec9a90d1b3dc4e06125f7292ff5a7f3d37cba8b9f506b5296658a90f
tansformers/transformer-40/bin/transformer-40	2306:57939671:38896:2026-10-02 08:09:11.590312514 +0200:755:0:0	c81f79a92817c32bbae6bd367f61c2c6156b67a055fe1b3c73747ddad49914da
tansformers/transformer-40/CONTEXT.md	2306:57939111:1311:2026-10-02 10:42:10.000000000 +0200:666:0:0	6440a2fb971aa667465f50191c7d75c26a39ff6373a099b0665a09c4334c0010
tansformers/transformer-40/decode.h	2306:57939109:7755:2026-10-02 08:00:28.000000000 +0200:666:0:0	8c585b02da5bf2a1375860f8b62c24abff5e68532229a31af7d23717f91c717d
tansformers/transformer-40/generation.json	2306:57939110:416:2026-10-02 08:00:28.000000000 +0200:666:0:0	39fb05cad1d20d4487681f3caf2795d9bac716b2b43e8541fc6afb7204cadf40
tansformers/transformer-40/.gitignore	2306:57939113:43:2026-10-02 08:00:28.000000000 +0200:666:0:0	8fb385afc7c57692a58e8f418bcb356d61b0c5efd96594c3a738024f6c9df193
tansformers/transformer-40/MOVE-JOURNAL.tsv	2306:57940156:101:2026-10-02 10:21:10.442010314 +0200:644:0:0	6074716f71ade2e5f9d6781a9ceacec68bf84018120f84934446c0029d5bc7b7
tansformers/transformer-40/MOVE-PLAN.tsv	2306:57939673:10777:2026-10-02 08:09:23.444153723 +0200:644:0:0	d40c31de505360c92dc991fb8035a93b1d66a0ac11e73d614f6406c59fc07f8a
tansformers/transformer-40/README.md	2306:57939112:1989:2026-10-02 08:00:28.000000000 +0200:666:0:0	be5860be829166d3aaef240fd513d43639845bf16da2496e90afbcea0bbf65b3
tansformers/transformer-40/root.h	2306:57939108:9388:2026-10-02 08:00:28.000000000 +0200:666:0:0	a9fb923dcf7f584e64f6d88c6b9b97de813c5bc88234d979721015740eb40b23
tansformers/transformer-40/transformer-40.c	2306:57939107:37143:2026-10-02 08:00:28.000000000 +0200:666:0:0	f3390b4109f3d73109bfc53b6259cbbe32af5440c12fecc47ef419eecc74cedc
tansformers/transformer-40/verification.json	2306:57940615:787:2026-10-02 10:42:10.000000000 +0200:666:0:0	c294dbab2a3a1bf84750d9e0134c0cb9ac9687b8ec6b6aec65f7579663cc1527
tansformers/transformer-41/bin/pipeline-stage.so	2306:57940810:34056:2026-10-02 11:49:23.644989447 +0200:755:0:0	d2b935283b5b79aaf4e3b69d992eb462639b07bf3c09376abba019594569beb7
tansformers/transformer-41/bin/test-layer.so	2306:57939676:34056:2026-10-02 08:09:24.039145753 +0200:755:0:0	d2b935283b5b79aaf4e3b69d992eb462639b07bf3c09376abba019594569beb7
tansformers/transformer-41/bin/transformer-41	2306:57939675:38896:2026-10-02 08:09:23.752149597 +0200:755:0:0	47a1aabed855ba1ef12785503235225e649369b52ecd8884b8a4e47b37c56359
tansformers/transformer-41/CONTEXT.md	2306:57939119:1311:2026-10-02 10:42:10.000000000 +0200:666:0:0	7ab26f2c66c7d041ceb1e1495916c853762a1f9ab1bb4c1a373212cf81fd1b52
tansformers/transformer-41/decode.h	2306:57939117:7755:2026-10-02 08:00:28.000000000 +0200:666:0:0	8c585b02da5bf2a1375860f8b62c24abff5e68532229a31af7d23717f91c717d
tansformers/transformer-41/generation.json	2306:57939118:416:2026-10-02 08:00:28.000000000 +0200:666:0:0	b673830f463f7e25ffb8f1e28f4d3119373ac0c92d8d6991569fb6e21e070a61
tansformers/transformer-41/.gitignore	2306:57939121:43:2026-10-02 08:00:28.000000000 +0200:666:0:0	01f05ea10a2f1412d7a2e4b8b56b5ec7fbda65d36e723859ebd31e8be55ececd
tansformers/transformer-41/MOVE-JOURNAL.tsv	2306:57940163:101:2026-10-02 10:21:29.944756955 +0200:644:0:0	197a6d4667b9e9fa493e1313e77004ec8435cd2485d8882fdecc3a6ed5f49bb7
tansformers/transformer-41/MOVE-PLAN.tsv	2306:57939677:10777:2026-10-02 08:09:35.696989623 +0200:644:0:0	b41be2aaf0f257a9b26fef8046e73aa1c817f8ff9030532bd580d3cbdd82c52c
tansformers/transformer-41/README.md	2306:57939120:1989:2026-10-02 08:00:28.000000000 +0200:666:0:0	ae95cbb22a3086b279e778895e1de8a9f2171fa5de7871d905163447e889acd7
tansformers/transformer-41/root.h	2306:57939116:9388:2026-10-02 08:00:28.000000000 +0200:666:0:0	a9fb923dcf7f584e64f6d88c6b9b97de813c5bc88234d979721015740eb40b23
tansformers/transformer-41/transformer-41.c	2306:57939115:37143:2026-10-02 08:00:28.000000000 +0200:666:0:0	c340be5f642967035cd806f13caf16d16bdc295c1de39c825857a4453487725b
tansformers/transformer-41/verification.json	2306:57940617:787:2026-10-02 10:42:10.000000000 +0200:666:0:0	f5b347f49051013e739b0adc1351bec7f4fa028014ff0acd7f4f8c49f30b6048
tansformers/transformer-42/bin/pipeline-stage.so	2306:57940811:34056:2026-10-02 11:49:23.932985623 +0200:755:0:0	77cf389e6bf77a54df8b94f40343df727be207795235fe2b01f49bd88238eafb
tansformers/transformer-42/bin/test-layer.so	2306:57939680:34056:2026-10-02 08:09:36.290981669 +0200:755:0:0	77cf389e6bf77a54df8b94f40343df727be207795235fe2b01f49bd88238eafb
tansformers/transformer-42/bin/transformer-42	2306:57939679:38896:2026-10-02 08:09:36.002985525 +0200:755:0:0	2eb5283293a6a3386144f23aaa341a21f04aecbe5a4c37712697a9b204e1a7ee
tansformers/transformer-42/CONTEXT.md	2306:57939127:1312:2026-10-02 10:42:10.000000000 +0200:666:0:0	a5e3124f746f3907e097eade53c5cde5eb19fc6c5522bf3a44fa90a790673faa
tansformers/transformer-42/decode.h	2306:57939125:7755:2026-10-02 08:00:28.000000000 +0200:666:0:0	8c585b02da5bf2a1375860f8b62c24abff5e68532229a31af7d23717f91c717d
tansformers/transformer-42/generation.json	2306:57939126:417:2026-10-02 08:00:28.000000000 +0200:666:0:0	42e0307cf5c34f385359b67e3fb482928d02aa98761338d83edd13ec092cd2a6
tansformers/transformer-42/.gitignore	2306:57939129:43:2026-10-02 08:00:28.000000000 +0200:666:0:0	416b50753698a52c31ed163c0e8913f35d20df54ee0bc0b4392e65758e0560c5
tansformers/transformer-42/MOVE-JOURNAL.tsv	2306:57940170:101:2026-10-02 10:21:49.434503717 +0200:644:0:0	c257112baa879d1cd82b5345e83e2064d2a697efedf75a7e913073a7f42a6981
tansformers/transformer-42/MOVE-PLAN.tsv	2306:57939681:10777:2026-10-02 08:09:47.853826827 +0200:644:0:0	a53994903c3d3a053194b38058e910650206bc2fab883d51b9e10645c931aa93
tansformers/transformer-42/README.md	2306:57939128:1989:2026-10-02 08:00:28.000000000 +0200:666:0:0	ce0d924aa87148e48f03d84fe5369c546178842e331083cd60f4df88613b2619
tansformers/transformer-42/root.h	2306:57939124:9389:2026-10-02 08:00:28.000000000 +0200:666:0:0	b00b7921b44d6c3df2c8da37719e7bc2ca76d7c6a9047560d3114999cbfd82ec
tansformers/transformer-42/transformer-42.c	2306:57939123:37143:2026-10-02 08:00:28.000000000 +0200:666:0:0	3944c1e8711d3cf24f342c990d8126922b70fcda5f9be44f38f3ba589ca0ed88
tansformers/transformer-42/verification.json	2306:57940619:787:2026-10-02 10:42:10.000000000 +0200:666:0:0	ed8c8a498ccdd2038b826e1a6054e672408fe2c6bf483dc951a846f6eaacba19
tansformers/transformer-43/bin/pipeline-stage.so	2306:57940812:33968:2026-10-02 11:49:24.224981747 +0200:755:0:0	3267d6506ab480ed460b018ab7d719c1209451efaf2f7f713ee6cb05ad56b8ab
tansformers/transformer-43/bin/test-layer.so	2306:57939684:33968:2026-10-02 08:09:48.449818847 +0200:755:0:0	3267d6506ab480ed460b018ab7d719c1209451efaf2f7f713ee6cb05ad56b8ab
tansformers/transformer-43/bin/transformer-43	2306:57939683:38792:2026-10-02 08:09:48.162822690 +0200:755:0:0	99da8c7d12a60ff462494b98420bb2cf0703bf4c07fb8e40c5d6a64413e8cfc2
tansformers/transformer-43/CONTEXT.md	2306:57939135:1311:2026-10-02 10:42:10.000000000 +0200:666:0:0	d32f212b9f2def92ed470b02614b01ea09d228e17a55322a6b4ded4ebba7e127
tansformers/transformer-43/decode.h	2306:57939133:7755:2026-10-02 08:00:28.000000000 +0200:666:0:0	8c585b02da5bf2a1375860f8b62c24abff5e68532229a31af7d23717f91c717d
tansformers/transformer-43/generation.json	2306:57939134:416:2026-10-02 08:00:28.000000000 +0200:666:0:0	0d73509d8368e99b078e8586d3a0cb672f209189b56fe74a20c5c7e8d4b28d8c
tansformers/transformer-43/.gitignore	2306:57939137:43:2026-10-02 08:00:28.000000000 +0200:666:0:0	9371496194435b6838f023373a96e957f2748cf502b870155443378b5e29d217
tansformers/transformer-43/MOVE-JOURNAL.tsv	2306:57940177:101:2026-10-02 10:22:08.481256189 +0200:644:0:0	0f20f1dea5be6b9197b21c242a0930a06ea827bc83d10242bb06a7beb0cb77cd
tansformers/transformer-43/MOVE-PLAN.tsv	2306:57939685:10775:2026-10-02 08:09:59.737667710 +0200:644:0:0	81141983f1b34ffd2ba3eff33ed25c3c747c9a9a335f676fe6414d79d3731270
tansformers/transformer-43/README.md	2306:57939136:2001:2026-10-02 08:00:28.000000000 +0200:666:0:0	92643845ca07cf20772c658d37cc75b059b9ad123adc51c0ca7c43fffd421836
tansformers/transformer-43/root.h	2306:57939132:9388:2026-10-02 08:00:28.000000000 +0200:666:0:0	a9fb923dcf7f584e64f6d88c6b9b97de813c5bc88234d979721015740eb40b23
tansformers/transformer-43/transformer-43.c	2306:57939131:36963:2026-10-02 08:00:28.000000000 +0200:666:0:0	6ef99bbd99ad3b414a1f859aa44df69f332aaa2e38006af340655cfa1730c9b4
tansformers/transformer-43/verification.json	2306:57940621:787:2026-10-02 10:42:10.000000000 +0200:666:0:0	0f8c47c0598215d269f197205d4498c14c0740c5343fbbe3a4d6fb47e4da43d9
tansformers/transformer-44/bin/pipeline-stage.so	2306:57940813:34056:2026-10-02 11:49:24.518977845 +0200:755:0:0	c3c184f5905af04f75aa37b595f954f61d1754a0908d013d0e433d225d3c9de6
tansformers/transformer-44/bin/test-layer.so	2306:57939688:34056:2026-10-02 08:10:00.336659691 +0200:755:0:0	c3c184f5905af04f75aa37b595f954f61d1754a0908d013d0e433d225d3c9de6
tansformers/transformer-44/bin/transformer-44	2306:57939687:38896:2026-10-02 08:10:00.049663533 +0200:755:0:0	64eb6c862b16d48c8d8713a8ced8de1865b876a8c572673bc068ddc6693ef54e
tansformers/transformer-44/CONTEXT.md	2306:57939143:1312:2026-10-02 10:42:10.000000000 +0200:666:0:0	d6d2caddb0b25b2b54399559b4e026d7fc9016985273009142daaf9e9e389493
tansformers/transformer-44/decode.h	2306:57939141:7755:2026-10-02 08:00:28.000000000 +0200:666:0:0	8c585b02da5bf2a1375860f8b62c24abff5e68532229a31af7d23717f91c717d
tansformers/transformer-44/generation.json	2306:57939142:417:2026-10-02 08:00:28.000000000 +0200:666:0:0	13e266a2754afc1468353cac58d401b190b29eeffe6c3fefe6d2bbbc680e1fa0
tansformers/transformer-44/.gitignore	2306:57939145:43:2026-10-02 08:00:28.000000000 +0200:666:0:0	b7cdc8f2c545ba56d65657f79a3d32bbd363dbd577674a2e75963597ebf9997f
tansformers/transformer-44/MOVE-JOURNAL.tsv	2306:57940184:101:2026-10-02 10:22:27.985002676 +0200:644:0:0	d00942546d19dd8d671f4d91d2afc1a82756649f404f5fad99684e114c7b9146
tansformers/transformer-44/MOVE-PLAN.tsv	2306:57939689:10777:2026-10-02 08:10:11.929504493 +0200:644:0:0	b98e30d018dc73547abd6c2fff264721142d76f69bdde48448fd0dad974f2e83
tansformers/transformer-44/README.md	2306:57939144:1989:2026-10-02 08:00:28.000000000 +0200:666:0:0	b3cd3b23e260f9fb75cd87bdaad3b999e6442c25e163a06eef43e933c6d98ae1
tansformers/transformer-44/root.h	2306:57939140:9389:2026-10-02 08:00:28.000000000 +0200:666:0:0	3743da6b236725b9db081b191287df4da7ddacb84f52f400ed225ae9b098e33a
tansformers/transformer-44/transformer-44.c	2306:57939139:37143:2026-10-02 08:00:28.000000000 +0200:666:0:0	ae2dd0fffca58805771553221ea2bd7f64a13b4ca7b51d3cc41878ac03baf988
tansformers/transformer-44/verification.json	2306:57940623:787:2026-10-02 10:42:10.000000000 +0200:666:0:0	719d38d5ab31f784d6b38a068d0e44bdbfc884b23329a6e64c55e822a22d12b5
tansformers/transformer-45/bin/pipeline-stage.so	2306:57940814:34056:2026-10-02 11:49:24.803974061 +0200:755:0:0	e4556b10e11b2ae5f1a703cfdbdbacdb1e0a27fae6370f98c2a9cc4f38e37f1f
tansformers/transformer-45/bin/test-layer.so	2306:57939692:34056:2026-10-02 08:10:12.527496488 +0200:755:0:0	e4556b10e11b2ae5f1a703cfdbdbacdb1e0a27fae6370f98c2a9cc4f38e37f1f
tansformers/transformer-45/bin/transformer-45	2306:57939691:38896:2026-10-02 08:10:12.239500344 +0200:755:0:0	ebd79b8535983b2373be6984b369aa7d268d8cf59a0fe2b837c72f7e78f73a76
tansformers/transformer-45/CONTEXT.md	2306:57939151:1311:2026-10-02 10:42:10.000000000 +0200:666:0:0	21e5ef93bb9f7a6a89c124f942d1c9c4447ef92d253cf13e246894ff1db10ff1
tansformers/transformer-45/decode.h	2306:57939149:7755:2026-10-02 08:00:28.000000000 +0200:666:0:0	8c585b02da5bf2a1375860f8b62c24abff5e68532229a31af7d23717f91c717d
tansformers/transformer-45/generation.json	2306:57939150:416:2026-10-02 08:00:28.000000000 +0200:666:0:0	53b193c669e12fd8d77059659e6984662fc800754f204cf09f198bfbfeb53f25
tansformers/transformer-45/.gitignore	2306:57939153:43:2026-10-02 08:00:28.000000000 +0200:666:0:0	e53a52d90d0fc7136a444e78578072440a8f73c913d57928039edf5206d2a41c
tansformers/transformer-45/MOVE-JOURNAL.tsv	2306:57940191:101:2026-10-02 10:22:47.509748846 +0200:644:0:0	c9f3caf203110061ac5f2b6694832cdefcc6b353054438e1acd3a066a7e201e3
tansformers/transformer-45/MOVE-PLAN.tsv	2306:57939693:10777:2026-10-02 08:10:24.130341181 +0200:644:0:0	2b59742a38c2a9e422dc360958c801c225c214462d2bb98148831e1e1f2803f8
tansformers/transformer-45/README.md	2306:57939152:1989:2026-10-02 08:00:28.000000000 +0200:666:0:0	ca3cd8e6b797237c4d3650a34f804f7a2ee8bdc111a9467ddf2060c7a2e4a811
tansformers/transformer-45/root.h	2306:57939148:9388:2026-10-02 08:00:28.000000000 +0200:666:0:0	a9fb923dcf7f584e64f6d88c6b9b97de813c5bc88234d979721015740eb40b23
tansformers/transformer-45/transformer-45.c	2306:57939147:37143:2026-10-02 08:00:28.000000000 +0200:666:0:0	f9837e151c27bd173a692d886fb964d32fba422bb0ebaab2f7fc661930755338
tansformers/transformer-45/verification.json	2306:57940625:787:2026-10-02 10:42:10.000000000 +0200:666:0:0	3bbf338e480b05e903d8d8a120b938010be8bb20df9d169b90c9ef0570cef9d2
tansformers/transformer-46/bin/pipeline-stage.so	2306:57940815:34056:2026-10-02 11:49:25.089970264 +0200:755:0:0	9dfaf63b106f892a86d006149dd8ce31c2aa9a3c68a33410cb341b168a52c484
tansformers/transformer-46/bin/test-layer.so	2306:57939696:34056:2026-10-02 08:10:24.725333217 +0200:755:0:0	9dfaf63b106f892a86d006149dd8ce31c2aa9a3c68a33410cb341b168a52c484
tansformers/transformer-46/bin/transformer-46	2306:57939695:38896:2026-10-02 08:10:24.438337059 +0200:755:0:0	3686c52d075fdeb80c4985ad2f4d46c85202d2cd3f3c495ff5f60232b5c20563
tansformers/transformer-46/CONTEXT.md	2306:57939159:1315:2026-10-02 10:42:10.000000000 +0200:666:0:0	a5c994021d928af872433beb07b90ce214360e2f16b5c40f3474702d62112109
tansformers/transformer-46/decode.h	2306:57939157:7755:2026-10-02 08:00:28.000000000 +0200:666:0:0	8c585b02da5bf2a1375860f8b62c24abff5e68532229a31af7d23717f91c717d
tansformers/transformer-46/generation.json	2306:57939158:420:2026-10-02 08:00:28.000000000 +0200:666:0:0	0d9a47a7b02f5a3a7178c8f42c087cc2711fa1394172aa595b32992dcc82a9c4
tansformers/transformer-46/.gitignore	2306:57939161:43:2026-10-02 08:00:28.000000000 +0200:666:0:0	2df50ce1ad8313b41ee2ee35cff96c329777fd0f9d727e61727827252474cd7e
tansformers/transformer-46/MOVE-JOURNAL.tsv	2306:57940198:101:2026-10-02 10:23:07.120493855 +0200:644:0:0	0834a6f0731001196d0d6b17b2c27ad674f3929bfbfc16a0f7899de35a2ca749
tansformers/transformer-46/MOVE-PLAN.tsv	2306:57939697:10777:2026-10-02 08:10:36.334177852 +0200:644:0:0	43ffb8de53892970e437e9445ac59dae949dba09b4c226042075532ee797d27c
tansformers/transformer-46/README.md	2306:57939160:1989:2026-10-02 08:00:28.000000000 +0200:666:0:0	0767e32f92e9a036b11120f62a94e0e677dbf5de07c7b896c4f8b8deca6e45dc
tansformers/transformer-46/root.h	2306:57939156:9392:2026-10-02 08:00:28.000000000 +0200:666:0:0	910aabc3847690650e9db10599aa026a498555bd12cc4e88835570c51e5a0504
tansformers/transformer-46/transformer-46.c	2306:57939155:37143:2026-10-02 08:00:28.000000000 +0200:666:0:0	86fc3e12d0dad474e5e698a4b6c21da90a4a76a528cf1c357ea16b0d5370bbc6
tansformers/transformer-46/verification.json	2306:57940627:787:2026-10-02 10:42:10.000000000 +0200:666:0:0	f8b6ee22b13477c48c6b6299d978320b85a412f0d0016ec0fa639e9fef95a698
tansformers/transformer-47/bin/pipeline-stage.so	2306:57940816:33968:2026-10-02 11:49:25.378966428 +0200:755:0:0	a0700b68b4deb90a1c7861cfb2f3a92b7b316a38fd30147d5c15f7178c203e7b
tansformers/transformer-47/bin/test-layer.so	2306:57939700:33968:2026-10-02 08:10:36.930169876 +0200:755:0:0	a0700b68b4deb90a1c7861cfb2f3a92b7b316a38fd30147d5c15f7178c203e7b
tansformers/transformer-47/bin/transformer-47	2306:57939699:38792:2026-10-02 08:10:36.642173730 +0200:755:0:0	1e124c428d0ac4b0c77f3ab790c0fdcce3173e1d611acc24e1e3e08b8d9639c5
tansformers/transformer-47/CONTEXT.md	2306:57939167:1313:2026-10-02 10:42:10.000000000 +0200:666:0:0	905c8458c75beb29b062ca8c3380205b9a46b8503b66e1ad12f6383c2d6975e6
tansformers/transformer-47/decode.h	2306:57939165:7755:2026-10-02 08:00:28.000000000 +0200:666:0:0	8c585b02da5bf2a1375860f8b62c24abff5e68532229a31af7d23717f91c717d
tansformers/transformer-47/generation.json	2306:57939166:418:2026-10-02 08:00:28.000000000 +0200:666:0:0	60ec648b700bfcc4cc969d970ce36edb35c0767c551706b60bac8d51b1f60b90
tansformers/transformer-47/.gitignore	2306:57939169:43:2026-10-02 08:00:28.000000000 +0200:666:0:0	8fab6de9ae3884ef9731a87bf038cefe5a5b6b08a157f8e0b82b8f40677b480f
tansformers/transformer-47/MOVE-JOURNAL.tsv	2306:57940205:101:2026-10-02 10:23:26.158246275 +0200:644:0:0	b77effa10c250c2d87cddc0343eeaf84e66ab70ca426fbf63fdb12c07b068beb
tansformers/transformer-47/MOVE-PLAN.tsv	2306:57939701:10775:2026-10-02 08:10:48.224018751 +0200:644:0:0	e95127f7f8c8b3a1dbe01a3fa711b0cb99fe838643ba4797803a2c20c754fd17
tansformers/transformer-47/README.md	2306:57939168:2001:2026-10-02 08:00:28.000000000 +0200:666:0:0	c5beb3b15894fd676dd469b15dcbfafc32a2151919c9a681e4dcfc129aa2694b
tansformers/transformer-47/root.h	2306:57939164:9390:2026-10-02 08:00:28.000000000 +0200:666:0:0	dcb25edc27e0880dafe266ce169b5e98e82615efd09c75c261c143f3415a4a9d
tansformers/transformer-47/transformer-47.c	2306:57939163:36963:2026-10-02 08:00:28.000000000 +0200:666:0:0	780ed3a6583a354dac4c8fec0d29e477e9b8d3a86f96c3dad03a0cd284fdf180
tansformers/transformer-47/verification.json	2306:57940629:787:2026-10-02 10:42:10.000000000 +0200:666:0:0	5e66ce9473dc040000b2edda65420f01be5c962bd57893b637018f18f4992d47
tansformers/transformer-48/bin/pipeline-stage.so	2306:57940817:34056:2026-10-02 11:49:25.666962605 +0200:755:0:0	75d7475f2c10fe30c545ac2d512e9595baf7cb865233d7d76b67ef1917b22acc
tansformers/transformer-48/bin/test-layer.so	2306:57939704:34056:2026-10-02 08:10:48.816010830 +0200:755:0:0	75d7475f2c10fe30c545ac2d512e9595baf7cb865233d7d76b67ef1917b22acc
tansformers/transformer-48/bin/transformer-48	2306:57939703:38896:2026-10-02 08:10:48.531014643 +0200:755:0:0	0ce7f0090bb33a0a21d60bd0e907496633369724e9743b1ac2dcec8befe6e433
tansformers/transformer-48/CONTEXT.md	2306:57939175:1313:2026-10-02 10:42:10.000000000 +0200:666:0:0	1d5c4707dfcf8db1ba365932cbaaf1b478ab9fd9eac787202bd01a99902b5afb
tansformers/transformer-48/decode.h	2306:57939173:7755:2026-10-02 08:00:28.000000000 +0200:666:0:0	8c585b02da5bf2a1375860f8b62c24abff5e68532229a31af7d23717f91c717d
tansformers/transformer-48/generation.json	2306:57939174:418:2026-10-02 08:00:28.000000000 +0200:666:0:0	af2b9905c993ba0d44d578b2eda196d1d69ad826a3a5cb18287ab76337059207
tansformers/transformer-48/.gitignore	2306:57939177:43:2026-10-02 08:00:28.000000000 +0200:666:0:0	f74601cf2c0580a1640deb64aa17157315321e7f38ebae61aaa44e10e987b59d
tansformers/transformer-48/MOVE-JOURNAL.tsv	2306:57940212:101:2026-10-02 10:23:45.631992986 +0200:644:0:0	5c180be738192ee2a5212d4b8d1805b49a468d684bae826f5cd99f4d8ea12c20
tansformers/transformer-48/MOVE-PLAN.tsv	2306:57939705:10777:2026-10-02 08:11:00.501854480 +0200:644:0:0	731fbeb99e9db5ce58d23f48884e1299ec0ab7a05720d3736937f31cc4259012
tansformers/transformer-48/README.md	2306:57939176:1989:2026-10-02 08:00:28.000000000 +0200:666:0:0	d895f5b415dcbf8a0488b7ff9b2e8f13a9fa9a21f25d987521115b5d97f9d66c
tansformers/transformer-48/root.h	2306:57939172:9390:2026-10-02 08:00:28.000000000 +0200:666:0:0	fa054a92f95a929f89a7d429a1b38020a761396f56d4f09406eca335ee38e4be
tansformers/transformer-48/transformer-48.c	2306:57939171:37143:2026-10-02 08:00:28.000000000 +0200:666:0:0	14786a9448892a08c6f3bbf6fde326af06bc4e3b57923c850835aedff8114ca1
tansformers/transformer-48/verification.json	2306:57940631:787:2026-10-02 10:42:10.000000000 +0200:666:0:0	92a4f6399b23f65e98e18835012bc62e23fb67521ed0a5cb808d713d1300a532
tansformers/transformer-49/bin/pipeline-stage.so	2306:57940818:34056:2026-10-02 11:49:25.955958768 +0200:755:0:0	fa48f020fbafdb6152a72afd886dcb5ebad8a6d43619e3db011b7201246fa3d1
tansformers/transformer-49/bin/test-layer.so	2306:57939708:34056:2026-10-02 08:11:01.095846533 +0200:755:0:0	fa48f020fbafdb6152a72afd886dcb5ebad8a6d43619e3db011b7201246fa3d1
tansformers/transformer-49/bin/transformer-49	2306:57939707:38896:2026-10-02 08:11:00.809850359 +0200:755:0:0	22ed4e071d63351b341911e4b9a66cd23f7de5d50bf0cf34faab3c2bdc6eb3cf
tansformers/transformer-49/CONTEXT.md	2306:57939183:1313:2026-10-02 10:42:10.000000000 +0200:666:0:0	27dfe9d44c55eaf3b79dcb88c4a17427150497d8a341a137dabc6e08af548b0d
tansformers/transformer-49/decode.h	2306:57939181:7755:2026-10-02 08:00:28.000000000 +0200:666:0:0	8c585b02da5bf2a1375860f8b62c24abff5e68532229a31af7d23717f91c717d
tansformers/transformer-49/generation.json	2306:57939182:418:2026-10-02 08:00:28.000000000 +0200:666:0:0	c301499656ec70fb5c4c63b75fbfe2040667536b628f110a534a83036f3a5368
tansformers/transformer-49/.gitignore	2306:57939185:43:2026-10-02 08:00:28.000000000 +0200:666:0:0	296b1232c5d5ee06366fb12dbbbfde16e11fd395ade643e521936c81bf98fca1
tansformers/transformer-49/MOVE-JOURNAL.tsv	2306:57940219:101:2026-10-02 10:24:05.143739163 +0200:644:0:0	e7580c9f4ae5b466634868b8b1d11baf9c31b82633e26f16277f0c6c7a9b88d1
tansformers/transformer-49/MOVE-PLAN.tsv	2306:57939709:10777:2026-10-02 08:11:12.631692209 +0200:644:0:0	ae587cb82a10c544ae01f7d1e049f2108eb46ec00be35551cdbf1bfb699d8edc
tansformers/transformer-49/README.md	2306:57939184:1989:2026-10-02 08:00:28.000000000 +0200:666:0:0	2343eb3c666f737127ada1d8dbb800690653e48197e886a2547230b8b4041df6
tansformers/transformer-49/root.h	2306:57939180:9390:2026-10-02 08:00:28.000000000 +0200:666:0:0	161b6ecc22229c23bedcd2b013b4af9c9531b2ccd947e1bee8b8aafd126c68f1
tansformers/transformer-49/transformer-49.c	2306:57939179:37143:2026-10-02 08:00:28.000000000 +0200:666:0:0	1f2f9c28c137a16772d0b0d821da28934e1770c05772d1f972d4e8928abcaee0
tansformers/transformer-49/verification.json	2306:57940633:787:2026-10-02 10:42:10.000000000 +0200:666:0:0	33491ad1d00f546f12bd41d66ab76608b19ee7cd89ba37d659ad3e9a2ca13f3e
tansformers/transformer-4/bin/pipeline-stage.so	2306:57940773:34056:2026-10-02 11:49:12.937131637 +0200:755:0:0	7d1424d10894be4d631c43f0d75b96fc39d75bd875e8cdc8575e0d5cb1d394ba
tansformers/transformer-4/bin/test-layer.so	2306:57939530:34056:2026-10-02 08:01:56.224168708 +0200:755:0:0	7d1424d10894be4d631c43f0d75b96fc39d75bd875e8cdc8575e0d5cb1d394ba
tansformers/transformer-4/bin/transformer-4	2306:57939529:38896:2026-10-02 08:01:55.942172521 +0200:755:0:0	28877d2d7052688b7aa578a6cef54434b86091f24539109057bd514279bac311
tansformers/transformer-4/CONTEXT.md	2306:57938821:1312:2026-10-02 10:42:10.000000000 +0200:666:0:0	78a074c91beb42844a0de45cfa3fecdbcd2ffcba92768155bf2af0349be08c6a
tansformers/transformer-4/decode.h	2306:57938819:7755:2026-10-02 08:00:27.000000000 +0200:666:0:0	8c585b02da5bf2a1375860f8b62c24abff5e68532229a31af7d23717f91c717d
tansformers/transformer-4/generation.json	2306:57938820:418:2026-10-02 08:00:27.000000000 +0200:666:0:0	c17ffd62c27e957ade535fa0776d70d668c3264f5de8a5a5be6f71d8ac3db9c0
tansformers/transformer-4/.gitignore	2306:57938823:42:2026-10-02 08:00:27.000000000 +0200:666:0:0	319f4f66b406f086681acbb882c7940fe03dcc62409248062081d6d092641261
tansformers/transformer-4/MOVE-JOURNAL.tsv	2306:57939904:98:2026-10-02 10:09:34.931990348 +0200:644:0:0	d3e2474ebfeba7ab18b9b41cc241826a516ed58ae39a9bee4792c9808920d7d3
tansformers/transformer-4/MOVE-PLAN.tsv	2306:57939531:10639:2026-10-02 08:02:07.808012081 +0200:644:0:0	c8504c2fe5ca99599be3235d95b6b74a5b8054066726d0a45d7ce183f9f1fbf5
tansformers/transformer-4/README.md	2306:57938822:1980:2026-10-02 08:00:27.000000000 +0200:666:0:0	d9de7e7c03bd6c7e568b2833f067c43d3f72d989fedf9e15321e7ae51f5568b8
tansformers/transformer-4/root.h	2306:57938818:9392:2026-10-02 08:00:27.000000000 +0200:666:0:0	5d1524578aca0264c9883432cef35231943d45f8a25702312b8208af8f320582
tansformers/transformer-4/transformer-4.c	2306:57938817:37139:2026-10-02 08:00:27.000000000 +0200:666:0:0	d6b869241a8f89d1d8495e8a61c131f1bbf6be53b83df4af22b64b92ff47bd5d
tansformers/transformer-4/verification.json	2306:57940543:785:2026-10-02 10:42:10.000000000 +0200:666:0:0	984afd5d7895b98a6f04453848915ddc24681b03b65ad7e1d08fb3e1781aad47
tansformers/transformer-50/bin/pipeline-stage.so	2306:57940819:34056:2026-10-02 11:49:26.245954917 +0200:755:0:0	d4d905dfb29a3d7c8effb3329a7fbe3619ee80f4afb1910838cc8752ee97ee60
tansformers/transformer-50/bin/test-layer.so	2306:57939712:34056:2026-10-02 08:11:13.224684276 +0200:755:0:0	d4d905dfb29a3d7c8effb3329a7fbe3619ee80f4afb1910838cc8752ee97ee60
tansformers/transformer-50/bin/transformer-50	2306:57939711:38896:2026-10-02 08:11:12.937688115 +0200:755:0:0	79f173aaa753a516320a05ac1f6c6368a3dd69f991774b344fb4f321a28afd68
tansformers/transformer-50/CONTEXT.md	2306:57939191:1313:2026-10-02 10:42:10.000000000 +0200:666:0:0	f86477a937c9a7494de2db45ee48d3e86929505ab1609a82c40db823eb27ced5
tansformers/transformer-50/decode.h	2306:57939189:7755:2026-10-02 08:00:28.000000000 +0200:666:0:0	8c585b02da5bf2a1375860f8b62c24abff5e68532229a31af7d23717f91c717d
tansformers/transformer-50/generation.json	2306:57939190:418:2026-10-02 08:00:28.000000000 +0200:666:0:0	82278f33244430c3d46e1c7d77bd0eb47794ac88e1fe0947cee38017e8f0b238
tansformers/transformer-50/.gitignore	2306:57939193:43:2026-10-02 08:00:28.000000000 +0200:666:0:0	4535694453ee7b6e8aadcf49fa8aa78eca1d203930db11f33d7cdd1c9215397e
tansformers/transformer-50/MOVE-JOURNAL.tsv	2306:57940226:101:2026-10-02 10:24:24.684484928 +0200:644:0:0	61af5c0cef355a33791c12fdbb38d43f5cc56195573906fa51047cd1cceace5a
tansformers/transformer-50/MOVE-PLAN.tsv	2306:57939713:10777:2026-10-02 08:11:24.912527939 +0200:644:0:0	fc2a86658c3d6d1b8c9f44a1efe9b6d720b93a1f8a7920aef4e45c312e0a8d00
tansformers/transformer-50/README.md	2306:57939192:1989:2026-10-02 08:00:28.000000000 +0200:666:0:0	627906eaf1ea5d8c52da33845c657c85fb06fbdf929a46d5103649e47ff2d182
tansformers/transformer-50/root.h	2306:57939188:9390:2026-10-02 08:00:28.000000000 +0200:666:0:0	7e3d2b66e8d80763638d9ac3c9516f83e7e92d4b2b23dbb2fede23b0b834783d
tansformers/transformer-50/transformer-50.c	2306:57939187:37143:2026-10-02 08:00:28.000000000 +0200:666:0:0	ce98d57498baf72c07deb046ffdc3a7511bed840bba1d8a06fbc42b8107ebeb5
tansformers/transformer-50/verification.json	2306:57940635:787:2026-10-02 10:42:10.000000000 +0200:666:0:0	138bd755758ecb9c35573a9bfaff345f7348d4c12e1db244f210238946586a6d
tansformers/transformer-51/bin/pipeline-stage.so	2306:57940820:33968:2026-10-02 11:49:26.534951081 +0200:755:0:0	94e240f96ef9526ce96d1897d5a2a7097a23ae022212995ec95bf4b2f235ed03
tansformers/transformer-51/bin/test-layer.so	2306:57939716:33968:2026-10-02 08:11:25.506519994 +0200:755:0:0	94e240f96ef9526ce96d1897d5a2a7097a23ae022212995ec95bf4b2f235ed03
tansformers/transformer-51/bin/transformer-51	2306:57939715:38792:2026-10-02 08:11:25.220523820 +0200:755:0:0	cee6bb5d682def39916eed66989a1f7b9bd1ebd20d464e26fb4c2f0a92f5c96b
tansformers/transformer-51/CONTEXT.md	2306:57939199:1314:2026-10-02 10:42:10.000000000 +0200:666:0:0	d172a63893b034c492ab73a6653b9c7356e0f2189b31c82ffa6bb85c9d47eb38
tansformers/transformer-51/decode.h	2306:57939197:7755:2026-10-02 08:00:28.000000000 +0200:666:0:0	8c585b02da5bf2a1375860f8b62c24abff5e68532229a31af7d23717f91c717d
tansformers/transformer-51/generation.json	2306:57939198:419:2026-10-02 08:00:28.000000000 +0200:666:0:0	289b58ec16d3c2c5fdd52f8fe2cd26bb709874416cf951d194d022d1352adcb3
tansformers/transformer-51/.gitignore	2306:57939201:43:2026-10-02 08:00:28.000000000 +0200:666:0:0	8ffa03e4f442426181f0453726d131f288d0f2d0b822f686e3bc9a86fd62a6c0
tansformers/transformer-51/MOVE-JOURNAL.tsv	2306:57940233:101:2026-10-02 10:24:43.807236097 +0200:644:0:0	710e57761ef861613ef926d3e73038863f7b207f1b00a79549c6aa0933429c8e
tansformers/transformer-51/MOVE-PLAN.tsv	2306:57939717:10775:2026-10-02 08:11:36.755369548 +0200:644:0:0	219a5f398bc0bafad81daafa991cd64051810d0339adce7578a435caceddadc8
tansformers/transformer-51/README.md	2306:57939200:2001:2026-10-02 08:00:28.000000000 +0200:666:0:0	a5dd701d18b262eb0a3bb5a70a3b14787b2affca5660346c5fca3dcf650e43d4
tansformers/transformer-51/root.h	2306:57939196:9391:2026-10-02 08:00:28.000000000 +0200:666:0:0	df13bf7d8d39a3b9c695dd78935ae9fcc90437a29c3ed1cba9694023aafb3f2c
tansformers/transformer-51/transformer-51.c	2306:57939195:36963:2026-10-02 08:00:28.000000000 +0200:666:0:0	b26f6e18f3a3bb49c7f751451a56a0bfba5772b3323ff68cbb0b0a3fe2f50e32
tansformers/transformer-51/verification.json	2306:57940637:787:2026-10-02 10:42:10.000000000 +0200:666:0:0	d0c3803f5c0c337ec08f694ea0b6c70743be8d12b3794a34341525022e25bb37
tansformers/transformer-52/bin/pipeline-stage.so	2306:57940821:34056:2026-10-02 11:49:26.826947205 +0200:755:0:0	bea8d30b1bc47e84a40b42b82369aa820095fa1864c3bff561959a5bc835f60e
tansformers/transformer-52/bin/test-layer.so	2306:57939720:34056:2026-10-02 08:11:37.366361377 +0200:755:0:0	bea8d30b1bc47e84a40b42b82369aa820095fa1864c3bff561959a5bc835f60e
tansformers/transformer-52/bin/transformer-52	2306:57939719:38896:2026-10-02 08:11:37.071365322 +0200:755:0:0	547c72aae6924eb2f55c0515146b0f215a7a238f35019ef2579192662ef0137c
tansformers/transformer-52/CONTEXT.md	2306:57939207:1312:2026-10-02 10:42:10.000000000 +0200:666:0:0	c5ff4af6c5dc09d051c93401aae816d6fa4ff801e8851f077bd102e257f11b29
tansformers/transformer-52/decode.h	2306:57939205:7755:2026-10-02 08:00:28.000000000 +0200:666:0:0	8c585b02da5bf2a1375860f8b62c24abff5e68532229a31af7d23717f91c717d
tansformers/transformer-52/generation.json	2306:57939206:417:2026-10-02 08:00:28.000000000 +0200:666:0:0	d53c5deec791b0f684b3d82bc802936e8c03518281578172bd88efd86d0f4a7a
tansformers/transformer-52/.gitignore	2306:57939209:43:2026-10-02 08:00:28.000000000 +0200:666:0:0	73559af8d349ef0166d64d764e36501fdacd9767a29b71c88f191d55ec40a7a5
tansformers/transformer-52/MOVE-JOURNAL.tsv	2306:57940240:101:2026-10-02 10:25:03.221983433 +0200:644:0:0	b28a86d4808c428359fe7de6a0d6adaa8c0ced15ba4f7b79d9040fa7d25f1d76
tansformers/transformer-52/MOVE-PLAN.tsv	2306:57939721:10777:2026-10-02 08:11:48.994205882 +0200:644:0:0	1dcb29945abc16d819dfd86d8b44919806b8ee88fb21229498865ecd046b2360
tansformers/transformer-52/README.md	2306:57939208:1989:2026-10-02 08:00:28.000000000 +0200:666:0:0	474a158273619349ff0689e636660186dca6a7c0ea62db4a0701a88fbf9af475
tansformers/transformer-52/root.h	2306:57939204:9389:2026-10-02 08:00:28.000000000 +0200:666:0:0	0f12d69778ab2e342feac44f186f3b10babbec9fcd3e139a4714e77851f05f42
tansformers/transformer-52/transformer-52.c	2306:57939203:37143:2026-10-02 08:00:28.000000000 +0200:666:0:0	425b48e632de87eeb7857d7cf5bb039c80b8761e2835820e4539398845cac636
tansformers/transformer-52/verification.json	2306:57940639:787:2026-10-02 10:42:10.000000000 +0200:666:0:0	0107e66d5098558b5583fa1805b83eb78919c7ed63644272a031a8eded25acf7
tansformers/transformer-53/bin/pipeline-stage.so	2306:57940822:34056:2026-10-02 11:49:27.114943382 +0200:755:0:0	97ff69ea16c928576833d1bd687f04c023ec6f6935f47eef260d92ef6211baf1
tansformers/transformer-53/bin/test-layer.so	2306:57939724:34056:2026-10-02 08:11:49.587197953 +0200:755:0:0	97ff69ea16c928576833d1bd687f04c023ec6f6935f47eef260d92ef6211baf1
tansformers/transformer-53/bin/transformer-53	2306:57939723:38896:2026-10-02 08:11:49.301201777 +0200:755:0:0	feb796473217bae84477ee90fe5db80d0ae95993f3f06de9e14b792be28f5e34
tansformers/transformer-53/CONTEXT.md	2306:57939215:1311:2026-10-02 10:42:10.000000000 +0200:666:0:0	9777aa9f0ab1850e032af5252746fd2a32b3427a94f26f17d277fb8c6394d431
tansformers/transformer-53/decode.h	2306:57939213:7755:2026-10-02 08:00:28.000000000 +0200:666:0:0	8c585b02da5bf2a1375860f8b62c24abff5e68532229a31af7d23717f91c717d
tansformers/transformer-53/generation.json	2306:57939214:416:2026-10-02 08:00:28.000000000 +0200:666:0:0	e52349db601960c62676258b58c3976ef179f9ad50447c1e6d1eb599b8e66922
tansformers/transformer-53/.gitignore	2306:57939217:43:2026-10-02 08:00:28.000000000 +0200:666:0:0	5f00683a5edb64d7bf33735cc19210debfbf44e0a3670b8d45af239f21382a3b
tansformers/transformer-53/MOVE-JOURNAL.tsv	2306:57940247:101:2026-10-02 10:25:22.862727796 +0200:644:0:0	d4f723d22213cbbaa927a0033691fe9b1c49aa237ef5be582e3037fa353bbbed
tansformers/transformer-53/MOVE-PLAN.tsv	2306:57939725:10777:2026-10-02 08:12:01.152043321 +0200:644:0:0	63ebfedf5b2f46b375fb2e8910b846345870c3e235c91564ff92e94b1bf35f55
tansformers/transformer-53/README.md	2306:57939216:1989:2026-10-02 08:00:28.000000000 +0200:666:0:0	9f451e89683bb33d6d621a012e6bd8b2dc770b980706910f9bded42376d6b621
tansformers/transformer-53/root.h	2306:57939212:9388:2026-10-02 08:00:28.000000000 +0200:666:0:0	a9fb923dcf7f584e64f6d88c6b9b97de813c5bc88234d979721015740eb40b23
tansformers/transformer-53/transformer-53.c	2306:57939211:37143:2026-10-02 08:00:28.000000000 +0200:666:0:0	7f34e4cea2f6dc944ca7c2caf01cf2c1b0c7c42758f4424699bdfe6083ac2121
tansformers/transformer-53/verification.json	2306:57940641:787:2026-10-02 10:42:10.000000000 +0200:666:0:0	440fe302f04f619ca73131bedca83acda38d325c68a1105ecb9c476a761ee473
tansformers/transformer-54/bin/pipeline-stage.so	2306:57940823:34056:2026-10-02 11:49:27.405939520 +0200:755:0:0	727bab6e58f210bac0f8a018b04d62da924d911142c188d29026f1af66132b8a
tansformers/transformer-54/bin/test-layer.so	2306:57939728:34056:2026-10-02 08:12:01.747035366 +0200:755:0:0	727bab6e58f210bac0f8a018b04d62da924d911142c188d29026f1af66132b8a
tansformers/transformer-54/bin/transformer-54	2306:57939727:38896:2026-10-02 08:12:01.460039203 +0200:755:0:0	e3808c7c549f86c7af72bd36c7b3ad315d21ff5296859259377f22219d7840b0
tansformers/transformer-54/CONTEXT.md	2306:57939223:1312:2026-10-02 10:42:10.000000000 +0200:666:0:0	6aaacd3fc3eb90fa193f9d5a48fa12fdbc1e932874f5670578ebcd4c1760a9d3
tansformers/transformer-54/decode.h	2306:57939221:7755:2026-10-02 08:00:28.000000000 +0200:666:0:0	8c585b02da5bf2a1375860f8b62c24abff5e68532229a31af7d23717f91c717d
tansformers/transformer-54/generation.json	2306:57939222:417:2026-10-02 08:00:28.000000000 +0200:666:0:0	2c1618dbbf24eb101bb7530378e876b764099899c4c161707f4f6e220a27f971
tansformers/transformer-54/.gitignore	2306:57939225:43:2026-10-02 08:00:28.000000000 +0200:666:0:0	909a4e3484d72e5a1976cc1eefed92f50c11c5527e8b914ce984c7f1af369e74
tansformers/transformer-54/MOVE-JOURNAL.tsv	2306:57940254:101:2026-10-02 10:25:42.441472934 +0200:644:0:0	33c4e6529b8b2766fce365761c2b2f2bb7a3aaf1af3b75b2b789a947f4a18246
tansformers/transformer-54/MOVE-PLAN.tsv	2306:57939729:10777:2026-10-02 08:12:13.362880071 +0200:644:0:0	1c6a690245614c572790235bb0676ace6f212579c1c5e5f8dbf3fa0f3ef831c6
tansformers/transformer-54/README.md	2306:57939224:1989:2026-10-02 08:00:28.000000000 +0200:666:0:0	2a278d2cdfb1065dc80fc99935d0a4e6d5a58fdca05b09269bf24be710942f4f
tansformers/transformer-54/root.h	2306:57939220:9389:2026-10-02 08:00:28.000000000 +0200:666:0:0	0f12d69778ab2e342feac44f186f3b10babbec9fcd3e139a4714e77851f05f42
tansformers/transformer-54/transformer-54.c	2306:57939219:37143:2026-10-02 08:00:28.000000000 +0200:666:0:0	97d4a0016621c4ab30781d3fbf993084a01da820e91b523d1079235949073678
tansformers/transformer-54/verification.json	2306:57940643:787:2026-10-02 10:42:10.000000000 +0200:666:0:0	2e118d110b87ad25b2f14ee3e09a86b4ac746055dc88eee7027b97f3edbfe05f
tansformers/transformer-55/bin/pipeline-stage.so	2306:57940824:33968:2026-10-02 11:49:27.693935697 +0200:755:0:0	7af3651081b289c1cc0b5f21104eff7912c42e88b21d45bbedeaef04c743553c
tansformers/transformer-55/bin/test-layer.so	2306:57939732:33968:2026-10-02 08:12:13.954872157 +0200:755:0:0	7af3651081b289c1cc0b5f21104eff7912c42e88b21d45bbedeaef04c743553c
tansformers/transformer-55/bin/transformer-55	2306:57939731:38792:2026-10-02 08:12:13.669875966 +0200:755:0:0	319c87735aa198181e510bc4cd6316dbb3c3ea67fb04b42e8e92a772ccc9710b
tansformers/transformer-55/CONTEXT.md	2306:57939231:1312:2026-10-02 10:42:10.000000000 +0200:666:0:0	cae1e9b7c43abfa7d9adff1cfd9faa8644f369afcd90fb7497e0badad3ebfc58
tansformers/transformer-55/decode.h	2306:57939229:7755:2026-10-02 08:00:28.000000000 +0200:666:0:0	8c585b02da5bf2a1375860f8b62c24abff5e68532229a31af7d23717f91c717d
tansformers/transformer-55/generation.json	2306:57939230:417:2026-10-02 08:00:28.000000000 +0200:666:0:0	dc731d81271b53a5c441aba5bd9a07fb1ea563d34263eb708a9896ee5ded3aa5
tansformers/transformer-55/.gitignore	2306:57939233:43:2026-10-02 08:00:28.000000000 +0200:666:0:0	b77d6cf7954e4a4bf84faa995269434fcb0ca31f0ea59cc91da10ebab48c4263
tansformers/transformer-55/MOVE-JOURNAL.tsv	2306:57940261:101:2026-10-02 10:26:01.423225814 +0200:644:0:0	db926ce2c26141ccd4706dc556c0df5d4dadbfaeb7fde19c8b2eedb50b088743
tansformers/transformer-55/MOVE-PLAN.tsv	2306:57939733:10775:2026-10-02 08:12:25.296720541 +0200:644:0:0	53adfa7796fef17d6a5732f0793801b31df4801bb3063720805c2ec2ff210df1
tansformers/transformer-55/README.md	2306:57939232:2001:2026-10-02 08:00:28.000000000 +0200:666:0:0	59d72a048581da45a3e54ed54638e07742ef9f2534202638e0f70eabd26f70b2
tansformers/transformer-55/root.h	2306:57939228:9389:2026-10-02 08:00:28.000000000 +0200:666:0:0	e7a4da7b28dd72c85cf7c0fade9af0d1410edd0d05f80cd5a717ca300e3dd17d
tansformers/transformer-55/transformer-55.c	2306:57939227:36963:2026-10-02 08:00:28.000000000 +0200:666:0:0	5cdff38d456c8dd12bc18a26eabe96777b2ea8596a8b36dab05222a3007f9b2e
tansformers/transformer-55/verification.json	2306:57940645:787:2026-10-02 10:42:10.000000000 +0200:666:0:0	eda0172fba89d4bd6b24ada558b0ccad7fc27e998e24ea844e0254802d836f54
tansformers/transformer-56/bin/pipeline-stage.so	2306:57940825:34056:2026-10-02 11:49:27.980931888 +0200:755:0:0	a04bb8ffb2819b2447a9c586010793ebeb4d9f9ac3e2eba52dc8b73a707e1aa4
tansformers/transformer-56/bin/test-layer.so	2306:57939736:34056:2026-10-02 08:12:25.890712601 +0200:755:0:0	a04bb8ffb2819b2447a9c586010793ebeb4d9f9ac3e2eba52dc8b73a707e1aa4
tansformers/transformer-56/bin/transformer-56	2306:57939735:38896:2026-10-02 08:12:25.604716424 +0200:755:0:0	f5f1f1c4df1fcc878e6332111099fa3666690c8c4111a1dde3b973856a3bf590
tansformers/transformer-56/CONTEXT.md	2306:57939239:1312:2026-10-02 10:42:10.000000000 +0200:666:0:0	c36b6173060de5226ee8fe94f51d9868c037070299967a8e5cb21475f503cad2
tansformers/transformer-56/decode.h	2306:57939237:7755:2026-10-02 08:00:28.000000000 +0200:666:0:0	8c585b02da5bf2a1375860f8b62c24abff5e68532229a31af7d23717f91c717d
tansformers/transformer-56/generation.json	2306:57939238:417:2026-10-02 08:00:28.000000000 +0200:666:0:0	7a9132be34f2301252226ecfffb05be646acc6442e3353fd037cb2faef88922a
tansformers/transformer-56/.gitignore	2306:57939241:43:2026-10-02 08:00:28.000000000 +0200:666:0:0	c9c89ce9f732e78f072ea2ec336ed4744d5a635f6ced4a50ac183206387e1f58
tansformers/transformer-56/MOVE-JOURNAL.tsv	2306:57940268:101:2026-10-02 10:26:20.897972244 +0200:644:0:0	4c11d9feaa0954c2b0a4ecd852356b5809a82cff2da804d8430b40287073ed5f
tansformers/transformer-56/MOVE-PLAN.tsv	2306:57939737:10777:2026-10-02 08:12:37.434558303 +0200:644:0:0	18253207e3cd64da8040d1c86d887d84f3f288cfb4750301aba745a01cbfffd6
tansformers/transformer-56/README.md	2306:57939240:1989:2026-10-02 08:00:28.000000000 +0200:666:0:0	c39403fb6eeada170966f14a6ca8d89f332aa685f874fdf5183c99e92eec191a
tansformers/transformer-56/root.h	2306:57939236:9389:2026-10-02 08:00:28.000000000 +0200:666:0:0	e7a4da7b28dd72c85cf7c0fade9af0d1410edd0d05f80cd5a717ca300e3dd17d
tansformers/transformer-56/transformer-56.c	2306:57939235:37143:2026-10-02 08:00:28.000000000 +0200:666:0:0	2c6b0d0043cf05fcf0ebd8d7d1034e1579c688f8e47b2755b4f8bbd640f16a7d
tansformers/transformer-56/verification.json	2306:57940647:787:2026-10-02 10:42:10.000000000 +0200:666:0:0	66b4951af32aa3e5d0782030b1acb942c5a6637c2be7958b4f54dc169b447d90
tansformers/transformer-57/bin/pipeline-stage.so	2306:57940826:34056:2026-10-02 11:49:28.269928052 +0200:755:0:0	db7d8effcd77cbbd9d1551a74757be2ee5e87e4d9ea71b80fd04d5e5d8e82c3d
tansformers/transformer-57/bin/test-layer.so	2306:57939740:34056:2026-10-02 08:12:38.030550337 +0200:755:0:0	db7d8effcd77cbbd9d1551a74757be2ee5e87e4d9ea71b80fd04d5e5d8e82c3d
tansformers/transformer-57/bin/transformer-57	2306:57939739:38896:2026-10-02 08:12:37.742554186 +0200:755:0:0	e8309b4b97642861efc23ca14247eafc502d6df8274eae51b9d0a5687350249b
tansformers/transformer-57/CONTEXT.md	2306:57939247:1312:2026-10-02 10:42:10.000000000 +0200:666:0:0	f3b0d85720349d8428279c3d5d5826a0d565fa491ffb461b0d4d170b5be4f769
tansformers/transformer-57/decode.h	2306:57939245:7755:2026-10-02 08:00:28.000000000 +0200:666:0:0	8c585b02da5bf2a1375860f8b62c24abff5e68532229a31af7d23717f91c717d
tansformers/transformer-57/generation.json	2306:57939246:417:2026-10-02 08:00:28.000000000 +0200:666:0:0	85f19e7d3d88974a2ee43de94415fcc4f8a16d767b5b61cb319ddc06c2dc94f6
tansformers/transformer-57/.gitignore	2306:57939249:43:2026-10-02 08:00:28.000000000 +0200:666:0:0	9ca7cc10b71d6498b035c4556f8443027cbb0590781a3c9b876b480b21c73b5a
tansformers/transformer-57/MOVE-JOURNAL.tsv	2306:57940275:101:2026-10-02 10:26:40.387718451 +0200:644:0:0	22ee5d6799800f95fded28d942060f48dbf7b9338c5b74acff47b9a6cc4a8fe6
tansformers/transformer-57/MOVE-PLAN.tsv	2306:57939741:10777:2026-10-02 08:12:49.726394024 +0200:644:0:0	015d2d399ca0999c30f12a23e4c82e10b2f5f6b3c7046d1cfc8eff72aaa6dbab
tansformers/transformer-57/README.md	2306:57939248:1989:2026-10-02 08:00:28.000000000 +0200:666:0:0	5882b4ad7610012e859f3ee6eb5282b29199b94b5eb31d6f8228a1cc32b39455
tansformers/transformer-57/root.h	2306:57939244:9389:2026-10-02 08:00:28.000000000 +0200:666:0:0	e7a4da7b28dd72c85cf7c0fade9af0d1410edd0d05f80cd5a717ca300e3dd17d
tansformers/transformer-57/transformer-57.c	2306:57939243:37143:2026-10-02 08:00:28.000000000 +0200:666:0:0	b7537dbaf1e5e38e8555d76c954e9f5875cdc87d0455e57e6ad83f4000112cd3
tansformers/transformer-57/verification.json	2306:57940649:787:2026-10-02 10:42:10.000000000 +0200:666:0:0	f22a399df2efaefea9bb23f7d577d04d622e440d1185aee5e6e12cf3036fc225
tansformers/transformer-58/bin/pipeline-stage.so	2306:57940827:34056:2026-10-02 11:49:28.557924230 +0200:755:0:0	38d87bddc51602a8f554c4530b095f8d743cd0fdef7e45759f1387babf2940f9
tansformers/transformer-58/bin/test-layer.so	2306:57939744:34056:2026-10-02 08:12:50.320386086 +0200:755:0:0	38d87bddc51602a8f554c4530b095f8d743cd0fdef7e45759f1387babf2940f9
tansformers/transformer-58/bin/transformer-58	2306:57939743:38896:2026-10-02 08:12:50.033389922 +0200:755:0:0	df2593c6812b45044b62412bc95ce848d65ae75e4854279bc34c8d6d1180a4f3
tansformers/transformer-58/CONTEXT.md	2306:57939255:1312:2026-10-02 10:42:10.000000000 +0200:666:0:0	b53fededc863accc3a7d442bc88863168ceaf3f35662c4e65e1df032b6487fd1
tansformers/transformer-58/decode.h	2306:57939253:7755:2026-10-02 08:00:28.000000000 +0200:666:0:0	8c585b02da5bf2a1375860f8b62c24abff5e68532229a31af7d23717f91c717d
tansformers/transformer-58/generation.json	2306:57939254:417:2026-10-02 08:00:28.000000000 +0200:666:0:0	a9f9abe74e81fded9c4cfc60c64d5c4dd4d07e5ac83d7d9492a20ac32ab98376
tansformers/transformer-58/.gitignore	2306:57939257:43:2026-10-02 08:00:28.000000000 +0200:666:0:0	e43271b17e9b301ba57e8267f04439830aec0cff20a132fb5c4c71056a3acd65
tansformers/transformer-58/MOVE-JOURNAL.tsv	2306:57940282:101:2026-10-02 10:27:00.003462992 +0200:644:0:0	166f664bf2e96127923402691285c4b38e3f4252e18c334dddb6da8ea21d332a
tansformers/transformer-58/MOVE-PLAN.tsv	2306:57939745:10777:2026-10-02 08:13:01.862231849 +0200:644:0:0	ab1351051f7d50ccb6aba4bad9c17b35edb5adbc6478f62b1eccdb6e766ca7ec
tansformers/transformer-58/README.md	2306:57939256:1989:2026-10-02 08:00:28.000000000 +0200:666:0:0	e3c6aa9bbd05f84ef6353192a220c2df8812b1522ccfc8f48d3466353eb3007e
tansformers/transformer-58/root.h	2306:57939252:9389:2026-10-02 08:00:28.000000000 +0200:666:0:0	e7a4da7b28dd72c85cf7c0fade9af0d1410edd0d05f80cd5a717ca300e3dd17d
tansformers/transformer-58/transformer-58.c	2306:57939251:37143:2026-10-02 08:00:28.000000000 +0200:666:0:0	fc9a681d0e2d552d1d7e61ad11b33b1d75685fa8a81f4a403e7d34149af18418
tansformers/transformer-58/verification.json	2306:57940651:787:2026-10-02 10:42:10.000000000 +0200:666:0:0	acadef8f23df5625bb812ebb6ec2962035e765d04c19ed62bbd2b8f28f0e11f0
tansformers/transformer-59/bin/pipeline-stage.so	2306:57940828:33968:2026-10-02 11:49:28.854920288 +0200:755:0:0	fa6ad2a3f19bc1eaaa4b933c1e86bfbe104245fdee2c32d9d4e0a1b6f6e403fc
tansformers/transformer-59/bin/test-layer.so	2306:57939748:33968:2026-10-02 08:13:02.458223885 +0200:755:0:0	fa6ad2a3f19bc1eaaa4b933c1e86bfbe104245fdee2c32d9d4e0a1b6f6e403fc
tansformers/transformer-59/bin/transformer-59	2306:57939747:38792:2026-10-02 08:13:02.170227734 +0200:755:0:0	33ce1db8ff175675d4ca28fae8ea8afaf418db19165e5798a0664146a5d8aad9
tansformers/transformer-59/CONTEXT.md	2306:57939263:1312:2026-10-02 10:42:10.000000000 +0200:666:0:0	482edb4336039b8e3478fb05d4e20cf723982915454670b7885fee223c3d41ac
tansformers/transformer-59/decode.h	2306:57939261:7755:2026-10-02 08:00:28.000000000 +0200:666:0:0	8c585b02da5bf2a1375860f8b62c24abff5e68532229a31af7d23717f91c717d
tansformers/transformer-59/generation.json	2306:57939262:417:2026-10-02 08:00:28.000000000 +0200:666:0:0	115bc7d8366f18c37a10f0f174e96e7afd0d2c5c794881e194d9874ad598aff4
tansformers/transformer-59/.gitignore	2306:57939265:43:2026-10-02 08:00:28.000000000 +0200:666:0:0	7d0002ef508c7ec63b7b2b8051e11b21ec1ee277e8eb461274c3292339653c3d
tansformers/transformer-59/MOVE-JOURNAL.tsv	2306:57940289:101:2026-10-02 10:27:18.920216611 +0200:644:0:0	4e92698e8eec1ca342730081926c20c6cc216bf3a7d7ffde2d28339a8009695d
tansformers/transformer-59/MOVE-PLAN.tsv	2306:57939749:10775:2026-10-02 08:13:13.800072336 +0200:644:0:0	7a00c90b4aa8e5a1cde9a030afa630c090e5137a1ecfd0c3ef870a47009f2958
tansformers/transformer-59/README.md	2306:57939264:2001:2026-10-02 08:00:28.000000000 +0200:666:0:0	267333229bee9605d503e151c7dc2de06ab28626d77a728fdd74654dcaaf6eb2
tansformers/transformer-59/root.h	2306:57939260:9389:2026-10-02 08:00:28.000000000 +0200:666:0:0	e7a4da7b28dd72c85cf7c0fade9af0d1410edd0d05f80cd5a717ca300e3dd17d
tansformers/transformer-59/transformer-59.c	2306:57939259:36963:2026-10-02 08:00:28.000000000 +0200:666:0:0	6b24ea2bfecf1ee7222822061d3164376eb27ab6bcbb457acc989544edcc8b04
tansformers/transformer-59/verification.json	2306:57940653:787:2026-10-02 10:42:10.000000000 +0200:666:0:0	10ecf75a3dcb5261441e63c12fd2c8ede88c5f7e40cb525b45541825817f7a19
tansformers/transformer-5/bin/pipeline-stage.so	2306:57940774:34056:2026-10-02 11:49:13.225127811 +0200:755:0:0	9c642fc5eca258fa7d3f09f6aabab37cdc793a9995b9b40f7f2bcef4e6765977
tansformers/transformer-5/bin/test-layer.so	2306:57939534:34056:2026-10-02 08:02:08.396004132 +0200:755:0:0	9c642fc5eca258fa7d3f09f6aabab37cdc793a9995b9b40f7f2bcef4e6765977
tansformers/transformer-5/bin/transformer-5	2306:57939533:38896:2026-10-02 08:02:08.112007972 +0200:755:0:0	29477632345971ef872cc20abd7cfe358cc6e5f44c6e863074c28c6cf330993d
tansformers/transformer-5/CONTEXT.md	2306:57938829:1312:2026-10-02 10:42:10.000000000 +0200:666:0:0	0c3be269efb7170a0efa44dbe76140e64859b258bf01eb7ee4bc0f01557c7253
tansformers/transformer-5/decode.h	2306:57938827:7755:2026-10-02 08:00:27.000000000 +0200:666:0:0	8c585b02da5bf2a1375860f8b62c24abff5e68532229a31af7d23717f91c717d
tansformers/transformer-5/generation.json	2306:57938828:418:2026-10-02 08:00:27.000000000 +0200:666:0:0	2c15904495556f34049db271ca1c3d50d0bc0452ecc4382b889dea7147c1f598
tansformers/transformer-5/.gitignore	2306:57938831:42:2026-10-02 08:00:27.000000000 +0200:666:0:0	840d6fd1f6ce8227a0892ea4ea0da114ce8e58e4e7785f6da1118d6b620a8542
tansformers/transformer-5/MOVE-JOURNAL.tsv	2306:57939911:98:2026-10-02 10:09:54.188743970 +0200:644:0:0	e539ae3d082650ef72c5f2c18f16b2f101c329f8d5e449b9c820d3aadce01376
tansformers/transformer-5/MOVE-PLAN.tsv	2306:57939535:10639:2026-10-02 08:02:19.863849132 +0200:644:0:0	8ab4a61e92c5c7cd1965497ba3485b9da340988e74eb59b09e744447af1ce4a6
tansformers/transformer-5/README.md	2306:57938830:1980:2026-10-02 08:00:27.000000000 +0200:666:0:0	fd2471de8b6b100f7f8894466e5ecb3d4d24e9ef540b0824ede4e1bf87f9a462
tansformers/transformer-5/root.h	2306:57938826:9392:2026-10-02 08:00:27.000000000 +0200:666:0:0	a335fb31826b38b6c27f6916f28172866d1442d567200297d282ea29d8f0a215
tansformers/transformer-5/transformer-5.c	2306:57938825:37139:2026-10-02 08:00:27.000000000 +0200:666:0:0	47e1a20976fd2608e7c1e5c8f0ec4fc9813c3d3203e24892738d0db26c20b997
tansformers/transformer-5/verification.json	2306:57940545:785:2026-10-02 10:42:10.000000000 +0200:666:0:0	1a53c918e545a6665f1f08a806e6279506c2f6871e6269ee68c708c0655df57f
tansformers/transformer-60/bin/pipeline-stage.so	2306:57940829:34056:2026-10-02 11:49:29.146916413 +0200:755:0:0	0be6d3e4578d057cca40a75df86155be87858a0ac0708c86b987777abfdeeb9d
tansformers/transformer-60/bin/test-layer.so	2306:57939752:34056:2026-10-02 08:13:14.392064427 +0200:755:0:0	0be6d3e4578d057cca40a75df86155be87858a0ac0708c86b987777abfdeeb9d
tansformers/transformer-60/bin/transformer-60	2306:57939751:38896:2026-10-02 08:13:14.106068248 +0200:755:0:0	18cc71aa52eecd487bb443b471c5f585458fb6088a86b5fef77cd690623e7805
tansformers/transformer-60/CONTEXT.md	2306:57939271:1312:2026-10-02 10:42:10.000000000 +0200:666:0:0	9dcaf061489769629237996c93add275a95a4c84b12df754346e6099869dc63e
tansformers/transformer-60/decode.h	2306:57939269:7755:2026-10-02 08:00:28.000000000 +0200:666:0:0	8c585b02da5bf2a1375860f8b62c24abff5e68532229a31af7d23717f91c717d
tansformers/transformer-60/generation.json	2306:57939270:417:2026-10-02 08:00:28.000000000 +0200:666:0:0	fa2c99d8796e22cbb5a267ce1cf36a707fbde3523c056648eeb4a8def8c6e65c
tansformers/transformer-60/.gitignore	2306:57939273:43:2026-10-02 08:00:28.000000000 +0200:666:0:0	16bbad56dac069a26b115a4d9d6257db54067f205a00aa3cab0c7c9272de23db
tansformers/transformer-60/MOVE-JOURNAL.tsv	2306:57940296:101:2026-10-02 10:27:38.390962987 +0200:644:0:0	f36f890e7d591d57c4205c6fd836b63f1dbac8e978b8bd59afe9939c39293760
tansformers/transformer-60/MOVE-PLAN.tsv	2306:57939753:13114:2026-10-02 08:13:25.972909699 +0200:644:0:0	8c949f3cb3750057485c7409a0ec9942c686e9adf9ebe0d22e2dd7dc03a4ce6f
tansformers/transformer-60/README.md	2306:57939272:1989:2026-10-02 08:00:28.000000000 +0200:666:0:0	290a0f07a3502fe2e5512ea1fb986beda8322328e0a4a87e44830e3ff48a692f
tansformers/transformer-60/root.h	2306:57939268:9389:2026-10-02 08:00:28.000000000 +0200:666:0:0	0f12d69778ab2e342feac44f186f3b10babbec9fcd3e139a4714e77851f05f42
tansformers/transformer-60/transformer-60.c	2306:57939267:37143:2026-10-02 08:00:28.000000000 +0200:666:0:0	e2371364c814534ad11a9f0131ec225eef403f4902970505fc03d344f9bb8789
tansformers/transformer-60/verification.json	2306:57940655:787:2026-10-02 10:42:10.000000000 +0200:666:0:0	4326a67b1135c91ad5d81b9c37636f16f5ca8e4edbeadd7c759301e4f6debf1d
tansformers/transformer-61/bin/pipeline-stage.so	2306:57940830:34056:2026-10-02 11:49:29.436912564 +0200:755:0:0	46870df4db192ef8107ec48c40a20430d7eeb3fedbbca8c2e9ae8bf90a392942
tansformers/transformer-61/bin/test-layer.so	2306:57939756:34056:2026-10-02 08:13:26.587901483 +0200:755:0:0	46870df4db192ef8107ec48c40a20430d7eeb3fedbbca8c2e9ae8bf90a392942
tansformers/transformer-61/bin/transformer-61	2306:57939755:38896:2026-10-02 08:13:26.290905451 +0200:755:0:0	235bd99a6085c9b58596ce7ae816d31045200573faae710aab43ef73bc05e76c
tansformers/transformer-61/CONTEXT.md	2306:57939279:1312:2026-10-02 10:42:10.000000000 +0200:666:0:0	a4a54801cdf3f22e6a59d31bfe69d73ec155c286d98e84d0a941ee8f046451b0
tansformers/transformer-61/decode.h	2306:57939277:7755:2026-10-02 08:00:28.000000000 +0200:666:0:0	8c585b02da5bf2a1375860f8b62c24abff5e68532229a31af7d23717f91c717d
tansformers/transformer-61/generation.json	2306:57939278:417:2026-10-02 08:00:28.000000000 +0200:666:0:0	130fbd3ddacfc57e6642144a203fedd8687374ea33739a2c11e049fa989e8004
tansformers/transformer-61/.gitignore	2306:57939281:43:2026-10-02 08:00:28.000000000 +0200:666:0:0	b8b3e0791785fe44136229737e88946e01552cfab107685bfeed56563df58fb7
tansformers/transformer-61/MOVE-JOURNAL.tsv	2306:57940303:101:2026-10-02 10:27:57.948708211 +0200:644:0:0	b213d04307a9b8580c6997c8665b68cd9fab40d110bb15c3e4a9b13ee136d675
tansformers/transformer-61/MOVE-PLAN.tsv	2306:57939757:13114:2026-10-02 08:13:38.213746171 +0200:644:0:0	e2d008f9525d8b76326ffb24116378eaea7ec9f7b4ab0661fb87543f884cf218
tansformers/transformer-61/README.md	2306:57939280:1989:2026-10-02 08:00:28.000000000 +0200:666:0:0	c55212246f2b253ccc78d846b38beb26d2e8f91693a8bb179ccf214a5452419e
tansformers/transformer-61/root.h	2306:57939276:9389:2026-10-02 08:00:28.000000000 +0200:666:0:0	e7a4da7b28dd72c85cf7c0fade9af0d1410edd0d05f80cd5a717ca300e3dd17d
tansformers/transformer-61/transformer-61.c	2306:57939275:37143:2026-10-02 08:00:28.000000000 +0200:666:0:0	d46e23228b6365ab72930d0dea1d409f6ecc67ab6061bf9cafd4529ad7e6089f
tansformers/transformer-61/verification.json	2306:57940657:787:2026-10-02 10:42:10.000000000 +0200:666:0:0	1d26287e9d1cc4f7646da6c1c6591fc7bc4577bbdeadd750e6edf36a29f01dd3
tansformers/transformer-62/bin/pipeline-stage.so	2306:57940831:34056:2026-10-02 11:49:29.726908715 +0200:755:0:0	c2a556052d2a5d8df344c05049e296071cd0440a6a61ce48ff0e79bfce390743
tansformers/transformer-62/bin/test-layer.so	2306:57939760:34056:2026-10-02 08:13:38.809738209 +0200:755:0:0	c2a556052d2a5d8df344c05049e296071cd0440a6a61ce48ff0e79bfce390743
tansformers/transformer-62/bin/transformer-62	2306:57939759:38896:2026-10-02 08:13:38.521742056 +0200:755:0:0	80e39ffe66919181546dd903a96a57bbf1274f63c834ad3bf97d20664f870137
tansformers/transformer-62/CONTEXT.md	2306:57939287:1312:2026-10-02 10:42:10.000000000 +0200:666:0:0	29cecbf7a8e5a0b24fda6c0f02d502842598796c0a9abf0f9ed16fdff272cf33
tansformers/transformer-62/decode.h	2306:57939285:7755:2026-10-02 08:00:28.000000000 +0200:666:0:0	8c585b02da5bf2a1375860f8b62c24abff5e68532229a31af7d23717f91c717d
tansformers/transformer-62/generation.json	2306:57939286:417:2026-10-02 08:00:28.000000000 +0200:666:0:0	fd083e95576cbfc559bd3c3c2180964140cd87a7f246fc171c3a5666cb48af31
tansformers/transformer-62/.gitignore	2306:57939289:43:2026-10-02 08:00:28.000000000 +0200:666:0:0	662580e64bb171d0177dab41cb3d7d1c75ecc5c7fa6c870da559a41b16af98cc
tansformers/transformer-62/MOVE-JOURNAL.tsv	2306:57940310:101:2026-10-02 10:28:17.542452940 +0200:644:0:0	183ac364ed4e852e49da444310f834be84e4f1afd3b1b4beef25f36cf7047a86
tansformers/transformer-62/MOVE-PLAN.tsv	2306:57939761:13114:2026-10-02 08:13:50.489582193 +0200:644:0:0	3e17623842ad9c9101234b9c2e09821cbe249347baa3175715e26c5f06c8f430
tansformers/transformer-62/README.md	2306:57939288:1989:2026-10-02 08:00:28.000000000 +0200:666:0:0	abef68e06cabaf9a5eef865cc3e9a618e74942f163aa4843f026e8aacc1c93c1
tansformers/transformer-62/root.h	2306:57939284:9389:2026-10-02 08:00:28.000000000 +0200:666:0:0	772f1942e66f33d8f28584c3b387d54ff2224f7f2dec15b961a169afc02f1824
tansformers/transformer-62/transformer-62.c	2306:57939283:37143:2026-10-02 08:00:28.000000000 +0200:666:0:0	a026502d9db8eba8c782b403ae18f13a87293e4a8ee6779035989eb29b6d1705
tansformers/transformer-62/verification.json	2306:57940659:787:2026-10-02 10:42:10.000000000 +0200:666:0:0	9088515c88a3cd105f64c5ac636ca2d748ec2198a6cdb7001966cab287103081
tansformers/transformer-63/bin/pipeline-stage.so	2306:57940832:33968:2026-10-02 11:49:30.017904853 +0200:755:0:0	a9cd09002c5da2f7e81ef14dd7e854cfca40e122620b43e827f569a7de37e3b8
tansformers/transformer-63/bin/test-layer.so	2306:57939764:33968:2026-10-02 08:13:51.086574218 +0200:755:0:0	a9cd09002c5da2f7e81ef14dd7e854cfca40e122620b43e827f569a7de37e3b8
tansformers/transformer-63/bin/transformer-63	2306:57939763:38792:2026-10-02 08:13:50.796578092 +0200:755:0:0	ce2aa15538fe23318bf41af937258952d8f4b84a0da980edb091669f8a573968
tansformers/transformer-63/CONTEXT.md	2306:57939295:1312:2026-10-02 10:42:10.000000000 +0200:666:0:0	fcf52417e3922d57657199f9f69513cfa8d8cc6aaf0c2b8ed206466dc0f3482a
tansformers/transformer-63/decode.h	2306:57939293:7755:2026-10-02 08:00:28.000000000 +0200:666:0:0	8c585b02da5bf2a1375860f8b62c24abff5e68532229a31af7d23717f91c717d
tansformers/transformer-63/generation.json	2306:57939294:417:2026-10-02 08:00:28.000000000 +0200:666:0:0	9492a5a29838cb35b816f18e40903c35ff78d09480537898c00af605a0eb297a
tansformers/transformer-63/.gitignore	2306:57939297:43:2026-10-02 08:00:28.000000000 +0200:666:0:0	4a53ece6ec999e23d24d7e898c94dd355ae52be0185b4797324f275b1a4039b9
tansformers/transformer-63/MOVE-JOURNAL.tsv	2306:57940317:101:2026-10-02 10:28:36.465206391 +0200:644:0:0	2dfc6b724e464daa49bbbabefe8ad7012c5f934fcfbbf40e64df855b2f2ff8db
tansformers/transformer-63/MOVE-PLAN.tsv	2306:57939765:13112:2026-10-02 08:14:02.340423905 +0200:644:0:0	efb54172189f4dca9c8118f98df106f799974ab5e4e8eb05416e78c3cae5bf50
tansformers/transformer-63/README.md	2306:57939296:2001:2026-10-02 08:00:28.000000000 +0200:666:0:0	f9707bc32851a233f55443523995553c5fb60bede54cb90c42ddf339618f13e5
tansformers/transformer-63/root.h	2306:57939292:9389:2026-10-02 08:00:28.000000000 +0200:666:0:0	0f12d69778ab2e342feac44f186f3b10babbec9fcd3e139a4714e77851f05f42
tansformers/transformer-63/transformer-63.c	2306:57939291:36963:2026-10-02 08:00:28.000000000 +0200:666:0:0	9ddcdba390f70368b424a607257632c5a69edf7b6dfc09ea19fc19c158396436
tansformers/transformer-63/verification.json	2306:57940661:787:2026-10-02 10:42:10.000000000 +0200:666:0:0	c92a4419c4f7f3597d29accd6120603ff86679ffb84c6f20e07a55a71bf95fcd
tansformers/transformer-64/bin/pipeline-stage.so	2306:57940833:34056:2026-10-02 11:49:30.307901004 +0200:755:0:0	c70d2ad0854792de73b11b6d09fd5a1f165a1bb8012d43a6d27c2d84b3642bb9
tansformers/transformer-64/bin/test-layer.so	2306:57939768:34056:2026-10-02 08:14:02.935415958 +0200:755:0:0	c70d2ad0854792de73b11b6d09fd5a1f165a1bb8012d43a6d27c2d84b3642bb9
tansformers/transformer-64/bin/transformer-64	2306:57939767:38896:2026-10-02 08:14:02.648419792 +0200:755:0:0	7a51a4658277eac28da0c0901fd39362b6debd7bb1b6308cde23f5266fa2e561
tansformers/transformer-64/CONTEXT.md	2306:57939303:1312:2026-10-02 10:42:10.000000000 +0200:666:0:0	79e8b351c7f0a4440cbd8150ca8201a1ae07533011e828c8bf0358aa589247e7
tansformers/transformer-64/decode.h	2306:57939301:7755:2026-10-02 08:00:28.000000000 +0200:666:0:0	8c585b02da5bf2a1375860f8b62c24abff5e68532229a31af7d23717f91c717d
tansformers/transformer-64/generation.json	2306:57939302:417:2026-10-02 08:00:28.000000000 +0200:666:0:0	20e6596340b5f9de672a3265d6431ef06dd6eb7fedfc1c672a9bb07da55af42b
tansformers/transformer-64/.gitignore	2306:57939305:43:2026-10-02 08:00:28.000000000 +0200:666:0:0	455d01962d66538455f42d976d96614e6404ee4c21e985484f126ae7a251d204
tansformers/transformer-64/MOVE-JOURNAL.tsv	2306:57940324:101:2026-10-02 10:28:55.965952288 +0200:644:0:0	7237cbaeec0d6dbe34238707855257e1794dd8b1ddd6072583cff0eeaeaf9ee9
tansformers/transformer-64/MOVE-PLAN.tsv	2306:57939769:13114:2026-10-02 08:14:14.646259557 +0200:644:0:0	c22462f4cb4d1176e6d1d9302c1c44b856c6e92867e80489a3920cac2e9e4087
tansformers/transformer-64/README.md	2306:57939304:1989:2026-10-02 08:00:28.000000000 +0200:666:0:0	4f9a660f32ca6cefad54e6e4f04357d2592befa81840d12cf5f021e91a8b6638
tansformers/transformer-64/root.h	2306:57939300:9389:2026-10-02 08:00:28.000000000 +0200:666:0:0	e7a4da7b28dd72c85cf7c0fade9af0d1410edd0d05f80cd5a717ca300e3dd17d
tansformers/transformer-64/transformer-64.c	2306:57939299:37143:2026-10-02 08:00:28.000000000 +0200:666:0:0	35bcf1db71e59961633147001da86f6efbef2ad2851b0f72c76d3750c497addb
tansformers/transformer-64/verification.json	2306:57940663:787:2026-10-02 10:42:10.000000000 +0200:666:0:0	b5d44336003a3bd211b4919897ca486b7f6710438859b64f76f3238623baa8d1
tansformers/transformer-65/bin/pipeline-stage.so	2306:57940834:34056:2026-10-02 11:49:30.595897182 +0200:755:0:0	8bd7f675fe11fb3bbe3851f3c45fae4cfbf435c9288fc598a06a3b009b171801
tansformers/transformer-65/bin/test-layer.so	2306:57939772:34056:2026-10-02 08:14:15.239251638 +0200:755:0:0	8bd7f675fe11fb3bbe3851f3c45fae4cfbf435c9288fc598a06a3b009b171801
tansformers/transformer-65/bin/transformer-65	2306:57939771:38896:2026-10-02 08:14:14.953255457 +0200:755:0:0	7e02848884218b925920222531c836c2e75d66255e5654c69e7c1d2173c6952f
tansformers/transformer-65/CONTEXT.md	2306:57939311:1312:2026-10-02 10:42:10.000000000 +0200:666:0:0	76996186fa8f173d6c4d19b85f0c3713a33e55c3fcd900fb3ae6831834570bf7
tansformers/transformer-65/decode.h	2306:57939309:7755:2026-10-02 08:00:28.000000000 +0200:666:0:0	8c585b02da5bf2a1375860f8b62c24abff5e68532229a31af7d23717f91c717d
tansformers/transformer-65/generation.json	2306:57939310:417:2026-10-02 08:00:28.000000000 +0200:666:0:0	cf226c6036ac784027f742d8e791222bd63e9eec78bdfcf276634401d9d5b178
tansformers/transformer-65/.gitignore	2306:57939313:43:2026-10-02 08:00:28.000000000 +0200:666:0:0	45ae20f0928677b0118765650d48a21c4130e53551fb4c296fcf5136a392f7e3
tansformers/transformer-65/MOVE-JOURNAL.tsv	2306:57940331:101:2026-10-02 10:29:15.581696666 +0200:644:0:0	a1a799969f4c1dbbf9adc08cfa34709258dd1eb79149b7b0c2f51940b98bace8
tansformers/transformer-65/MOVE-PLAN.tsv	2306:57939773:13114:2026-10-02 08:14:26.793097343 +0200:644:0:0	999bce67241508706d89633a4a81476935ef849e9b871e94153669890465bd84
tansformers/transformer-65/README.md	2306:57939312:1989:2026-10-02 08:00:28.000000000 +0200:666:0:0	a4d95fb6b9fd458854ca0614cba04b4efffb3f51b26a54969937c74c8e29629e
tansformers/transformer-65/root.h	2306:57939308:9389:2026-10-02 08:00:28.000000000 +0200:666:0:0	e7a4da7b28dd72c85cf7c0fade9af0d1410edd0d05f80cd5a717ca300e3dd17d
tansformers/transformer-65/transformer-65.c	2306:57939307:37143:2026-10-02 08:00:28.000000000 +0200:666:0:0	b39de7dcf71fb161df156af855726278a8de2d1d43385d84ed99e3ff44616577
tansformers/transformer-65/verification.json	2306:57940665:787:2026-10-02 10:42:10.000000000 +0200:666:0:0	65d46c8595cc43d707036fbcf7e78e6e8896a7d0f3ba984e7063ff88040f4dfe
tansformers/transformer-66/bin/pipeline-stage.so	2306:57940835:34056:2026-10-02 11:49:30.892893241 +0200:755:0:0	db3da03c92452cc72625b167a42c0cf32e181bd27866595390c6a1f3d314e0d6
tansformers/transformer-66/bin/test-layer.so	2306:57939776:34056:2026-10-02 08:14:27.391089358 +0200:755:0:0	db3da03c92452cc72625b167a42c0cf32e181bd27866595390c6a1f3d314e0d6
tansformers/transformer-66/bin/transformer-66	2306:57939775:38896:2026-10-02 08:14:27.102093218 +0200:755:0:0	214b1813fd51128feaae91bf0102a9beeca1bb23b73a62a0ee8be2f56f2201e3
tansformers/transformer-66/CONTEXT.md	2306:57939319:1312:2026-10-02 10:42:10.000000000 +0200:666:0:0	f728c34b5cb295507278523bd2e81f1ddfdecb535e1a89acdc9574aea2f5546c
tansformers/transformer-66/decode.h	2306:57939317:7755:2026-10-02 08:00:29.000000000 +0200:666:0:0	8c585b02da5bf2a1375860f8b62c24abff5e68532229a31af7d23717f91c717d
tansformers/transformer-66/generation.json	2306:57939318:417:2026-10-02 08:00:29.000000000 +0200:666:0:0	bdb2032958280300e6bfc3e2e82d0529243cb146acf0a39426bebd3ad966e7eb
tansformers/transformer-66/.gitignore	2306:57939321:43:2026-10-02 08:00:29.000000000 +0200:666:0:0	40281a62cd409770dfc0a3519a8c48d5d1cd45dbe2b3ac11e5d925e2d585cd5d
tansformers/transformer-66/MOVE-JOURNAL.tsv	2306:57940338:101:2026-10-02 10:29:35.243440426 +0200:644:0:0	efcd65e63285f68f90e3007002650b19de7dd930f87f2dda646d5e255cff7d91
tansformers/transformer-66/MOVE-PLAN.tsv	2306:57939777:13114:2026-10-02 08:14:39.099933009 +0200:644:0:0	fcb5e3d170bc1867b9cea02dc08f5db98dffe98c69f639cb10774f2676e98c49
tansformers/transformer-66/README.md	2306:57939320:1989:2026-10-02 08:00:29.000000000 +0200:666:0:0	437d2f943e9acccb83bef8acf52b460da3ddd1f9f139acb8c5bd1e69719bd694
tansformers/transformer-66/root.h	2306:57939316:9389:2026-10-02 08:00:29.000000000 +0200:666:0:0	e7a4da7b28dd72c85cf7c0fade9af0d1410edd0d05f80cd5a717ca300e3dd17d
tansformers/transformer-66/transformer-66.c	2306:57939315:37143:2026-10-02 08:00:29.000000000 +0200:666:0:0	95238c49baf63a8072a5d15121879bded9bd410f0f78723a258004088bffbaa8
tansformers/transformer-66/verification.json	2306:57940667:787:2026-10-02 10:42:10.000000000 +0200:666:0:0	58c3dfc65712f8fa55c09201090cc23a09503e9a4f6602f40fa1de979a2a3f1c
tansformers/transformer-67/bin/pipeline-stage.so	2306:57940836:33968:2026-10-02 11:49:31.181889405 +0200:755:0:0	6815e8abe446885af63548b42ba962c88682e998cd9d5306cf04aa0cf49a31c5
tansformers/transformer-67/bin/test-layer.so	2306:57939780:33968:2026-10-02 08:14:39.694925064 +0200:755:0:0	6815e8abe446885af63548b42ba962c88682e998cd9d5306cf04aa0cf49a31c5
tansformers/transformer-67/bin/transformer-67	2306:57939779:38792:2026-10-02 08:14:39.407928896 +0200:755:0:0	fd91f2bf63036ba10d48ef942e7cedbc353a5ac4189c47f4b14ecb6cf42e0313
tansformers/transformer-67/CONTEXT.md	2306:57939327:1312:2026-10-02 10:42:10.000000000 +0200:666:0:0	1c143c1c300d84ca391376e8c5f910311147ab0ec2b125f91f843ad2de8d77de
tansformers/transformer-67/decode.h	2306:57939325:7755:2026-10-02 08:00:29.000000000 +0200:666:0:0	8c585b02da5bf2a1375860f8b62c24abff5e68532229a31af7d23717f91c717d
tansformers/transformer-67/generation.json	2306:57939326:417:2026-10-02 08:00:29.000000000 +0200:666:0:0	69bd849409a525c763e9a5bd1c9c70f496019748e690eed52c99f8b55f87e353
tansformers/transformer-67/.gitignore	2306:57939329:43:2026-10-02 08:00:29.000000000 +0200:666:0:0	6a5afd11f888cfb895d172c132e80578f7c5e0aa6aac8e8859df8abd45fc494e
tansformers/transformer-67/MOVE-JOURNAL.tsv	2306:57940345:101:2026-10-02 10:29:54.291192168 +0200:644:0:0	dac017107309dd75e803140c685ba02b0aec8c8d596640a852eab402fef7f12f
tansformers/transformer-67/MOVE-PLAN.tsv	2306:57939781:13112:2026-10-02 08:14:50.954774728 +0200:644:0:0	9a3e12afaeaf6d780a1afb0bb5a570fbd817d86b27766360464bb48ade31f112
tansformers/transformer-67/README.md	2306:57939328:2001:2026-10-02 08:00:29.000000000 +0200:666:0:0	a333170f748f604fd86a0fcc0d5f42725dd5be802abe15639b856757760b08ae
tansformers/transformer-67/root.h	2306:57939324:9389:2026-10-02 08:00:29.000000000 +0200:666:0:0	e7a4da7b28dd72c85cf7c0fade9af0d1410edd0d05f80cd5a717ca300e3dd17d
tansformers/transformer-67/transformer-67.c	2306:57939323:36963:2026-10-02 08:00:29.000000000 +0200:666:0:0	fa1638a9eb99bb5254acd698c7930fab5538eddaea0fac92befa0afe2c32f089
tansformers/transformer-67/verification.json	2306:57940669:787:2026-10-02 10:42:10.000000000 +0200:666:0:0	7451db780448f5d19e64c8b5948d3fd30781be0e9f35c1398ae8a43e6508a051
tansformers/transformer-68/bin/pipeline-stage.so	2306:57940837:34056:2026-10-02 11:49:31.473885531 +0200:755:0:0	a042a65818aeb448f432a49d31d7c0d120aee94fe25a7f08a4eef96942007d66
tansformers/transformer-68/bin/test-layer.so	2306:57939784:34056:2026-10-02 08:14:51.549766784 +0200:755:0:0	a042a65818aeb448f432a49d31d7c0d120aee94fe25a7f08a4eef96942007d66
tansformers/transformer-68/bin/transformer-68	2306:57939783:38896:2026-10-02 08:14:51.263770602 +0200:755:0:0	d77c6715450d168742ee573feb648dd219d4b0cd8fb00f8616898aa328f06f29
tansformers/transformer-68/CONTEXT.md	2306:57939335:1312:2026-10-02 10:42:10.000000000 +0200:666:0:0	e277b5ea7b25de3915703d7b81654df0c08fe9cdee7f76a161a361da4d281e05
tansformers/transformer-68/decode.h	2306:57939333:7755:2026-10-02 08:00:29.000000000 +0200:666:0:0	8c585b02da5bf2a1375860f8b62c24abff5e68532229a31af7d23717f91c717d
tansformers/transformer-68/generation.json	2306:57939334:417:2026-10-02 08:00:29.000000000 +0200:666:0:0	cd2cc27969083a1fbf3d248cc5465de1dbe0ebb297f421ea1745b916004f039d
tansformers/transformer-68/.gitignore	2306:57939337:43:2026-10-02 08:00:29.000000000 +0200:666:0:0	9841733d23582aa6ea019445919445b69ef6cee69cc39cf31f0002f040d86325
tansformers/transformer-68/MOVE-JOURNAL.tsv	2306:57940352:101:2026-10-02 10:30:13.823937566 +0200:644:0:0	c5c8c0d930f3365744c41280ef5e5c42a6d14591d4fe297927cb7524bce4976c
tansformers/transformer-68/MOVE-PLAN.tsv	2306:57939785:13114:2026-10-02 08:15:03.224610918 +0200:644:0:0	33c5f396e0bfd09ab526df39f248aed6c99d36e0d2abb67c317e75a0f6852b45
tansformers/transformer-68/README.md	2306:57939336:1989:2026-10-02 08:00:29.000000000 +0200:666:0:0	99e707ec04b97db034413c81cea5f9326f18bbb12feb4f5161972a4029377292
tansformers/transformer-68/root.h	2306:57939332:9389:2026-10-02 08:00:29.000000000 +0200:666:0:0	e7a4da7b28dd72c85cf7c0fade9af0d1410edd0d05f80cd5a717ca300e3dd17d
tansformers/transformer-68/transformer-68.c	2306:57939331:37143:2026-10-02 08:00:29.000000000 +0200:666:0:0	bc5bba1ea4f5f50271ad1155081dba0ce0816d9f08f2a211df80a85031920be3
tansformers/transformer-68/verification.json	2306:57940671:787:2026-10-02 10:42:10.000000000 +0200:666:0:0	856c7516783c5c19304230ff2489f179d7e32305562ee99b67876b9d88e4597e
tansformers/transformer-69/bin/pipeline-stage.so	2306:57940838:34056:2026-10-02 11:49:31.763881682 +0200:755:0:0	6537039d70f346fc12652bf3e99dc8b07ace06537f24795b73d6fcd99c611839
tansformers/transformer-69/bin/test-layer.so	2306:57939788:34056:2026-10-02 08:15:03.817603002 +0200:755:0:0	6537039d70f346fc12652bf3e99dc8b07ace06537f24795b73d6fcd99c611839
tansformers/transformer-69/bin/transformer-69	2306:57939787:38896:2026-10-02 08:15:03.532606807 +0200:755:0:0	45f0e574f92db24bf584c83a247be8b5d1910ff93e0694d31a159b243584e807
tansformers/transformer-69/CONTEXT.md	2306:57939343:1312:2026-10-02 10:42:10.000000000 +0200:666:0:0	5b2fa27b7fd477d3232c68c6fb4dd7a6cfad9a7a1fcd0a3b6fbadcca35ece35b
tansformers/transformer-69/decode.h	2306:57939341:7755:2026-10-02 08:00:29.000000000 +0200:666:0:0	8c585b02da5bf2a1375860f8b62c24abff5e68532229a31af7d23717f91c717d
tansformers/transformer-69/generation.json	2306:57939342:417:2026-10-02 08:00:29.000000000 +0200:666:0:0	8c19c2cf2c03733d7cbbb379b3d1a99d15e65b8d712ef98ab4873787f3a311a9
tansformers/transformer-69/.gitignore	2306:57939345:43:2026-10-02 08:00:29.000000000 +0200:666:0:0	2d393c27a716f1cf5afe0e5bb3f355206ae78e0412ef62ef5c10a9dbab09c4f1
tansformers/transformer-69/MOVE-JOURNAL.tsv	2306:57940359:101:2026-10-02 10:30:33.423682078 +0200:644:0:0	6964ce1da1fb755001d23cbec26e77bc09f4def8ba6378edd4218c91da097b35
tansformers/transformer-69/MOVE-PLAN.tsv	2306:57939789:13114:2026-10-02 08:15:15.466447496 +0200:644:0:0	658df9730bb6732a4b35944103c861cf5a1fbbf20b9418f406a718d6b5ff8f13
tansformers/transformer-69/README.md	2306:57939344:1989:2026-10-02 08:00:29.000000000 +0200:666:0:0	b2f18875278bedf7fe63981861f8c02f24b16f7c47023dfe0e938d7decd69186
tansformers/transformer-69/root.h	2306:57939340:9389:2026-10-02 08:00:29.000000000 +0200:666:0:0	e7a4da7b28dd72c85cf7c0fade9af0d1410edd0d05f80cd5a717ca300e3dd17d
tansformers/transformer-69/transformer-69.c	2306:57939339:37143:2026-10-02 08:00:29.000000000 +0200:666:0:0	1e98153e930fca4a3c759b44a2bf9c11cb09cc6642b4e0d720e990418090ab2b
tansformers/transformer-69/verification.json	2306:57940673:787:2026-10-02 10:42:10.000000000 +0200:666:0:0	72d01fe9aa862d1c719e3e18ed1a5c9af1604505c86ef66e88449c4389546b58
tansformers/transformer-6/bin/pipeline-stage.so	2306:57940775:34056:2026-10-02 11:49:13.514123973 +0200:755:0:0	54217ad0ea23639b0d28f984a87602318ba13debba370c7968e092d49ffe3e77
tansformers/transformer-6/bin/test-layer.so	2306:57939538:34056:2026-10-02 08:02:20.451841186 +0200:755:0:0	54217ad0ea23639b0d28f984a87602318ba13debba370c7968e092d49ffe3e77
tansformers/transformer-6/bin/transformer-6	2306:57939537:38896:2026-10-02 08:02:20.167845024 +0200:755:0:0	fdff7cc0059c07e51cc9797c0c09b367a4b96db0e22ce4930069e96723db1fda
tansformers/transformer-6/CONTEXT.md	2306:57938837:1312:2026-10-02 10:42:10.000000000 +0200:666:0:0	cdc94856226ec3703f324f48da634d8b4385037805a7913869f9f30f83ba0b98
tansformers/transformer-6/decode.h	2306:57938835:7755:2026-10-02 08:00:27.000000000 +0200:666:0:0	8c585b02da5bf2a1375860f8b62c24abff5e68532229a31af7d23717f91c717d
tansformers/transformer-6/generation.json	2306:57938836:418:2026-10-02 08:00:27.000000000 +0200:666:0:0	b61f2825359ff0c79e7bac662ddd87a1654bd0e03adb30468f530c4d13558665
tansformers/transformer-6/.gitignore	2306:57938839:42:2026-10-02 08:00:27.000000000 +0200:666:0:0	d7a8e91323ec7092bec4f632b0d32958502f64c3818bef138823de936ce6fa4f
tansformers/transformer-6/MOVE-JOURNAL.tsv	2306:57939918:98:2026-10-02 10:10:13.519496456 +0200:644:0:0	336815039a3bf7fa2bc05096706877028212e2f5f53cb042bb128775fb7bf80e
tansformers/transformer-6/MOVE-PLAN.tsv	2306:57939539:10639:2026-10-02 08:02:32.081684058 +0200:644:0:0	757e129310a4b0f76f519a24a2122d56146cadced6b8637db405207d4cbd3041
tansformers/transformer-6/README.md	2306:57938838:1980:2026-10-02 08:00:27.000000000 +0200:666:0:0	efd59f21868750cec540440229b7a695405caa182a9017ca745e1b886a3159ee
tansformers/transformer-6/root.h	2306:57938834:9392:2026-10-02 08:00:27.000000000 +0200:666:0:0	b8097dd1fd2066998e47901d18e4b280718f3ee9c4ffe262627786aec129b2c8
tansformers/transformer-6/transformer-6.c	2306:57938833:37139:2026-10-02 08:00:27.000000000 +0200:666:0:0	511f9448751b78663aff59ba32f0b802b532e598db400258df0769766d844e37
tansformers/transformer-6/verification.json	2306:57940547:785:2026-10-02 10:42:10.000000000 +0200:666:0:0	be82cecb8bfb6e27170bfcb5f42b8322a5be0f91b29e2d89da01f652ed4b52af
tansformers/transformer-70/bin/pipeline-stage.so	2306:57940839:34056:2026-10-02 11:49:32.052877847 +0200:755:0:0	353a64b86a2968a5f0758fe0090c8ab34ee26f7d261212e9511d7c9882a8fc68
tansformers/transformer-70/bin/test-layer.so	2306:57939792:34056:2026-10-02 08:15:16.057439608 +0200:755:0:0	353a64b86a2968a5f0758fe0090c8ab34ee26f7d261212e9511d7c9882a8fc68
tansformers/transformer-70/bin/transformer-70	2306:57939791:38896:2026-10-02 08:15:15.773443399 +0200:755:0:0	307637c6b9e657fae560c3ac87ed48852a335b91c8d8dc7e844579082e339fd6
tansformers/transformer-70/CONTEXT.md	2306:57939351:1312:2026-10-02 10:42:10.000000000 +0200:666:0:0	750c64fd65793ae5765d9943a9f4a26fe82db3a2bbbd727cae9ba373da00b94a
tansformers/transformer-70/decode.h	2306:57939349:7755:2026-10-02 08:00:29.000000000 +0200:666:0:0	8c585b02da5bf2a1375860f8b62c24abff5e68532229a31af7d23717f91c717d
tansformers/transformer-70/generation.json	2306:57939350:417:2026-10-02 08:00:29.000000000 +0200:666:0:0	343939d9230afc93d8dd5aee509729a37333659f30df1230325479073252aabc
tansformers/transformer-70/.gitignore	2306:57939353:43:2026-10-02 08:00:29.000000000 +0200:666:0:0	733235c8ce02273fbdfd0a19601d73c1c12a0f08b58fec9e5ea288ded9c91f75
tansformers/transformer-70/MOVE-JOURNAL.tsv	2306:57940366:101:2026-10-02 10:30:53.065426025 +0200:644:0:0	14c23555b64e69ee05970fed9ea21ac1065f84b3dcecf16622c8ccd9e561637a
tansformers/transformer-70/MOVE-PLAN.tsv	2306:57939793:13114:2026-10-02 08:15:27.686284383 +0200:644:0:0	fbf72fbe225ab4ff0f178b827e561e54a6a50f43226633ed703d3921632af3f1
tansformers/transformer-70/README.md	2306:57939352:1989:2026-10-02 08:00:29.000000000 +0200:666:0:0	0fd903e7aee42ce4f81d3cdc02d5380df6fd5261fc76d7fd8a33b16866d8cacf
tansformers/transformer-70/root.h	2306:57939348:9389:2026-10-02 08:00:29.000000000 +0200:666:0:0	e7a4da7b28dd72c85cf7c0fade9af0d1410edd0d05f80cd5a717ca300e3dd17d
tansformers/transformer-70/transformer-70.c	2306:57939347:37143:2026-10-02 08:00:29.000000000 +0200:666:0:0	e13a464b5b1f8f3defa2338222f74cec423c061e56d50299fe789f05bce27fa3
tansformers/transformer-70/verification.json	2306:57940675:787:2026-10-02 10:42:10.000000000 +0200:666:0:0	153881f0b40545c748a11a7d388795f92036520eec6118c104034068ce298997
tansformers/transformer-71/bin/pipeline-stage.so	2306:57940840:33968:2026-10-02 11:49:32.343873986 +0200:755:0:0	76423147e4cd4fa8abd8b9b63261f91ed2df254d83e873b0b6963f8efcdd3b19
tansformers/transformer-71/bin/test-layer.so	2306:57939796:33968:2026-10-02 08:15:28.282276427 +0200:755:0:0	76423147e4cd4fa8abd8b9b63261f91ed2df254d83e873b0b6963f8efcdd3b19
tansformers/transformer-71/bin/transformer-71	2306:57939795:38792:2026-10-02 08:15:27.994280272 +0200:755:0:0	69ca4d279b7a906dace257814d457385bb7ce741ea2713decb7fc5ec758b5be9
tansformers/transformer-71/CONTEXT.md	2306:57939359:1312:2026-10-02 10:42:10.000000000 +0200:666:0:0	900ae70311bf5276377093ca4bc48df6ea0d56cb6f2e89b9ec627af0f2acf9e4
tansformers/transformer-71/decode.h	2306:57939357:7755:2026-10-02 08:00:29.000000000 +0200:666:0:0	8c585b02da5bf2a1375860f8b62c24abff5e68532229a31af7d23717f91c717d
tansformers/transformer-71/generation.json	2306:57939358:417:2026-10-02 08:00:29.000000000 +0200:666:0:0	d7a42624a4645aaeb3ad7157a7c6f1038a05160f0cd1e97adee90b0a21b05ea3
tansformers/transformer-71/.gitignore	2306:57939361:43:2026-10-02 08:00:29.000000000 +0200:666:0:0	af04e4f2fe28d6636f5392e25adbd1fa286767b73c0651b693bd7f0e2a415093
tansformers/transformer-71/MOVE-JOURNAL.tsv	2306:57940373:101:2026-10-02 10:31:12.133177439 +0200:644:0:0	b47b1366dc5c0b7549b1e0eb036e30605617be2dc27720619a5e3af39a7bde98
tansformers/transformer-71/MOVE-PLAN.tsv	2306:57939797:13112:2026-10-02 08:15:39.650124698 +0200:644:0:0	4206c094d84277d6661933180aafd4a46fd62f794df3ed3d278a4e39e41d9a42
tansformers/transformer-71/README.md	2306:57939360:2001:2026-10-02 08:00:29.000000000 +0200:666:0:0	933acb40e2b1a9fbb8fbe7f13ff1bf8b16f9aedf6f2ecc08edff0e2465be59d4
tansformers/transformer-71/root.h	2306:57939356:9389:2026-10-02 08:00:29.000000000 +0200:666:0:0	e7a4da7b28dd72c85cf7c0fade9af0d1410edd0d05f80cd5a717ca300e3dd17d
tansformers/transformer-71/transformer-71.c	2306:57939355:36963:2026-10-02 08:00:29.000000000 +0200:666:0:0	398b37e0413c7e7efbb679ac7304aaf9372de074e929f8b8d173db371edc86cd
tansformers/transformer-71/verification.json	2306:57940677:787:2026-10-02 10:42:10.000000000 +0200:666:0:0	d0cbd307e6ce2d10e72d75c0bfe610c220b171d7c7efcef6cf24c3448cc63d91
tansformers/transformer-72/bin/pipeline-stage.so	2306:57940841:34056:2026-10-02 11:49:32.629870190 +0200:755:0:0	6143a7732e9b63ff6b00b2df32d8c016cf7ec3de154f51f25e9f8d994b911323
tansformers/transformer-72/bin/test-layer.so	2306:57939800:34056:2026-10-02 08:15:40.249116703 +0200:755:0:0	6143a7732e9b63ff6b00b2df32d8c016cf7ec3de154f51f25e9f8d994b911323
tansformers/transformer-72/bin/transformer-72	2306:57939799:38896:2026-10-02 08:15:39.960120560 +0200:755:0:0	5727cfa837326e276b9f4962a7dbc7c3123e61fe4618ed13a7e4510f0db3fb38
tansformers/transformer-72/CONTEXT.md	2306:57939367:1312:2026-10-02 10:42:10.000000000 +0200:666:0:0	0c71ebb9b3bd185a0e1462faab393c3784356e5bcf32608c5ee716567cc8f038
tansformers/transformer-72/decode.h	2306:57939365:7755:2026-10-02 08:00:29.000000000 +0200:666:0:0	8c585b02da5bf2a1375860f8b62c24abff5e68532229a31af7d23717f91c717d
tansformers/transformer-72/generation.json	2306:57939366:417:2026-10-02 08:00:29.000000000 +0200:666:0:0	4ed76d0c2aa926dfd2e5e9f8ef28086c7416b560db394bc720f4e19ed14e875e
tansformers/transformer-72/.gitignore	2306:57939369:43:2026-10-02 08:00:29.000000000 +0200:666:0:0	5770c51159d27a388a5ab7dfcf59be09013d359e56af886faafccad292f9f03d
tansformers/transformer-72/MOVE-JOURNAL.tsv	2306:57940380:101:2026-10-02 10:31:31.652922938 +0200:644:0:0	8f9e72a284708de0fc6f554e6af91e6dcb095a7533dcdc7151af2a896151b372
tansformers/transformer-72/MOVE-PLAN.tsv	2306:57939801:13114:2026-10-02 08:15:51.814962338 +0200:644:0:0	de992b68cf411b3dbad9e433c89da407597be5a2f1e349f31dff856f288aad4a
tansformers/transformer-72/README.md	2306:57939368:1989:2026-10-02 08:00:29.000000000 +0200:666:0:0	0fd8c4eafd97c92428878465e54f2b88f3f0c348a509e83705f94e07893b90f9
tansformers/transformer-72/root.h	2306:57939364:9389:2026-10-02 08:00:29.000000000 +0200:666:0:0	e7a4da7b28dd72c85cf7c0fade9af0d1410edd0d05f80cd5a717ca300e3dd17d
tansformers/transformer-72/transformer-72.c	2306:57939363:37143:2026-10-02 08:00:29.000000000 +0200:666:0:0	7bb719a5f93512a140a3e40f7c55e9ff389cd7c4d474958b015cfd4c785f177f
tansformers/transformer-72/verification.json	2306:57940679:787:2026-10-02 10:42:10.000000000 +0200:666:0:0	19789fd0d7170bb116d69c2c9cf4e5551799f3ee6bed87219e184a1cb825d2be
tansformers/transformer-73/bin/pipeline-stage.so	2306:57940842:34056:2026-10-02 11:49:32.914866409 +0200:755:0:0	a035612aa6c886b58f441fa3adb2db8ae444ac6cd6db155f8bd54ce9cb7094d2
tansformers/transformer-73/bin/test-layer.so	2306:57939804:34056:2026-10-02 08:15:52.411954371 +0200:755:0:0	a035612aa6c886b58f441fa3adb2db8ae444ac6cd6db155f8bd54ce9cb7094d2
tansformers/transformer-73/bin/transformer-73	2306:57939803:38896:2026-10-02 08:15:52.121958242 +0200:755:0:0	a9849de84ee60bc19e2c303e3963ea578b33a8316315e87277b2f67c97cf0d79
tansformers/transformer-73/CONTEXT.md	2306:57939375:1312:2026-10-02 10:42:10.000000000 +0200:666:0:0	36670b1e4fb844dbfa559ab12a4a5fb82d56734ee531017d5d7d798748e96bf5
tansformers/transformer-73/decode.h	2306:57939373:7755:2026-10-02 08:00:29.000000000 +0200:666:0:0	8c585b02da5bf2a1375860f8b62c24abff5e68532229a31af7d23717f91c717d
tansformers/transformer-73/generation.json	2306:57939374:417:2026-10-02 08:00:29.000000000 +0200:666:0:0	f5a3b42d4f71db0a707ee4ba627ee16fbab7af800e2b90619d39d1d2a11784e1
tansformers/transformer-73/.gitignore	2306:57939377:43:2026-10-02 08:00:29.000000000 +0200:666:0:0	578b8f15746d1949ee758dd27a387169aa1aa23343ad006d6aa03351c36a88ca
tansformers/transformer-73/MOVE-JOURNAL.tsv	2306:57940387:101:2026-10-02 10:31:51.291666876 +0200:644:0:0	892cc1fb04bdfc304618aa7f7e0b7a89dd9c2962f903ba82a6000a4a567917c2
tansformers/transformer-73/MOVE-PLAN.tsv	2306:57939805:13114:2026-10-02 08:16:04.106798303 +0200:644:0:0	3497cbd0b55107e31db95c07bc6a2773efd39f39e7f19dbf12f5339ca04a52cc
tansformers/transformer-73/README.md	2306:57939376:1989:2026-10-02 08:00:29.000000000 +0200:666:0:0	0ba937b8fd0fa9027d62e0723d6d683e8cb35ebc266091582efc046dc29cdbe6
tansformers/transformer-73/root.h	2306:57939372:9389:2026-10-02 08:00:29.000000000 +0200:666:0:0	e7a4da7b28dd72c85cf7c0fade9af0d1410edd0d05f80cd5a717ca300e3dd17d
tansformers/transformer-73/transformer-73.c	2306:57939371:37143:2026-10-02 08:00:29.000000000 +0200:666:0:0	f421918e3728d56932fdba2f4e0db3f1d14de845092689b48d2047be634dcf8c
tansformers/transformer-73/verification.json	2306:57940681:787:2026-10-02 10:42:10.000000000 +0200:666:0:0	d8a410ada5e7daff3a9cf2101afe10350503a444a1b33f2b767ea7ad8c2e30cb
tansformers/transformer-74/bin/pipeline-stage.so	2306:57940843:34056:2026-10-02 11:49:33.199862627 +0200:755:0:0	0c4c637e56abfa5297a1e999acc94aa31c0587def6073811b332158eefbf2ba3
tansformers/transformer-74/bin/test-layer.so	2306:57939808:34056:2026-10-02 08:16:04.700790376 +0200:755:0:0	0c4c637e56abfa5297a1e999acc94aa31c0587def6073811b332158eefbf2ba3
tansformers/transformer-74/bin/transformer-74	2306:57939807:38896:2026-10-02 08:16:04.414794192 +0200:755:0:0	7b77aeb90c750e63bd12a62f25e1f93de266229cc4349ff630c9997b8be9aed4
tansformers/transformer-74/CONTEXT.md	2306:57939383:1312:2026-10-02 10:42:10.000000000 +0200:666:0:0	0b051c9dcf3fae41a2f78a41e5f9e7fde89d9eee0192ae6bc442dad0c9cf8166
tansformers/transformer-74/decode.h	2306:57939381:7755:2026-10-02 08:00:29.000000000 +0200:666:0:0	8c585b02da5bf2a1375860f8b62c24abff5e68532229a31af7d23717f91c717d
tansformers/transformer-74/generation.json	2306:57939382:417:2026-10-02 08:00:29.000000000 +0200:666:0:0	9745a00e4ed4a88dbc0146703dae1e22a096fdb81e4c8c2da815a92773f67309
tansformers/transformer-74/.gitignore	2306:57939385:43:2026-10-02 08:00:29.000000000 +0200:666:0:0	79bb1ed773be63b2b477a3ed55796b7e0a26c7a2c1736291dadfb4c63d7d6903
tansformers/transformer-74/MOVE-JOURNAL.tsv	2306:57940394:101:2026-10-02 10:32:10.986410070 +0200:644:0:0	169f52f802693b642f8ef816fd035df523508dc818371914357ea328bc143467
tansformers/transformer-74/MOVE-PLAN.tsv	2306:57939809:13114:2026-10-02 08:16:16.258636147 +0200:644:0:0	fef70661576f71194bfc54d45d2f312e0f73eb8ae8a810d20496326f3343a950
tansformers/transformer-74/README.md	2306:57939384:1989:2026-10-02 08:00:29.000000000 +0200:666:0:0	f7a81610ba001c23bd6fbc53c5d09b0421e0ddb6dac9a2bb574cab79d6766bc7
tansformers/transformer-74/root.h	2306:57939380:9389:2026-10-02 08:00:29.000000000 +0200:666:0:0	e7a4da7b28dd72c85cf7c0fade9af0d1410edd0d05f80cd5a717ca300e3dd17d
tansformers/transformer-74/transformer-74.c	2306:57939379:37143:2026-10-02 08:00:29.000000000 +0200:666:0:0	1a4e1f650fd89d30436eef7603850402aca836aeaa4305cd987f9da52e1d2eac
tansformers/transformer-74/verification.json	2306:57940683:787:2026-10-02 10:42:10.000000000 +0200:666:0:0	468d442dae13f05f8a695d2f7c29505df48ca162ecf38db960011635f8473258
tansformers/transformer-75/bin/pipeline-stage.so	2306:57940844:33968:2026-10-02 11:49:33.483858858 +0200:755:0:0	a8fc5ce0fd82e8eb93eaec7c12f90775bfcb741bd0caee3346ac61d8134668ed
tansformers/transformer-75/bin/test-layer.so	2306:57939812:33968:2026-10-02 08:16:16.854628194 +0200:755:0:0	a8fc5ce0fd82e8eb93eaec7c12f90775bfcb741bd0caee3346ac61d8134668ed
tansformers/transformer-75/bin/transformer-75	2306:57939811:38792:2026-10-02 08:16:16.565632051 +0200:755:0:0	980110b19b7ab423959686f4bd7062a3f11a2a6d34f501f31910f28353b43d6a
tansformers/transformer-75/CONTEXT.md	2306:57939391:1312:2026-10-02 10:42:10.000000000 +0200:666:0:0	06b6ab6a653fe78dc9019ab858f23c915b8da7394982a1dd484fe5e3ef762d01
tansformers/transformer-75/decode.h	2306:57939389:7755:2026-10-02 08:00:29.000000000 +0200:666:0:0	8c585b02da5bf2a1375860f8b62c24abff5e68532229a31af7d23717f91c717d
tansformers/transformer-75/generation.json	2306:57939390:417:2026-10-02 08:00:29.000000000 +0200:666:0:0	2ef20d950a1ac8ed2b87ee7e841f2f7bc88ceb4a26ec4aa8da5cd030c99895a3
tansformers/transformer-75/.gitignore	2306:57939393:43:2026-10-02 08:00:29.000000000 +0200:666:0:0	b70bb93163d60c0618013133e2372a923aa2eca7483bbcb2a05b6271c6a1feb5
tansformers/transformer-75/MOVE-JOURNAL.tsv	2306:57940401:101:2026-10-02 10:32:29.986162312 +0200:644:0:0	3c6f69b77ee281f64f586460e7620e8e43594c8f987fe19d51cc64255d7d010f
tansformers/transformer-75/MOVE-PLAN.tsv	2306:57939813:13112:2026-10-02 08:16:28.199476818 +0200:644:0:0	0d96f1f9bbfee990d6039362544c18a80885ff35034fca3ed3aa667be5bb170c
tansformers/transformer-75/README.md	2306:57939392:2001:2026-10-02 08:00:29.000000000 +0200:666:0:0	56c36788ae85e5e85e266c160c465237616a6df666693143097919b94f465e5d
tansformers/transformer-75/root.h	2306:57939388:9389:2026-10-02 08:00:29.000000000 +0200:666:0:0	e7a4da7b28dd72c85cf7c0fade9af0d1410edd0d05f80cd5a717ca300e3dd17d
tansformers/transformer-75/transformer-75.c	2306:57939387:36963:2026-10-02 08:00:29.000000000 +0200:666:0:0	32d9002e10bed26468624a61dd420ad132d440297e5347aec2fe0abca445f164
tansformers/transformer-75/verification.json	2306:57940685:787:2026-10-02 10:42:10.000000000 +0200:666:0:0	d8f171f08bd061388407a225fde207489e8a3ef59b3d3ef719d6ad78e767c6f9
tansformers/transformer-76/bin/pipeline-stage.so	2306:57940845:34056:2026-10-02 11:49:33.768855076 +0200:755:0:0	5e54e2c50e0be4e075dbdf24010bf599b124c71b805944fc33df9bf448b05606
tansformers/transformer-76/bin/test-layer.so	2306:57939816:34056:2026-10-02 08:16:28.795468866 +0200:755:0:0	5e54e2c50e0be4e075dbdf24010bf599b124c71b805944fc33df9bf448b05606
tansformers/transformer-76/bin/transformer-76	2306:57939815:38896:2026-10-02 08:16:28.508472696 +0200:755:0:0	d3fcc621d3631a330007f36208039f5b3815aac2355580906e35d203bb2dcc14
tansformers/transformer-76/CONTEXT.md	2306:57939399:1312:2026-10-02 10:42:10.000000000 +0200:666:0:0	1f1cd4014fdeb71a28ac8264ecfbea979ef8d638471a493fc6f481d1cbe2d84b
tansformers/transformer-76/decode.h	2306:57939397:7755:2026-10-02 08:00:29.000000000 +0200:666:0:0	8c585b02da5bf2a1375860f8b62c24abff5e68532229a31af7d23717f91c717d
tansformers/transformer-76/generation.json	2306:57939398:417:2026-10-02 08:00:29.000000000 +0200:666:0:0	63a614946b782e8d7b5b33e0b9c050af6bfd1e89960d5c5a69b6398f64f2d318
tansformers/transformer-76/.gitignore	2306:57939401:43:2026-10-02 08:00:29.000000000 +0200:666:0:0	1f3a252790565a8a1b910c0f3c44fc22fc65ea897ddc71ef3ae9bb2b9ca3c556
tansformers/transformer-76/MOVE-JOURNAL.tsv	2306:57940408:101:2026-10-02 10:32:49.520907557 +0200:644:0:0	f525081e6f8fb97576f6f73d341fa0f1fd420f7322293f5c5bf5ddde6f2d0ad6
tansformers/transformer-76/MOVE-PLAN.tsv	2306:57939817:13114:2026-10-02 08:16:40.415313832 +0200:644:0:0	d70ade604a75c4ba1128115007d0359a43d76ddb31b5a2d2c0b548b8697e6b18
tansformers/transformer-76/README.md	2306:57939400:1989:2026-10-02 08:00:29.000000000 +0200:666:0:0	a9cb296db3886b2e70e4f7147d336cb23acef7644a8f92e26c84f1f459a681be
tansformers/transformer-76/root.h	2306:57939396:9389:2026-10-02 08:00:29.000000000 +0200:666:0:0	e7a4da7b28dd72c85cf7c0fade9af0d1410edd0d05f80cd5a717ca300e3dd17d
tansformers/transformer-76/transformer-76.c	2306:57939395:37143:2026-10-02 08:00:29.000000000 +0200:666:0:0	51987c742b4c6476cefda82456a8bd11d2317c18f04c0c39e5b68683f895ce9b
tansformers/transformer-76/verification.json	2306:57940687:787:2026-10-02 10:42:10.000000000 +0200:666:0:0	0df2ccfe9800ab687d9b599e98fb4e7bea7330d2635ee040dce10f2acbb3c197
tansformers/transformer-77/bin/pipeline-stage.so	2306:57940846:34056:2026-10-02 11:49:34.059851215 +0200:755:0:0	94ae0ddf05371b30c60339892b3ee3d0552cc1bcf8a3037594ee4355817eec01
tansformers/transformer-77/bin/test-layer.so	2306:57939820:34056:2026-10-02 08:16:41.014305840 +0200:755:0:0	94ae0ddf05371b30c60339892b3ee3d0552cc1bcf8a3037594ee4355817eec01
tansformers/transformer-77/bin/transformer-77	2306:57939819:38896:2026-10-02 08:16:40.726309683 +0200:755:0:0	e2cc4c413ecfa4be8ba8610d81d59b4f952eb41527f81dce94e689e535156e86
tansformers/transformer-77/CONTEXT.md	2306:57939407:1312:2026-10-02 10:42:10.000000000 +0200:666:0:0	c18934a37dc205dee503c94589587b045e8ae799b80e16668d4dacdc97d0db8d
tansformers/transformer-77/decode.h	2306:57939405:7755:2026-10-02 08:00:29.000000000 +0200:666:0:0	8c585b02da5bf2a1375860f8b62c24abff5e68532229a31af7d23717f91c717d
tansformers/transformer-77/generation.json	2306:57939406:417:2026-10-02 08:00:29.000000000 +0200:666:0:0	cae707c3d499811be7e85a6fc1b48ae962151fac5e880f7700dd8bfb1c23478b
tansformers/transformer-77/.gitignore	2306:57939409:43:2026-10-02 08:00:29.000000000 +0200:666:0:0	994380785d59b889ee551dd4f6d222f54e6368a86c83b5c2d6437abdfa8a27db
tansformers/transformer-77/MOVE-JOURNAL.tsv	2306:57940415:101:2026-10-02 10:33:09.117651988 +0200:644:0:0	32457bd17bc5a91a2ac021b2896ce5e5494e434072fb336deb114bc73464c2e7
tansformers/transformer-77/MOVE-PLAN.tsv	2306:57939821:13114:2026-10-02 08:16:52.662150444 +0200:644:0:0	23bcb28c7f9a417016a49a8f2b4090d45adf5a5031c0575f3b05aa02cfcdcd3f
tansformers/transformer-77/README.md	2306:57939408:1989:2026-10-02 08:00:29.000000000 +0200:666:0:0	271d3cb828166d2bf06fdaa9af353ca37ec48886eee0d1d49995fcf70033e7b4
tansformers/transformer-77/root.h	2306:57939404:9389:2026-10-02 08:00:29.000000000 +0200:666:0:0	e7a4da7b28dd72c85cf7c0fade9af0d1410edd0d05f80cd5a717ca300e3dd17d
tansformers/transformer-77/transformer-77.c	2306:57939403:37143:2026-10-02 08:00:29.000000000 +0200:666:0:0	d940f290c83d7ed566b343bd31fbb5bd92ad589aed03d48c1efa56a948b0ef3e
tansformers/transformer-77/verification.json	2306:57940689:787:2026-10-02 10:42:10.000000000 +0200:666:0:0	6b2d8312a8282bd0372e07cb1eb6689eab49973cab5e4470de4cf49f403d6994
tansformers/transformer-78/bin/pipeline-stage.so	2306:57940847:34056:2026-10-02 11:49:34.344847434 +0200:755:0:0	b87669981a04adb315736c96515ed98477f2c1ec86b85825339ce876187d95ab
tansformers/transformer-78/bin/test-layer.so	2306:57939824:34056:2026-10-02 08:16:53.258142492 +0200:755:0:0	b87669981a04adb315736c96515ed98477f2c1ec86b85825339ce876187d95ab
tansformers/transformer-78/bin/transformer-78	2306:57939823:38896:2026-10-02 08:16:52.970146335 +0200:755:0:0	60d1189a2ebee56922ffc0fb40220b2e854e83619cbe7a4243aa8622631f920c
tansformers/transformer-78/CONTEXT.md	2306:57939415:1312:2026-10-02 10:42:10.000000000 +0200:666:0:0	a3dc565463de15c29f22517386c0eb9c65bad9f093dcfcb394ceb7eeef348c1d
tansformers/transformer-78/decode.h	2306:57939413:7755:2026-10-02 08:00:29.000000000 +0200:666:0:0	8c585b02da5bf2a1375860f8b62c24abff5e68532229a31af7d23717f91c717d
tansformers/transformer-78/generation.json	2306:57939414:417:2026-10-02 08:00:29.000000000 +0200:666:0:0	0c6635b9998f84e7a44c05cefbfe77f8fee6973497d8ddf02e83233dcaff00ae
tansformers/transformer-78/.gitignore	2306:57939417:43:2026-10-02 08:00:29.000000000 +0200:666:0:0	9daed24f2037ac001a76a070c21303427b4c582606abc47e3028fe4c4e677203
tansformers/transformer-78/MOVE-JOURNAL.tsv	2306:57940422:101:2026-10-02 10:33:28.742396040 +0200:644:0:0	14b2e989fbaecf1ddb6f79c107e786770b07436773580cff82c54425830f720a
tansformers/transformer-78/MOVE-PLAN.tsv	2306:57939825:13116:2026-10-02 08:17:04.935986703 +0200:644:0:0	4df9de2fc8d75fe5d0e2fb4fc03286c25404a2337f38997c077db998b354bfce
tansformers/transformer-78/README.md	2306:57939416:1989:2026-10-02 08:00:29.000000000 +0200:666:0:0	33e61c437c2f927db143f7dd5d58bc3a36a6c17f65da28df735866967a90b2cc
tansformers/transformer-78/root.h	2306:57939412:9389:2026-10-02 08:00:29.000000000 +0200:666:0:0	e7a4da7b28dd72c85cf7c0fade9af0d1410edd0d05f80cd5a717ca300e3dd17d
tansformers/transformer-78/transformer-78.c	2306:57939411:37143:2026-10-02 08:00:29.000000000 +0200:666:0:0	b58bda9852a196c6a72ebff3b26c19efb512b8e7cabaa6976990e4584308bd8d
tansformers/transformer-78/verification.json	2306:57940691:787:2026-10-02 10:42:10.000000000 +0200:666:0:0	667c6bae69da6ceb8da594a16514494e66e30fb25dc5f1f2cfa2d20f81340ff5
tansformers/transformer-79/bin/pipeline-stage.so	2306:57940848:33968:2026-10-02 11:49:34.628843666 +0200:755:0:0	05138b1c1ff9bfec8b7b5287eb8bb2380f4d0755661af24378f967be9194f57b
tansformers/transformer-79/bin/test-layer.so	2306:57939828:33968:2026-10-02 08:17:05.530978765 +0200:755:0:0	05138b1c1ff9bfec8b7b5287eb8bb2380f4d0755661af24378f967be9194f57b
tansformers/transformer-79/bin/transformer-79	2306:57939827:38792:2026-10-02 08:17:05.243982594 +0200:755:0:0	1285ba94208faa5a3701a8c300ebc9bb1b75a4a286e5b07aa36328dc16d58f8b
tansformers/transformer-79/CONTEXT.md	2306:57939423:1312:2026-10-02 10:42:10.000000000 +0200:666:0:0	e6d5a0939ec7c76f42565ad91426f45804a16f4de19ec2fe030b65c391c1feab
tansformers/transformer-79/decode.h	2306:57939421:7755:2026-10-02 08:00:29.000000000 +0200:666:0:0	8c585b02da5bf2a1375860f8b62c24abff5e68532229a31af7d23717f91c717d
tansformers/transformer-79/generation.json	2306:57939422:417:2026-10-02 08:00:29.000000000 +0200:666:0:0	17cb8561d4ee72a2fa25db3bfdc688602316bc5c7cc3c31bd6abdec700a00504
tansformers/transformer-79/.gitignore	2306:57939425:43:2026-10-02 08:00:29.000000000 +0200:666:0:0	134a5e638af569bacd33df5cf214ddd2e3fda3a1c2924b58726cd517330cf83f
tansformers/transformer-79/MOVE-JOURNAL.tsv	2306:57940429:101:2026-10-02 10:33:47.700148780 +0200:644:0:0	63aa9729a3d8dc53f78114e1104f3e7b527a3b0dfabb3176d09fe5dcba96eb11
tansformers/transformer-79/MOVE-PLAN.tsv	2306:57939829:13114:2026-10-02 08:17:16.813828257 +0200:644:0:0	88ad4d1282c48424df31cc931528eb5687874e6c1b9c674e0e3cd09c2a618e16
tansformers/transformer-79/README.md	2306:57939424:2001:2026-10-02 08:00:29.000000000 +0200:666:0:0	cf28fcc086194b7a97db777ed937653997512ff0eca5c7c1a312bea8dabaa8ba
tansformers/transformer-79/root.h	2306:57939420:9389:2026-10-02 08:00:29.000000000 +0200:666:0:0	e7a4da7b28dd72c85cf7c0fade9af0d1410edd0d05f80cd5a717ca300e3dd17d
tansformers/transformer-79/transformer-79.c	2306:57939419:36963:2026-10-02 08:00:29.000000000 +0200:666:0:0	f85a92cb250eca5e00e67323e8247f66c44c47f604287958860dfa2711fe8b48
tansformers/transformer-79/verification.json	2306:57940693:787:2026-10-02 10:42:10.000000000 +0200:666:0:0	c8aea34f4be55d43717e3fb6c80b65284e722f8390f2924c638a0617dc95aa6b
tansformers/transformer-7/bin/pipeline-stage.so	2306:57940776:33968:2026-10-02 11:49:13.804120121 +0200:755:0:0	d8392dd65b40a72c2273f210dd7cfc333d37434ffaa8e8b7c71764e43738e069
tansformers/transformer-7/bin/test-layer.so	2306:57939542:33968:2026-10-02 08:02:32.667676142 +0200:755:0:0	d8392dd65b40a72c2273f210dd7cfc333d37434ffaa8e8b7c71764e43738e069
tansformers/transformer-7/bin/transformer-7	2306:57939541:38792:2026-10-02 08:02:32.384679965 +0200:755:0:0	d94ce2c083d5491159c3310451b9df84445ddacc5a91597f7c03bc72658f7d40
tansformers/transformer-7/CONTEXT.md	2306:57938845:1312:2026-10-02 10:42:10.000000000 +0200:666:0:0	1cac38ebf7819c8bfaf16dce342d31ef16bef0c0ee87a9add99c9e12109204ba
tansformers/transformer-7/decode.h	2306:57938843:7755:2026-10-02 08:00:27.000000000 +0200:666:0:0	8c585b02da5bf2a1375860f8b62c24abff5e68532229a31af7d23717f91c717d
tansformers/transformer-7/generation.json	2306:57938844:418:2026-10-02 08:00:27.000000000 +0200:666:0:0	3bf6e02c46704b0b8f56d98c4814190586a74914c3d2ebcc50fc079b2dca4fd7
tansformers/transformer-7/.gitignore	2306:57938847:42:2026-10-02 08:00:27.000000000 +0200:666:0:0	01e1f53fa68668decc0a0a3948533b8bc9a06daa22eac9d0aa26a291da5fa792
tansformers/transformer-7/MOVE-JOURNAL.tsv	2306:57939925:98:2026-10-02 10:10:32.380254784 +0200:644:0:0	f6722945cb2a50fecfcfef55a1d39e1de9aaca9cf90111d8130e67b3ab73902b
tansformers/transformer-7/MOVE-PLAN.tsv	2306:57939543:10637:2026-10-02 08:02:43.849525120 +0200:644:0:0	c5ba659829d29bbb00a975a68a28bf5b580dcf7c8a93f3d1dcb4e3d4d5960e05
tansformers/transformer-7/README.md	2306:57938846:1992:2026-10-02 08:00:27.000000000 +0200:666:0:0	e7726fad40269caa452099898aed3ff7169a72efde0985021d05623675d101e4
tansformers/transformer-7/root.h	2306:57938842:9392:2026-10-02 08:00:27.000000000 +0200:666:0:0	9ea4d6f5ab69f859f3a7ae4a276df8432689628843428312b8ab2729fa004828
tansformers/transformer-7/transformer-7.c	2306:57938841:36959:2026-10-02 08:00:27.000000000 +0200:666:0:0	055fad0466318428bf8ae541196343fbbee9a1e85468d6ebdfbdc0526fa26714
tansformers/transformer-7/verification.json	2306:57940549:785:2026-10-02 10:42:10.000000000 +0200:666:0:0	71281b0ad8d780d659ed7ef6d299f61d2867129c4f63d18d8ec9f9a3056d0c1c
tansformers/transformer-80/bin/pipeline-stage.so	2306:57940849:34056:2026-10-02 11:49:34.912839897 +0200:755:0:0	73947c4c8b90f857ab0e08472bbee0af77015f9114a660a2ac6bf1173ab5441f
tansformers/transformer-80/bin/test-layer.so	2306:57939832:34056:2026-10-02 08:17:17.433819988 +0200:755:0:0	73947c4c8b90f857ab0e08472bbee0af77015f9114a660a2ac6bf1173ab5441f
tansformers/transformer-80/bin/transformer-80	2306:57939831:38896:2026-10-02 08:17:17.133823989 +0200:755:0:0	129837d2580492f4c6548dc611357e53eda2643b44fb0244e02a8eca30e2341e
tansformers/transformer-80/CONTEXT.md	2306:57939431:1312:2026-10-02 10:42:10.000000000 +0200:666:0:0	067f4011132ed353f7a20e789a1824e6d93e512b684d1740d2f815e5e50c5000
tansformers/transformer-80/decode.h	2306:57939429:7755:2026-10-02 08:00:29.000000000 +0200:666:0:0	8c585b02da5bf2a1375860f8b62c24abff5e68532229a31af7d23717f91c717d
tansformers/transformer-80/generation.json	2306:57939430:417:2026-10-02 08:00:29.000000000 +0200:666:0:0	0a3ef9fbb5776800e71609ff5330a4e23aa6eeb8ec1cfe055153f38ca07229e7
tansformers/transformer-80/.gitignore	2306:57939433:43:2026-10-02 08:00:29.000000000 +0200:666:0:0	aaff9ef72e31454bd9fecbcd503afa8c772f945998a6d373e788594c481cf35f
tansformers/transformer-80/MOVE-JOURNAL.tsv	2306:57940436:101:2026-10-02 10:34:07.168894838 +0200:644:0:0	884b3ec922fc0ac1dd5e4017e64fef063855eff6bddcbc1502a82381503c9bdd
tansformers/transformer-80/MOVE-PLAN.tsv	2306:57939833:13116:2026-10-02 08:17:29.123664061 +0200:644:0:0	416f57f466aa1932cf3dfd31851da96f39ff98b8a13056d9e8569707d81dad54
tansformers/transformer-80/README.md	2306:57939432:1989:2026-10-02 08:00:29.000000000 +0200:666:0:0	06ee464a14af780c28031094c93713edfc06e62f77d1070bc8c70b11ee14e6c1
tansformers/transformer-80/root.h	2306:57939428:9389:2026-10-02 08:00:29.000000000 +0200:666:0:0	e7a4da7b28dd72c85cf7c0fade9af0d1410edd0d05f80cd5a717ca300e3dd17d
tansformers/transformer-80/transformer-80.c	2306:57939427:37143:2026-10-02 08:00:29.000000000 +0200:666:0:0	7516cfd98a8ee003cb44dda53410a127285a63ce5381ed14735076d64d8e9796
tansformers/transformer-80/verification.json	2306:57940695:787:2026-10-02 10:42:10.000000000 +0200:666:0:0	88bdbdc071a65f972f319bfea5285d7d21290601729c25040d45c936cd4b3aa3
tansformers/transformer-81/bin/pipeline-stage.so	2306:57940850:34056:2026-10-02 11:49:35.198836102 +0200:755:0:0	da75ffba7d7b40c5e38ff7dfe96562ffa349ec0dabdec7721d42de58982cc8f2
tansformers/transformer-81/bin/test-layer.so	2306:57939836:34056:2026-10-02 08:17:29.717656139 +0200:755:0:0	da75ffba7d7b40c5e38ff7dfe96562ffa349ec0dabdec7721d42de58982cc8f2
tansformers/transformer-81/bin/transformer-81	2306:57939835:38896:2026-10-02 08:17:29.432659940 +0200:755:0:0	616eb920126b51f036541255644380b3e7f9f81e3ed6bc97d04f2cabd8bf4aaa
tansformers/transformer-81/CONTEXT.md	2306:57939439:1312:2026-10-02 10:42:10.000000000 +0200:666:0:0	498be27b8ea70c473125b2e709bf0adf3b2d5bd792ebb139d309ee65c2907b4b
tansformers/transformer-81/decode.h	2306:57939437:7755:2026-10-02 08:00:29.000000000 +0200:666:0:0	8c585b02da5bf2a1375860f8b62c24abff5e68532229a31af7d23717f91c717d
tansformers/transformer-81/generation.json	2306:57939438:417:2026-10-02 08:00:29.000000000 +0200:666:0:0	0b768634529694edf9fb8a241a664c3ea02ab80b158d980de93c3d257fbff870
tansformers/transformer-81/.gitignore	2306:57939441:43:2026-10-02 08:00:29.000000000 +0200:666:0:0	598da94bd6676f300b7483d7ba19bc09c2582e57d51f8f255e33dfc4a172a157
tansformers/transformer-81/MOVE-JOURNAL.tsv	2306:57940443:101:2026-10-02 10:34:26.803638725 +0200:644:0:0	2649ebff4484de888c61bd535da6615dfe21a8240753491163b467e5c551f7cd
tansformers/transformer-81/MOVE-PLAN.tsv	2306:57939837:13116:2026-10-02 08:17:41.294501729 +0200:644:0:0	ca92ccc1be00bf24f79b6ecd3c30197254787b297174606cc8e635565970d9d8
tansformers/transformer-81/README.md	2306:57939440:1989:2026-10-02 08:00:29.000000000 +0200:666:0:0	d99b4d76859c2be994076fe8485820e94dbcb1750ef6eac02e6db0003a83aee6
tansformers/transformer-81/root.h	2306:57939436:9389:2026-10-02 08:00:29.000000000 +0200:666:0:0	e7a4da7b28dd72c85cf7c0fade9af0d1410edd0d05f80cd5a717ca300e3dd17d
tansformers/transformer-81/transformer-81.c	2306:57939435:37143:2026-10-02 08:00:29.000000000 +0200:666:0:0	342e0cefbcb098b0ac416d64555bff6357cf1f917195278bd61e1c7fd5f3f661
tansformers/transformer-81/verification.json	2306:57940697:787:2026-10-02 10:42:10.000000000 +0200:666:0:0	ac22c45bc01b04d5b36eee091b0cd5dbb100a6d50be277aef48e3217b08fd8af
tansformers/transformer-82/bin/pipeline-stage.so	2306:57940851:34056:2026-10-02 11:49:35.486832281 +0200:755:0:0	92e5ff23836bb61b521b2351f1c73ca478a812f5ca1053fdbd6d580d78b466e9
tansformers/transformer-82/bin/test-layer.so	2306:57939840:34056:2026-10-02 08:17:41.887493820 +0200:755:0:0	92e5ff23836bb61b521b2351f1c73ca478a812f5ca1053fdbd6d580d78b466e9
tansformers/transformer-82/bin/transformer-82	2306:57939839:38896:2026-10-02 08:17:41.601497634 +0200:755:0:0	904cca84da86214d46bf080e9d1c7866022b14e44a7ec6999195f1cb543f7927
tansformers/transformer-82/CONTEXT.md	2306:57939447:1312:2026-10-02 10:42:10.000000000 +0200:666:0:0	05b7ba16ee00558ad77e6065bccdb05e9a2724abc8a47986432f879af28ad3f5
tansformers/transformer-82/decode.h	2306:57939445:7755:2026-10-02 08:00:29.000000000 +0200:666:0:0	8c585b02da5bf2a1375860f8b62c24abff5e68532229a31af7d23717f91c717d
tansformers/transformer-82/generation.json	2306:57939446:417:2026-10-02 08:00:29.000000000 +0200:666:0:0	fba297b2b234f6b18a8df4ba4cb5f69804ee945bba5b799e9f7279f0f1e63804
tansformers/transformer-82/.gitignore	2306:57939449:43:2026-10-02 08:00:29.000000000 +0200:666:0:0	f4600502e8892918e2058d3bfd7de67ea1ee4c262b89c92901b804704e8b1347
tansformers/transformer-82/MOVE-JOURNAL.tsv	2306:57940450:101:2026-10-02 10:34:46.367384570 +0200:644:0:0	832c42a5203592bf485cf9e27805e7b09632bd0c61036b714f7961107c0ece0f
tansformers/transformer-82/MOVE-PLAN.tsv	2306:57939841:13116:2026-10-02 08:17:53.607337513 +0200:644:0:0	6fc293e378a929e9db4c8c894aa44300e4581fc57ae6e1906d9cd126eccd8d64
tansformers/transformer-82/README.md	2306:57939448:1989:2026-10-02 08:00:29.000000000 +0200:666:0:0	028022d6fb2c06e26211323ac1f9416b30e7d7cf88ac3eccde83f5ddfcb35fac
tansformers/transformer-82/root.h	2306:57939444:9389:2026-10-02 08:00:29.000000000 +0200:666:0:0	e7a4da7b28dd72c85cf7c0fade9af0d1410edd0d05f80cd5a717ca300e3dd17d
tansformers/transformer-82/transformer-82.c	2306:57939443:37143:2026-10-02 08:00:29.000000000 +0200:666:0:0	4549aa50c95706449c55332c4e7d66c66417e13ff942cd8c38e0df9ee576afc3
tansformers/transformer-82/verification.json	2306:57940699:787:2026-10-02 10:42:10.000000000 +0200:666:0:0	8ab7834e131496ab9a315e6725fcd4a5d6635ebff7b0d72e8e4fcfdf193901d7
tansformers/transformer-83/bin/pipeline-stage.so	2306:57940852:33968:2026-10-02 11:49:35.773828474 +0200:755:0:0	2949b022a432a889d6ef6f0ef6b06c20506b1291f1d8eaf75f2c0dee71944a30
tansformers/transformer-83/bin/test-layer.so	2306:57939844:33968:2026-10-02 08:17:54.221329324 +0200:755:0:0	2949b022a432a889d6ef6f0ef6b06c20506b1291f1d8eaf75f2c0dee71944a30
tansformers/transformer-83/bin/transformer-83	2306:57939843:38792:2026-10-02 08:17:53.914333419 +0200:755:0:0	05a8e65cc3971cf86867c0aebb5b30de2cfc0b71bcb91313e7cf3264fa3e79c5
tansformers/transformer-83/CONTEXT.md	2306:57939455:1312:2026-10-02 10:42:10.000000000 +0200:666:0:0	717cd3387288065f23c47c574102baafe925752f58e1ccd773b03433f31f3e09
tansformers/transformer-83/decode.h	2306:57939453:7755:2026-10-02 08:00:29.000000000 +0200:666:0:0	8c585b02da5bf2a1375860f8b62c24abff5e68532229a31af7d23717f91c717d
tansformers/transformer-83/generation.json	2306:57939454:417:2026-10-02 08:00:29.000000000 +0200:666:0:0	4501607df5a85a89357deeb91bc717c7e66af4573955acfc5098a6e8f0746825
tansformers/transformer-83/.gitignore	2306:57939457:43:2026-10-02 08:00:29.000000000 +0200:666:0:0	61a2fe642314cd7e3aec74a1305166307915b881a5a6880724e92eaefc7319e1
tansformers/transformer-83/MOVE-JOURNAL.tsv	2306:57940457:101:2026-10-02 10:35:05.486138171 +0200:644:0:0	41d667e3adaff4669b3aa9e92315706426c7cd8ee16597d9ba81aedc45a644c6
tansformers/transformer-83/MOVE-PLAN.tsv	2306:57939845:13114:2026-10-02 08:18:05.540178375 +0200:644:0:0	b20e96eb064ce5596574ae53f33c96505bd61729add9eac8a910327ef9fa878c
tansformers/transformer-83/README.md	2306:57939456:2001:2026-10-02 08:00:29.000000000 +0200:666:0:0	421356fd784def8b9a964a6f4863572ac65550f327206f40b41e23827320cb78
tansformers/transformer-83/root.h	2306:57939452:9389:2026-10-02 08:00:29.000000000 +0200:666:0:0	e7a4da7b28dd72c85cf7c0fade9af0d1410edd0d05f80cd5a717ca300e3dd17d
tansformers/transformer-83/transformer-83.c	2306:57939451:36963:2026-10-02 08:00:29.000000000 +0200:666:0:0	1599985e24bdcbdbba2512888daf3d8d33afc634129bf570f648e97a8b96c570
tansformers/transformer-83/verification.json	2306:57940701:787:2026-10-02 10:42:10.000000000 +0200:666:0:0	6ccd8a43e0ffb61266f097ee9c6d00bdbf1890f848624abed3a5d1e696eabbe0
tansformers/transformer-84/bin/pipeline-stage.so	2306:57940853:34056:2026-10-02 11:49:36.058824692 +0200:755:0:0	1b9c8079c318aa42cf76353b6dde0be715ddcda24fb678d160cb5973a325f485
tansformers/transformer-84/bin/test-layer.so	2306:57939848:34056:2026-10-02 08:18:06.131170494 +0200:755:0:0	1b9c8079c318aa42cf76353b6dde0be715ddcda24fb678d160cb5973a325f485
tansformers/transformer-84/bin/transformer-84	2306:57939847:38896:2026-10-02 08:18:05.846174295 +0200:755:0:0	368b0e94b9a06ecec3fafb0fed887173c90ac2d39f8a6934dd1c4c52b5beed60
tansformers/transformer-84/CONTEXT.md	2306:57939463:1312:2026-10-02 10:42:10.000000000 +0200:666:0:0	68c38ce34c3f9f3a2ccdfb3cc7d610e8a5a917b89469d9a2ff318adab2277885
tansformers/transformer-84/decode.h	2306:57939461:7755:2026-10-02 08:00:29.000000000 +0200:666:0:0	8c585b02da5bf2a1375860f8b62c24abff5e68532229a31af7d23717f91c717d
tansformers/transformer-84/generation.json	2306:57939462:417:2026-10-02 08:00:29.000000000 +0200:666:0:0	fe6d393c309b271fc066010ef1a402639fbc82d41474c8f2add75310a7d38780
tansformers/transformer-84/.gitignore	2306:57939465:43:2026-10-02 08:00:29.000000000 +0200:666:0:0	dd1f461538ed205a80b1233d1616856eaef4aef25f820f1f2c01e19426869aa9
tansformers/transformer-84/MOVE-JOURNAL.tsv	2306:57940464:101:2026-10-02 10:35:24.947887253 +0200:644:0:0	3d3c0d5e7006276372a854570d6eaf55e7ed4127a0ac2173fe6bc29aba36be5a
tansformers/transformer-84/MOVE-PLAN.tsv	2306:57939849:13116:2026-10-02 08:18:17.786032893 +0200:644:0:0	b148b614402a5b712c78185d6f7a167389536d5cbd5edad57ccbf8625b19db7b
tansformers/transformer-84/README.md	2306:57939464:1989:2026-10-02 08:00:29.000000000 +0200:666:0:0	e73531266fa66872c1b96f4a4546dfef8146d1419dabdb738f1703a49047c7d4
tansformers/transformer-84/root.h	2306:57939460:9389:2026-10-02 08:00:29.000000000 +0200:666:0:0	e7a4da7b28dd72c85cf7c0fade9af0d1410edd0d05f80cd5a717ca300e3dd17d
tansformers/transformer-84/transformer-84.c	2306:57939459:37143:2026-10-02 08:00:29.000000000 +0200:666:0:0	cac96e8836ca070081d1ac9d0a7bc52c31fa7dcef6850d737b019f1e8c8e5394
tansformers/transformer-84/verification.json	2306:57940703:787:2026-10-02 10:42:10.000000000 +0200:666:0:0	9cbd1effb0973c694bf9db938c67f98ea4d77ac4bfee513ee901aee4b47c22b9
tansformers/transformer-85/bin/pipeline-stage.so	2306:57940854:34056:2026-10-02 11:49:36.343820911 +0200:755:0:0	e14c3cc3ec009f3464dae59da20763cea19e087121ee3b7907e33ca995fe7544
tansformers/transformer-85/bin/test-layer.so	2306:57939852:34056:2026-10-02 08:18:18.378025957 +0200:755:0:0	e14c3cc3ec009f3464dae59da20763cea19e087121ee3b7907e33ca995fe7544
tansformers/transformer-85/bin/transformer-85	2306:57939851:38896:2026-10-02 08:18:18.094029285 +0200:755:0:0	7e89ccef6413adc4fbeb94f6919e6b2ffa17d3eb201403c1fd1826d55e4408e4
tansformers/transformer-85/CONTEXT.md	2306:57939471:1312:2026-10-02 10:42:10.000000000 +0200:666:0:0	91acd426e53975cc27eb34be3d40bb36062f4d5005e757f670cc804ca4d2eef5
tansformers/transformer-85/decode.h	2306:57939469:7755:2026-10-02 08:00:29.000000000 +0200:666:0:0	8c585b02da5bf2a1375860f8b62c24abff5e68532229a31af7d23717f91c717d
tansformers/transformer-85/generation.json	2306:57939470:417:2026-10-02 08:00:29.000000000 +0200:666:0:0	582ad63579a06f0f0291d64ad6e5f1c697fee68a7fe1710eb2258b0db6680c4b
tansformers/transformer-85/.gitignore	2306:57939473:43:2026-10-02 08:00:29.000000000 +0200:666:0:0	70f9755b1e17898163612943b3538068f36c9d472fe49bf358e80853834f2226
tansformers/transformer-85/MOVE-JOURNAL.tsv	2306:57940471:101:2026-10-02 10:35:44.510634928 +0200:644:0:0	4e1e0ea2d9a15f79af6df26b115f98e2a5478811baf2da82bd90e62d780d793d
tansformers/transformer-85/MOVE-PLAN.tsv	2306:57939853:13116:2026-10-02 08:18:30.032889216 +0200:644:0:0	4f9313bc3938600b38008fdaed46fd3067c82c32d4e1a799de38b0d72a42c8a4
tansformers/transformer-85/README.md	2306:57939472:1989:2026-10-02 08:00:29.000000000 +0200:666:0:0	7cb5ebc006abb60afaf424d29cb436e04c4ec6c5e2e7de3a16ad3a946bf6fc88
tansformers/transformer-85/root.h	2306:57939468:9389:2026-10-02 08:00:29.000000000 +0200:666:0:0	e7a4da7b28dd72c85cf7c0fade9af0d1410edd0d05f80cd5a717ca300e3dd17d
tansformers/transformer-85/transformer-85.c	2306:57939467:37143:2026-10-02 08:00:29.000000000 +0200:666:0:0	b49b616392b69f0f0854dcc45274980c3cf02622fbc5ee3a8b129bd612d85090
tansformers/transformer-85/verification.json	2306:57940705:787:2026-10-02 10:42:10.000000000 +0200:666:0:0	ee0607f2d10dc6d3a5e05b98257d104d1e8b25369ec11394c13edbeaf3ed70c3
tansformers/transformer-86/bin/pipeline-stage.so	2306:57940855:34056:2026-10-02 11:49:36.628817130 +0200:755:0:0	877369bcad857d45fe573c53cc18fc45cc2a7fd5a0816e1ee97d7b43e22b36b6
tansformers/transformer-86/bin/test-layer.so	2306:57939856:34056:2026-10-02 08:18:30.629882202 +0200:755:0:0	877369bcad857d45fe573c53cc18fc45cc2a7fd5a0816e1ee97d7b43e22b36b6
tansformers/transformer-86/bin/transformer-86	2306:57939855:38896:2026-10-02 08:18:30.341885585 +0200:755:0:0	e912591d00f03949f57270c6752eeca49b8beba08027283621450f71a3b6c0cf
tansformers/transformer-86/CONTEXT.md	2306:57939479:1312:2026-10-02 10:42:10.000000000 +0200:666:0:0	8297fdf1bc42bbe466c50d8658b882d69d7bf082db905e6f5d39d57131b9a6d1
tansformers/transformer-86/decode.h	2306:57939477:7755:2026-10-02 08:00:29.000000000 +0200:666:0:0	8c585b02da5bf2a1375860f8b62c24abff5e68532229a31af7d23717f91c717d
tansformers/transformer-86/generation.json	2306:57939478:417:2026-10-02 08:00:29.000000000 +0200:666:0:0	6845ba67821d07005b488d865277598c507f45013f6f1e63c1dbb7025dec2fe1
tansformers/transformer-86/.gitignore	2306:57939481:43:2026-10-02 08:00:29.000000000 +0200:666:0:0	8ff9bd7185ce6542150df32820625d03078f007b42cfbcc46844e0c546be533b
tansformers/transformer-86/MOVE-JOURNAL.tsv	2306:57940478:101:2026-10-02 10:36:04.101382144 +0200:644:0:0	bc7c8a1b965fbadeaf857f40d6f186f6277c0b2c789aadb888c5eb831bb86cd0
tansformers/transformer-86/MOVE-PLAN.tsv	2306:57939857:13116:2026-10-02 08:18:42.271745251 +0200:644:0:0	5871e318d142a4c977b68cef1062cc967466469ac3498b5cb68e1765ae1cd856
tansformers/transformer-86/README.md	2306:57939480:1989:2026-10-02 08:00:29.000000000 +0200:666:0:0	a25d232b0f51d7d991bb2fe660260bf2b9e6135a7d0db6348dde4d6f9698158d
tansformers/transformer-86/root.h	2306:57939476:9389:2026-10-02 08:00:29.000000000 +0200:666:0:0	e7a4da7b28dd72c85cf7c0fade9af0d1410edd0d05f80cd5a717ca300e3dd17d
tansformers/transformer-86/transformer-86.c	2306:57939475:37143:2026-10-02 08:00:29.000000000 +0200:666:0:0	8c099e14df03c4566868781d36a4a44b0a45a3bbe6ba6e8c8976c17e37c9d521
tansformers/transformer-86/verification.json	2306:57940707:787:2026-10-02 10:42:10.000000000 +0200:666:0:0	b9725644e1c3a280320b65979ce42e6d7da019e00c2b8a2b0bb5d9bb3dd35865
tansformers/transformer-87/bin/pipeline-stage.so	2306:57940856:33968:2026-10-02 11:49:36.914813335 +0200:755:0:0	e7d5670d0c120d11fb5f9810d8b3933f4fb477b9e3661487bcadcc9bc8a5720d
tansformers/transformer-87/bin/test-layer.so	2306:57939860:33968:2026-10-02 08:18:42.879738089 +0200:755:0:0	e7d5670d0c120d11fb5f9810d8b3933f4fb477b9e3661487bcadcc9bc8a5720d
tansformers/transformer-87/bin/transformer-87	2306:57939859:38792:2026-10-02 08:18:42.580741611 +0200:755:0:0	519539e2b7b2a541fb04030402b2edf80a21d40c1ee560468135d951c685fe3c
tansformers/transformer-87/CONTEXT.md	2306:57939487:1312:2026-10-02 10:42:10.000000000 +0200:666:0:0	53c40039f801c98f936b12226c5997196893f7c760f69e2541cb207027397ec1
tansformers/transformer-87/decode.h	2306:57939485:7755:2026-10-02 08:00:29.000000000 +0200:666:0:0	8c585b02da5bf2a1375860f8b62c24abff5e68532229a31af7d23717f91c717d
tansformers/transformer-87/generation.json	2306:57939486:417:2026-10-02 08:00:29.000000000 +0200:666:0:0	61e4b85e29ee124070bba316894aa348dff68f1ae3f776def516b5594b02e677
tansformers/transformer-87/.gitignore	2306:57939489:43:2026-10-02 08:00:29.000000000 +0200:666:0:0	ba5b2a426d72a93dc1efe3839eeb62c66b0b6ac95736ac09b3458ed1f7718374
tansformers/transformer-87/MOVE-JOURNAL.tsv	2306:57940485:101:2026-10-02 10:36:23.135136456 +0200:644:0:0	6b38576b5d7e10ec3a9aede1269ce0b04daadd6e28a4a37a8dd975e17187223f
tansformers/transformer-87/MOVE-PLAN.tsv	2306:57939861:13114:2026-10-02 08:18:54.281603618 +0200:644:0:0	a7aa178d13394e0da0615d4bb8f3c57ab811acd98bcddaeb224c538ada0c7d9a
tansformers/transformer-87/README.md	2306:57939488:2001:2026-10-02 08:00:29.000000000 +0200:666:0:0	de70a89d6e4335bfc044d2982f4b00407720719892ebc8652d5c99a85d37437c
tansformers/transformer-87/root.h	2306:57939484:9389:2026-10-02 08:00:29.000000000 +0200:666:0:0	e7a4da7b28dd72c85cf7c0fade9af0d1410edd0d05f80cd5a717ca300e3dd17d
tansformers/transformer-87/transformer-87.c	2306:57939483:36963:2026-10-02 08:00:29.000000000 +0200:666:0:0	d78a3e58ccf40db892595f86ff9d33f6730d89ec117b2e4f3a604f1a39cedd73
tansformers/transformer-87/verification.json	2306:57940709:787:2026-10-02 10:42:10.000000000 +0200:666:0:0	57ec54e5d001af533676a247902d4253109394bf5f30ea6c9ef50ada9da293c6
tansformers/transformer-88/bin/pipeline-stage.so	2306:57940857:34056:2026-10-02 11:49:37.199809554 +0200:755:0:0	1e38a7ce30ce603e80fdfdf783d996b4e2754fd1b66bad751bdc9d27f1a5f2f2
tansformers/transformer-88/bin/test-layer.so	2306:57939864:34056:2026-10-02 08:18:54.894596380 +0200:755:0:0	1e38a7ce30ce603e80fdfdf783d996b4e2754fd1b66bad751bdc9d27f1a5f2f2
tansformers/transformer-88/bin/transformer-88	2306:57939863:38896:2026-10-02 08:18:54.593599934 +0200:755:0:0	ea6f1913b60027fcfa6c2e89d88ca361932c84322ada05f562c7f8160e7b87a6
tansformers/transformer-88/CONTEXT.md	2306:57939495:1312:2026-10-02 10:42:10.000000000 +0200:666:0:0	35e703ec6813e8f093ef38f43e489e1f2571b0d0c1a96d9a6d6aae3c57d23f89
tansformers/transformer-88/decode.h	2306:57939493:7755:2026-10-02 08:00:29.000000000 +0200:666:0:0	8c585b02da5bf2a1375860f8b62c24abff5e68532229a31af7d23717f91c717d
tansformers/transformer-88/generation.json	2306:57939494:417:2026-10-02 08:00:29.000000000 +0200:666:0:0	5ae289b0a07271ce12129c5b44de72f086e451a4cf5c2a8b70bb7d40004a21bd
tansformers/transformer-88/.gitignore	2306:57939497:43:2026-10-02 08:00:29.000000000 +0200:666:0:0	00665de71b2fc0e49f5a2bf1719f404b373009a64f65ab2d8390e4d0e36b3654
tansformers/transformer-88/MOVE-JOURNAL.tsv	2306:57940492:101:2026-10-02 10:36:42.656884393 +0200:644:0:0	f1222cfd7b6ea96e1d2b4b7d9a83a792a3f88fe1d3cb1689d49276f152b87bd9
tansformers/transformer-88/MOVE-PLAN.tsv	2306:57939865:13116:2026-10-02 08:19:06.481459386 +0200:644:0:0	e3e8cc47de9e134e1050301f816aedf5e21369b70226f7b660f5d998908badc8
tansformers/transformer-88/README.md	2306:57939496:1989:2026-10-02 08:00:29.000000000 +0200:666:0:0	f5aa6dbdedcdf130049c3ab1c375123adac94bd2480fc70ce755fdfc6c759586
tansformers/transformer-88/root.h	2306:57939492:9389:2026-10-02 08:00:29.000000000 +0200:666:0:0	e7a4da7b28dd72c85cf7c0fade9af0d1410edd0d05f80cd5a717ca300e3dd17d
tansformers/transformer-88/transformer-88.c	2306:57939491:37143:2026-10-02 08:00:29.000000000 +0200:666:0:0	df66c7c0b32791ba46173fabab1c955338a6d8c918d51a5668f6b9230c7b546d
tansformers/transformer-88/verification.json	2306:57940711:787:2026-10-02 10:42:10.000000000 +0200:666:0:0	7fdcab44c15da10265be2845b29ec6f02c48fd493d0a9d162daaf3d041bc8573
tansformers/transformer-89/bin/pipeline-stage.so	2306:57940858:34056:2026-10-02 11:49:37.485805760 +0200:755:0:0	0c96c66a18c937ac12e055b0089db4d5f53aad3682676840039348955506a3e8
tansformers/transformer-89/bin/test-layer.so	2306:57939868:34056:2026-10-02 08:19:07.073452378 +0200:755:0:0	0c96c66a18c937ac12e055b0089db4d5f53aad3682676840039348955506a3e8
tansformers/transformer-89/bin/transformer-89	2306:57939867:38896:2026-10-02 08:19:06.787455764 +0200:755:0:0	4f48ac61703907450fd9ee42fbd0de90e11afcc18276b5a618f4b8f9fe811f85
tansformers/transformer-89/CONTEXT.md	2306:57939503:1312:2026-10-02 10:42:10.000000000 +0200:666:0:0	7a0b32075d0e49d9cdb1cb0384932f2a669ccc1213711fdcde84d57241f49526
tansformers/transformer-89/decode.h	2306:57939501:7755:2026-10-02 08:00:29.000000000 +0200:666:0:0	8c585b02da5bf2a1375860f8b62c24abff5e68532229a31af7d23717f91c717d
tansformers/transformer-89/generation.json	2306:57939502:417:2026-10-02 08:00:29.000000000 +0200:666:0:0	8ff764e24479edd37f59eb679e4af85357b76eacecede8c7d9d8e0fdda377a3d
tansformers/transformer-89/.gitignore	2306:57939505:43:2026-10-02 08:00:29.000000000 +0200:666:0:0	325d591dd9ac33d1c82e3ce0ffb69adbefc9917425d5149c5ffc9a3da2596265
tansformers/transformer-89/MOVE-JOURNAL.tsv	2306:57940499:101:2026-10-02 10:37:02.190632076 +0200:644:0:0	00180dbb7b91ff02b188c994904455721416ca916717176053b36bf935cf94c4
tansformers/transformer-89/MOVE-PLAN.tsv	2306:57939869:13116:2026-10-02 08:19:18.785313568 +0200:644:0:0	b32ded2eb8ffe48577b4a2fc39f7b2e25d27c8df8f60b3d3936293365ae3ef69
tansformers/transformer-89/README.md	2306:57939504:1989:2026-10-02 08:00:29.000000000 +0200:666:0:0	a1a9572e7da123ce38007265f735dd483a548674ff9335d92e102e230927c03d
tansformers/transformer-89/root.h	2306:57939500:9389:2026-10-02 08:00:29.000000000 +0200:666:0:0	e7a4da7b28dd72c85cf7c0fade9af0d1410edd0d05f80cd5a717ca300e3dd17d
tansformers/transformer-89/transformer-89.c	2306:57939499:37143:2026-10-02 08:00:29.000000000 +0200:666:0:0	82ff9ebcd5f1f937f3213d6429d5936442a98c8bedf95a51ac03c417e25327aa
tansformers/transformer-89/verification.json	2306:57940713:787:2026-10-02 10:42:10.000000000 +0200:666:0:0	707b7ed5efb471fd093d38d422d62c23531d42f027283099329d127ea2f3f493
tansformers/transformer-8/bin/pipeline-stage.so	2306:57940777:34056:2026-10-02 11:49:14.091116309 +0200:755:0:0	be963399dd100160a8d8c3742cf3cf166674a0ed41e97f489961c3a66617d9f4
tansformers/transformer-8/bin/test-layer.so	2306:57939546:34056:2026-10-02 08:02:44.437517180 +0200:755:0:0	be963399dd100160a8d8c3742cf3cf166674a0ed41e97f489961c3a66617d9f4
tansformers/transformer-8/bin/transformer-8	2306:57939545:38896:2026-10-02 08:02:44.153521015 +0200:755:0:0	755d85e6ff782338aa723ee0f40761a07f6894dd79c42a92a5ed26874b878881
tansformers/transformer-8/CONTEXT.md	2306:57938853:1312:2026-10-02 10:42:10.000000000 +0200:666:0:0	70e05a54b4aead24f6402cb65bfa35e9d314a3100e9087c3f1db1184492bd5e8
tansformers/transformer-8/decode.h	2306:57938851:7755:2026-10-02 08:00:27.000000000 +0200:666:0:0	8c585b02da5bf2a1375860f8b62c24abff5e68532229a31af7d23717f91c717d
tansformers/transformer-8/generation.json	2306:57938852:418:2026-10-02 08:00:27.000000000 +0200:666:0:0	4bd14aac44f2cb0f896c89b4cb32225db9de0f94b0051d3ddd4af34a67b6421c
tansformers/transformer-8/.gitignore	2306:57938864:42:2026-10-02 08:00:27.000000000 +0200:666:0:0	f91ec5821faecd9e7a0bfc0606c85d781c86b10cb5300a6b3c57d8fbc7c0f73a
tansformers/transformer-8/MOVE-JOURNAL.tsv	2306:57939932:98:2026-10-02 10:10:51.474009955 +0200:644:0:0	7e1e09f6d4e6f3f1d9923ef468132784d06b565d82549b2ddc14bd4b911b7abb
tansformers/transformer-8/MOVE-PLAN.tsv	2306:57939547:10639:2026-10-02 08:02:56.015360864 +0200:644:0:0	f196752f30d950fd0caccad718626b0713fdd22438dca978c3761a53ba78a633
tansformers/transformer-8/README.md	2306:57938862:1980:2026-10-02 08:00:27.000000000 +0200:666:0:0	b6651b5c8dfdd1c3834882d1901ebfbaded6bbfadb8e603f19f2f82ad0843439
tansformers/transformer-8/root.h	2306:57938850:9392:2026-10-02 08:00:27.000000000 +0200:666:0:0	c87344c5a9f120e4ae3fb540df2009cd15bcfd4a84396a815694aeb83a675747
tansformers/transformer-8/transformer-8.c	2306:57938849:37139:2026-10-02 08:00:27.000000000 +0200:666:0:0	9e66a971e4816fabb53093ad41989c5ba649ad46f6e938feccde35657a0aa911
tansformers/transformer-8/verification.json	2306:57940551:785:2026-10-02 10:42:10.000000000 +0200:666:0:0	a50d9de5a5cb35bed34b6d1b4057524e299eed4b4314af188ccd205e3309ea6c
tansformers/transformer-90/bin/pipeline-stage.so	2306:57940859:34056:2026-10-02 11:49:37.768802006 +0200:755:0:0	ce4d823cb68cc6d57e2abaff438163ee2a872f9c10f96986e4eb020b8de9cfef
tansformers/transformer-90/bin/test-layer.so	2306:57939872:34056:2026-10-02 08:19:19.380306507 +0200:755:0:0	ce4d823cb68cc6d57e2abaff438163ee2a872f9c10f96986e4eb020b8de9cfef
tansformers/transformer-90/bin/transformer-90	2306:57939871:38896:2026-10-02 08:19:19.093309914 +0200:755:0:0	be14e39c40a08db3305a15fdd9c4fa904e73a5d939c13a976052f42c9d6a6ec7
tansformers/transformer-90/CONTEXT.md	2306:57939511:1312:2026-10-02 10:42:10.000000000 +0200:666:0:0	aa8e28ed0fe70b5bcc94550068e28392384821fc7c80860462aa6f79d5b78911
tansformers/transformer-90/decode.h	2306:57939509:7755:2026-10-02 08:00:29.000000000 +0200:666:0:0	8c585b02da5bf2a1375860f8b62c24abff5e68532229a31af7d23717f91c717d
tansformers/transformer-90/generation.json	2306:57939510:417:2026-10-02 08:00:29.000000000 +0200:666:0:0	8ce90ec25396bae214461c7000c15213a73734f495da54c17b16a2834f453a2d
tansformers/transformer-90/.gitignore	2306:57939513:43:2026-10-02 08:00:29.000000000 +0200:666:0:0	50bf35d699478759b972e8f40564bb313354917449a4e04b898cc52cd380da5a
tansformers/transformer-90/MOVE-JOURNAL.tsv	2306:57940506:101:2026-10-02 10:37:21.789378835 +0200:644:0:0	50e031cb051a8c0068123f541166776d094f3bbc98949cf6391f7a5a7957d6a8
tansformers/transformer-90/MOVE-PLAN.tsv	2306:57939873:13116:2026-10-02 08:19:31.026168150 +0200:644:0:0	3e613710ddbfe703bb300783682965581b5f1937d1db1881403fc7252bb77112
tansformers/transformer-90/README.md	2306:57939512:1989:2026-10-02 08:00:29.000000000 +0200:666:0:0	e1f741917cd2a5267bff55363ac5a5835e7d299f536eb41ee78b9fe810fb19bd
tansformers/transformer-90/root.h	2306:57939508:9389:2026-10-02 08:00:29.000000000 +0200:666:0:0	e7a4da7b28dd72c85cf7c0fade9af0d1410edd0d05f80cd5a717ca300e3dd17d
tansformers/transformer-90/transformer-90.c	2306:57939507:37143:2026-10-02 08:00:29.000000000 +0200:666:0:0	b6590b58075c3a19e0213b5062f5008a0ad2779263702e54d25322bb07de762c
tansformers/transformer-90/verification.json	2306:57940715:787:2026-10-02 10:42:10.000000000 +0200:666:0:0	c0455f5d4be8398db8b783b0de10bd482acd6b1ca6abce91e216d87f8591c4f8
tansformers/transformer-91/bin/pipeline-stage.so	2306:57940860:33968:2026-10-02 11:49:38.053798225 +0200:755:0:0	8fa8c3a518a2a95afd8afd1dd4d828567f0cfbfc1861300669f1acde1e0c07d2
tansformers/transformer-91/bin/test-layer.so	2306:57939876:33968:2026-10-02 08:19:31.624161037 +0200:755:0:0	8fa8c3a518a2a95afd8afd1dd4d828567f0cfbfc1861300669f1acde1e0c07d2
tansformers/transformer-91/bin/transformer-91	2306:57939875:38792:2026-10-02 08:19:31.335164475 +0200:755:0:0	c5b0d7aeb3876ecc656f0630895abb6a4990c83d4cc8a61e6410f2b396e26336
tansformers/transformer-91/CONTEXT.md	2306:57939519:1312:2026-10-02 10:42:10.000000000 +0200:666:0:0	7990e07b9de56d404584bdff11d13c6f51c5a65c454365f9196073e7ee324c2b
tansformers/transformer-91/decode.h	2306:57939517:7755:2026-10-02 08:00:29.000000000 +0200:666:0:0	8c585b02da5bf2a1375860f8b62c24abff5e68532229a31af7d23717f91c717d
tansformers/transformer-91/generation.json	2306:57939518:417:2026-10-02 08:00:29.000000000 +0200:666:0:0	fbd605b3dc9d055e7e9377975f6149e2425e98155af576d64da6c5848c51f14e
tansformers/transformer-91/.gitignore	2306:57939521:43:2026-10-02 08:00:29.000000000 +0200:666:0:0	344b0ba84138b82015f9a36fd1a8114ec98c4d808b23671b7130d07971937f6a
tansformers/transformer-91/MOVE-JOURNAL.tsv	2306:57940513:101:2026-10-02 10:37:40.899131833 +0200:644:0:0	3370fbcb79457acf851459d2ff627ed9447dc710257474856c4ba9b881d01f88
tansformers/transformer-91/MOVE-PLAN.tsv	2306:57939877:13114:2026-10-02 08:19:42.980025824 +0200:644:0:0	84aa5ca6761e43c10dbcec7595e935663bc68fd5470414d15d211aeb868fcf21
tansformers/transformer-91/README.md	2306:57939520:2001:2026-10-02 08:00:29.000000000 +0200:666:0:0	f0f544c95c7b11410ba2552bf02a63a8f2d60c204c18b2d61fd5b38d9f6fbf07
tansformers/transformer-91/root.h	2306:57939516:9389:2026-10-02 08:00:29.000000000 +0200:666:0:0	024a2ab090a2a8235a0a7980d7e9595801de87391197de27b15a5eb38f8212e4
tansformers/transformer-91/transformer-91.c	2306:57939515:36963:2026-10-02 08:00:29.000000000 +0200:666:0:0	3c73e4f930991e797be02722359cf723ec31d9bcbc6c6ff10b52de93ea1270e1
tansformers/transformer-91/verification.json	2306:57940717:787:2026-10-02 10:42:10.000000000 +0200:666:0:0	82fc18a7aaadf0aca7406ad7d21ae962556692b857f0b2fee42d23742cdc55d9
tansformers/transformer-92/bin/pipeline-stage.so	2306:57940861:33968:2026-10-02 11:49:38.338794444 +0200:755:0:0	60a8a8bf1819366da105591ae828549cbc7a6688af19176da37567de4da63175
tansformers/transformer-92/bin/test-controls	2306:57939885:483944:2026-10-02 08:22:53.873714713 +0200:755:0:0	b6a856235cc3b4e0f0001d23b9b51ef03d48c2d5b875884ec1722bbb8bdf0c79
tansformers/transformer-92/bin/test-layer.so	2306:57938807:33968:2026-10-02 08:19:43.584018623 +0200:755:0:0	60a8a8bf1819366da105591ae828549cbc7a6688af19176da37567de4da63175
tansformers/transformer-92/bin/transformer-92	2306:57939878:38792:2026-10-02 08:19:43.291022116 +0200:755:0:0	851bc2bb24a4d703ca5eec44ddd8abe79ad9cba017c48c62d36105e19c86ead6
tansformers/transformer-92/CONTEXT.md	2306:57938798:1312:2026-10-02 10:42:10.000000000 +0200:666:0:0	0d1b31526679f09224d42d8add50b417c03f574d087cfd122dc66665f0cd0258
tansformers/transformer-92/decode.h	2306:57938796:7755:2026-10-02 07:52:45.000000000 +0200:666:0:0	8c585b02da5bf2a1375860f8b62c24abff5e68532229a31af7d23717f91c717d
tansformers/transformer-92/generation.json	2306:57938797:417:2026-10-02 08:00:29.000000000 +0200:666:0:0	01cc0e85e4caa02812bed9ad220a9d08f82d57d49af53e8ed518316c27dd486c
tansformers/transformer-92/.gitignore	2306:57938799:43:2026-10-02 07:52:45.000000000 +0200:666:0:0	907e2b21a6af5ccbd870295d8295d159d9e73d6b2b5a6079b171a05713a4f39f
tansformers/transformer-92/MOVE-JOURNAL.tsv	2306:57940520:101:2026-10-02 10:37:59.894886239 +0200:644:0:0	6a4d2dc0e28d41e098219ace57cb33d31eda00b3cec8b2ce30ff0d9cd61f7ab1
tansformers/transformer-92/MOVE-PLAN.tsv	2306:57939879:13114:2026-10-02 08:19:54.967882772 +0200:644:0:0	dc9303834600a94ebaf33ecdc1353bca5a7e135e3a7bf9090300885c8ba0d27e
tansformers/transformer-92/README.md	2306:57939522:2001:2026-10-02 08:00:29.000000000 +0200:666:0:0	b5cdc32f2e7d9f51a4025d9de42c876aa6bbb6d48c1ab6ec3c01c251e6c1d7ab
tansformers/transformer-92/root.h	2306:57938795:9389:2026-10-02 07:52:45.000000000 +0200:666:0:0	e7a4da7b28dd72c85cf7c0fade9af0d1410edd0d05f80cd5a717ca300e3dd17d
tansformers/transformer-92/transformer-92.c	2306:57938794:36963:2026-10-02 07:58:48.000000000 +0200:666:0:0	2fe21e46ac52817dc13a30d9894a7be76f388ef9a37aa797a961e07005b9ec9d
tansformers/transformer-92/verification.json	2306:57940719:787:2026-10-02 10:42:10.000000000 +0200:666:0:0	83afadd5e65ee1e527e7ce3c676df8aaa416e96a71dd5cba27db7737cda94797
tansformers/transformer-9/bin/pipeline-stage.so	2306:57940778:34056:2026-10-02 11:49:14.389112351 +0200:755:0:0	20c59a300fe9c7f0bc3656f583b05dfa488de6272fa2ab7b78326c43b392aa28
tansformers/transformer-9/bin/test-layer.so	2306:57939550:34056:2026-10-02 08:02:56.609352846 +0200:755:0:0	20c59a300fe9c7f0bc3656f583b05dfa488de6272fa2ab7b78326c43b392aa28
tansformers/transformer-9/bin/transformer-9	2306:57939549:38896:2026-10-02 08:02:56.320356747 +0200:755:0:0	893e2eca876fc1563b9b0660a732658d139491d695e10787e3a1dc65054509dc
tansformers/transformer-9/CONTEXT.md	2306:57938870:1312:2026-10-02 10:42:10.000000000 +0200:666:0:0	1ab0fa6d05816013327d7bb6c5fe3d873f0f4a4b3a2c832d3165ed7141d8ce34
tansformers/transformer-9/decode.h	2306:57938868:7755:2026-10-02 08:00:27.000000000 +0200:666:0:0	8c585b02da5bf2a1375860f8b62c24abff5e68532229a31af7d23717f91c717d
tansformers/transformer-9/generation.json	2306:57938869:418:2026-10-02 08:00:27.000000000 +0200:666:0:0	94e306ffe9641ac3d01c529377359f5a368eefb761a29768f3f49271fe3c7be2
tansformers/transformer-9/.gitignore	2306:57938872:42:2026-10-02 08:00:27.000000000 +0200:666:0:0	2735b30d13947d4af819eae0d5339b9272de6a5c7b0849a99cd6a0bc16ad84c4
tansformers/transformer-9/MOVE-JOURNAL.tsv	2306:57939939:98:2026-10-02 10:11:10.791762082 +0200:644:0:0	5c01fcf2b73ea3da6d4f833350351314bd17e1f8765c94af413beddfd5d51c48
tansformers/transformer-9/MOVE-PLAN.tsv	2306:57939551:10639:2026-10-02 08:03:08.246195787 +0200:644:0:0	c76abe663bf0c4153125084e72ce5bed5e8c66814b51a62a98c8538fb0441d7d
tansformers/transformer-9/README.md	2306:57938871:1980:2026-10-02 08:00:27.000000000 +0200:666:0:0	6a4101f86453fa7b4f1c76c6704dfa82d3c688446ba5c4f7b8a0241260a6f25c
tansformers/transformer-9/root.h	2306:57938867:9392:2026-10-02 08:00:27.000000000 +0200:666:0:0	c6d5156c11b0fd4710a5d7d9bd8a81bf089ed2ce4bc00ad8d0abaf5d9ce17eb7
tansformers/transformer-9/transformer-9.c	2306:57938866:37139:2026-10-02 08:00:27.000000000 +0200:666:0:0	adbfe5247bf6523c5a0b22ef6542794068a8ae48b388b0ae48a645c7bccbfe73
tansformers/transformer-9/verification.json	2306:57940553:785:2026-10-02 10:42:10.000000000 +0200:666:0:0	77af60b68a8cd906cbab33b9a33dee664b73a4d3c15256d32e8699991ddbbb8f
