id	bf16_hex	float32_hex	n_decimal	n_hex_float	exact_numerator	exact_denominator	category	count
0	2e23	2e230000	3.7061909097246826e-11	0x1.4600000000000p-35	163	4398046511104	normal	1
1	2ee5	2ee50000	1.0413714335300028e-10	0x1.ca00000000000p-34	229	2199023255552	normal	1
2	2f24	2f240000	1.4915713109076023e-10	0x1.4800000000000p-33	41	274877906944	normal	1
3	2f3b	2f3b0000	1.7007550923153758e-10	0x1.7600000000000p-33	187	1099511627776	normal	1
4	2f9b	2f9b0000	2.8194335754960775e-10	0x1.3600000000000p-32	155	549755813888	normal	1
5	2f9e	2f9e0000	2.874003257602453e-10	0x1.3c00000000000p-32	79	274877906944	normal	1
6	2f9f	2f9f0000	2.892193151637912e-10	0x1.3e00000000000p-32	159	549755813888	normal	1
7	2fb2	2fb20000	3.2378011383116245e-10	0x1.6400000000000p-32	89	274877906944	normal	1
8	2fc1	2fc10000	3.510649548843503e-10	0x1.8200000000000p-32	193	549755813888	normal	1
9	2fc5	2fc50000	3.583409124985337e-10	0x1.8a00000000000p-32	197	549755813888	normal	1
10	2fc9	2fc90000	3.6561687011271715e-10	0x1.9200000000000p-32	201	549755813888	normal	1
11	2fca	2fca0000	3.67435859516263e-10	0x1.9400000000000p-32	101	274877906944	normal	1
12	2fd7	2fd70000	3.9108272176235914e-10	0x1.ae00000000000p-32	215	549755813888	normal	1
13	2fe6	2fe60000	4.18367562815547e-10	0x1.cc00000000000p-32	115	274877906944	normal	1
14	3004	30040000	4.802132025361061e-10	0x1.0800000000000p-31	33	68719476736	normal	1
15	3006	30060000	4.874891601502895e-10	0x1.0c00000000000p-31	67	137438953472	normal	1
16	3011	30110000	5.275069270282984e-10	0x1.2200000000000p-31	145	274877906944	normal	1
17	3016	30160000	5.456968210637569e-10	0x1.2c00000000000p-31	75	137438953472	normal	2
18	301d	301d0000	5.711626727133989e-10	0x1.3a00000000000p-31	157	274877906944	normal	1
19	3025	30250000	6.002665031701326e-10	0x1.4a00000000000p-31	165	274877906944	normal	1
20	3029	30290000	6.148184183984995e-10	0x1.5200000000000p-31	169	274877906944	normal	1
21	302d	302d0000	6.293703336268663e-10	0x1.5a00000000000p-31	173	274877906944	normal	1
22	3033	30330000	6.511982064694166e-10	0x1.6600000000000p-31	179	274877906944	normal	1
23	3035	30350000	6.584741640836e-10	0x1.6a00000000000p-31	181	274877906944	normal	1
24	3040	30400000	6.984919309616089e-10	0x1.8000000000000p-31	3	4294967296	normal	1
25	3042	30420000	7.057678885757923e-10	0x1.8400000000000p-31	97	137438953472	normal	1
26	3047	30470000	7.239577826112509e-10	0x1.8e00000000000p-31	199	274877906944	normal	1
27	3054	30540000	7.712515071034431e-10	0x1.a800000000000p-31	53	68719476736	normal	1
28	3057	30570000	7.821654435247183e-10	0x1.ae00000000000p-31	215	274877906944	normal	1
29	305f	305f0000	8.11269273981452e-10	0x1.be00000000000p-31	223	274877906944	normal	1
30	3060	30600000	8.149072527885437e-10	0x1.c000000000000p-31	7	8589934592	normal	1
31	3061	30610000	8.185452315956354e-10	0x1.c200000000000p-31	225	274877906944	normal	1
32	3065	30650000	8.330971468240023e-10	0x1.ca00000000000p-31	229	274877906944	normal	1
33	3066	30660000	8.36735125631094e-10	0x1.cc00000000000p-31	115	137438953472	normal	1
34	306c	306c0000	8.585629984736443e-10	0x1.d800000000000p-31	59	68719476736	normal	1
35	3072	30720000	8.803908713161945e-10	0x1.e400000000000p-31	121	137438953472	normal	1
36	3079	30790000	9.058567229658365e-10	0x1.f200000000000p-31	249	274877906944	normal	2
37	307f	307f0000	9.276845958083868e-10	0x1.fe00000000000p-31	255	274877906944	normal	2
38	3082	30820000	9.458744898438454e-10	0x1.0400000000000p-30	65	68719476736	normal	2
39	3085	30850000	9.677023626863956e-10	0x1.0a00000000000p-30	133	137438953472	normal	1
40	308b	308b0000	1.0113581083714962e-09	0x1.1600000000000p-30	139	137438953472	normal	1
41	308f	308f0000	1.04046193882823e-09	0x1.1e00000000000p-30	143	137438953472	normal	2
42	3091	30910000	1.0550138540565968e-09	0x1.2200000000000p-30	145	137438953472	normal	1
43	3093	30930000	1.0695657692849636e-09	0x1.2600000000000p-30	147	137438953472	normal	1
44	3094	30940000	1.076841726899147e-09	0x1.2800000000000p-30	37	34359738368	normal	1
45	3096	30960000	1.0913936421275139e-09	0x1.2c00000000000p-30	75	68719476736	normal	1
46	309c	309c0000	1.1350493878126144e-09	0x1.3800000000000p-30	39	34359738368	normal	2
47	309d	309d0000	1.1423253454267979e-09	0x1.3a00000000000p-30	157	137438953472	normal	1
48	309e	309e0000	1.1496013030409813e-09	0x1.3c00000000000p-30	79	68719476736	normal	1
49	30a2	30a20000	1.178705133497715e-09	0x1.4400000000000p-30	81	68719476736	normal	1
50	30aa	30aa0000	1.2369127944111824e-09	0x1.5400000000000p-30	85	68719476736	normal	1
51	30ad	30ad0000	1.2587406672537327e-09	0x1.5a00000000000p-30	173	137438953472	normal	1
52	30b5	30b50000	1.3169483281672e-09	0x1.6a00000000000p-30	181	137438953472	normal	2
53	30b6	30b60000	1.3242242857813835e-09	0x1.6c00000000000p-30	91	68719476736	normal	1
54	30b8	30b80000	1.3387762010097504e-09	0x1.7000000000000p-30	23	17179869184	normal	1
55	30ba	30ba0000	1.3533281162381172e-09	0x1.7400000000000p-30	93	68719476736	normal	1
56	30bc	30bc0000	1.367880031466484e-09	0x1.7800000000000p-30	47	34359738368	normal	1
57	30be	30be0000	1.382431946694851e-09	0x1.7c00000000000p-30	95	68719476736	normal	1
58	30bf	30bf0000	1.3897079043090343e-09	0x1.7e00000000000p-30	191	137438953472	normal	1
59	30c3	30c30000	1.418811734765768e-09	0x1.8600000000000p-30	195	137438953472	normal	1
60	30c5	30c50000	1.433363649994135e-09	0x1.8a00000000000p-30	197	137438953472	normal	2
61	30c6	30c60000	1.4406396076083183e-09	0x1.8c00000000000p-30	99	68719476736	normal	1
62	30c7	30c70000	1.4479155652225018e-09	0x1.8e00000000000p-30	199	137438953472	normal	1
63	30ce	30ce0000	1.4988472685217857e-09	0x1.9c00000000000p-30	103	68719476736	normal	1
64	30cf	30cf0000	1.5061232261359692e-09	0x1.9e00000000000p-30	207	137438953472	normal	1
65	30d6	30d60000	1.5570549294352531e-09	0x1.ac00000000000p-30	107	68719476736	normal	1
66	30db	30db0000	1.5934347175061703e-09	0x1.b600000000000p-30	219	137438953472	normal	1
67	30dd	30dd0000	1.6079866327345371e-09	0x1.ba00000000000p-30	221	137438953472	normal	2
68	30e3	30e30000	1.6516423784196377e-09	0x1.c600000000000p-30	227	137438953472	normal	1
69	30e5	30e50000	1.6661942936480045e-09	0x1.ca00000000000p-30	229	137438953472	normal	2
70	30e9	30e90000	1.6952981241047382e-09	0x1.d200000000000p-30	233	137438953472	normal	1
71	30eb	30eb0000	1.709850039333105e-09	0x1.d600000000000p-30	235	137438953472	normal	1
72	30ee	30ee0000	1.7316779121756554e-09	0x1.dc00000000000p-30	119	68719476736	normal	2
73	30f1	30f10000	1.7535057850182056e-09	0x1.e200000000000p-30	241	137438953472	normal	2
74	30f3	30f30000	1.7680577002465725e-09	0x1.e600000000000p-30	243	137438953472	normal	2
75	30f6	30f60000	1.7898855730891228e-09	0x1.ec00000000000p-30	123	68719476736	normal	1
76	30fb	30fb0000	1.82626536116004e-09	0x1.f600000000000p-30	251	137438953472	normal	3
77	30fc	30fc0000	1.8335413187742233e-09	0x1.f800000000000p-30	63	34359738368	normal	1
78	30fd	30fd0000	1.8408172763884068e-09	0x1.fa00000000000p-30	253	137438953472	normal	1
79	30ff	30ff0000	1.8553691916167736e-09	0x1.fe00000000000p-30	255	137438953472	normal	1
80	3107	31070000	1.964508555829525e-09	0x1.0e00000000000p-29	135	68719476736	normal	3
81	3108	31080000	1.979060471057892e-09	0x1.1000000000000p-29	17	8589934592	normal	1
82	310a	310a0000	2.0081643015146255e-09	0x1.1400000000000p-29	69	34359738368	normal	3
83	310d	310d0000	2.051820047199726e-09	0x1.1a00000000000p-29	141	68719476736	normal	1
84	310e	310e0000	2.066371962428093e-09	0x1.1c00000000000p-29	71	34359738368	normal	1
85	3110	31100000	2.0954757928848267e-09	0x1.2000000000000p-29	9	4294967296	normal	1
86	3111	31110000	2.1100277081131935e-09	0x1.2200000000000p-29	145	68719476736	normal	1
87	3113	31130000	2.1391315385699272e-09	0x1.2600000000000p-29	147	68719476736	normal	1
88	3115	31150000	2.168235369026661e-09	0x1.2a00000000000p-29	149	68719476736	normal	1
89	3118	31180000	2.2118911147117615e-09	0x1.3000000000000p-29	19	8589934592	normal	1
90	311a	311a0000	2.240994945168495e-09	0x1.3400000000000p-29	77	34359738368	normal	2
91	311b	311b0000	2.255546860396862e-09	0x1.3600000000000p-29	155	68719476736	normal	2
92	311d	311d0000	2.2846506908535957e-09	0x1.3a00000000000p-29	157	68719476736	normal	2
93	311e	311e0000	2.2992026060819626e-09	0x1.3c00000000000p-29	79	34359738368	normal	1
94	3122	31220000	2.35741026699543e-09	0x1.4400000000000p-29	81	34359738368	normal	2
95	3123	31230000	2.371962182223797e-09	0x1.4600000000000p-29	163	68719476736	normal	3
96	3125	31250000	2.4010660126805305e-09	0x1.4a00000000000p-29	165	68719476736	normal	2
97	3127	31270000	2.4301698431372643e-09	0x1.4e00000000000p-29	167	68719476736	normal	1
98	3128	31280000	2.444721758365631e-09	0x1.5000000000000p-29	21	8589934592	normal	1
99	312a	312a0000	2.473825588822365e-09	0x1.5400000000000p-29	85	34359738368	normal	1
100	312b	312b0000	2.4883775040507317e-09	0x1.5600000000000p-29	171	68719476736	normal	2
101	312c	312c0000	2.5029294192790985e-09	0x1.5800000000000p-29	43	17179869184	normal	3
102	312e	312e0000	2.5320332497358322e-09	0x1.5c00000000000p-29	87	34359738368	normal	1
103	312f	312f0000	2.546585164964199e-09	0x1.5e00000000000p-29	175	68719476736	normal	1
104	3130	31300000	2.561137080192566e-09	0x1.6000000000000p-29	11	4294967296	normal	1
105	3132	31320000	2.5902409106492996e-09	0x1.6400000000000p-29	89	34359738368	normal	1
106	3133	31330000	2.6047928258776665e-09	0x1.6600000000000p-29	179	68719476736	normal	1
107	3135	31350000	2.6338966563344e-09	0x1.6a00000000000p-29	181	68719476736	normal	2
108	3136	31360000	2.648448571562767e-09	0x1.6c00000000000p-29	91	34359738368	normal	1
109	3138	31380000	2.6775524020195007e-09	0x1.7000000000000p-29	23	8589934592	normal	2
110	3139	31390000	2.6921043172478676e-09	0x1.7200000000000p-29	185	68719476736	normal	1
111	313b	313b0000	2.7212081477046013e-09	0x1.7600000000000p-29	187	68719476736	normal	1
112	313c	313c0000	2.735760062932968e-09	0x1.7800000000000p-29	47	17179869184	normal	1
113	313d	313d0000	2.750311978161335e-09	0x1.7a00000000000p-29	189	68719476736	normal	3
114	313e	313e0000	2.764863893389702e-09	0x1.7c00000000000p-29	95	34359738368	normal	1
115	313f	313f0000	2.7794158086180687e-09	0x1.7e00000000000p-29	191	68719476736	normal	2
116	3140	31400000	2.7939677238464355e-09	0x1.8000000000000p-29	3	1073741824	normal	1
117	3142	31420000	2.8230715543031693e-09	0x1.8400000000000p-29	97	34359738368	normal	1
118	3143	31430000	2.837623469531536e-09	0x1.8600000000000p-29	195	68719476736	normal	1
119	3145	31450000	2.86672729998827e-09	0x1.8a00000000000p-29	197	68719476736	normal	1
120	3146	31460000	2.8812792152166367e-09	0x1.8c00000000000p-29	99	34359738368	normal	1
121	3148	31480000	2.9103830456733704e-09	0x1.9000000000000p-29	25	8589934592	normal	2
122	314a	314a0000	2.939486876130104e-09	0x1.9400000000000p-29	101	34359738368	normal	2
123	314d	314d0000	2.9831426218152046e-09	0x1.9a00000000000p-29	205	68719476736	normal	1
124	314e	314e0000	2.9976945370435715e-09	0x1.9c00000000000p-29	103	34359738368	normal	1
125	3150	31500000	3.026798367500305e-09	0x1.a000000000000p-29	13	4294967296	normal	1
126	3151	31510000	3.041350282728672e-09	0x1.a200000000000p-29	209	68719476736	normal	1
127	3157	31570000	3.128661774098873e-09	0x1.ae00000000000p-29	215	68719476736	normal	1
128	3158	31580000	3.14321368932724e-09	0x1.b000000000000p-29	27	8589934592	normal	1
129	315f	315f0000	3.245077095925808e-09	0x1.be00000000000p-29	223	68719476736	normal	2
130	3161	31610000	3.2741809263825417e-09	0x1.c200000000000p-29	225	68719476736	normal	1
131	3162	31620000	3.2887328416109085e-09	0x1.c400000000000p-29	113	34359738368	normal	2
132	3163	31630000	3.3032847568392754e-09	0x1.c600000000000p-29	227	68719476736	normal	2
133	3165	31650000	3.332388587296009e-09	0x1.ca00000000000p-29	229	68719476736	normal	1
134	3166	31660000	3.346940502524376e-09	0x1.cc00000000000p-29	115	34359738368	normal	1
135	3168	31680000	3.3760443329811096e-09	0x1.d000000000000p-29	29	8589934592	normal	1
136	316a	316a0000	3.4051481634378433e-09	0x1.d400000000000p-29	117	34359738368	normal	1
137	316b	316b0000	3.41970007866621e-09	0x1.d600000000000p-29	235	68719476736	normal	2
138	316e	316e0000	3.4633558243513107e-09	0x1.dc00000000000p-29	119	34359738368	normal	1
139	3170	31700000	3.4924596548080444e-09	0x1.e000000000000p-29	15	4294967296	normal	1
140	3171	31710000	3.5070115700364113e-09	0x1.e200000000000p-29	241	68719476736	normal	1
141	3173	31730000	3.536115400493145e-09	0x1.e600000000000p-29	243	68719476736	normal	1
142	3175	31750000	3.5652192309498787e-09	0x1.ea00000000000p-29	245	68719476736	normal	1
143	3177	31770000	3.5943230614066124e-09	0x1.ee00000000000p-29	247	68719476736	normal	1
144	3178	31780000	3.6088749766349792e-09	0x1.f000000000000p-29	31	8589934592	normal	3
145	317a	317a0000	3.637978807091713e-09	0x1.f400000000000p-29	125	34359738368	normal	1
146	317b	317b0000	3.65253072232008e-09	0x1.f600000000000p-29	251	68719476736	normal	2
147	317d	317d0000	3.6816345527768135e-09	0x1.fa00000000000p-29	253	68719476736	normal	1
148	317e	317e0000	3.6961864680051804e-09	0x1.fc00000000000p-29	127	34359738368	normal	1
149	3180	31800000	3.725290298461914e-09	0x1.0000000000000p-28	1	268435456	normal	3
150	3181	31810000	3.754394128918648e-09	0x1.0200000000000p-28	129	34359738368	normal	3
151	3182	31820000	3.7834979593753815e-09	0x1.0400000000000p-28	65	17179869184	normal	1
152	3183	31830000	3.812601789832115e-09	0x1.0600000000000p-28	131	34359738368	normal	2
153	3184	31840000	3.841705620288849e-09	0x1.0800000000000p-28	33	8589934592	normal	1
154	3185	31850000	3.8708094507455826e-09	0x1.0a00000000000p-28	133	34359738368	normal	2
155	3186	31860000	3.899913281202316e-09	0x1.0c00000000000p-28	67	17179869184	normal	2
156	3189	31890000	3.987224772572517e-09	0x1.1200000000000p-28	137	34359738368	normal	1
157	318a	318a0000	4.016328603029251e-09	0x1.1400000000000p-28	69	17179869184	normal	1
158	318b	318b0000	4.045432433485985e-09	0x1.1600000000000p-28	139	34359738368	normal	1
159	318c	318c0000	4.0745362639427185e-09	0x1.1800000000000p-28	35	8589934592	normal	2
160	318d	318d0000	4.103640094399452e-09	0x1.1a00000000000p-28	141	34359738368	normal	2
161	318e	318e0000	4.132743924856186e-09	0x1.1c00000000000p-28	71	17179869184	normal	2
162	318f	318f0000	4.16184775531292e-09	0x1.1e00000000000p-28	143	34359738368	normal	3
163	3190	31900000	4.190951585769653e-09	0x1.2000000000000p-28	9	2147483648	normal	2
164	3191	31910000	4.220055416226387e-09	0x1.2200000000000p-28	145	34359738368	normal	1
165	3192	31920000	4.249159246683121e-09	0x1.2400000000000p-28	73	17179869184	normal	1
166	3194	31940000	4.307366907596588e-09	0x1.2800000000000p-28	37	8589934592	normal	3
167	3195	31950000	4.336470738053322e-09	0x1.2a00000000000p-28	149	34359738368	normal	2
168	3197	31970000	4.394678398966789e-09	0x1.2e00000000000p-28	151	34359738368	normal	4
169	3198	31980000	4.423782229423523e-09	0x1.3000000000000p-28	19	4294967296	normal	1
170	3199	31990000	4.452886059880257e-09	0x1.3200000000000p-28	153	34359738368	normal	1
171	319a	319a0000	4.48198989033699e-09	0x1.3400000000000p-28	77	17179869184	normal	3
172	319d	319d0000	4.5693013817071915e-09	0x1.3a00000000000p-28	157	34359738368	normal	1
173	319f	319f0000	4.627509042620659e-09	0x1.3e00000000000p-28	159	34359738368	normal	2
174	31a0	31a00000	4.6566128730773926e-09	0x1.4000000000000p-28	5	1073741824	normal	4
175	31a3	31a30000	4.743924364447594e-09	0x1.4600000000000p-28	163	34359738368	normal	8
176	31a4	31a40000	4.773028194904327e-09	0x1.4800000000000p-28	41	8589934592	normal	1
177	31a7	31a70000	4.8603396862745285e-09	0x1.4e00000000000p-28	167	34359738368	normal	1
178	31a8	31a80000	4.889443516731262e-09	0x1.5000000000000p-28	21	4294967296	normal	1
179	31aa	31aa0000	4.94765117764473e-09	0x1.5400000000000p-28	85	17179869184	normal	1
180	31ac	31ac0000	5.005858838558197e-09	0x1.5800000000000p-28	43	8589934592	normal	1
181	31ad	31ad0000	5.034962669014931e-09	0x1.5a00000000000p-28	173	34359738368	normal	1
182	31ae	31ae0000	5.0640664994716644e-09	0x1.5c00000000000p-28	87	17179869184	normal	1
183	31af	31af0000	5.093170329928398e-09	0x1.5e00000000000p-28	175	34359738368	normal	4
184	31b0	31b00000	5.122274160385132e-09	0x1.6000000000000p-28	11	2147483648	normal	1
185	31b1	31b10000	5.1513779908418655e-09	0x1.6200000000000p-28	177	34359738368	normal	1
186	31b2	31b20000	5.180481821298599e-09	0x1.6400000000000p-28	89	17179869184	normal	3
187	31b3	31b30000	5.209585651755333e-09	0x1.6600000000000p-28	179	34359738368	normal	1
188	31b4	31b40000	5.238689482212067e-09	0x1.6800000000000p-28	45	8589934592	normal	2
189	31b5	31b50000	5.2677933126688e-09	0x1.6a00000000000p-28	181	34359738368	normal	1
190	31b9	31b90000	5.384208634495735e-09	0x1.7200000000000p-28	185	34359738368	normal	1
191	31ba	31ba0000	5.413312464952469e-09	0x1.7400000000000p-28	93	17179869184	normal	3
192	31bb	31bb0000	5.4424162954092026e-09	0x1.7600000000000p-28	187	34359738368	normal	1
193	31bc	31bc0000	5.471520125865936e-09	0x1.7800000000000p-28	47	8589934592	normal	1
194	31bd	31bd0000	5.50062395632267e-09	0x1.7a00000000000p-28	189	34359738368	normal	2
195	31be	31be0000	5.529727786779404e-09	0x1.7c00000000000p-28	95	17179869184	normal	5
196	31c0	31c00000	5.587935447692871e-09	0x1.8000000000000p-28	3	536870912	normal	1
197	31c1	31c10000	5.617039278149605e-09	0x1.8200000000000p-28	193	34359738368	normal	2
198	31c2	31c20000	5.6461431086063385e-09	0x1.8400000000000p-28	97	17179869184	normal	1
199	31c3	31c30000	5.675246939063072e-09	0x1.8600000000000p-28	195	34359738368	normal	1
200	31c4	31c40000	5.704350769519806e-09	0x1.8800000000000p-28	49	8589934592	normal	2
201	31c5	31c50000	5.73345459997654e-09	0x1.8a00000000000p-28	197	34359738368	normal	2
202	31c8	31c80000	5.820766091346741e-09	0x1.9000000000000p-28	25	4294967296	normal	1
203	31ca	31ca0000	5.878973752260208e-09	0x1.9400000000000p-28	101	17179869184	normal	3
204	31cb	31cb0000	5.908077582716942e-09	0x1.9600000000000p-28	203	34359738368	normal	4
205	31cd	31cd0000	5.966285243630409e-09	0x1.9a00000000000p-28	205	34359738368	normal	3
206	31ce	31ce0000	5.995389074087143e-09	0x1.9c00000000000p-28	103	17179869184	normal	1
207	31cf	31cf0000	6.024492904543877e-09	0x1.9e00000000000p-28	207	34359738368	normal	1
208	31d0	31d00000	6.05359673500061e-09	0x1.a000000000000p-28	13	2147483648	normal	1
209	31d1	31d10000	6.082700565457344e-09	0x1.a200000000000p-28	209	34359738368	normal	1
210	31d3	31d30000	6.1409082263708115e-09	0x1.a600000000000p-28	211	34359738368	normal	2
211	31d4	31d40000	6.170012056827545e-09	0x1.a800000000000p-28	53	8589934592	normal	2
212	31d5	31d50000	6.199115887284279e-09	0x1.aa00000000000p-28	213	34359738368	normal	1
213	31d6	31d60000	6.2282197177410126e-09	0x1.ac00000000000p-28	107	17179869184	normal	1
214	31d7	31d70000	6.257323548197746e-09	0x1.ae00000000000p-28	215	34359738368	normal	1
215	31d9	31d90000	6.315531209111214e-09	0x1.b200000000000p-28	217	34359738368	normal	2
216	31da	31da0000	6.344635039567947e-09	0x1.b400000000000p-28	109	17179869184	normal	1
217	31db	31db0000	6.373738870024681e-09	0x1.b600000000000p-28	219	34359738368	normal	3
218	31dc	31dc0000	6.402842700481415e-09	0x1.b800000000000p-28	55	8589934592	normal	1
219	31dd	31dd0000	6.4319465309381485e-09	0x1.ba00000000000p-28	221	34359738368	normal	3
220	31de	31de0000	6.461050361394882e-09	0x1.bc00000000000p-28	111	17179869184	normal	1
221	31df	31df0000	6.490154191851616e-09	0x1.be00000000000p-28	223	34359738368	normal	1
222	31e0	31e00000	6.51925802230835e-09	0x1.c000000000000p-28	7	1073741824	normal	4
223	31e1	31e10000	6.548361852765083e-09	0x1.c200000000000p-28	225	34359738368	normal	1
224	31e2	31e20000	6.577465683221817e-09	0x1.c400000000000p-28	113	17179869184	normal	1
225	31e5	31e50000	6.664777174592018e-09	0x1.ca00000000000p-28	229	34359738368	normal	3
226	31e6	31e60000	6.693881005048752e-09	0x1.cc00000000000p-28	115	17179869184	normal	2
227	31e7	31e70000	6.7229848355054855e-09	0x1.ce00000000000p-28	231	34359738368	normal	1
228	31e8	31e80000	6.752088665962219e-09	0x1.d000000000000p-28	29	4294967296	normal	1
229	31e9	31e90000	6.781192496418953e-09	0x1.d200000000000p-28	233	34359738368	normal	3
230	31ea	31ea0000	6.810296326875687e-09	0x1.d400000000000p-28	117	17179869184	normal	1
231	31ec	31ec0000	6.868503987789154e-09	0x1.d800000000000p-28	59	8589934592	normal	1
232	31ed	31ed0000	6.897607818245888e-09	0x1.da00000000000p-28	237	34359738368	normal	3
233	31ee	31ee0000	6.9267116487026215e-09	0x1.dc00000000000p-28	119	17179869184	normal	4
234	31ef	31ef0000	6.955815479159355e-09	0x1.de00000000000p-28	239	34359738368	normal	1
235	31f0	31f00000	6.984919309616089e-09	0x1.e000000000000p-28	15	2147483648	normal	2
236	31f1	31f10000	7.0140231400728226e-09	0x1.e200000000000p-28	241	34359738368	normal	1
237	31f2	31f20000	7.043126970529556e-09	0x1.e400000000000p-28	121	17179869184	normal	1
238	31f3	31f30000	7.07223080098629e-09	0x1.e600000000000p-28	243	34359738368	normal	1
239	31f6	31f60000	7.159542292356491e-09	0x1.ec00000000000p-28	123	17179869184	normal	1
240	31fb	31fb0000	7.30506144464016e-09	0x1.f600000000000p-28	251	34359738368	normal	2
241	31fc	31fc0000	7.334165275096893e-09	0x1.f800000000000p-28	63	8589934592	normal	1
242	31fd	31fd0000	7.363269105553627e-09	0x1.fa00000000000p-28	253	34359738368	normal	2
243	31fe	31fe0000	7.392372936010361e-09	0x1.fc00000000000p-28	127	17179869184	normal	2
244	31ff	31ff0000	7.4214767664670944e-09	0x1.fe00000000000p-28	255	34359738368	normal	1
245	3200	32000000	7.450580596923828e-09	0x1.0000000000000p-27	1	134217728	normal	2
246	3201	32010000	7.508788257837296e-09	0x1.0200000000000p-27	129	17179869184	normal	3
247	3202	32020000	7.566995918750763e-09	0x1.0400000000000p-27	65	8589934592	normal	6
248	3203	32030000	7.62520357966423e-09	0x1.0600000000000p-27	131	17179869184	normal	2
249	3204	32040000	7.683411240577698e-09	0x1.0800000000000p-27	33	4294967296	normal	5
250	3205	32050000	7.741618901491165e-09	0x1.0a00000000000p-27	133	17179869184	normal	3
251	3206	32060000	7.799826562404633e-09	0x1.0c00000000000p-27	67	8589934592	normal	3
252	3207	32070000	7.8580342233181e-09	0x1.0e00000000000p-27	135	17179869184	normal	5
253	3208	32080000	7.916241884231567e-09	0x1.1000000000000p-27	17	2147483648	normal	3
254	3209	32090000	7.974449545145035e-09	0x1.1200000000000p-27	137	17179869184	normal	2
255	320a	320a0000	8.032657206058502e-09	0x1.1400000000000p-27	69	8589934592	normal	2
256	320b	320b0000	8.09086486697197e-09	0x1.1600000000000p-27	139	17179869184	normal	3
257	320c	320c0000	8.149072527885437e-09	0x1.1800000000000p-27	35	4294967296	normal	3
258	320d	320d0000	8.207280188798904e-09	0x1.1a00000000000p-27	141	17179869184	normal	2
259	320e	320e0000	8.265487849712372e-09	0x1.1c00000000000p-27	71	8589934592	normal	2
260	320f	320f0000	8.32369551062584e-09	0x1.1e00000000000p-27	143	17179869184	normal	3
261	3210	32100000	8.381903171539307e-09	0x1.2000000000000p-27	9	1073741824	normal	3
262	3211	32110000	8.440110832452774e-09	0x1.2200000000000p-27	145	17179869184	normal	2
263	3212	32120000	8.498318493366241e-09	0x1.2400000000000p-27	73	8589934592	normal	1
264	3213	32130000	8.556526154279709e-09	0x1.2600000000000p-27	147	17179869184	normal	7
265	3215	32150000	8.672941476106644e-09	0x1.2a00000000000p-27	149	17179869184	normal	3
266	3216	32160000	8.731149137020111e-09	0x1.2c00000000000p-27	75	8589934592	normal	3
267	3217	32170000	8.789356797933578e-09	0x1.2e00000000000p-27	151	17179869184	normal	5
268	3218	32180000	8.847564458847046e-09	0x1.3000000000000p-27	19	2147483648	normal	2
269	3219	32190000	8.905772119760513e-09	0x1.3200000000000p-27	153	17179869184	normal	1
270	321a	321a0000	8.96397978067398e-09	0x1.3400000000000p-27	77	8589934592	normal	5
271	321b	321b0000	9.022187441587448e-09	0x1.3600000000000p-27	155	17179869184	normal	4
272	321c	321c0000	9.080395102500916e-09	0x1.3800000000000p-27	39	4294967296	normal	2
273	321d	321d0000	9.138602763414383e-09	0x1.3a00000000000p-27	157	17179869184	normal	2
274	321f	321f0000	9.255018085241318e-09	0x1.3e00000000000p-27	159	17179869184	normal	4
275	3220	32200000	9.313225746154785e-09	0x1.4000000000000p-27	5	536870912	normal	2
276	3221	32210000	9.371433407068253e-09	0x1.4200000000000p-27	161	17179869184	normal	3
277	3222	32220000	9.42964106798172e-09	0x1.4400000000000p-27	81	8589934592	normal	5
278	3223	32230000	9.487848728895187e-09	0x1.4600000000000p-27	163	17179869184	normal	2
279	3224	32240000	9.546056389808655e-09	0x1.4800000000000p-27	41	4294967296	normal	4
280	3225	32250000	9.604264050722122e-09	0x1.4a00000000000p-27	165	17179869184	normal	3
281	3226	32260000	9.66247171163559e-09	0x1.4c00000000000p-27	83	8589934592	normal	3
282	3227	32270000	9.720679372549057e-09	0x1.4e00000000000p-27	167	17179869184	normal	2
283	3228	32280000	9.778887033462524e-09	0x1.5000000000000p-27	21	2147483648	normal	1
284	3229	32290000	9.837094694375992e-09	0x1.5200000000000p-27	169	17179869184	normal	3
285	322a	322a0000	9.89530235528946e-09	0x1.5400000000000p-27	85	8589934592	normal	3
286	322b	322b0000	9.953510016202927e-09	0x1.5600000000000p-27	171	17179869184	normal	1
287	322c	322c0000	1.0011717677116394e-08	0x1.5800000000000p-27	43	4294967296	normal	2
288	322d	322d0000	1.0069925338029861e-08	0x1.5a00000000000p-27	173	17179869184	normal	5
289	322e	322e0000	1.0128132998943329e-08	0x1.5c00000000000p-27	87	8589934592	normal	4
290	322f	322f0000	1.0186340659856796e-08	0x1.5e00000000000p-27	175	17179869184	normal	3
291	3230	32300000	1.0244548320770264e-08	0x1.6000000000000p-27	11	1073741824	normal	3
292	3231	32310000	1.0302755981683731e-08	0x1.6200000000000p-27	177	17179869184	normal	1
293	3232	32320000	1.0360963642597198e-08	0x1.6400000000000p-27	89	8589934592	normal	6
294	3233	32330000	1.0419171303510666e-08	0x1.6600000000000p-27	179	17179869184	normal	1
295	3234	32340000	1.0477378964424133e-08	0x1.6800000000000p-27	45	4294967296	normal	3
296	3235	32350000	1.05355866253376e-08	0x1.6a00000000000p-27	181	17179869184	normal	5
297	3236	32360000	1.0593794286251068e-08	0x1.6c00000000000p-27	91	8589934592	normal	5
298	3237	32370000	1.0652001947164536e-08	0x1.6e00000000000p-27	183	17179869184	normal	2
299	3238	32380000	1.0710209608078003e-08	0x1.7000000000000p-27	23	2147483648	normal	3
300	3239	32390000	1.076841726899147e-08	0x1.7200000000000p-27	185	17179869184	normal	2
301	323a	323a0000	1.0826624929904938e-08	0x1.7400000000000p-27	93	8589934592	normal	7
302	323b	323b0000	1.0884832590818405e-08	0x1.7600000000000p-27	187	17179869184	normal	4
303	323c	323c0000	1.0943040251731873e-08	0x1.7800000000000p-27	47	4294967296	normal	3
304	323d	323d0000	1.100124791264534e-08	0x1.7a00000000000p-27	189	17179869184	normal	2
305	323e	323e0000	1.1059455573558807e-08	0x1.7c00000000000p-27	95	8589934592	normal	1
306	323f	323f0000	1.1117663234472275e-08	0x1.7e00000000000p-27	191	17179869184	normal	4
307	3240	32400000	1.1175870895385742e-08	0x1.8000000000000p-27	3	268435456	normal	3
308	3241	32410000	1.123407855629921e-08	0x1.8200000000000p-27	193	17179869184	normal	3
309	3243	32430000	1.1350493878126144e-08	0x1.8600000000000p-27	195	17179869184	normal	3
310	3244	32440000	1.1408701539039612e-08	0x1.8800000000000p-27	49	4294967296	normal	2
311	3245	32450000	1.146690919995308e-08	0x1.8a00000000000p-27	197	17179869184	normal	2
312	3246	32460000	1.1525116860866547e-08	0x1.8c00000000000p-27	99	8589934592	normal	1
313	3247	32470000	1.1583324521780014e-08	0x1.8e00000000000p-27	199	17179869184	normal	6
314	3248	32480000	1.1641532182693481e-08	0x1.9000000000000p-27	25	2147483648	normal	3
315	3249	32490000	1.1699739843606949e-08	0x1.9200000000000p-27	201	17179869184	normal	3
316	324a	324a0000	1.1757947504520416e-08	0x1.9400000000000p-27	101	8589934592	normal	7
317	324b	324b0000	1.1816155165433884e-08	0x1.9600000000000p-27	203	17179869184	normal	1
318	324c	324c0000	1.1874362826347351e-08	0x1.9800000000000p-27	51	4294967296	normal	1
319	324d	324d0000	1.1932570487260818e-08	0x1.9a00000000000p-27	205	17179869184	normal	1
320	324e	324e0000	1.1990778148174286e-08	0x1.9c00000000000p-27	103	8589934592	normal	5
321	324f	324f0000	1.2048985809087753e-08	0x1.9e00000000000p-27	207	17179869184	normal	1
322	3250	32500000	1.210719347000122e-08	0x1.a000000000000p-27	13	1073741824	normal	4
323	3251	32510000	1.2165401130914688e-08	0x1.a200000000000p-27	209	17179869184	normal	6
324	3252	32520000	1.2223608791828156e-08	0x1.a400000000000p-27	105	8589934592	normal	3
325	3253	32530000	1.2281816452741623e-08	0x1.a600000000000p-27	211	17179869184	normal	3
326	3254	32540000	1.234002411365509e-08	0x1.a800000000000p-27	53	4294967296	normal	1
327	3255	32550000	1.2398231774568558e-08	0x1.aa00000000000p-27	213	17179869184	normal	2
328	3256	32560000	1.2456439435482025e-08	0x1.ac00000000000p-27	107	8589934592	normal	2
329	3257	32570000	1.2514647096395493e-08	0x1.ae00000000000p-27	215	17179869184	normal	6
330	3258	32580000	1.257285475730896e-08	0x1.b000000000000p-27	27	2147483648	normal	3
331	3259	32590000	1.2631062418222427e-08	0x1.b200000000000p-27	217	17179869184	normal	3
332	325a	325a0000	1.2689270079135895e-08	0x1.b400000000000p-27	109	8589934592	normal	5
333	325b	325b0000	1.2747477740049362e-08	0x1.b600000000000p-27	219	17179869184	normal	4
334	325c	325c0000	1.280568540096283e-08	0x1.b800000000000p-27	55	4294967296	normal	3
335	325d	325d0000	1.2863893061876297e-08	0x1.ba00000000000p-27	221	17179869184	normal	2
336	325f	325f0000	1.2980308383703232e-08	0x1.be00000000000p-27	223	17179869184	normal	3
337	3260	32600000	1.30385160446167e-08	0x1.c000000000000p-27	7	536870912	normal	4
338	3262	32620000	1.3154931366443634e-08	0x1.c400000000000p-27	113	8589934592	normal	1
339	3263	32630000	1.3213139027357101e-08	0x1.c600000000000p-27	227	17179869184	normal	4
340	3264	32640000	1.3271346688270569e-08	0x1.c800000000000p-27	57	4294967296	normal	2
341	3265	32650000	1.3329554349184036e-08	0x1.ca00000000000p-27	229	17179869184	normal	2
342	3266	32660000	1.3387762010097504e-08	0x1.cc00000000000p-27	115	8589934592	normal	3
343	3267	32670000	1.3445969671010971e-08	0x1.ce00000000000p-27	231	17179869184	normal	2
344	3268	32680000	1.3504177331924438e-08	0x1.d000000000000p-27	29	2147483648	normal	4
345	3269	32690000	1.3562384992837906e-08	0x1.d200000000000p-27	233	17179869184	normal	4
346	326a	326a0000	1.3620592653751373e-08	0x1.d400000000000p-27	117	8589934592	normal	2
347	326b	326b0000	1.367880031466484e-08	0x1.d600000000000p-27	235	17179869184	normal	5
348	326c	326c0000	1.3737007975578308e-08	0x1.d800000000000p-27	59	4294967296	normal	1
349	326d	326d0000	1.3795215636491776e-08	0x1.da00000000000p-27	237	17179869184	normal	3
350	326e	326e0000	1.3853423297405243e-08	0x1.dc00000000000p-27	119	8589934592	normal	5
351	326f	326f0000	1.391163095831871e-08	0x1.de00000000000p-27	239	17179869184	normal	5
352	3270	32700000	1.3969838619232178e-08	0x1.e000000000000p-27	15	1073741824	normal	1
353	3271	32710000	1.4028046280145645e-08	0x1.e200000000000p-27	241	17179869184	normal	2
354	3272	32720000	1.4086253941059113e-08	0x1.e400000000000p-27	121	8589934592	normal	3
355	3273	32730000	1.414446160197258e-08	0x1.e600000000000p-27	243	17179869184	normal	2
356	3274	32740000	1.4202669262886047e-08	0x1.e800000000000p-27	61	4294967296	normal	1
357	3275	32750000	1.4260876923799515e-08	0x1.ea00000000000p-27	245	17179869184	normal	6
358	3276	32760000	1.4319084584712982e-08	0x1.ec00000000000p-27	123	8589934592	normal	1
359	3277	32770000	1.437729224562645e-08	0x1.ee00000000000p-27	247	17179869184	normal	1
360	3279	32790000	1.4493707567453384e-08	0x1.f200000000000p-27	249	17179869184	normal	4
361	327b	327b0000	1.461012288928032e-08	0x1.f600000000000p-27	251	17179869184	normal	6
362	327d	327d0000	1.4726538211107254e-08	0x1.fa00000000000p-27	253	17179869184	normal	5
363	327e	327e0000	1.4784745872020721e-08	0x1.fc00000000000p-27	127	8589934592	normal	1
364	327f	327f0000	1.4842953532934189e-08	0x1.fe00000000000p-27	255	17179869184	normal	2
365	3280	32800000	1.4901161193847656e-08	0x1.0000000000000p-26	1	67108864	normal	4
366	3281	32810000	1.501757651567459e-08	0x1.0200000000000p-26	129	8589934592	normal	7
367	3282	32820000	1.5133991837501526e-08	0x1.0400000000000p-26	65	4294967296	normal	5
368	3283	32830000	1.525040715932846e-08	0x1.0600000000000p-26	131	8589934592	normal	3
369	3284	32840000	1.5366822481155396e-08	0x1.0800000000000p-26	33	2147483648	normal	8
370	3285	32850000	1.548323780298233e-08	0x1.0a00000000000p-26	133	8589934592	normal	9
371	3286	32860000	1.5599653124809265e-08	0x1.0c00000000000p-26	67	4294967296	normal	5
372	3287	32870000	1.57160684466362e-08	0x1.0e00000000000p-26	135	8589934592	normal	2
373	3288	32880000	1.5832483768463135e-08	0x1.1000000000000p-26	17	1073741824	normal	8
374	3289	32890000	1.594889909029007e-08	0x1.1200000000000p-26	137	8589934592	normal	7
375	328a	328a0000	1.6065314412117004e-08	0x1.1400000000000p-26	69	4294967296	normal	4
376	328b	328b0000	1.618172973394394e-08	0x1.1600000000000p-26	139	8589934592	normal	7
377	328c	328c0000	1.6298145055770874e-08	0x1.1800000000000p-26	35	2147483648	normal	5
378	328d	328d0000	1.641456037759781e-08	0x1.1a00000000000p-26	141	8589934592	normal	10
379	328f	328f0000	1.664739102125168e-08	0x1.1e00000000000p-26	143	8589934592	normal	4
380	3290	32900000	1.6763806343078613e-08	0x1.2000000000000p-26	9	536870912	normal	5
381	3291	32910000	1.6880221664905548e-08	0x1.2200000000000p-26	145	8589934592	normal	5
382	3292	32920000	1.6996636986732483e-08	0x1.2400000000000p-26	73	4294967296	normal	3
383	3293	32930000	1.7113052308559418e-08	0x1.2600000000000p-26	147	8589934592	normal	6
384	3294	32940000	1.7229467630386353e-08	0x1.2800000000000p-26	37	2147483648	normal	11
385	3295	32950000	1.7345882952213287e-08	0x1.2a00000000000p-26	149	8589934592	normal	5
386	3296	32960000	1.7462298274040222e-08	0x1.2c00000000000p-26	75	4294967296	normal	7
387	3297	32970000	1.7578713595867157e-08	0x1.2e00000000000p-26	151	8589934592	normal	2
388	3298	32980000	1.7695128917694092e-08	0x1.3000000000000p-26	19	1073741824	normal	8
389	3299	32990000	1.7811544239521027e-08	0x1.3200000000000p-26	153	8589934592	normal	1
390	329a	329a0000	1.792795956134796e-08	0x1.3400000000000p-26	77	4294967296	normal	5
391	329b	329b0000	1.8044374883174896e-08	0x1.3600000000000p-26	155	8589934592	normal	5
392	329c	329c0000	1.816079020500183e-08	0x1.3800000000000p-26	39	2147483648	normal	5
393	329d	329d0000	1.8277205526828766e-08	0x1.3a00000000000p-26	157	8589934592	normal	5
394	329e	329e0000	1.83936208486557e-08	0x1.3c00000000000p-26	79	4294967296	normal	7
395	329f	329f0000	1.8510036170482635e-08	0x1.3e00000000000p-26	159	8589934592	normal	8
396	32a0	32a00000	1.862645149230957e-08	0x1.4000000000000p-26	5	268435456	normal	6
397	32a1	32a10000	1.8742866814136505e-08	0x1.4200000000000p-26	161	8589934592	normal	8
398	32a2	32a20000	1.885928213596344e-08	0x1.4400000000000p-26	81	4294967296	normal	7
399	32a3	32a30000	1.8975697457790375e-08	0x1.4600000000000p-26	163	8589934592	normal	5
400	32a4	32a40000	1.909211277961731e-08	0x1.4800000000000p-26	41	2147483648	normal	5
401	32a5	32a50000	1.9208528101444244e-08	0x1.4a00000000000p-26	165	8589934592	normal	6
402	32a6	32a60000	1.932494342327118e-08	0x1.4c00000000000p-26	83	4294967296	normal	6
403	32a7	32a70000	1.9441358745098114e-08	0x1.4e00000000000p-26	167	8589934592	normal	2
404	32a8	32a80000	1.955777406692505e-08	0x1.5000000000000p-26	21	1073741824	normal	8
405	32a9	32a90000	1.9674189388751984e-08	0x1.5200000000000p-26	169	8589934592	normal	7
406	32aa	32aa0000	1.979060471057892e-08	0x1.5400000000000p-26	85	4294967296	normal	9
407	32ab	32ab0000	1.9907020032405853e-08	0x1.5600000000000p-26	171	8589934592	normal	5
408	32ac	32ac0000	2.0023435354232788e-08	0x1.5800000000000p-26	43	2147483648	normal	4
409	32ad	32ad0000	2.0139850676059723e-08	0x1.5a00000000000p-26	173	8589934592	normal	5
410	32ae	32ae0000	2.0256265997886658e-08	0x1.5c00000000000p-26	87	4294967296	normal	4
411	32af	32af0000	2.0372681319713593e-08	0x1.5e00000000000p-26	175	8589934592	normal	5
412	32b0	32b00000	2.0489096641540527e-08	0x1.6000000000000p-26	11	536870912	normal	5
413	32b1	32b10000	2.0605511963367462e-08	0x1.6200000000000p-26	177	8589934592	normal	5
414	32b2	32b20000	2.0721927285194397e-08	0x1.6400000000000p-26	89	4294967296	normal	3
415	32b3	32b30000	2.0838342607021332e-08	0x1.6600000000000p-26	179	8589934592	normal	3
416	32b4	32b40000	2.0954757928848267e-08	0x1.6800000000000p-26	45	2147483648	normal	7
417	32b5	32b50000	2.10711732506752e-08	0x1.6a00000000000p-26	181	8589934592	normal	8
418	32b6	32b60000	2.1187588572502136e-08	0x1.6c00000000000p-26	91	4294967296	normal	2
419	32b7	32b70000	2.130400389432907e-08	0x1.6e00000000000p-26	183	8589934592	normal	4
420	32b8	32b80000	2.1420419216156006e-08	0x1.7000000000000p-26	23	1073741824	normal	7
421	32b9	32b90000	2.153683453798294e-08	0x1.7200000000000p-26	185	8589934592	normal	7
422	32ba	32ba0000	2.1653249859809875e-08	0x1.7400000000000p-26	93	4294967296	normal	5
423	32bb	32bb0000	2.176966518163681e-08	0x1.7600000000000p-26	187	8589934592	normal	9
424	32bc	32bc0000	2.1886080503463745e-08	0x1.7800000000000p-26	47	2147483648	normal	2
425	32bd	32bd0000	2.200249582529068e-08	0x1.7a00000000000p-26	189	8589934592	normal	3
426	32be	32be0000	2.2118911147117615e-08	0x1.7c00000000000p-26	95	4294967296	normal	5
427	32bf	32bf0000	2.223532646894455e-08	0x1.7e00000000000p-26	191	8589934592	normal	2
428	32c0	32c00000	2.2351741790771484e-08	0x1.8000000000000p-26	3	134217728	normal	12
429	32c1	32c10000	2.246815711259842e-08	0x1.8200000000000p-26	193	8589934592	normal	10
430	32c2	32c20000	2.2584572434425354e-08	0x1.8400000000000p-26	97	4294967296	normal	4
431	32c3	32c30000	2.270098775625229e-08	0x1.8600000000000p-26	195	8589934592	normal	7
432	32c4	32c40000	2.2817403078079224e-08	0x1.8800000000000p-26	49	2147483648	normal	6
433	32c5	32c50000	2.293381839990616e-08	0x1.8a00000000000p-26	197	8589934592	normal	10
434	32c6	32c60000	2.3050233721733093e-08	0x1.8c00000000000p-26	99	4294967296	normal	5
435	32c7	32c70000	2.3166649043560028e-08	0x1.8e00000000000p-26	199	8589934592	normal	8
436	32c8	32c80000	2.3283064365386963e-08	0x1.9000000000000p-26	25	1073741824	normal	6
437	32c9	32c90000	2.3399479687213898e-08	0x1.9200000000000p-26	201	8589934592	normal	7
438	32ca	32ca0000	2.3515895009040833e-08	0x1.9400000000000p-26	101	4294967296	normal	8
439	32cb	32cb0000	2.3632310330867767e-08	0x1.9600000000000p-26	203	8589934592	normal	7
440	32cc	32cc0000	2.3748725652694702e-08	0x1.9800000000000p-26	51	2147483648	normal	6
441	32cd	32cd0000	2.3865140974521637e-08	0x1.9a00000000000p-26	205	8589934592	normal	6
442	32ce	32ce0000	2.3981556296348572e-08	0x1.9c00000000000p-26	103	4294967296	normal	4
443	32cf	32cf0000	2.4097971618175507e-08	0x1.9e00000000000p-26	207	8589934592	normal	2
444	32d0	32d00000	2.421438694000244e-08	0x1.a000000000000p-26	13	536870912	normal	5
445	32d1	32d10000	2.4330802261829376e-08	0x1.a200000000000p-26	209	8589934592	normal	5
446	32d2	32d20000	2.444721758365631e-08	0x1.a400000000000p-26	105	4294967296	normal	3
447	32d3	32d30000	2.4563632905483246e-08	0x1.a600000000000p-26	211	8589934592	normal	8
448	32d4	32d40000	2.468004822731018e-08	0x1.a800000000000p-26	53	2147483648	normal	7
449	32d5	32d50000	2.4796463549137115e-08	0x1.aa00000000000p-26	213	8589934592	normal	3
450	32d6	32d60000	2.491287887096405e-08	0x1.ac00000000000p-26	107	4294967296	normal	9
451	32d7	32d70000	2.5029294192790985e-08	0x1.ae00000000000p-26	215	8589934592	normal	9
452	32d8	32d80000	2.514570951461792e-08	0x1.b000000000000p-26	27	1073741824	normal	3
453	32d9	32d90000	2.5262124836444855e-08	0x1.b200000000000p-26	217	8589934592	normal	8
454	32da	32da0000	2.537854015827179e-08	0x1.b400000000000p-26	109	4294967296	normal	12
455	32db	32db0000	2.5494955480098724e-08	0x1.b600000000000p-26	219	8589934592	normal	1
456	32dc	32dc0000	2.561137080192566e-08	0x1.b800000000000p-26	55	2147483648	normal	9
457	32dd	32dd0000	2.5727786123752594e-08	0x1.ba00000000000p-26	221	8589934592	normal	9
458	32de	32de0000	2.584420144557953e-08	0x1.bc00000000000p-26	111	4294967296	normal	4
459	32df	32df0000	2.5960616767406464e-08	0x1.be00000000000p-26	223	8589934592	normal	6
460	32e0	32e00000	2.60770320892334e-08	0x1.c000000000000p-26	7	268435456	normal	5
461	32e1	32e10000	2.6193447411060333e-08	0x1.c200000000000p-26	225	8589934592	normal	3
462	32e2	32e20000	2.6309862732887268e-08	0x1.c400000000000p-26	113	4294967296	normal	4
463	32e3	32e30000	2.6426278054714203e-08	0x1.c600000000000p-26	227	8589934592	normal	6
464	32e4	32e40000	2.6542693376541138e-08	0x1.c800000000000p-26	57	2147483648	normal	4
465	32e5	32e50000	2.6659108698368073e-08	0x1.ca00000000000p-26	229	8589934592	normal	7
466	32e6	32e60000	2.6775524020195007e-08	0x1.cc00000000000p-26	115	4294967296	normal	7
467	32e7	32e70000	2.6891939342021942e-08	0x1.ce00000000000p-26	231	8589934592	normal	5
468	32e8	32e80000	2.7008354663848877e-08	0x1.d000000000000p-26	29	1073741824	normal	6
469	32e9	32e90000	2.7124769985675812e-08	0x1.d200000000000p-26	233	8589934592	normal	8
470	32ea	32ea0000	2.7241185307502747e-08	0x1.d400000000000p-26	117	4294967296	normal	2
471	32eb	32eb0000	2.735760062932968e-08	0x1.d600000000000p-26	235	8589934592	normal	6
472	32ec	32ec0000	2.7474015951156616e-08	0x1.d800000000000p-26	59	2147483648	normal	2
473	32ed	32ed0000	2.759043127298355e-08	0x1.da00000000000p-26	237	8589934592	normal	5
474	32ee	32ee0000	2.7706846594810486e-08	0x1.dc00000000000p-26	119	4294967296	normal	10
475	32ef	32ef0000	2.782326191663742e-08	0x1.de00000000000p-26	239	8589934592	normal	3
476	32f0	32f00000	2.7939677238464355e-08	0x1.e000000000000p-26	15	536870912	normal	10
477	32f1	32f10000	2.805609256029129e-08	0x1.e200000000000p-26	241	8589934592	normal	4
478	32f2	32f20000	2.8172507882118225e-08	0x1.e400000000000p-26	121	4294967296	normal	3
479	32f3	32f30000	2.828892320394516e-08	0x1.e600000000000p-26	243	8589934592	normal	5
480	32f4	32f40000	2.8405338525772095e-08	0x1.e800000000000p-26	61	2147483648	normal	3
481	32f5	32f50000	2.852175384759903e-08	0x1.ea00000000000p-26	245	8589934592	normal	9
482	32f6	32f60000	2.8638169169425964e-08	0x1.ec00000000000p-26	123	4294967296	normal	11
483	32f7	32f70000	2.87545844912529e-08	0x1.ee00000000000p-26	247	8589934592	normal	5
484	32f8	32f80000	2.8870999813079834e-08	0x1.f000000000000p-26	31	1073741824	normal	5
485	32f9	32f90000	2.898741513490677e-08	0x1.f200000000000p-26	249	8589934592	normal	3
486	32fa	32fa0000	2.9103830456733704e-08	0x1.f400000000000p-26	125	4294967296	normal	3
487	32fb	32fb0000	2.922024577856064e-08	0x1.f600000000000p-26	251	8589934592	normal	11
488	32fc	32fc0000	2.9336661100387573e-08	0x1.f800000000000p-26	63	2147483648	normal	3
489	32fd	32fd0000	2.9453076422214508e-08	0x1.fa00000000000p-26	253	8589934592	normal	5
490	32fe	32fe0000	2.9569491744041443e-08	0x1.fc00000000000p-26	127	4294967296	normal	5
491	32ff	32ff0000	2.9685907065868378e-08	0x1.fe00000000000p-26	255	8589934592	normal	16
492	3300	33000000	2.9802322387695312e-08	0x1.0000000000000p-25	1	33554432	normal	7
493	3301	33010000	3.003515303134918e-08	0x1.0200000000000p-25	129	4294967296	normal	17
494	3302	33020000	3.026798367500305e-08	0x1.0400000000000p-25	65	2147483648	normal	10
495	3303	33030000	3.050081431865692e-08	0x1.0600000000000p-25	131	4294967296	normal	10
496	3304	33040000	3.073364496231079e-08	0x1.0800000000000p-25	33	1073741824	normal	15
497	3305	33050000	3.096647560596466e-08	0x1.0a00000000000p-25	133	4294967296	normal	14
498	3306	33060000	3.119930624961853e-08	0x1.0c00000000000p-25	67	2147483648	normal	12
499	3307	33070000	3.14321368932724e-08	0x1.0e00000000000p-25	135	4294967296	normal	13
500	3308	33080000	3.166496753692627e-08	0x1.1000000000000p-25	17	536870912	normal	10
501	3309	33090000	3.189779818058014e-08	0x1.1200000000000p-25	137	4294967296	normal	11
502	330a	330a0000	3.213062882423401e-08	0x1.1400000000000p-25	69	2147483648	normal	15
503	330b	330b0000	3.236345946788788e-08	0x1.1600000000000p-25	139	4294967296	normal	7
504	330c	330c0000	3.259629011154175e-08	0x1.1800000000000p-25	35	1073741824	normal	13
505	330d	330d0000	3.282912075519562e-08	0x1.1a00000000000p-25	141	4294967296	normal	14
506	330e	330e0000	3.306195139884949e-08	0x1.1c00000000000p-25	71	2147483648	normal	16
507	330f	330f0000	3.329478204250336e-08	0x1.1e00000000000p-25	143	4294967296	normal	9
508	3310	33100000	3.3527612686157227e-08	0x1.2000000000000p-25	9	268435456	normal	16
509	3311	33110000	3.3760443329811096e-08	0x1.2200000000000p-25	145	4294967296	normal	12
510	3312	33120000	3.3993273973464966e-08	0x1.2400000000000p-25	73	2147483648	normal	10
511	3313	33130000	3.4226104617118835e-08	0x1.2600000000000p-25	147	4294967296	normal	11
512	3314	33140000	3.4458935260772705e-08	0x1.2800000000000p-25	37	1073741824	normal	13
513	3315	33150000	3.4691765904426575e-08	0x1.2a00000000000p-25	149	4294967296	normal	8
514	3316	33160000	3.4924596548080444e-08	0x1.2c00000000000p-25	75	2147483648	normal	12
515	3317	33170000	3.5157427191734314e-08	0x1.2e00000000000p-25	151	4294967296	normal	9
516	3318	33180000	3.5390257835388184e-08	0x1.3000000000000p-25	19	536870912	normal	10
517	3319	33190000	3.562308847904205e-08	0x1.3200000000000p-25	153	4294967296	normal	12
518	331a	331a0000	3.585591912269592e-08	0x1.3400000000000p-25	77	2147483648	normal	12
519	331b	331b0000	3.608874976634979e-08	0x1.3600000000000p-25	155	4294967296	normal	7
520	331c	331c0000	3.632158041000366e-08	0x1.3800000000000p-25	39	1073741824	normal	10
521	331d	331d0000	3.655441105365753e-08	0x1.3a00000000000p-25	157	4294967296	normal	15
522	331e	331e0000	3.67872416973114e-08	0x1.3c00000000000p-25	79	2147483648	normal	9
523	331f	331f0000	3.702007234096527e-08	0x1.3e00000000000p-25	159	4294967296	normal	8
524	3320	33200000	3.725290298461914e-08	0x1.4000000000000p-25	5	134217728	normal	9
525	3321	33210000	3.748573362827301e-08	0x1.4200000000000p-25	161	4294967296	normal	8
526	3322	33220000	3.771856427192688e-08	0x1.4400000000000p-25	81	2147483648	normal	9
527	3323	33230000	3.795139491558075e-08	0x1.4600000000000p-25	163	4294967296	normal	9
528	3324	33240000	3.818422555923462e-08	0x1.4800000000000p-25	41	1073741824	normal	5
529	3325	33250000	3.841705620288849e-08	0x1.4a00000000000p-25	165	4294967296	normal	14
530	3326	33260000	3.864988684654236e-08	0x1.4c00000000000p-25	83	2147483648	normal	7
531	3327	33270000	3.888271749019623e-08	0x1.4e00000000000p-25	167	4294967296	normal	7
532	3328	33280000	3.91155481338501e-08	0x1.5000000000000p-25	21	536870912	normal	14
533	3329	33290000	3.934837877750397e-08	0x1.5200000000000p-25	169	4294967296	normal	8
534	332a	332a0000	3.958120942115784e-08	0x1.5400000000000p-25	85	2147483648	normal	10
535	332b	332b0000	3.9814040064811707e-08	0x1.5600000000000p-25	171	4294967296	normal	8
536	332c	332c0000	4.0046870708465576e-08	0x1.5800000000000p-25	43	1073741824	normal	11
537	332d	332d0000	4.0279701352119446e-08	0x1.5a00000000000p-25	173	4294967296	normal	14
538	332e	332e0000	4.0512531995773315e-08	0x1.5c00000000000p-25	87	2147483648	normal	7
539	332f	332f0000	4.0745362639427185e-08	0x1.5e00000000000p-25	175	4294967296	normal	9
540	3330	33300000	4.0978193283081055e-08	0x1.6000000000000p-25	11	268435456	normal	6
541	3331	33310000	4.1211023926734924e-08	0x1.6200000000000p-25	177	4294967296	normal	11
542	3332	33320000	4.1443854570388794e-08	0x1.6400000000000p-25	89	2147483648	normal	14
543	3333	33330000	4.1676685214042664e-08	0x1.6600000000000p-25	179	4294967296	normal	11
544	3334	33340000	4.190951585769653e-08	0x1.6800000000000p-25	45	1073741824	normal	11
545	3335	33350000	4.21423465013504e-08	0x1.6a00000000000p-25	181	4294967296	normal	14
546	3336	33360000	4.237517714500427e-08	0x1.6c00000000000p-25	91	2147483648	normal	6
547	3337	33370000	4.260800778865814e-08	0x1.6e00000000000p-25	183	4294967296	normal	6
548	3338	33380000	4.284083843231201e-08	0x1.7000000000000p-25	23	536870912	normal	13
549	3339	33390000	4.307366907596588e-08	0x1.7200000000000p-25	185	4294967296	normal	6
550	333a	333a0000	4.330649971961975e-08	0x1.7400000000000p-25	93	2147483648	normal	10
551	333b	333b0000	4.353933036327362e-08	0x1.7600000000000p-25	187	4294967296	normal	15
552	333c	333c0000	4.377216100692749e-08	0x1.7800000000000p-25	47	1073741824	normal	16
553	333d	333d0000	4.400499165058136e-08	0x1.7a00000000000p-25	189	4294967296	normal	17
554	333e	333e0000	4.423782229423523e-08	0x1.7c00000000000p-25	95	2147483648	normal	13
555	333f	333f0000	4.44706529378891e-08	0x1.7e00000000000p-25	191	4294967296	normal	8
556	3340	33400000	4.470348358154297e-08	0x1.8000000000000p-25	3	67108864	normal	19
557	3341	33410000	4.493631422519684e-08	0x1.8200000000000p-25	193	4294967296	normal	9
558	3342	33420000	4.516914486885071e-08	0x1.8400000000000p-25	97	2147483648	normal	10
559	3343	33430000	4.540197551250458e-08	0x1.8600000000000p-25	195	4294967296	normal	18
560	3344	33440000	4.563480615615845e-08	0x1.8800000000000p-25	49	1073741824	normal	7
561	3345	33450000	4.586763679981232e-08	0x1.8a00000000000p-25	197	4294967296	normal	28
562	3346	33460000	4.6100467443466187e-08	0x1.8c00000000000p-25	99	2147483648	normal	6
563	3347	33470000	4.6333298087120056e-08	0x1.8e00000000000p-25	199	4294967296	normal	13
564	3348	33480000	4.6566128730773926e-08	0x1.9000000000000p-25	25	536870912	normal	22
565	3349	33490000	4.6798959374427795e-08	0x1.9200000000000p-25	201	4294967296	normal	4
566	334a	334a0000	4.7031790018081665e-08	0x1.9400000000000p-25	101	2147483648	normal	14
567	334b	334b0000	4.7264620661735535e-08	0x1.9600000000000p-25	203	4294967296	normal	18
568	334c	334c0000	4.7497451305389404e-08	0x1.9800000000000p-25	51	1073741824	normal	8
569	334d	334d0000	4.7730281949043274e-08	0x1.9a00000000000p-25	205	4294967296	normal	6
570	334e	334e0000	4.7963112592697144e-08	0x1.9c00000000000p-25	103	2147483648	normal	6
571	334f	334f0000	4.819594323635101e-08	0x1.9e00000000000p-25	207	4294967296	normal	8
572	3350	33500000	4.842877388000488e-08	0x1.a000000000000p-25	13	268435456	normal	16
573	3351	33510000	4.866160452365875e-08	0x1.a200000000000p-25	209	4294967296	normal	12
574	3352	33520000	4.889443516731262e-08	0x1.a400000000000p-25	105	2147483648	normal	3
575	3353	33530000	4.912726581096649e-08	0x1.a600000000000p-25	211	4294967296	normal	12
576	3354	33540000	4.936009645462036e-08	0x1.a800000000000p-25	53	1073741824	normal	13
577	3355	33550000	4.959292709827423e-08	0x1.aa00000000000p-25	213	4294967296	normal	6
578	3356	33560000	4.98257577419281e-08	0x1.ac00000000000p-25	107	2147483648	normal	9
579	3357	33570000	5.005858838558197e-08	0x1.ae00000000000p-25	215	4294967296	normal	16
580	3358	33580000	5.029141902923584e-08	0x1.b000000000000p-25	27	536870912	normal	2
581	3359	33590000	5.052424967288971e-08	0x1.b200000000000p-25	217	4294967296	normal	16
582	335a	335a0000	5.075708031654358e-08	0x1.b400000000000p-25	109	2147483648	normal	13
583	335b	335b0000	5.098991096019745e-08	0x1.b600000000000p-25	219	4294967296	normal	10
584	335c	335c0000	5.122274160385132e-08	0x1.b800000000000p-25	55	1073741824	normal	11
585	335d	335d0000	5.145557224750519e-08	0x1.ba00000000000p-25	221	4294967296	normal	14
586	335e	335e0000	5.168840289115906e-08	0x1.bc00000000000p-25	111	2147483648	normal	7
587	335f	335f0000	5.192123353481293e-08	0x1.be00000000000p-25	223	4294967296	normal	13
588	3360	33600000	5.21540641784668e-08	0x1.c000000000000p-25	7	134217728	normal	8
589	3361	33610000	5.2386894822120667e-08	0x1.c200000000000p-25	225	4294967296	normal	8
590	3362	33620000	5.2619725465774536e-08	0x1.c400000000000p-25	113	2147483648	normal	11
591	3363	33630000	5.2852556109428406e-08	0x1.c600000000000p-25	227	4294967296	normal	22
592	3364	33640000	5.3085386753082275e-08	0x1.c800000000000p-25	57	1073741824	normal	6
593	3365	33650000	5.3318217396736145e-08	0x1.ca00000000000p-25	229	4294967296	normal	8
594	3366	33660000	5.3551048040390015e-08	0x1.cc00000000000p-25	115	2147483648	normal	10
595	3367	33670000	5.3783878684043884e-08	0x1.ce00000000000p-25	231	4294967296	normal	7
596	3368	33680000	5.4016709327697754e-08	0x1.d000000000000p-25	29	536870912	normal	8
597	3369	33690000	5.4249539971351624e-08	0x1.d200000000000p-25	233	4294967296	normal	16
598	336a	336a0000	5.448237061500549e-08	0x1.d400000000000p-25	117	2147483648	normal	13
599	336b	336b0000	5.471520125865936e-08	0x1.d600000000000p-25	235	4294967296	normal	13
600	336c	336c0000	5.494803190231323e-08	0x1.d800000000000p-25	59	1073741824	normal	8
601	336d	336d0000	5.51808625459671e-08	0x1.da00000000000p-25	237	4294967296	normal	10
602	336e	336e0000	5.541369318962097e-08	0x1.dc00000000000p-25	119	2147483648	normal	13
603	336f	336f0000	5.564652383327484e-08	0x1.de00000000000p-25	239	4294967296	normal	7
604	3370	33700000	5.587935447692871e-08	0x1.e000000000000p-25	15	268435456	normal	15
605	3371	33710000	5.611218512058258e-08	0x1.e200000000000p-25	241	4294967296	normal	13
606	3372	33720000	5.634501576423645e-08	0x1.e400000000000p-25	121	2147483648	normal	10
607	3373	33730000	5.657784640789032e-08	0x1.e600000000000p-25	243	4294967296	normal	15
608	3374	33740000	5.681067705154419e-08	0x1.e800000000000p-25	61	1073741824	normal	11
609	3375	33750000	5.704350769519806e-08	0x1.ea00000000000p-25	245	4294967296	normal	19
610	3376	33760000	5.727633833885193e-08	0x1.ec00000000000p-25	123	2147483648	normal	8
611	3377	33770000	5.75091689825058e-08	0x1.ee00000000000p-25	247	4294967296	normal	4
612	3378	33780000	5.774199962615967e-08	0x1.f000000000000p-25	31	536870912	normal	17
613	3379	33790000	5.797483026981354e-08	0x1.f200000000000p-25	249	4294967296	normal	11
614	337a	337a0000	5.820766091346741e-08	0x1.f400000000000p-25	125	2147483648	normal	8
615	337b	337b0000	5.844049155712128e-08	0x1.f600000000000p-25	251	4294967296	normal	12
616	337c	337c0000	5.8673322200775146e-08	0x1.f800000000000p-25	63	1073741824	normal	11
617	337d	337d0000	5.8906152844429016e-08	0x1.fa00000000000p-25	253	4294967296	normal	7
618	337e	337e0000	5.9138983488082886e-08	0x1.fc00000000000p-25	127	2147483648	normal	9
619	337f	337f0000	5.9371814131736755e-08	0x1.fe00000000000p-25	255	4294967296	normal	26
620	3380	33800000	5.960464477539063e-08	0x1.0000000000000p-24	1	16777216	normal	24
621	3381	33810000	6.007030606269836e-08	0x1.0200000000000p-24	129	2147483648	normal	25
622	3382	33820000	6.05359673500061e-08	0x1.0400000000000p-24	65	1073741824	normal	14
623	3383	33830000	6.100162863731384e-08	0x1.0600000000000p-24	131	2147483648	normal	21
624	3384	33840000	6.146728992462158e-08	0x1.0800000000000p-24	33	536870912	normal	27
625	3385	33850000	6.193295121192932e-08	0x1.0a00000000000p-24	133	2147483648	normal	22
626	3386	33860000	6.239861249923706e-08	0x1.0c00000000000p-24	67	1073741824	normal	16
627	3387	33870000	6.28642737865448e-08	0x1.0e00000000000p-24	135	2147483648	normal	25
628	3388	33880000	6.332993507385254e-08	0x1.1000000000000p-24	17	268435456	normal	13
629	3389	33890000	6.379559636116028e-08	0x1.1200000000000p-24	137	2147483648	normal	16
630	338a	338a0000	6.426125764846802e-08	0x1.1400000000000p-24	69	1073741824	normal	28
631	338b	338b0000	6.472691893577576e-08	0x1.1600000000000p-24	139	2147483648	normal	16
632	338c	338c0000	6.51925802230835e-08	0x1.1800000000000p-24	35	536870912	normal	18
633	338d	338d0000	6.565824151039124e-08	0x1.1a00000000000p-24	141	2147483648	normal	30
634	338e	338e0000	6.612390279769897e-08	0x1.1c00000000000p-24	71	1073741824	normal	11
635	338f	338f0000	6.658956408500671e-08	0x1.1e00000000000p-24	143	2147483648	normal	20
636	3390	33900000	6.705522537231445e-08	0x1.2000000000000p-24	9	134217728	normal	26
637	3391	33910000	6.752088665962219e-08	0x1.2200000000000p-24	145	2147483648	normal	22
638	3392	33920000	6.798654794692993e-08	0x1.2400000000000p-24	73	1073741824	normal	19
639	3393	33930000	6.845220923423767e-08	0x1.2600000000000p-24	147	2147483648	normal	27
640	3394	33940000	6.891787052154541e-08	0x1.2800000000000p-24	37	536870912	normal	28
641	3395	33950000	6.938353180885315e-08	0x1.2a00000000000p-24	149	2147483648	normal	35
642	3396	33960000	6.984919309616089e-08	0x1.2c00000000000p-24	75	1073741824	normal	24
643	3397	33970000	7.031485438346863e-08	0x1.2e00000000000p-24	151	2147483648	normal	26
644	3398	33980000	7.078051567077637e-08	0x1.3000000000000p-24	19	268435456	normal	24
645	3399	33990000	7.12461769580841e-08	0x1.3200000000000p-24	153	2147483648	normal	29
646	339a	339a0000	7.171183824539185e-08	0x1.3400000000000p-24	77	1073741824	normal	30
647	339b	339b0000	7.217749953269958e-08	0x1.3600000000000p-24	155	2147483648	normal	26
648	339c	339c0000	7.264316082000732e-08	0x1.3800000000000p-24	39	536870912	normal	26
649	339d	339d0000	7.310882210731506e-08	0x1.3a00000000000p-24	157	2147483648	normal	22
650	339e	339e0000	7.35744833946228e-08	0x1.3c00000000000p-24	79	1073741824	normal	28
651	339f	339f0000	7.404014468193054e-08	0x1.3e00000000000p-24	159	2147483648	normal	18
652	33a0	33a00000	7.450580596923828e-08	0x1.4000000000000p-24	5	67108864	normal	32
653	33a1	33a10000	7.497146725654602e-08	0x1.4200000000000p-24	161	2147483648	normal	18
654	33a2	33a20000	7.543712854385376e-08	0x1.4400000000000p-24	81	1073741824	normal	20
655	33a3	33a30000	7.59027898311615e-08	0x1.4600000000000p-24	163	2147483648	normal	18
656	33a4	33a40000	7.636845111846924e-08	0x1.4800000000000p-24	41	536870912	normal	17
657	33a5	33a50000	7.683411240577698e-08	0x1.4a00000000000p-24	165	2147483648	normal	37
658	33a6	33a60000	7.729977369308472e-08	0x1.4c00000000000p-24	83	1073741824	normal	19
659	33a7	33a70000	7.776543498039246e-08	0x1.4e00000000000p-24	167	2147483648	normal	13
660	33a8	33a80000	7.82310962677002e-08	0x1.5000000000000p-24	21	268435456	normal	25
661	33a9	33a90000	7.869675755500793e-08	0x1.5200000000000p-24	169	2147483648	normal	24
662	33aa	33aa0000	7.916241884231567e-08	0x1.5400000000000p-24	85	1073741824	normal	25
663	33ab	33ab0000	7.962808012962341e-08	0x1.5600000000000p-24	171	2147483648	normal	23
664	33ac	33ac0000	8.009374141693115e-08	0x1.5800000000000p-24	43	536870912	normal	29
665	33ad	33ad0000	8.055940270423889e-08	0x1.5a00000000000p-24	173	2147483648	normal	20
666	33ae	33ae0000	8.102506399154663e-08	0x1.5c00000000000p-24	87	1073741824	normal	26
667	33af	33af0000	8.149072527885437e-08	0x1.5e00000000000p-24	175	2147483648	normal	23
668	33b0	33b00000	8.195638656616211e-08	0x1.6000000000000p-24	11	134217728	normal	18
669	33b1	33b10000	8.242204785346985e-08	0x1.6200000000000p-24	177	2147483648	normal	18
670	33b2	33b20000	8.288770914077759e-08	0x1.6400000000000p-24	89	1073741824	normal	29
671	33b3	33b30000	8.335337042808533e-08	0x1.6600000000000p-24	179	2147483648	normal	22
672	33b4	33b40000	8.381903171539307e-08	0x1.6800000000000p-24	45	536870912	normal	27
673	33b5	33b50000	8.42846930027008e-08	0x1.6a00000000000p-24	181	2147483648	normal	25
674	33b6	33b60000	8.475035429000854e-08	0x1.6c00000000000p-24	91	1073741824	normal	22
675	33b7	33b70000	8.521601557731628e-08	0x1.6e00000000000p-24	183	2147483648	normal	19
676	33b8	33b80000	8.568167686462402e-08	0x1.7000000000000p-24	23	268435456	normal	18
677	33b9	33b90000	8.614733815193176e-08	0x1.7200000000000p-24	185	2147483648	normal	21
678	33ba	33ba0000	8.66129994392395e-08	0x1.7400000000000p-24	93	1073741824	normal	24
679	33bb	33bb0000	8.707866072654724e-08	0x1.7600000000000p-24	187	2147483648	normal	35
680	33bc	33bc0000	8.754432201385498e-08	0x1.7800000000000p-24	47	536870912	normal	25
681	33bd	33bd0000	8.800998330116272e-08	0x1.7a00000000000p-24	189	2147483648	normal	24
682	33be	33be0000	8.847564458847046e-08	0x1.7c00000000000p-24	95	1073741824	normal	30
683	33bf	33bf0000	8.89413058757782e-08	0x1.7e00000000000p-24	191	2147483648	normal	12
684	33c0	33c00000	8.940696716308594e-08	0x1.8000000000000p-24	3	33554432	normal	25
685	33c1	33c10000	8.987262845039368e-08	0x1.8200000000000p-24	193	2147483648	normal	27
686	33c2	33c20000	9.033828973770142e-08	0x1.8400000000000p-24	97	1073741824	normal	10
687	33c3	33c30000	9.080395102500916e-08	0x1.8600000000000p-24	195	2147483648	normal	29
688	33c4	33c40000	9.12696123123169e-08	0x1.8800000000000p-24	49	536870912	normal	17
689	33c5	33c50000	9.173527359962463e-08	0x1.8a00000000000p-24	197	2147483648	normal	42
690	33c6	33c60000	9.220093488693237e-08	0x1.8c00000000000p-24	99	1073741824	normal	13
691	33c7	33c70000	9.266659617424011e-08	0x1.8e00000000000p-24	199	2147483648	normal	31
692	33c8	33c80000	9.313225746154785e-08	0x1.9000000000000p-24	25	268435456	normal	18
693	33c9	33c90000	9.359791874885559e-08	0x1.9200000000000p-24	201	2147483648	normal	16
694	33ca	33ca0000	9.406358003616333e-08	0x1.9400000000000p-24	101	1073741824	normal	35
695	33cb	33cb0000	9.452924132347107e-08	0x1.9600000000000p-24	203	2147483648	normal	23
696	33cc	33cc0000	9.499490261077881e-08	0x1.9800000000000p-24	51	536870912	normal	18
697	33cd	33cd0000	9.546056389808655e-08	0x1.9a00000000000p-24	205	2147483648	normal	31
698	33ce	33ce0000	9.592622518539429e-08	0x1.9c00000000000p-24	103	1073741824	normal	21
699	33cf	33cf0000	9.639188647270203e-08	0x1.9e00000000000p-24	207	2147483648	normal	13
700	33d0	33d00000	9.685754776000977e-08	0x1.a000000000000p-24	13	134217728	normal	33
701	33d1	33d10000	9.73232090473175e-08	0x1.a200000000000p-24	209	2147483648	normal	21
702	33d2	33d20000	9.778887033462524e-08	0x1.a400000000000p-24	105	1073741824	normal	17
703	33d3	33d30000	9.825453162193298e-08	0x1.a600000000000p-24	211	2147483648	normal	21
704	33d4	33d40000	9.872019290924072e-08	0x1.a800000000000p-24	53	536870912	normal	31
705	33d5	33d50000	9.918585419654846e-08	0x1.aa00000000000p-24	213	2147483648	normal	15
706	33d6	33d60000	9.96515154838562e-08	0x1.ac00000000000p-24	107	1073741824	normal	19
707	33d7	33d70000	1.0011717677116394e-07	0x1.ae00000000000p-24	215	2147483648	normal	25
708	33d8	33d80000	1.0058283805847168e-07	0x1.b000000000000p-24	27	268435456	normal	14
709	33d9	33d90000	1.0104849934577942e-07	0x1.b200000000000p-24	217	2147483648	normal	32
710	33da	33da0000	1.0151416063308716e-07	0x1.b400000000000p-24	109	1073741824	normal	27
711	33db	33db0000	1.019798219203949e-07	0x1.b600000000000p-24	219	2147483648	normal	14
712	33dc	33dc0000	1.0244548320770264e-07	0x1.b800000000000p-24	55	536870912	normal	24
713	33dd	33dd0000	1.0291114449501038e-07	0x1.ba00000000000p-24	221	2147483648	normal	27
714	33de	33de0000	1.0337680578231812e-07	0x1.bc00000000000p-24	111	1073741824	normal	15
715	33df	33df0000	1.0384246706962585e-07	0x1.be00000000000p-24	223	2147483648	normal	37
716	33e0	33e00000	1.043081283569336e-07	0x1.c000000000000p-24	7	67108864	normal	30
717	33e1	33e10000	1.0477378964424133e-07	0x1.c200000000000p-24	225	2147483648	normal	8
718	33e2	33e20000	1.0523945093154907e-07	0x1.c400000000000p-24	113	1073741824	normal	48
719	33e3	33e30000	1.0570511221885681e-07	0x1.c600000000000p-24	227	2147483648	normal	25
720	33e4	33e40000	1.0617077350616455e-07	0x1.c800000000000p-24	57	536870912	normal	18
721	33e5	33e50000	1.0663643479347229e-07	0x1.ca00000000000p-24	229	2147483648	normal	27
722	33e6	33e60000	1.0710209608078003e-07	0x1.cc00000000000p-24	115	1073741824	normal	32
723	33e7	33e70000	1.0756775736808777e-07	0x1.ce00000000000p-24	231	2147483648	normal	7
724	33e8	33e80000	1.0803341865539551e-07	0x1.d000000000000p-24	29	268435456	normal	27
725	33e9	33e90000	1.0849907994270325e-07	0x1.d200000000000p-24	233	2147483648	normal	24
726	33ea	33ea0000	1.0896474123001099e-07	0x1.d400000000000p-24	117	1073741824	normal	34
727	33eb	33eb0000	1.0943040251731873e-07	0x1.d600000000000p-24	235	2147483648	normal	33
728	33ec	33ec0000	1.0989606380462646e-07	0x1.d800000000000p-24	59	536870912	normal	11
729	33ed	33ed0000	1.103617250919342e-07	0x1.da00000000000p-24	237	2147483648	normal	37
730	33ee	33ee0000	1.1082738637924194e-07	0x1.dc00000000000p-24	119	1073741824	normal	24
731	33ef	33ef0000	1.1129304766654968e-07	0x1.de00000000000p-24	239	2147483648	normal	16
732	33f0	33f00000	1.1175870895385742e-07	0x1.e000000000000p-24	15	134217728	normal	37
733	33f1	33f10000	1.1222437024116516e-07	0x1.e200000000000p-24	241	2147483648	normal	21
734	33f2	33f20000	1.126900315284729e-07	0x1.e400000000000p-24	121	1073741824	normal	9
735	33f3	33f30000	1.1315569281578064e-07	0x1.e600000000000p-24	243	2147483648	normal	28
736	33f4	33f40000	1.1362135410308838e-07	0x1.e800000000000p-24	61	536870912	normal	17
737	33f5	33f50000	1.1408701539039612e-07	0x1.ea00000000000p-24	245	2147483648	normal	33
738	33f6	33f60000	1.1455267667770386e-07	0x1.ec00000000000p-24	123	1073741824	normal	30
739	33f7	33f70000	1.150183379650116e-07	0x1.ee00000000000p-24	247	2147483648	normal	10
740	33f8	33f80000	1.1548399925231934e-07	0x1.f000000000000p-24	31	268435456	normal	31
741	33f9	33f90000	1.1594966053962708e-07	0x1.f200000000000p-24	249	2147483648	normal	26
742	33fa	33fa0000	1.1641532182693481e-07	0x1.f400000000000p-24	125	1073741824	normal	12
743	33fb	33fb0000	1.1688098311424255e-07	0x1.f600000000000p-24	251	2147483648	normal	32
744	33fc	33fc0000	1.1734664440155029e-07	0x1.f800000000000p-24	63	536870912	normal	17
745	33fd	33fd0000	1.1781230568885803e-07	0x1.fa00000000000p-24	253	2147483648	normal	35
746	33fe	33fe0000	1.1827796697616577e-07	0x1.fc00000000000p-24	127	1073741824	normal	15
747	33ff	33ff0000	1.1874362826347351e-07	0x1.fe00000000000p-24	255	2147483648	normal	19
748	3400	34000000	1.1920928955078125e-07	0x1.0000000000000p-23	1	8388608	normal	36
749	3401	34010000	1.2014061212539673e-07	0x1.0200000000000p-23	129	1073741824	normal	62
750	3402	34020000	1.210719347000122e-07	0x1.0400000000000p-23	65	536870912	normal	31
751	3403	34030000	1.2200325727462769e-07	0x1.0600000000000p-23	131	1073741824	normal	44
752	3404	34040000	1.2293457984924316e-07	0x1.0800000000000p-23	33	268435456	normal	52
753	3405	34050000	1.2386590242385864e-07	0x1.0a00000000000p-23	133	1073741824	normal	42
754	3406	34060000	1.2479722499847412e-07	0x1.0c00000000000p-23	67	536870912	normal	49
755	3407	34070000	1.257285475730896e-07	0x1.0e00000000000p-23	135	1073741824	normal	52
756	3408	34080000	1.2665987014770508e-07	0x1.1000000000000p-23	17	134217728	normal	38
757	3409	34090000	1.2759119272232056e-07	0x1.1200000000000p-23	137	1073741824	normal	53
758	340a	340a0000	1.2852251529693604e-07	0x1.1400000000000p-23	69	536870912	normal	52
759	340b	340b0000	1.2945383787155151e-07	0x1.1600000000000p-23	139	1073741824	normal	46
760	340c	340c0000	1.30385160446167e-07	0x1.1800000000000p-23	35	268435456	normal	30
761	340d	340d0000	1.3131648302078247e-07	0x1.1a00000000000p-23	141	1073741824	normal	63
762	340e	340e0000	1.3224780559539795e-07	0x1.1c00000000000p-23	71	536870912	normal	51
763	340f	340f0000	1.3317912817001343e-07	0x1.1e00000000000p-23	143	1073741824	normal	38
764	3410	34100000	1.341104507446289e-07	0x1.2000000000000p-23	9	67108864	normal	58
765	3411	34110000	1.3504177331924438e-07	0x1.2200000000000p-23	145	1073741824	normal	43
766	3412	34120000	1.3597309589385986e-07	0x1.2400000000000p-23	73	536870912	normal	42
767	3413	34130000	1.3690441846847534e-07	0x1.2600000000000p-23	147	1073741824	normal	49
768	3414	34140000	1.3783574104309082e-07	0x1.2800000000000p-23	37	268435456	normal	48
769	3415	34150000	1.387670636177063e-07	0x1.2a00000000000p-23	149	1073741824	normal	45
770	3416	34160000	1.3969838619232178e-07	0x1.2c00000000000p-23	75	536870912	normal	31
771	3417	34170000	1.4062970876693726e-07	0x1.2e00000000000p-23	151	1073741824	normal	58
772	3418	34180000	1.4156103134155273e-07	0x1.3000000000000p-23	19	134217728	normal	45
773	3419	34190000	1.424923539161682e-07	0x1.3200000000000p-23	153	1073741824	normal	38
774	341a	341a0000	1.434236764907837e-07	0x1.3400000000000p-23	77	536870912	normal	48
775	341b	341b0000	1.4435499906539917e-07	0x1.3600000000000p-23	155	1073741824	normal	49
776	341c	341c0000	1.4528632164001465e-07	0x1.3800000000000p-23	39	268435456	normal	32
777	341d	341d0000	1.4621764421463013e-07	0x1.3a00000000000p-23	157	1073741824	normal	45
778	341e	341e0000	1.471489667892456e-07	0x1.3c00000000000p-23	79	536870912	normal	28
779	341f	341f0000	1.4808028936386108e-07	0x1.3e00000000000p-23	159	1073741824	normal	39
780	3420	34200000	1.4901161193847656e-07	0x1.4000000000000p-23	5	33554432	normal	51
781	3421	34210000	1.4994293451309204e-07	0x1.4200000000000p-23	161	1073741824	normal	35
782	3422	34220000	1.5087425708770752e-07	0x1.4400000000000p-23	81	536870912	normal	64
783	3423	34230000	1.51805579662323e-07	0x1.4600000000000p-23	163	1073741824	normal	48
784	3424	34240000	1.5273690223693848e-07	0x1.4800000000000p-23	41	268435456	normal	34
785	3425	34250000	1.5366822481155396e-07	0x1.4a00000000000p-23	165	1073741824	normal	56
786	3426	34260000	1.5459954738616943e-07	0x1.4c00000000000p-23	83	536870912	normal	44
787	3427	34270000	1.555308699607849e-07	0x1.4e00000000000p-23	167	1073741824	normal	44
788	3428	34280000	1.564621925354004e-07	0x1.5000000000000p-23	21	134217728	normal	68
789	3429	34290000	1.5739351511001587e-07	0x1.5200000000000p-23	169	1073741824	normal	45
790	342a	342a0000	1.5832483768463135e-07	0x1.5400000000000p-23	85	536870912	normal	51
791	342b	342b0000	1.5925616025924683e-07	0x1.5600000000000p-23	171	1073741824	normal	45
792	342c	342c0000	1.601874828338623e-07	0x1.5800000000000p-23	43	268435456	normal	48
793	342d	342d0000	1.6111880540847778e-07	0x1.5a00000000000p-23	173	1073741824	normal	47
794	342e	342e0000	1.6205012798309326e-07	0x1.5c00000000000p-23	87	536870912	normal	38
795	342f	342f0000	1.6298145055770874e-07	0x1.5e00000000000p-23	175	1073741824	normal	63
796	3430	34300000	1.6391277313232422e-07	0x1.6000000000000p-23	11	67108864	normal	34
797	3431	34310000	1.648440957069397e-07	0x1.6200000000000p-23	177	1073741824	normal	37
798	3432	34320000	1.6577541828155518e-07	0x1.6400000000000p-23	89	536870912	normal	64
799	3433	34330000	1.6670674085617065e-07	0x1.6600000000000p-23	179	1073741824	normal	44
800	3434	34340000	1.6763806343078613e-07	0x1.6800000000000p-23	45	268435456	normal	34
801	3435	34350000	1.685693860054016e-07	0x1.6a00000000000p-23	181	1073741824	normal	54
802	3436	34360000	1.695007085800171e-07	0x1.6c00000000000p-23	91	536870912	normal	45
803	3437	34370000	1.7043203115463257e-07	0x1.6e00000000000p-23	183	1073741824	normal	48
804	3438	34380000	1.7136335372924805e-07	0x1.7000000000000p-23	23	134217728	normal	47
805	3439	34390000	1.7229467630386353e-07	0x1.7200000000000p-23	185	1073741824	normal	51
806	343a	343a0000	1.73225998878479e-07	0x1.7400000000000p-23	93	536870912	normal	48
807	343b	343b0000	1.7415732145309448e-07	0x1.7600000000000p-23	187	1073741824	normal	50
808	343c	343c0000	1.7508864402770996e-07	0x1.7800000000000p-23	47	268435456	normal	39
809	343d	343d0000	1.7601996660232544e-07	0x1.7a00000000000p-23	189	1073741824	normal	41
810	343e	343e0000	1.7695128917694092e-07	0x1.7c00000000000p-23	95	536870912	normal	72
811	343f	343f0000	1.778826117515564e-07	0x1.7e00000000000p-23	191	1073741824	normal	27
812	3440	34400000	1.7881393432617188e-07	0x1.8000000000000p-23	3	16777216	normal	55
813	3441	34410000	1.7974525690078735e-07	0x1.8200000000000p-23	193	1073741824	normal	54
814	3442	34420000	1.8067657947540283e-07	0x1.8400000000000p-23	97	536870912	normal	31
815	3443	34430000	1.816079020500183e-07	0x1.8600000000000p-23	195	1073741824	normal	63
816	3444	34440000	1.825392246246338e-07	0x1.8800000000000p-23	49	268435456	normal	28
817	3445	34450000	1.8347054719924927e-07	0x1.8a00000000000p-23	197	1073741824	normal	87
818	3446	34460000	1.8440186977386475e-07	0x1.8c00000000000p-23	99	536870912	normal	28
819	3447	34470000	1.8533319234848022e-07	0x1.8e00000000000p-23	199	1073741824	normal	51
820	3448	34480000	1.862645149230957e-07	0x1.9000000000000p-23	25	134217728	normal	56
821	3449	34490000	1.8719583749771118e-07	0x1.9200000000000p-23	201	1073741824	normal	31
822	344a	344a0000	1.8812716007232666e-07	0x1.9400000000000p-23	101	536870912	normal	53
823	344b	344b0000	1.8905848264694214e-07	0x1.9600000000000p-23	203	1073741824	normal	57
824	344c	344c0000	1.8998980522155762e-07	0x1.9800000000000p-23	51	268435456	normal	29
825	344d	344d0000	1.909211277961731e-07	0x1.9a00000000000p-23	205	1073741824	normal	57
826	344e	344e0000	1.9185245037078857e-07	0x1.9c00000000000p-23	103	536870912	normal	66
827	344f	344f0000	1.9278377294540405e-07	0x1.9e00000000000p-23	207	1073741824	normal	35
828	3450	34500000	1.9371509552001953e-07	0x1.a000000000000p-23	13	67108864	normal	57
829	3451	34510000	1.94646418094635e-07	0x1.a200000000000p-23	209	1073741824	normal	67
830	3452	34520000	1.955777406692505e-07	0x1.a400000000000p-23	105	536870912	normal	33
831	3453	34530000	1.9650906324386597e-07	0x1.a600000000000p-23	211	1073741824	normal	51
832	3454	34540000	1.9744038581848145e-07	0x1.a800000000000p-23	53	268435456	normal	51
833	3455	34550000	1.9837170839309692e-07	0x1.aa00000000000p-23	213	1073741824	normal	25
834	3456	34560000	1.993030309677124e-07	0x1.ac00000000000p-23	107	536870912	normal	55
835	3457	34570000	2.0023435354232788e-07	0x1.ae00000000000p-23	215	1073741824	normal	51
836	3458	34580000	2.0116567611694336e-07	0x1.b000000000000p-23	27	134217728	normal	22
837	3459	34590000	2.0209699869155884e-07	0x1.b200000000000p-23	217	1073741824	normal	59
838	345a	345a0000	2.0302832126617432e-07	0x1.b400000000000p-23	109	536870912	normal	61
839	345b	345b0000	2.039596438407898e-07	0x1.b600000000000p-23	219	1073741824	normal	29
840	345c	345c0000	2.0489096641540527e-07	0x1.b800000000000p-23	55	268435456	normal	50
841	345d	345d0000	2.0582228899002075e-07	0x1.ba00000000000p-23	221	1073741824	normal	57
842	345e	345e0000	2.0675361156463623e-07	0x1.bc00000000000p-23	111	536870912	normal	35
843	345f	345f0000	2.076849341392517e-07	0x1.be00000000000p-23	223	1073741824	normal	48
844	3460	34600000	2.086162567138672e-07	0x1.c000000000000p-23	7	33554432	normal	48
845	3461	34610000	2.0954757928848267e-07	0x1.c200000000000p-23	225	1073741824	normal	31
846	3462	34620000	2.1047890186309814e-07	0x1.c400000000000p-23	113	536870912	normal	61
847	3463	34630000	2.1141022443771362e-07	0x1.c600000000000p-23	227	1073741824	normal	56
848	3464	34640000	2.123415470123291e-07	0x1.c800000000000p-23	57	268435456	normal	21
849	3465	34650000	2.1327286958694458e-07	0x1.ca00000000000p-23	229	1073741824	normal	54
850	3466	34660000	2.1420419216156006e-07	0x1.cc00000000000p-23	115	536870912	normal	56
851	3467	34670000	2.1513551473617554e-07	0x1.ce00000000000p-23	231	1073741824	normal	20
852	3468	34680000	2.1606683731079102e-07	0x1.d000000000000p-23	29	134217728	normal	34
853	3469	34690000	2.169981598854065e-07	0x1.d200000000000p-23	233	1073741824	normal	63
854	346a	346a0000	2.1792948246002197e-07	0x1.d400000000000p-23	117	536870912	normal	43
855	346b	346b0000	2.1886080503463745e-07	0x1.d600000000000p-23	235	1073741824	normal	41
856	346c	346c0000	2.1979212760925293e-07	0x1.d800000000000p-23	59	268435456	normal	22
857	346d	346d0000	2.207234501838684e-07	0x1.da00000000000p-23	237	1073741824	normal	71
858	346e	346e0000	2.2165477275848389e-07	0x1.dc00000000000p-23	119	536870912	normal	52
859	346f	346f0000	2.2258609533309937e-07	0x1.de00000000000p-23	239	1073741824	normal	25
860	3470	34700000	2.2351741790771484e-07	0x1.e000000000000p-23	15	67108864	normal	57
861	3471	34710000	2.2444874048233032e-07	0x1.e200000000000p-23	241	1073741824	normal	71
862	3472	34720000	2.253800630569458e-07	0x1.e400000000000p-23	121	536870912	normal	26
863	3473	34730000	2.2631138563156128e-07	0x1.e600000000000p-23	243	1073741824	normal	58
864	3474	34740000	2.2724270820617676e-07	0x1.e800000000000p-23	61	268435456	normal	40
865	3475	34750000	2.2817403078079224e-07	0x1.ea00000000000p-23	245	1073741824	normal	54
866	3476	34760000	2.2910535335540771e-07	0x1.ec00000000000p-23	123	536870912	normal	63
867	3477	34770000	2.300366759300232e-07	0x1.ee00000000000p-23	247	1073741824	normal	31
868	3478	34780000	2.3096799850463867e-07	0x1.f000000000000p-23	31	134217728	normal	52
869	3479	34790000	2.3189932107925415e-07	0x1.f200000000000p-23	249	1073741824	normal	52
870	347a	347a0000	2.3283064365386963e-07	0x1.f400000000000p-23	125	536870912	normal	40
871	347b	347b0000	2.337619662284851e-07	0x1.f600000000000p-23	251	1073741824	normal	50
872	347c	347c0000	2.3469328880310059e-07	0x1.f800000000000p-23	63	268435456	normal	31
873	347d	347d0000	2.3562461137771606e-07	0x1.fa00000000000p-23	253	1073741824	normal	81
874	347e	347e0000	2.3655593395233154e-07	0x1.fc00000000000p-23	127	536870912	normal	30
875	347f	347f0000	2.3748725652694702e-07	0x1.fe00000000000p-23	255	1073741824	normal	50
876	3480	34800000	2.384185791015625e-07	0x1.0000000000000p-22	1	4194304	normal	79
877	3481	34810000	2.4028122425079346e-07	0x1.0200000000000p-22	129	536870912	normal	104
878	3482	34820000	2.421438694000244e-07	0x1.0400000000000p-22	65	268435456	normal	91
879	3483	34830000	2.4400651454925537e-07	0x1.0600000000000p-22	131	536870912	normal	83
880	3484	34840000	2.4586915969848633e-07	0x1.0800000000000p-22	33	134217728	normal	104
881	3485	34850000	2.477318048477173e-07	0x1.0a00000000000p-22	133	536870912	normal	78
882	3486	34860000	2.4959444999694824e-07	0x1.0c00000000000p-22	67	268435456	normal	75
883	3487	34870000	2.514570951461792e-07	0x1.0e00000000000p-22	135	536870912	normal	101
884	3488	34880000	2.5331974029541016e-07	0x1.1000000000000p-22	17	67108864	normal	77
885	3489	34890000	2.551823854446411e-07	0x1.1200000000000p-22	137	536870912	normal	93
886	348a	348a0000	2.5704503059387207e-07	0x1.1400000000000p-22	69	268435456	normal	98
887	348b	348b0000	2.5890767574310303e-07	0x1.1600000000000p-22	139	536870912	normal	78
888	348c	348c0000	2.60770320892334e-07	0x1.1800000000000p-22	35	134217728	normal	105
889	348d	348d0000	2.6263296604156494e-07	0x1.1a00000000000p-22	141	536870912	normal	112
890	348e	348e0000	2.644956111907959e-07	0x1.1c00000000000p-22	71	268435456	normal	78
891	348f	348f0000	2.6635825634002686e-07	0x1.1e00000000000p-22	143	536870912	normal	77
892	3490	34900000	2.682209014892578e-07	0x1.2000000000000p-22	9	33554432	normal	132
893	3491	34910000	2.7008354663848877e-07	0x1.2200000000000p-22	145	536870912	normal	69
894	3492	34920000	2.7194619178771973e-07	0x1.2400000000000p-22	73	268435456	normal	90
895	3493	34930000	2.738088369369507e-07	0x1.2600000000000p-22	147	536870912	normal	97
896	3494	34940000	2.7567148208618164e-07	0x1.2800000000000p-22	37	134217728	normal	87
897	3495	34950000	2.775341272354126e-07	0x1.2a00000000000p-22	149	536870912	normal	83
898	3496	34960000	2.7939677238464355e-07	0x1.2c00000000000p-22	75	268435456	normal	87
899	3497	34970000	2.812594175338745e-07	0x1.2e00000000000p-22	151	536870912	normal	110
900	3498	34980000	2.8312206268310547e-07	0x1.3000000000000p-22	19	67108864	normal	85
901	3499	34990000	2.849847078323364e-07	0x1.3200000000000p-22	153	536870912	normal	81
902	349a	349a0000	2.868473529815674e-07	0x1.3400000000000p-22	77	268435456	normal	90
903	349b	349b0000	2.8870999813079834e-07	0x1.3600000000000p-22	155	536870912	normal	95
904	349c	349c0000	2.905726432800293e-07	0x1.3800000000000p-22	39	134217728	normal	84
905	349d	349d0000	2.9243528842926025e-07	0x1.3a00000000000p-22	157	536870912	normal	107
906	349e	349e0000	2.942979335784912e-07	0x1.3c00000000000p-22	79	268435456	normal	88
907	349f	349f0000	2.9616057872772217e-07	0x1.3e00000000000p-22	159	536870912	normal	88
908	34a0	34a00000	2.980232238769531e-07	0x1.4000000000000p-22	5	16777216	normal	90
909	34a1	34a10000	2.998858690261841e-07	0x1.4200000000000p-22	161	536870912	normal	125
910	34a2	34a20000	3.0174851417541504e-07	0x1.4400000000000p-22	81	268435456	normal	107
911	34a3	34a30000	3.03611159324646e-07	0x1.4600000000000p-22	163	536870912	normal	88
912	34a4	34a40000	3.0547380447387695e-07	0x1.4800000000000p-22	41	134217728	normal	81
913	34a5	34a50000	3.073364496231079e-07	0x1.4a00000000000p-22	165	536870912	normal	101
914	34a6	34a60000	3.0919909477233887e-07	0x1.4c00000000000p-22	83	268435456	normal	79
915	34a7	34a70000	3.110617399215698e-07	0x1.4e00000000000p-22	167	536870912	normal	75
916	34a8	34a80000	3.129243850708008e-07	0x1.5000000000000p-22	21	67108864	normal	111
917	34a9	34a90000	3.1478703022003174e-07	0x1.5200000000000p-22	169	536870912	normal	79
918	34aa	34aa0000	3.166496753692627e-07	0x1.5400000000000p-22	85	268435456	normal	60
919	34ab	34ab0000	3.1851232051849365e-07	0x1.5600000000000p-22	171	536870912	normal	86
920	34ac	34ac0000	3.203749656677246e-07	0x1.5800000000000p-22	43	134217728	normal	103
921	34ad	34ad0000	3.2223761081695557e-07	0x1.5a00000000000p-22	173	536870912	normal	84
922	34ae	34ae0000	3.241002559661865e-07	0x1.5c00000000000p-22	87	268435456	normal	88
923	34af	34af0000	3.259629011154175e-07	0x1.5e00000000000p-22	175	536870912	normal	92
924	34b0	34b00000	3.2782554626464844e-07	0x1.6000000000000p-22	11	33554432	normal	92
925	34b1	34b10000	3.296881914138794e-07	0x1.6200000000000p-22	177	536870912	normal	74
926	34b2	34b20000	3.3155083656311035e-07	0x1.6400000000000p-22	89	268435456	normal	98
927	34b3	34b30000	3.334134817123413e-07	0x1.6600000000000p-22	179	536870912	normal	66
928	34b4	34b40000	3.3527612686157227e-07	0x1.6800000000000p-22	45	134217728	normal	89
929	34b5	34b50000	3.371387720108032e-07	0x1.6a00000000000p-22	181	536870912	normal	107
930	34b6	34b60000	3.390014171600342e-07	0x1.6c00000000000p-22	91	268435456	normal	73
931	34b7	34b70000	3.4086406230926514e-07	0x1.6e00000000000p-22	183	536870912	normal	76
932	34b8	34b80000	3.427267074584961e-07	0x1.7000000000000p-22	23	67108864	normal	110
933	34b9	34b90000	3.4458935260772705e-07	0x1.7200000000000p-22	185	536870912	normal	77
934	34ba	34ba0000	3.46451997756958e-07	0x1.7400000000000p-22	93	268435456	normal	81
935	34bb	34bb0000	3.4831464290618896e-07	0x1.7600000000000p-22	187	536870912	normal	119
936	34bc	34bc0000	3.501772880554199e-07	0x1.7800000000000p-22	47	134217728	normal	83
937	34bd	34bd0000	3.520399332046509e-07	0x1.7a00000000000p-22	189	536870912	normal	80
938	34be	34be0000	3.5390257835388184e-07	0x1.7c00000000000p-22	95	268435456	normal	103
939	34bf	34bf0000	3.557652235031128e-07	0x1.7e00000000000p-22	191	536870912	normal	59
940	34c0	34c00000	3.5762786865234375e-07	0x1.8000000000000p-22	3	8388608	normal	111
941	34c1	34c10000	3.594905138015747e-07	0x1.8200000000000p-22	193	536870912	normal	108
942	34c2	34c20000	3.6135315895080566e-07	0x1.8400000000000p-22	97	268435456	normal	66
943	34c3	34c30000	3.632158041000366e-07	0x1.8600000000000p-22	195	536870912	normal	80
944	34c4	34c40000	3.650784492492676e-07	0x1.8800000000000p-22	49	134217728	normal	54
945	34c5	34c50000	3.6694109439849854e-07	0x1.8a00000000000p-22	197	536870912	normal	158
946	34c6	34c60000	3.688037395477295e-07	0x1.8c00000000000p-22	99	268435456	normal	51
947	34c7	34c70000	3.7066638469696045e-07	0x1.8e00000000000p-22	199	536870912	normal	113
948	34c8	34c80000	3.725290298461914e-07	0x1.9000000000000p-22	25	67108864	normal	102
949	34c9	34c90000	3.7439167499542236e-07	0x1.9200000000000p-22	201	536870912	normal	56
950	34ca	34ca0000	3.762543201446533e-07	0x1.9400000000000p-22	101	268435456	normal	108
951	34cb	34cb0000	3.781169652938843e-07	0x1.9600000000000p-22	203	536870912	normal	119
952	34cc	34cc0000	3.7997961044311523e-07	0x1.9800000000000p-22	51	134217728	normal	67
953	34cd	34cd0000	3.818422555923462e-07	0x1.9a00000000000p-22	205	536870912	normal	112
954	34ce	34ce0000	3.8370490074157715e-07	0x1.9c00000000000p-22	103	268435456	normal	100
955	34cf	34cf0000	3.855675458908081e-07	0x1.9e00000000000p-22	207	536870912	normal	56
956	34d0	34d00000	3.8743019104003906e-07	0x1.a000000000000p-22	13	33554432	normal	116
957	34d1	34d10000	3.8929283618927e-07	0x1.a200000000000p-22	209	536870912	normal	96
958	34d2	34d20000	3.91155481338501e-07	0x1.a400000000000p-22	105	268435456	normal	70
959	34d3	34d30000	3.9301812648773193e-07	0x1.a600000000000p-22	211	536870912	normal	109
960	34d4	34d40000	3.948807716369629e-07	0x1.a800000000000p-22	53	134217728	normal	109
961	34d5	34d50000	3.9674341678619385e-07	0x1.aa00000000000p-22	213	536870912	normal	65
962	34d6	34d60000	3.986060619354248e-07	0x1.ac00000000000p-22	107	268435456	normal	106
963	34d7	34d70000	4.0046870708465576e-07	0x1.ae00000000000p-22	215	536870912	normal	102
964	34d8	34d80000	4.023313522338867e-07	0x1.b000000000000p-22	27	67108864	normal	61
965	34d9	34d90000	4.041939973831177e-07	0x1.b200000000000p-22	217	536870912	normal	118
966	34da	34da0000	4.0605664253234863e-07	0x1.b400000000000p-22	109	268435456	normal	105
967	34db	34db0000	4.079192876815796e-07	0x1.b600000000000p-22	219	536870912	normal	56
968	34dc	34dc0000	4.0978193283081055e-07	0x1.b800000000000p-22	55	134217728	normal	115
969	34dd	34dd0000	4.116445779800415e-07	0x1.ba00000000000p-22	221	536870912	normal	92
970	34de	34de0000	4.1350722312927246e-07	0x1.bc00000000000p-22	111	268435456	normal	48
971	34df	34df0000	4.153698682785034e-07	0x1.be00000000000p-22	223	536870912	normal	107
972	34e0	34e00000	4.172325134277344e-07	0x1.c000000000000p-22	7	16777216	normal	100
973	34e1	34e10000	4.1909515857696533e-07	0x1.c200000000000p-22	225	536870912	normal	51
974	34e2	34e20000	4.209578037261963e-07	0x1.c400000000000p-22	113	268435456	normal	100
975	34e3	34e30000	4.2282044887542725e-07	0x1.c600000000000p-22	227	536870912	normal	105
976	34e4	34e40000	4.246830940246582e-07	0x1.c800000000000p-22	57	134217728	normal	53
977	34e5	34e50000	4.2654573917388916e-07	0x1.ca00000000000p-22	229	536870912	normal	118
978	34e6	34e60000	4.284083843231201e-07	0x1.cc00000000000p-22	115	268435456	normal	110
979	34e7	34e70000	4.302710294723511e-07	0x1.ce00000000000p-22	231	536870912	normal	63
980	34e8	34e80000	4.3213367462158203e-07	0x1.d000000000000p-22	29	67108864	normal	103
981	34e9	34e90000	4.33996319770813e-07	0x1.d200000000000p-22	233	536870912	normal	121
982	34ea	34ea0000	4.3585896492004395e-07	0x1.d400000000000p-22	117	268435456	normal	104
983	34eb	34eb0000	4.377216100692749e-07	0x1.d600000000000p-22	235	536870912	normal	96
984	34ec	34ec0000	4.3958425521850586e-07	0x1.d800000000000p-22	59	134217728	normal	65
985	34ed	34ed0000	4.414469003677368e-07	0x1.da00000000000p-22	237	536870912	normal	110
986	34ee	34ee0000	4.4330954551696777e-07	0x1.dc00000000000p-22	119	268435456	normal	117
987	34ef	34ef0000	4.4517219066619873e-07	0x1.de00000000000p-22	239	536870912	normal	70
988	34f0	34f00000	4.470348358154297e-07	0x1.e000000000000p-22	15	33554432	normal	104
989	34f1	34f10000	4.4889748096466064e-07	0x1.e200000000000p-22	241	536870912	normal	115
990	34f2	34f20000	4.507601261138916e-07	0x1.e400000000000p-22	121	268435456	normal	46
991	34f3	34f30000	4.5262277126312256e-07	0x1.e600000000000p-22	243	536870912	normal	101
992	34f4	34f40000	4.544854164123535e-07	0x1.e800000000000p-22	61	134217728	normal	55
993	34f5	34f50000	4.5634806156158447e-07	0x1.ea00000000000p-22	245	536870912	normal	107
994	34f6	34f60000	4.5821070671081543e-07	0x1.ec00000000000p-22	123	268435456	normal	101
995	34f7	34f70000	4.600733518600464e-07	0x1.ee00000000000p-22	247	536870912	normal	60
996	34f8	34f80000	4.6193599700927734e-07	0x1.f000000000000p-22	31	67108864	normal	95
997	34f9	34f90000	4.637986421585083e-07	0x1.f200000000000p-22	249	536870912	normal	104
998	34fa	34fa0000	4.6566128730773926e-07	0x1.f400000000000p-22	125	268435456	normal	47
999	34fb	34fb0000	4.675239324569702e-07	0x1.f600000000000p-22	251	536870912	normal	126
1000	34fc	34fc0000	4.6938657760620117e-07	0x1.f800000000000p-22	63	134217728	normal	52
1001	34fd	34fd0000	4.7124922275543213e-07	0x1.fa00000000000p-22	253	536870912	normal	158
1002	34fe	34fe0000	4.731118679046631e-07	0x1.fc00000000000p-22	127	268435456	normal	56
1003	34ff	34ff0000	4.7497451305389404e-07	0x1.fe00000000000p-22	255	536870912	normal	121
1004	3500	35000000	4.76837158203125e-07	0x1.0000000000000p-21	1	2097152	normal	134
1005	3501	35010000	4.805624485015869e-07	0x1.0200000000000p-21	129	268435456	normal	236
1006	3502	35020000	4.842877388000488e-07	0x1.0400000000000p-21	65	134217728	normal	183
1007	3503	35030000	4.880130290985107e-07	0x1.0600000000000p-21	131	268435456	normal	167
1008	3504	35040000	4.917383193969727e-07	0x1.0800000000000p-21	33	67108864	normal	209
1009	3505	35050000	4.954636096954346e-07	0x1.0a00000000000p-21	133	268435456	normal	184
1010	3506	35060000	4.991888999938965e-07	0x1.0c00000000000p-21	67	134217728	normal	164
1011	3507	35070000	5.029141902923584e-07	0x1.0e00000000000p-21	135	268435456	normal	222
1012	3508	35080000	5.066394805908203e-07	0x1.1000000000000p-21	17	33554432	normal	148
1013	3509	35090000	5.103647708892822e-07	0x1.1200000000000p-21	137	268435456	normal	168
1014	350a	350a0000	5.140900611877441e-07	0x1.1400000000000p-21	69	134217728	normal	195
1015	350b	350b0000	5.178153514862061e-07	0x1.1600000000000p-21	139	268435456	normal	151
1016	350c	350c0000	5.21540641784668e-07	0x1.1800000000000p-21	35	67108864	normal	171
1017	350d	350d0000	5.252659320831299e-07	0x1.1a00000000000p-21	141	268435456	normal	226
1018	350e	350e0000	5.289912223815918e-07	0x1.1c00000000000p-21	71	134217728	normal	149
1019	350f	350f0000	5.327165126800537e-07	0x1.1e00000000000p-21	143	268435456	normal	164
1020	3510	35100000	5.364418029785156e-07	0x1.2000000000000p-21	9	16777216	normal	228
1021	3511	35110000	5.401670932769775e-07	0x1.2200000000000p-21	145	268435456	normal	168
1022	3512	35120000	5.438923835754395e-07	0x1.2400000000000p-21	73	134217728	normal	159
1023	3513	35130000	5.476176738739014e-07	0x1.2600000000000p-21	147	268435456	normal	179
1024	3514	35140000	5.513429641723633e-07	0x1.2800000000000p-21	37	67108864	normal	164
1025	3515	35150000	5.550682544708252e-07	0x1.2a00000000000p-21	149	268435456	normal	158
1026	3516	35160000	5.587935447692871e-07	0x1.2c00000000000p-21	75	134217728	normal	144
1027	3517	35170000	5.62518835067749e-07	0x1.2e00000000000p-21	151	268435456	normal	213
1028	3518	35180000	5.662441253662109e-07	0x1.3000000000000p-21	19	33554432	normal	152
1029	3519	35190000	5.699694156646729e-07	0x1.3200000000000p-21	153	268435456	normal	163
1030	351a	351a0000	5.736947059631348e-07	0x1.3400000000000p-21	77	134217728	normal	196
1031	351b	351b0000	5.774199962615967e-07	0x1.3600000000000p-21	155	268435456	normal	179
1032	351c	351c0000	5.811452865600586e-07	0x1.3800000000000p-21	39	67108864	normal	152
1033	351d	351d0000	5.848705768585205e-07	0x1.3a00000000000p-21	157	268435456	normal	220
1034	351e	351e0000	5.885958671569824e-07	0x1.3c00000000000p-21	79	134217728	normal	147
1035	351f	351f0000	5.923211574554443e-07	0x1.3e00000000000p-21	159	268435456	normal	184
1036	3520	35200000	5.960464477539062e-07	0x1.4000000000000p-21	5	8388608	normal	197
1037	3521	35210000	5.997717380523682e-07	0x1.4200000000000p-21	161	268435456	normal	212
1038	3522	35220000	6.034970283508301e-07	0x1.4400000000000p-21	81	134217728	normal	219
1039	3523	35230000	6.07222318649292e-07	0x1.4600000000000p-21	163	268435456	normal	163
1040	3524	35240000	6.109476089477539e-07	0x1.4800000000000p-21	41	67108864	normal	167
1041	3525	35250000	6.146728992462158e-07	0x1.4a00000000000p-21	165	268435456	normal	198
1042	3526	35260000	6.183981895446777e-07	0x1.4c00000000000p-21	83	134217728	normal	163
1043	3527	35270000	6.221234798431396e-07	0x1.4e00000000000p-21	167	268435456	normal	144
1044	3528	35280000	6.258487701416016e-07	0x1.5000000000000p-21	21	33554432	normal	210
1045	3529	35290000	6.295740604400635e-07	0x1.5200000000000p-21	169	268435456	normal	166
1046	352a	352a0000	6.332993507385254e-07	0x1.5400000000000p-21	85	134217728	normal	142
1047	352b	352b0000	6.370246410369873e-07	0x1.5600000000000p-21	171	268435456	normal	164
1048	352c	352c0000	6.407499313354492e-07	0x1.5800000000000p-21	43	67108864	normal	189
1049	352d	352d0000	6.444752216339111e-07	0x1.5a00000000000p-21	173	268435456	normal	171
1050	352e	352e0000	6.48200511932373e-07	0x1.5c00000000000p-21	87	134217728	normal	171
1051	352f	352f0000	6.51925802230835e-07	0x1.5e00000000000p-21	175	268435456	normal	215
1052	3530	35300000	6.556510925292969e-07	0x1.6000000000000p-21	11	16777216	normal	165
1053	3531	35310000	6.593763828277588e-07	0x1.6200000000000p-21	177	268435456	normal	150
1054	3532	35320000	6.631016731262207e-07	0x1.6400000000000p-21	89	134217728	normal	209
1055	3533	35330000	6.668269634246826e-07	0x1.6600000000000p-21	179	268435456	normal	171
1056	3534	35340000	6.705522537231445e-07	0x1.6800000000000p-21	45	67108864	normal	174
1057	3535	35350000	6.742775440216064e-07	0x1.6a00000000000p-21	181	268435456	normal	207
1058	3536	35360000	6.780028343200684e-07	0x1.6c00000000000p-21	91	134217728	normal	150
1059	3537	35370000	6.817281246185303e-07	0x1.6e00000000000p-21	183	268435456	normal	157
1060	3538	35380000	6.854534149169922e-07	0x1.7000000000000p-21	23	33554432	normal	211
1061	3539	35390000	6.891787052154541e-07	0x1.7200000000000p-21	185	268435456	normal	152
1062	353a	353a0000	6.92903995513916e-07	0x1.7400000000000p-21	93	134217728	normal	176
1063	353b	353b0000	6.966292858123779e-07	0x1.7600000000000p-21	187	268435456	normal	224
1064	353c	353c0000	7.003545761108398e-07	0x1.7800000000000p-21	47	67108864	normal	147
1065	353d	353d0000	7.040798664093018e-07	0x1.7a00000000000p-21	189	268435456	normal	196
1066	353e	353e0000	7.078051567077637e-07	0x1.7c00000000000p-21	95	134217728	normal	223
1067	353f	353f0000	7.115304470062256e-07	0x1.7e00000000000p-21	191	268435456	normal	119
1068	3540	35400000	7.152557373046875e-07	0x1.8000000000000p-21	3	4194304	normal	195
1069	3541	35410000	7.189810276031494e-07	0x1.8200000000000p-21	193	268435456	normal	218
1070	3542	35420000	7.227063179016113e-07	0x1.8400000000000p-21	97	134217728	normal	115
1071	3543	35430000	7.264316082000732e-07	0x1.8600000000000p-21	195	268435456	normal	217
1072	3544	35440000	7.301568984985352e-07	0x1.8800000000000p-21	49	67108864	normal	123
1073	3545	35450000	7.338821887969971e-07	0x1.8a00000000000p-21	197	268435456	normal	294
1074	3546	35460000	7.37607479095459e-07	0x1.8c00000000000p-21	99	134217728	normal	113
1075	3547	35470000	7.413327693939209e-07	0x1.8e00000000000p-21	199	268435456	normal	220
1076	3548	35480000	7.450580596923828e-07	0x1.9000000000000p-21	25	33554432	normal	199
1077	3549	35490000	7.487833499908447e-07	0x1.9200000000000p-21	201	268435456	normal	112
1078	354a	354a0000	7.525086402893066e-07	0x1.9400000000000p-21	101	134217728	normal	220
1079	354b	354b0000	7.562339305877686e-07	0x1.9600000000000p-21	203	268435456	normal	232
1080	354c	354c0000	7.599592208862305e-07	0x1.9800000000000p-21	51	67108864	normal	126
1081	354d	354d0000	7.636845111846924e-07	0x1.9a00000000000p-21	205	268435456	normal	206
1082	354e	354e0000	7.674098014831543e-07	0x1.9c00000000000p-21	103	134217728	normal	215
1083	354f	354f0000	7.711350917816162e-07	0x1.9e00000000000p-21	207	268435456	normal	114
1084	3550	35500000	7.748603820800781e-07	0x1.a000000000000p-21	13	16777216	normal	232
1085	3551	35510000	7.7858567237854e-07	0x1.a200000000000p-21	209	268435456	normal	212
1086	3552	35520000	7.82310962677002e-07	0x1.a400000000000p-21	105	134217728	normal	111
1087	3553	35530000	7.860362529754639e-07	0x1.a600000000000p-21	211	268435456	normal	200
1088	3554	35540000	7.897615432739258e-07	0x1.a800000000000p-21	53	67108864	normal	244
1089	3555	35550000	7.934868335723877e-07	0x1.aa00000000000p-21	213	268435456	normal	114
1090	3556	35560000	7.972121238708496e-07	0x1.ac00000000000p-21	107	134217728	normal	193
1091	3557	35570000	8.009374141693115e-07	0x1.ae00000000000p-21	215	268435456	normal	201
1092	3558	35580000	8.046627044677734e-07	0x1.b000000000000p-21	27	33554432	normal	148
1093	3559	35590000	8.083879947662354e-07	0x1.b200000000000p-21	217	268435456	normal	180
1094	355a	355a0000	8.121132850646973e-07	0x1.b400000000000p-21	109	134217728	normal	226
1095	355b	355b0000	8.158385753631592e-07	0x1.b600000000000p-21	219	268435456	normal	116
1096	355c	355c0000	8.195638656616211e-07	0x1.b800000000000p-21	55	67108864	normal	248
1097	355d	355d0000	8.23289155960083e-07	0x1.ba00000000000p-21	221	268435456	normal	208
1098	355e	355e0000	8.270144462585449e-07	0x1.bc00000000000p-21	111	134217728	normal	119
1099	355f	355f0000	8.307397365570068e-07	0x1.be00000000000p-21	223	268435456	normal	218
1100	3560	35600000	8.344650268554688e-07	0x1.c000000000000p-21	7	8388608	normal	216
1101	3561	35610000	8.381903171539307e-07	0x1.c200000000000p-21	225	268435456	normal	103
1102	3562	35620000	8.419156074523926e-07	0x1.c400000000000p-21	113	134217728	normal	204
1103	3563	35630000	8.456408977508545e-07	0x1.c600000000000p-21	227	268435456	normal	203
1104	3564	35640000	8.493661880493164e-07	0x1.c800000000000p-21	57	67108864	normal	116
1105	3565	35650000	8.530914783477783e-07	0x1.ca00000000000p-21	229	268435456	normal	180
1106	3566	35660000	8.568167686462402e-07	0x1.cc00000000000p-21	115	134217728	normal	214
1107	3567	35670000	8.605420589447021e-07	0x1.ce00000000000p-21	231	268435456	normal	128
1108	3568	35680000	8.642673492431641e-07	0x1.d000000000000p-21	29	33554432	normal	201
1109	3569	35690000	8.67992639541626e-07	0x1.d200000000000p-21	233	268435456	normal	222
1110	356a	356a0000	8.717179298400879e-07	0x1.d400000000000p-21	117	134217728	normal	188
1111	356b	356b0000	8.754432201385498e-07	0x1.d600000000000p-21	235	268435456	normal	219
1112	356c	356c0000	8.791685104370117e-07	0x1.d800000000000p-21	59	67108864	normal	116
1113	356d	356d0000	8.828938007354736e-07	0x1.da00000000000p-21	237	268435456	normal	191
1114	356e	356e0000	8.866190910339355e-07	0x1.dc00000000000p-21	119	134217728	normal	202
1115	356f	356f0000	8.903443813323975e-07	0x1.de00000000000p-21	239	268435456	normal	114
1116	3570	35700000	8.940696716308594e-07	0x1.e000000000000p-21	15	16777216	normal	223
1117	3571	35710000	8.977949619293213e-07	0x1.e200000000000p-21	241	268435456	normal	234
1118	3572	35720000	9.015202522277832e-07	0x1.e400000000000p-21	121	134217728	normal	111
1119	3573	35730000	9.052455425262451e-07	0x1.e600000000000p-21	243	268435456	normal	220
1120	3574	35740000	9.08970832824707e-07	0x1.e800000000000p-21	61	67108864	normal	128
1121	3575	35750000	9.126961231231689e-07	0x1.ea00000000000p-21	245	268435456	normal	220
1122	3576	35760000	9.164214134216309e-07	0x1.ec00000000000p-21	123	134217728	normal	210
1123	3577	35770000	9.201467037200928e-07	0x1.ee00000000000p-21	247	268435456	normal	120
1124	3578	35780000	9.238719940185547e-07	0x1.f000000000000p-21	31	33554432	normal	194
1125	3579	35790000	9.275972843170166e-07	0x1.f200000000000p-21	249	268435456	normal	213
1126	357a	357a0000	9.313225746154785e-07	0x1.f400000000000p-21	125	134217728	normal	108
1127	357b	357b0000	9.350478649139404e-07	0x1.f600000000000p-21	251	268435456	normal	231
1128	357c	357c0000	9.387731552124023e-07	0x1.f800000000000p-21	63	67108864	normal	98
1129	357d	357d0000	9.424984455108643e-07	0x1.fa00000000000p-21	253	268435456	normal	286
1130	357e	357e0000	9.462237358093262e-07	0x1.fc00000000000p-21	127	134217728	normal	109
1131	357f	357f0000	9.499490261077881e-07	0x1.fe00000000000p-21	255	268435456	normal	225
1132	3580	35800000	9.5367431640625e-07	0x1.0000000000000p-20	1	1048576	normal	266
1133	3581	35810000	9.611248970031738e-07	0x1.0200000000000p-20	129	134217728	normal	404
1134	3582	35820000	9.685754776000977e-07	0x1.0400000000000p-20	65	67108864	normal	338
1135	3583	35830000	9.760260581970215e-07	0x1.0600000000000p-20	131	134217728	normal	335
1136	3584	35840000	9.834766387939453e-07	0x1.0800000000000p-20	33	33554432	normal	422
1137	3585	35850000	9.909272193908691e-07	0x1.0a00000000000p-20	133	134217728	normal	326
1138	3586	35860000	9.98377799987793e-07	0x1.0c00000000000p-20	67	67108864	normal	327
1139	3587	35870000	1.0058283805847168e-06	0x1.0e00000000000p-20	135	134217728	normal	436
1140	3588	35880000	1.0132789611816406e-06	0x1.1000000000000p-20	17	16777216	normal	322
1141	3589	35890000	1.0207295417785645e-06	0x1.1200000000000p-20	137	134217728	normal	304
1142	358a	358a0000	1.0281801223754883e-06	0x1.1400000000000p-20	69	67108864	normal	431
1143	358b	358b0000	1.0356307029724121e-06	0x1.1600000000000p-20	139	134217728	normal	305
1144	358c	358c0000	1.043081283569336e-06	0x1.1800000000000p-20	35	33554432	normal	320
1145	358d	358d0000	1.0505318641662598e-06	0x1.1a00000000000p-20	141	134217728	normal	390
1146	358e	358e0000	1.0579824447631836e-06	0x1.1c00000000000p-20	71	67108864	normal	309
1147	358f	358f0000	1.0654330253601074e-06	0x1.1e00000000000p-20	143	134217728	normal	312
1148	3590	35900000	1.0728836059570312e-06	0x1.2000000000000p-20	9	8388608	normal	422
1149	3591	35910000	1.080334186553955e-06	0x1.2200000000000p-20	145	134217728	normal	289
1150	3592	35920000	1.087784767150879e-06	0x1.2400000000000p-20	73	67108864	normal	360
1151	3593	35930000	1.0952353477478027e-06	0x1.2600000000000p-20	147	134217728	normal	434
1152	3594	35940000	1.1026859283447266e-06	0x1.2800000000000p-20	37	33554432	normal	317
1153	3595	35950000	1.1101365089416504e-06	0x1.2a00000000000p-20	149	134217728	normal	297
1154	3596	35960000	1.1175870895385742e-06	0x1.2c00000000000p-20	75	67108864	normal	315
1155	3597	35970000	1.125037670135498e-06	0x1.2e00000000000p-20	151	134217728	normal	404
1156	3598	35980000	1.1324882507324219e-06	0x1.3000000000000p-20	19	16777216	normal	324
1157	3599	35990000	1.1399388313293457e-06	0x1.3200000000000p-20	153	134217728	normal	322
1158	359a	359a0000	1.1473894119262695e-06	0x1.3400000000000p-20	77	67108864	normal	435
1159	359b	359b0000	1.1548399925231934e-06	0x1.3600000000000p-20	155	134217728	normal	312
1160	359c	359c0000	1.1622905731201172e-06	0x1.3800000000000p-20	39	33554432	normal	351
1161	359d	359d0000	1.169741153717041e-06	0x1.3a00000000000p-20	157	134217728	normal	382
1162	359e	359e0000	1.1771917343139648e-06	0x1.3c00000000000p-20	79	67108864	normal	338
1163	359f	359f0000	1.1846423149108887e-06	0x1.3e00000000000p-20	159	134217728	normal	290
1164	35a0	35a00000	1.1920928955078125e-06	0x1.4000000000000p-20	5	4194304	normal	417
1165	35a1	35a10000	1.1995434761047363e-06	0x1.4200000000000p-20	161	134217728	normal	430
1166	35a2	35a20000	1.2069940567016602e-06	0x1.4400000000000p-20	81	67108864	normal	403
1167	35a3	35a30000	1.214444637298584e-06	0x1.4600000000000p-20	163	134217728	normal	312
1168	35a4	35a40000	1.2218952178955078e-06	0x1.4800000000000p-20	41	33554432	normal	307
1169	35a5	35a50000	1.2293457984924316e-06	0x1.4a00000000000p-20	165	134217728	normal	392
1170	35a6	35a60000	1.2367963790893555e-06	0x1.4c00000000000p-20	83	67108864	normal	283
1171	35a7	35a70000	1.2442469596862793e-06	0x1.4e00000000000p-20	167	134217728	normal	326
1172	35a8	35a80000	1.2516975402832031e-06	0x1.5000000000000p-20	21	16777216	normal	417
1173	35a9	35a90000	1.259148120880127e-06	0x1.5200000000000p-20	169	134217728	normal	318
1174	35aa	35aa0000	1.2665987014770508e-06	0x1.5400000000000p-20	85	67108864	normal	316
1175	35ab	35ab0000	1.2740492820739746e-06	0x1.5600000000000p-20	171	134217728	normal	300
1176	35ac	35ac0000	1.2814998626708984e-06	0x1.5800000000000p-20	43	33554432	normal	421
1177	35ad	35ad0000	1.2889504432678223e-06	0x1.5a00000000000p-20	173	134217728	normal	318
1178	35ae	35ae0000	1.296401023864746e-06	0x1.5c00000000000p-20	87	67108864	normal	295
1179	35af	35af0000	1.30385160446167e-06	0x1.5e00000000000p-20	175	134217728	normal	391
1180	35b0	35b00000	1.3113021850585938e-06	0x1.6000000000000p-20	11	8388608	normal	343
1181	35b1	35b10000	1.3187527656555176e-06	0x1.6200000000000p-20	177	134217728	normal	324
1182	35b2	35b20000	1.3262033462524414e-06	0x1.6400000000000p-20	89	67108864	normal	402
1183	35b3	35b30000	1.3336539268493652e-06	0x1.6600000000000p-20	179	134217728	normal	318
1184	35b4	35b40000	1.341104507446289e-06	0x1.6800000000000p-20	45	33554432	normal	312
1185	35b5	35b50000	1.3485550880432129e-06	0x1.6a00000000000p-20	181	134217728	normal	413
1186	35b6	35b60000	1.3560056686401367e-06	0x1.6c00000000000p-20	91	67108864	normal	302
1187	35b7	35b70000	1.3634562492370605e-06	0x1.6e00000000000p-20	183	134217728	normal	308
1188	35b8	35b80000	1.3709068298339844e-06	0x1.7000000000000p-20	23	16777216	normal	433
1189	35b9	35b90000	1.3783574104309082e-06	0x1.7200000000000p-20	185	134217728	normal	334
1190	35ba	35ba0000	1.385807991027832e-06	0x1.7400000000000p-20	93	67108864	normal	323
1191	35bb	35bb0000	1.3932585716247559e-06	0x1.7600000000000p-20	187	134217728	normal	439
1192	35bc	35bc0000	1.4007091522216797e-06	0x1.7800000000000p-20	47	33554432	normal	295
1193	35bd	35bd0000	1.4081597328186035e-06	0x1.7a00000000000p-20	189	134217728	normal	364
1194	35be	35be0000	1.4156103134155273e-06	0x1.7c00000000000p-20	95	67108864	normal	397
1195	35bf	35bf0000	1.4230608940124512e-06	0x1.7e00000000000p-20	191	134217728	normal	234
1196	35c0	35c00000	1.430511474609375e-06	0x1.8000000000000p-20	3	2097152	normal	421
1197	35c1	35c10000	1.4379620552062988e-06	0x1.8200000000000p-20	193	134217728	normal	403
1198	35c2	35c20000	1.4454126358032227e-06	0x1.8400000000000p-20	97	67108864	normal	234
1199	35c3	35c30000	1.4528632164001465e-06	0x1.8600000000000p-20	195	134217728	normal	417
1200	35c4	35c40000	1.4603137969970703e-06	0x1.8800000000000p-20	49	33554432	normal	252
1201	35c5	35c50000	1.4677643775939941e-06	0x1.8a00000000000p-20	197	134217728	normal	555
1202	35c6	35c60000	1.475214958190918e-06	0x1.8c00000000000p-20	99	67108864	normal	232
1203	35c7	35c70000	1.4826655387878418e-06	0x1.8e00000000000p-20	199	134217728	normal	386
1204	35c8	35c80000	1.4901161193847656e-06	0x1.9000000000000p-20	25	16777216	normal	407
1205	35c9	35c90000	1.4975666999816895e-06	0x1.9200000000000p-20	201	134217728	normal	200
1206	35ca	35ca0000	1.5050172805786133e-06	0x1.9400000000000p-20	101	67108864	normal	378
1207	35cb	35cb0000	1.5124678611755371e-06	0x1.9600000000000p-20	203	134217728	normal	381
1208	35cc	35cc0000	1.519918441772461e-06	0x1.9800000000000p-20	51	33554432	normal	240
1209	35cd	35cd0000	1.5273690223693848e-06	0x1.9a00000000000p-20	205	134217728	normal	427
1210	35ce	35ce0000	1.5348196029663086e-06	0x1.9c00000000000p-20	103	67108864	normal	399
1211	35cf	35cf0000	1.5422701835632324e-06	0x1.9e00000000000p-20	207	134217728	normal	263
1212	35d0	35d00000	1.5497207641601562e-06	0x1.a000000000000p-20	13	8388608	normal	402
1213	35d1	35d10000	1.55717134475708e-06	0x1.a200000000000p-20	209	134217728	normal	425
1214	35d2	35d20000	1.564621925354004e-06	0x1.a400000000000p-20	105	67108864	normal	244
1215	35d3	35d30000	1.5720725059509277e-06	0x1.a600000000000p-20	211	134217728	normal	436
1216	35d4	35d40000	1.5795230865478516e-06	0x1.a800000000000p-20	53	33554432	normal	398
1217	35d5	35d50000	1.5869736671447754e-06	0x1.aa00000000000p-20	213	134217728	normal	218
1218	35d6	35d60000	1.5944242477416992e-06	0x1.ac00000000000p-20	107	67108864	normal	390
1219	35d7	35d70000	1.601874828338623e-06	0x1.ae00000000000p-20	215	134217728	normal	375
1220	35d8	35d80000	1.6093254089355469e-06	0x1.b000000000000p-20	27	16777216	normal	233
1221	35d9	35d90000	1.6167759895324707e-06	0x1.b200000000000p-20	217	134217728	normal	373
1222	35da	35da0000	1.6242265701293945e-06	0x1.b400000000000p-20	109	67108864	normal	378
1223	35db	35db0000	1.6316771507263184e-06	0x1.b600000000000p-20	219	134217728	normal	217
1224	35dc	35dc0000	1.6391277313232422e-06	0x1.b800000000000p-20	55	33554432	normal	370
1225	35dd	35dd0000	1.646578311920166e-06	0x1.ba00000000000p-20	221	134217728	normal	397
1226	35de	35de0000	1.6540288925170898e-06	0x1.bc00000000000p-20	111	67108864	normal	216
1227	35df	35df0000	1.6614794731140137e-06	0x1.be00000000000p-20	223	134217728	normal	363
1228	35e0	35e00000	1.6689300537109375e-06	0x1.c000000000000p-20	7	4194304	normal	424
1229	35e1	35e10000	1.6763806343078613e-06	0x1.c200000000000p-20	225	134217728	normal	248
1230	35e2	35e20000	1.6838312149047852e-06	0x1.c400000000000p-20	113	67108864	normal	384
1231	35e3	35e30000	1.691281795501709e-06	0x1.c600000000000p-20	227	134217728	normal	393
1232	35e4	35e40000	1.6987323760986328e-06	0x1.c800000000000p-20	57	33554432	normal	208
1233	35e5	35e50000	1.7061829566955566e-06	0x1.ca00000000000p-20	229	134217728	normal	394
1234	35e6	35e60000	1.7136335372924805e-06	0x1.cc00000000000p-20	115	67108864	normal	386
1235	35e7	35e70000	1.7210841178894043e-06	0x1.ce00000000000p-20	231	134217728	normal	262
1236	35e8	35e80000	1.7285346984863281e-06	0x1.d000000000000p-20	29	16777216	normal	409
1237	35e9	35e90000	1.735985279083252e-06	0x1.d200000000000p-20	233	134217728	normal	391
1238	35ea	35ea0000	1.7434358596801758e-06	0x1.d400000000000p-20	117	67108864	normal	369
1239	35eb	35eb0000	1.7508864402770996e-06	0x1.d600000000000p-20	235	134217728	normal	396
1240	35ec	35ec0000	1.7583370208740234e-06	0x1.d800000000000p-20	59	33554432	normal	215
1241	35ed	35ed0000	1.7657876014709473e-06	0x1.da00000000000p-20	237	134217728	normal	395
1242	35ee	35ee0000	1.773238182067871e-06	0x1.dc00000000000p-20	119	67108864	normal	400
1243	35ef	35ef0000	1.780688762664795e-06	0x1.de00000000000p-20	239	134217728	normal	246
1244	35f0	35f00000	1.7881393432617188e-06	0x1.e000000000000p-20	15	8388608	normal	409
1245	35f1	35f10000	1.7955899238586426e-06	0x1.e200000000000p-20	241	134217728	normal	359
1246	35f2	35f20000	1.8030405044555664e-06	0x1.e400000000000p-20	121	67108864	normal	225
1247	35f3	35f30000	1.8104910850524902e-06	0x1.e600000000000p-20	243	134217728	normal	337
1248	35f4	35f40000	1.817941665649414e-06	0x1.e800000000000p-20	61	33554432	normal	196
1249	35f5	35f50000	1.8253922462463379e-06	0x1.ea00000000000p-20	245	134217728	normal	382
1250	35f6	35f60000	1.8328428268432617e-06	0x1.ec00000000000p-20	123	67108864	normal	398
1251	35f7	35f70000	1.8402934074401855e-06	0x1.ee00000000000p-20	247	134217728	normal	238
1252	35f8	35f80000	1.8477439880371094e-06	0x1.f000000000000p-20	31	16777216	normal	372
1253	35f9	35f90000	1.8551945686340332e-06	0x1.f200000000000p-20	249	134217728	normal	357
1254	35fa	35fa0000	1.862645149230957e-06	0x1.f400000000000p-20	125	67108864	normal	176
1255	35fb	35fb0000	1.8700957298278809e-06	0x1.f600000000000p-20	251	134217728	normal	395
1256	35fc	35fc0000	1.8775463104248047e-06	0x1.f800000000000p-20	63	33554432	normal	232
1257	35fd	35fd0000	1.8849968910217285e-06	0x1.fa00000000000p-20	253	134217728	normal	528
1258	35fe	35fe0000	1.8924474716186523e-06	0x1.fc00000000000p-20	127	67108864	normal	214
1259	35ff	35ff0000	1.8998980522155762e-06	0x1.fe00000000000p-20	255	134217728	normal	408
1260	3600	36000000	1.9073486328125e-06	0x1.0000000000000p-19	1	524288	normal	496
1261	3601	36010000	1.9222497940063477e-06	0x1.0200000000000p-19	129	67108864	normal	737
1262	3602	36020000	1.9371509552001953e-06	0x1.0400000000000p-19	65	33554432	normal	602
1263	3603	36030000	1.952052116394043e-06	0x1.0600000000000p-19	131	67108864	normal	568
1264	3604	36040000	1.9669532775878906e-06	0x1.0800000000000p-19	33	16777216	normal	713
1265	3605	36050000	1.9818544387817383e-06	0x1.0a00000000000p-19	133	67108864	normal	644
1266	3606	36060000	1.996755599975586e-06	0x1.0c00000000000p-19	67	33554432	normal	569
1267	3607	36070000	2.0116567611694336e-06	0x1.0e00000000000p-19	135	67108864	normal	791
1268	3608	36080000	2.0265579223632812e-06	0x1.1000000000000p-19	17	8388608	normal	576
1269	3609	36090000	2.041459083557129e-06	0x1.1200000000000p-19	137	67108864	normal	613
1270	360a	360a0000	2.0563602447509766e-06	0x1.1400000000000p-19	69	33554432	normal	737
1271	360b	360b0000	2.0712614059448242e-06	0x1.1600000000000p-19	139	67108864	normal	629
1272	360c	360c0000	2.086162567138672e-06	0x1.1800000000000p-19	35	16777216	normal	601
1273	360d	360d0000	2.1010637283325195e-06	0x1.1a00000000000p-19	141	67108864	normal	715
1274	360e	360e0000	2.115964889526367e-06	0x1.1c00000000000p-19	71	33554432	normal	643
1275	360f	360f0000	2.130866050720215e-06	0x1.1e00000000000p-19	143	67108864	normal	586
1276	3610	36100000	2.1457672119140625e-06	0x1.2000000000000p-19	9	4194304	normal	704
1277	3611	36110000	2.16066837310791e-06	0x1.2200000000000p-19	145	67108864	normal	547
1278	3612	36120000	2.175569534301758e-06	0x1.2400000000000p-19	73	33554432	normal	606
1279	3613	36130000	2.1904706954956055e-06	0x1.2600000000000p-19	147	67108864	normal	714
1280	3614	36140000	2.205371856689453e-06	0x1.2800000000000p-19	37	16777216	normal	540
1281	3615	36150000	2.2202730178833008e-06	0x1.2a00000000000p-19	149	67108864	normal	582
1282	3616	36160000	2.2351741790771484e-06	0x1.2c00000000000p-19	75	33554432	normal	618
1283	3617	36170000	2.250075340270996e-06	0x1.2e00000000000p-19	151	67108864	normal	709
1284	3618	36180000	2.2649765014648438e-06	0x1.3000000000000p-19	19	8388608	normal	609
1285	3619	36190000	2.2798776626586914e-06	0x1.3200000000000p-19	153	67108864	normal	573
1286	361a	361a0000	2.294778823852539e-06	0x1.3400000000000p-19	77	33554432	normal	748
1287	361b	361b0000	2.3096799850463867e-06	0x1.3600000000000p-19	155	67108864	normal	563
1288	361c	361c0000	2.3245811462402344e-06	0x1.3800000000000p-19	39	16777216	normal	590
1289	361d	361d0000	2.339482307434082e-06	0x1.3a00000000000p-19	157	67108864	normal	706
1290	361e	361e0000	2.3543834686279297e-06	0x1.3c00000000000p-19	79	33554432	normal	586
1291	361f	361f0000	2.3692846298217773e-06	0x1.3e00000000000p-19	159	67108864	normal	593
1292	3620	36200000	2.384185791015625e-06	0x1.4000000000000p-19	5	2097152	normal	707
1293	3621	36210000	2.3990869522094727e-06	0x1.4200000000000p-19	161	67108864	normal	718
1294	3622	36220000	2.4139881134033203e-06	0x1.4400000000000p-19	81	33554432	normal	704
1295	3623	36230000	2.428889274597168e-06	0x1.4600000000000p-19	163	67108864	normal	584
1296	3624	36240000	2.4437904357910156e-06	0x1.4800000000000p-19	41	16777216	normal	597
1297	3625	36250000	2.4586915969848633e-06	0x1.4a00000000000p-19	165	67108864	normal	716
1298	3626	36260000	2.473592758178711e-06	0x1.4c00000000000p-19	83	33554432	normal	563
1299	3627	36270000	2.4884939193725586e-06	0x1.4e00000000000p-19	167	67108864	normal	599
1300	3628	36280000	2.5033950805664062e-06	0x1.5000000000000p-19	21	8388608	normal	704
1301	3629	36290000	2.518296241760254e-06	0x1.5200000000000p-19	169	67108864	normal	581
1302	362a	362a0000	2.5331974029541016e-06	0x1.5400000000000p-19	85	33554432	normal	593
1303	362b	362b0000	2.5480985641479492e-06	0x1.5600000000000p-19	171	67108864	normal	580
1304	362c	362c0000	2.562999725341797e-06	0x1.5800000000000p-19	43	16777216	normal	683
1305	362d	362d0000	2.5779008865356445e-06	0x1.5a00000000000p-19	173	67108864	normal	589
1306	362e	362e0000	2.592802047729492e-06	0x1.5c00000000000p-19	87	33554432	normal	595
1307	362f	362f0000	2.60770320892334e-06	0x1.5e00000000000p-19	175	67108864	normal	667
1308	3630	36300000	2.6226043701171875e-06	0x1.6000000000000p-19	11	4194304	normal	574
1309	3631	36310000	2.637505531311035e-06	0x1.6200000000000p-19	177	67108864	normal	573
1310	3632	36320000	2.652406692504883e-06	0x1.6400000000000p-19	89	33554432	normal	690
1311	3633	36330000	2.6673078536987305e-06	0x1.6600000000000p-19	179	67108864	normal	624
1312	3634	36340000	2.682209014892578e-06	0x1.6800000000000p-19	45	16777216	normal	562
1313	3635	36350000	2.6971101760864258e-06	0x1.6a00000000000p-19	181	67108864	normal	686
1314	3636	36360000	2.7120113372802734e-06	0x1.6c00000000000p-19	91	33554432	normal	560
1315	3637	36370000	2.726912498474121e-06	0x1.6e00000000000p-19	183	67108864	normal	557
1316	3638	36380000	2.7418136596679688e-06	0x1.7000000000000p-19	23	8388608	normal	706
1317	3639	36390000	2.7567148208618164e-06	0x1.7200000000000p-19	185	67108864	normal	594
1318	363a	363a0000	2.771615982055664e-06	0x1.7400000000000p-19	93	33554432	normal	535
1319	363b	363b0000	2.7865171432495117e-06	0x1.7600000000000p-19	187	67108864	normal	666
1320	363c	363c0000	2.8014183044433594e-06	0x1.7800000000000p-19	47	16777216	normal	540
1321	363d	363d0000	2.816319465637207e-06	0x1.7a00000000000p-19	189	67108864	normal	622
1322	363e	363e0000	2.8312206268310547e-06	0x1.7c00000000000p-19	95	33554432	normal	644
1323	363f	363f0000	2.8461217880249023e-06	0x1.7e00000000000p-19	191	67108864	normal	473
1324	3640	36400000	2.86102294921875e-06	0x1.8000000000000p-19	3	1048576	normal	669
1325	3641	36410000	2.8759241104125977e-06	0x1.8200000000000p-19	193	67108864	normal	654
1326	3642	36420000	2.8908252716064453e-06	0x1.8400000000000p-19	97	33554432	normal	459
1327	3643	36430000	2.905726432800293e-06	0x1.8600000000000p-19	195	67108864	normal	624
1328	3644	36440000	2.9206275939941406e-06	0x1.8800000000000p-19	49	16777216	normal	465
1329	3645	36450000	2.9355287551879883e-06	0x1.8a00000000000p-19	197	67108864	normal	906
1330	3646	36460000	2.950429916381836e-06	0x1.8c00000000000p-19	99	33554432	normal	470
1331	3647	36470000	2.9653310775756836e-06	0x1.8e00000000000p-19	199	67108864	normal	643
1332	3648	36480000	2.9802322387695312e-06	0x1.9000000000000p-19	25	8388608	normal	671
1333	3649	36490000	2.995133399963379e-06	0x1.9200000000000p-19	201	67108864	normal	489
1334	364a	364a0000	3.0100345611572266e-06	0x1.9400000000000p-19	101	33554432	normal	666
1335	364b	364b0000	3.0249357223510742e-06	0x1.9600000000000p-19	203	67108864	normal	676
1336	364c	364c0000	3.039836883544922e-06	0x1.9800000000000p-19	51	16777216	normal	449
1337	364d	364d0000	3.0547380447387695e-06	0x1.9a00000000000p-19	205	67108864	normal	638
1338	364e	364e0000	3.069639205932617e-06	0x1.9c00000000000p-19	103	33554432	normal	642
1339	364f	364f0000	3.084540367126465e-06	0x1.9e00000000000p-19	207	67108864	normal	431
1340	3650	36500000	3.0994415283203125e-06	0x1.a000000000000p-19	13	4194304	normal	598
1341	3651	36510000	3.11434268951416e-06	0x1.a200000000000p-19	209	67108864	normal	679
1342	3652	36520000	3.129243850708008e-06	0x1.a400000000000p-19	105	33554432	normal	479
1343	3653	36530000	3.1441450119018555e-06	0x1.a600000000000p-19	211	67108864	normal	583
1344	3654	36540000	3.159046173095703e-06	0x1.a800000000000p-19	53	16777216	normal	616
1345	3655	36550000	3.1739473342895508e-06	0x1.aa00000000000p-19	213	67108864	normal	481
1346	3656	36560000	3.1888484954833984e-06	0x1.ac00000000000p-19	107	33554432	normal	588
1347	3657	36570000	3.203749656677246e-06	0x1.ae00000000000p-19	215	67108864	normal	639
1348	3658	36580000	3.2186508178710938e-06	0x1.b000000000000p-19	27	8388608	normal	476
1349	3659	36590000	3.2335519790649414e-06	0x1.b200000000000p-19	217	67108864	normal	613
1350	365a	365a0000	3.248453140258789e-06	0x1.b400000000000p-19	109	33554432	normal	640
1351	365b	365b0000	3.2633543014526367e-06	0x1.b600000000000p-19	219	67108864	normal	452
1352	365c	365c0000	3.2782554626464844e-06	0x1.b800000000000p-19	55	16777216	normal	634
1353	365d	365d0000	3.293156623840332e-06	0x1.ba00000000000p-19	221	67108864	normal	596
1354	365e	365e0000	3.3080577850341797e-06	0x1.bc00000000000p-19	111	33554432	normal	441
1355	365f	365f0000	3.3229589462280273e-06	0x1.be00000000000p-19	223	67108864	normal	649
1356	3660	36600000	3.337860107421875e-06	0x1.c000000000000p-19	7	2097152	normal	564
1357	3661	36610000	3.3527612686157227e-06	0x1.c200000000000p-19	225	67108864	normal	438
1358	3662	36620000	3.3676624298095703e-06	0x1.c400000000000p-19	113	33554432	normal	603
1359	3663	36630000	3.382563591003418e-06	0x1.c600000000000p-19	227	67108864	normal	630
1360	3664	36640000	3.3974647521972656e-06	0x1.c800000000000p-19	57	16777216	normal	430
1361	3665	36650000	3.4123659133911133e-06	0x1.ca00000000000p-19	229	67108864	normal	564
1362	3666	36660000	3.427267074584961e-06	0x1.cc00000000000p-19	115	33554432	normal	667
1363	3667	36670000	3.4421682357788086e-06	0x1.ce00000000000p-19	231	67108864	normal	453
1364	3668	36680000	3.4570693969726562e-06	0x1.d000000000000p-19	29	8388608	normal	588
1365	3669	36690000	3.471970558166504e-06	0x1.d200000000000p-19	233	67108864	normal	630
1366	366a	366a0000	3.4868717193603516e-06	0x1.d400000000000p-19	117	33554432	normal	559
1367	366b	366b0000	3.5017728805541992e-06	0x1.d600000000000p-19	235	67108864	normal	548
1368	366c	366c0000	3.516674041748047e-06	0x1.d800000000000p-19	59	16777216	normal	450
1369	366d	366d0000	3.5315752029418945e-06	0x1.da00000000000p-19	237	67108864	normal	565
1370	366e	366e0000	3.546476364135742e-06	0x1.dc00000000000p-19	119	33554432	normal	620
1371	366f	366f0000	3.56137752532959e-06	0x1.de00000000000p-19	239	67108864	normal	492
1372	3670	36700000	3.5762786865234375e-06	0x1.e000000000000p-19	15	4194304	normal	614
1373	3671	36710000	3.591179847717285e-06	0x1.e200000000000p-19	241	67108864	normal	576
1374	3672	36720000	3.606081008911133e-06	0x1.e400000000000p-19	121	33554432	normal	462
1375	3673	36730000	3.6209821701049805e-06	0x1.e600000000000p-19	243	67108864	normal	613
1376	3674	36740000	3.635883331298828e-06	0x1.e800000000000p-19	61	16777216	normal	450
1377	3675	36750000	3.6507844924926758e-06	0x1.ea00000000000p-19	245	67108864	normal	568
1378	3676	36760000	3.6656856536865234e-06	0x1.ec00000000000p-19	123	33554432	normal	609
1379	3677	36770000	3.680586814880371e-06	0x1.ee00000000000p-19	247	67108864	normal	485
1380	3678	36780000	3.6954879760742188e-06	0x1.f000000000000p-19	31	8388608	normal	565
1381	3679	36790000	3.7103891372680664e-06	0x1.f200000000000p-19	249	67108864	normal	610
1382	367a	367a0000	3.725290298461914e-06	0x1.f400000000000p-19	125	33554432	normal	433
1383	367b	367b0000	3.7401914596557617e-06	0x1.f600000000000p-19	251	67108864	normal	574
1384	367c	367c0000	3.7550926208496094e-06	0x1.f800000000000p-19	63	16777216	normal	396
1385	367d	367d0000	3.769993782043457e-06	0x1.fa00000000000p-19	253	67108864	normal	660
1386	367e	367e0000	3.7848949432373047e-06	0x1.fc00000000000p-19	127	33554432	normal	439
1387	367f	367f0000	3.7997961044311523e-06	0x1.fe00000000000p-19	255	67108864	normal	604
1388	3680	36800000	3.814697265625e-06	0x1.0000000000000p-18	1	262144	normal	768
1389	3681	36810000	3.844499588012695e-06	0x1.0200000000000p-18	129	33554432	normal	1160
1390	3682	36820000	3.874301910400391e-06	0x1.0400000000000p-18	65	16777216	normal	1077
1391	3683	36830000	3.904104232788086e-06	0x1.0600000000000p-18	131	33554432	normal	1041
1392	3684	36840000	3.933906555175781e-06	0x1.0800000000000p-18	33	8388608	normal	1138
1393	3685	36850000	3.9637088775634766e-06	0x1.0a00000000000p-18	133	33554432	normal	1027
1394	3686	36860000	3.993511199951172e-06	0x1.0c00000000000p-18	67	16777216	normal	998
1395	3687	36870000	4.023313522338867e-06	0x1.0e00000000000p-18	135	33554432	normal	1177
1396	3688	36880000	4.0531158447265625e-06	0x1.1000000000000p-18	17	4194304	normal	962
1397	3689	36890000	4.082918167114258e-06	0x1.1200000000000p-18	137	33554432	normal	984
1398	368a	368a0000	4.112720489501953e-06	0x1.1400000000000p-18	69	16777216	normal	1115
1399	368b	368b0000	4.1425228118896484e-06	0x1.1600000000000p-18	139	33554432	normal	1018
1400	368c	368c0000	4.172325134277344e-06	0x1.1800000000000p-18	35	8388608	normal	968
1401	368d	368d0000	4.202127456665039e-06	0x1.1a00000000000p-18	141	33554432	normal	1075
1402	368e	368e0000	4.231929779052734e-06	0x1.1c00000000000p-18	71	16777216	normal	977
1403	368f	368f0000	4.26173210144043e-06	0x1.1e00000000000p-18	143	33554432	normal	998
1404	3690	36900000	4.291534423828125e-06	0x1.2000000000000p-18	9	2097152	normal	1082
1405	3691	36910000	4.32133674621582e-06	0x1.2200000000000p-18	145	33554432	normal	905
1406	3692	36920000	4.351139068603516e-06	0x1.2400000000000p-18	73	16777216	normal	1018
1407	3693	36930000	4.380941390991211e-06	0x1.2600000000000p-18	147	33554432	normal	1063
1408	3694	36940000	4.410743713378906e-06	0x1.2800000000000p-18	37	8388608	normal	973
1409	3695	36950000	4.4405460357666016e-06	0x1.2a00000000000p-18	149	33554432	normal	976
1410	3696	36960000	4.470348358154297e-06	0x1.2c00000000000p-18	75	16777216	normal	993
1411	3697	36970000	4.500150680541992e-06	0x1.2e00000000000p-18	151	33554432	normal	1099
1412	3698	36980000	4.5299530029296875e-06	0x1.3000000000000p-18	19	4194304	normal	979
1413	3699	36990000	4.559755325317383e-06	0x1.3200000000000p-18	153	33554432	normal	980
1414	369a	369a0000	4.589557647705078e-06	0x1.3400000000000p-18	77	16777216	normal	1002
1415	369b	369b0000	4.6193599700927734e-06	0x1.3600000000000p-18	155	33554432	normal	952
1416	369c	369c0000	4.649162292480469e-06	0x1.3800000000000p-18	39	8388608	normal	977
1417	369d	369d0000	4.678964614868164e-06	0x1.3a00000000000p-18	157	33554432	normal	1056
1418	369e	369e0000	4.708766937255859e-06	0x1.3c00000000000p-18	79	16777216	normal	972
1419	369f	369f0000	4.738569259643555e-06	0x1.3e00000000000p-18	159	33554432	normal	972
1420	36a0	36a00000	4.76837158203125e-06	0x1.4000000000000p-18	5	1048576	normal	1005
1421	36a1	36a10000	4.798173904418945e-06	0x1.4200000000000p-18	161	33554432	normal	1073
1422	36a2	36a20000	4.827976226806641e-06	0x1.4400000000000p-18	81	16777216	normal	1069
1423	36a3	36a30000	4.857778549194336e-06	0x1.4600000000000p-18	163	33554432	normal	957
1424	36a4	36a40000	4.887580871582031e-06	0x1.4800000000000p-18	41	8388608	normal	976
1425	36a5	36a50000	4.9173831939697266e-06	0x1.4a00000000000p-18	165	33554432	normal	986
1426	36a6	36a60000	4.947185516357422e-06	0x1.4c00000000000p-18	83	16777216	normal	968
1427	36a7	36a70000	4.976987838745117e-06	0x1.4e00000000000p-18	167	33554432	normal	969
1428	36a8	36a80000	5.0067901611328125e-06	0x1.5000000000000p-18	21	4194304	normal	1031
1429	36a9	36a90000	5.036592483520508e-06	0x1.5200000000000p-18	169	33554432	normal	970
1430	36aa	36aa0000	5.066394805908203e-06	0x1.5400000000000p-18	85	16777216	normal	945
1431	36ab	36ab0000	5.0961971282958984e-06	0x1.5600000000000p-18	171	33554432	normal	931
1432	36ac	36ac0000	5.125999450683594e-06	0x1.5800000000000p-18	43	8388608	normal	1002
1433	36ad	36ad0000	5.155801773071289e-06	0x1.5a00000000000p-18	173	33554432	normal	1030
1434	36ae	36ae0000	5.185604095458984e-06	0x1.5c00000000000p-18	87	16777216	normal	959
1435	36af	36af0000	5.21540641784668e-06	0x1.5e00000000000p-18	175	33554432	normal	1009
1436	36b0	36b00000	5.245208740234375e-06	0x1.6000000000000p-18	11	2097152	normal	912
1437	36b1	36b10000	5.27501106262207e-06	0x1.6200000000000p-18	177	33554432	normal	912
1438	36b2	36b20000	5.304813385009766e-06	0x1.6400000000000p-18	89	16777216	normal	981
1439	36b3	36b30000	5.334615707397461e-06	0x1.6600000000000p-18	179	33554432	normal	903
1440	36b4	36b40000	5.364418029785156e-06	0x1.6800000000000p-18	45	8388608	normal	885
1441	36b5	36b50000	5.3942203521728516e-06	0x1.6a00000000000p-18	181	33554432	normal	1032
1442	36b6	36b60000	5.424022674560547e-06	0x1.6c00000000000p-18	91	16777216	normal	973
1443	36b7	36b70000	5.453824996948242e-06	0x1.6e00000000000p-18	183	33554432	normal	968
1444	36b8	36b80000	5.4836273193359375e-06	0x1.7000000000000p-18	23	4194304	normal	939
1445	36b9	36b90000	5.513429641723633e-06	0x1.7200000000000p-18	185	33554432	normal	945
1446	36ba	36ba0000	5.543231964111328e-06	0x1.7400000000000p-18	93	16777216	normal	900
1447	36bb	36bb0000	5.5730342864990234e-06	0x1.7600000000000p-18	187	33554432	normal	912
1448	36bc	36bc0000	5.602836608886719e-06	0x1.7800000000000p-18	47	8388608	normal	926
1449	36bd	36bd0000	5.632638931274414e-06	0x1.7a00000000000p-18	189	33554432	normal	911
1450	36be	36be0000	5.662441253662109e-06	0x1.7c00000000000p-18	95	16777216	normal	977
1451	36bf	36bf0000	5.692243576049805e-06	0x1.7e00000000000p-18	191	33554432	normal	918
1452	36c0	36c00000	5.7220458984375e-06	0x1.8000000000000p-18	3	524288	normal	950
1453	36c1	36c10000	5.751848220825195e-06	0x1.8200000000000p-18	193	33554432	normal	909
1454	36c2	36c20000	5.781650543212891e-06	0x1.8400000000000p-18	97	16777216	normal	920
1455	36c3	36c30000	5.811452865600586e-06	0x1.8600000000000p-18	195	33554432	normal	978
1456	36c4	36c40000	5.841255187988281e-06	0x1.8800000000000p-18	49	8388608	normal	889
1457	36c5	36c50000	5.8710575103759766e-06	0x1.8a00000000000p-18	197	33554432	normal	1029
1458	36c6	36c60000	5.900859832763672e-06	0x1.8c00000000000p-18	99	16777216	normal	933
1459	36c7	36c70000	5.930662155151367e-06	0x1.8e00000000000p-18	199	33554432	normal	927
1460	36c8	36c80000	5.9604644775390625e-06	0x1.9000000000000p-18	25	4194304	normal	982
1461	36c9	36c90000	5.990266799926758e-06	0x1.9200000000000p-18	201	33554432	normal	939
1462	36ca	36ca0000	6.020069122314453e-06	0x1.9400000000000p-18	101	16777216	normal	981
1463	36cb	36cb0000	6.0498714447021484e-06	0x1.9600000000000p-18	203	33554432	normal	937
1464	36cc	36cc0000	6.079673767089844e-06	0x1.9800000000000p-18	51	8388608	normal	925
1465	36cd	36cd0000	6.109476089477539e-06	0x1.9a00000000000p-18	205	33554432	normal	916
1466	36ce	36ce0000	6.139278411865234e-06	0x1.9c00000000000p-18	103	16777216	normal	999
1467	36cf	36cf0000	6.16908073425293e-06	0x1.9e00000000000p-18	207	33554432	normal	907
1468	36d0	36d00000	6.198883056640625e-06	0x1.a000000000000p-18	13	2097152	normal	935
1469	36d1	36d10000	6.22868537902832e-06	0x1.a200000000000p-18	209	33554432	normal	972
1470	36d2	36d20000	6.258487701416016e-06	0x1.a400000000000p-18	105	16777216	normal	871
1471	36d3	36d30000	6.288290023803711e-06	0x1.a600000000000p-18	211	33554432	normal	918
1472	36d4	36d40000	6.318092346191406e-06	0x1.a800000000000p-18	53	8388608	normal	939
1473	36d5	36d50000	6.3478946685791016e-06	0x1.aa00000000000p-18	213	33554432	normal	911
1474	36d6	36d60000	6.377696990966797e-06	0x1.ac00000000000p-18	107	16777216	normal	853
1475	36d7	36d70000	6.407499313354492e-06	0x1.ae00000000000p-18	215	33554432	normal	941
1476	36d8	36d80000	6.4373016357421875e-06	0x1.b000000000000p-18	27	4194304	normal	914
1477	36d9	36d90000	6.467103958129883e-06	0x1.b200000000000p-18	217	33554432	normal	933
1478	36da	36da0000	6.496906280517578e-06	0x1.b400000000000p-18	109	16777216	normal	913
1479	36db	36db0000	6.5267086029052734e-06	0x1.b600000000000p-18	219	33554432	normal	855
1480	36dc	36dc0000	6.556510925292969e-06	0x1.b800000000000p-18	55	8388608	normal	906
1481	36dd	36dd0000	6.586313247680664e-06	0x1.ba00000000000p-18	221	33554432	normal	934
1482	36de	36de0000	6.616115570068359e-06	0x1.bc00000000000p-18	111	16777216	normal	889
1483	36df	36df0000	6.645917892456055e-06	0x1.be00000000000p-18	223	33554432	normal	918
1484	36e0	36e00000	6.67572021484375e-06	0x1.c000000000000p-18	7	1048576	normal	977
1485	36e1	36e10000	6.705522537231445e-06	0x1.c200000000000p-18	225	33554432	normal	889
1486	36e2	36e20000	6.735324859619141e-06	0x1.c400000000000p-18	113	16777216	normal	960
1487	36e3	36e30000	6.765127182006836e-06	0x1.c600000000000p-18	227	33554432	normal	950
1488	36e4	36e40000	6.794929504394531e-06	0x1.c800000000000p-18	57	8388608	normal	910
1489	36e5	36e50000	6.8247318267822266e-06	0x1.ca00000000000p-18	229	33554432	normal	881
1490	36e6	36e60000	6.854534149169922e-06	0x1.cc00000000000p-18	115	16777216	normal	929
1491	36e7	36e70000	6.884336471557617e-06	0x1.ce00000000000p-18	231	33554432	normal	876
1492	36e8	36e80000	6.9141387939453125e-06	0x1.d000000000000p-18	29	4194304	normal	956
1493	36e9	36e90000	6.943941116333008e-06	0x1.d200000000000p-18	233	33554432	normal	927
1494	36ea	36ea0000	6.973743438720703e-06	0x1.d400000000000p-18	117	16777216	normal	925
1495	36eb	36eb0000	7.0035457611083984e-06	0x1.d600000000000p-18	235	33554432	normal	899
1496	36ec	36ec0000	7.033348083496094e-06	0x1.d800000000000p-18	59	8388608	normal	880
1497	36ed	36ed0000	7.063150405883789e-06	0x1.da00000000000p-18	237	33554432	normal	880
1498	36ee	36ee0000	7.092952728271484e-06	0x1.dc00000000000p-18	119	16777216	normal	941
1499	36ef	36ef0000	7.12275505065918e-06	0x1.de00000000000p-18	239	33554432	normal	862
1500	36f0	36f00000	7.152557373046875e-06	0x1.e000000000000p-18	15	2097152	normal	926
1501	36f1	36f10000	7.18235969543457e-06	0x1.e200000000000p-18	241	33554432	normal	922
1502	36f2	36f20000	7.212162017822266e-06	0x1.e400000000000p-18	121	16777216	normal	888
1503	36f3	36f30000	7.241964340209961e-06	0x1.e600000000000p-18	243	33554432	normal	900
1504	36f4	36f40000	7.271766662597656e-06	0x1.e800000000000p-18	61	8388608	normal	908
1505	36f5	36f50000	7.3015689849853516e-06	0x1.ea00000000000p-18	245	33554432	normal	963
1506	36f6	36f60000	7.331371307373047e-06	0x1.ec00000000000p-18	123	16777216	normal	933
1507	36f7	36f70000	7.361173629760742e-06	0x1.ee00000000000p-18	247	33554432	normal	909
1508	36f8	36f80000	7.3909759521484375e-06	0x1.f000000000000p-18	31	4194304	normal	856
1509	36f9	36f90000	7.420778274536133e-06	0x1.f200000000000p-18	249	33554432	normal	922
1510	36fa	36fa0000	7.450580596923828e-06	0x1.f400000000000p-18	125	16777216	normal	830
1511	36fb	36fb0000	7.4803829193115234e-06	0x1.f600000000000p-18	251	33554432	normal	896
1512	36fc	36fc0000	7.510185241699219e-06	0x1.f800000000000p-18	63	8388608	normal	905
1513	36fd	36fd0000	7.539987564086914e-06	0x1.fa00000000000p-18	253	33554432	normal	917
1514	36fe	36fe0000	7.569789886474609e-06	0x1.fc00000000000p-18	127	16777216	normal	905
1515	36ff	36ff0000	7.599592208862305e-06	0x1.fe00000000000p-18	255	33554432	normal	939
1516	3700	37000000	7.62939453125e-06	0x1.0000000000000p-17	1	131072	normal	1313
1517	3701	37010000	7.68899917602539e-06	0x1.0200000000000p-17	129	16777216	normal	1793
1518	3702	37020000	7.748603820800781e-06	0x1.0400000000000p-17	65	8388608	normal	1827
1519	3703	37030000	7.808208465576172e-06	0x1.0600000000000p-17	131	16777216	normal	1779
1520	3704	37040000	7.867813110351562e-06	0x1.0800000000000p-17	33	4194304	normal	1798
1521	3705	37050000	7.927417755126953e-06	0x1.0a00000000000p-17	133	16777216	normal	1782
1522	3706	37060000	7.987022399902344e-06	0x1.0c00000000000p-17	67	8388608	normal	1781
1523	3707	37070000	8.046627044677734e-06	0x1.0e00000000000p-17	135	16777216	normal	1797
1524	3708	37080000	8.106231689453125e-06	0x1.1000000000000p-17	17	2097152	normal	1815
1525	3709	37090000	8.165836334228516e-06	0x1.1200000000000p-17	137	16777216	normal	1804
1526	370a	370a0000	8.225440979003906e-06	0x1.1400000000000p-17	69	8388608	normal	1849
1527	370b	370b0000	8.285045623779297e-06	0x1.1600000000000p-17	139	16777216	normal	1825
1528	370c	370c0000	8.344650268554688e-06	0x1.1800000000000p-17	35	4194304	normal	1788
1529	370d	370d0000	8.404254913330078e-06	0x1.1a00000000000p-17	141	16777216	normal	1816
1530	370e	370e0000	8.463859558105469e-06	0x1.1c00000000000p-17	71	8388608	normal	1764
1531	370f	370f0000	8.52346420288086e-06	0x1.1e00000000000p-17	143	16777216	normal	1756
1532	3710	37100000	8.58306884765625e-06	0x1.2000000000000p-17	9	1048576	normal	1807
1533	3711	37110000	8.64267349243164e-06	0x1.2200000000000p-17	145	16777216	normal	1749
1534	3712	37120000	8.702278137207031e-06	0x1.2400000000000p-17	73	8388608	normal	1760
1535	3713	37130000	8.761882781982422e-06	0x1.2600000000000p-17	147	16777216	normal	1818
1536	3714	37140000	8.821487426757812e-06	0x1.2800000000000p-17	37	4194304	normal	1783
1537	3715	37150000	8.881092071533203e-06	0x1.2a00000000000p-17	149	16777216	normal	1778
1538	3716	37160000	8.940696716308594e-06	0x1.2c00000000000p-17	75	8388608	normal	1804
1539	3717	37170000	9.000301361083984e-06	0x1.2e00000000000p-17	151	16777216	normal	1762
1540	3718	37180000	9.059906005859375e-06	0x1.3000000000000p-17	19	2097152	normal	1677
1541	3719	37190000	9.119510650634766e-06	0x1.3200000000000p-17	153	16777216	normal	1773
1542	371a	371a0000	9.179115295410156e-06	0x1.3400000000000p-17	77	8388608	normal	1815
1543	371b	371b0000	9.238719940185547e-06	0x1.3600000000000p-17	155	16777216	normal	1842
1544	371c	371c0000	9.298324584960938e-06	0x1.3800000000000p-17	39	4194304	normal	1810
1545	371d	371d0000	9.357929229736328e-06	0x1.3a00000000000p-17	157	16777216	normal	1768
1546	371e	371e0000	9.417533874511719e-06	0x1.3c00000000000p-17	79	8388608	normal	1814
1547	371f	371f0000	9.47713851928711e-06	0x1.3e00000000000p-17	159	16777216	normal	1768
1548	3720	37200000	9.5367431640625e-06	0x1.4000000000000p-17	5	524288	normal	1791
1549	3721	37210000	9.59634780883789e-06	0x1.4200000000000p-17	161	16777216	normal	1902
1550	3722	37220000	9.655952453613281e-06	0x1.4400000000000p-17	81	8388608	normal	1750
1551	3723	37230000	9.715557098388672e-06	0x1.4600000000000p-17	163	16777216	normal	1875
1552	3724	37240000	9.775161743164062e-06	0x1.4800000000000p-17	41	4194304	normal	1797
1553	3725	37250000	9.834766387939453e-06	0x1.4a00000000000p-17	165	16777216	normal	1803
1554	3726	37260000	9.894371032714844e-06	0x1.4c00000000000p-17	83	8388608	normal	1772
1555	3727	37270000	9.953975677490234e-06	0x1.4e00000000000p-17	167	16777216	normal	1825
1556	3728	37280000	1.0013580322265625e-05	0x1.5000000000000p-17	21	2097152	normal	1780
1557	3729	37290000	1.0073184967041016e-05	0x1.5200000000000p-17	169	16777216	normal	1789
1558	372a	372a0000	1.0132789611816406e-05	0x1.5400000000000p-17	85	8388608	normal	1762
1559	372b	372b0000	1.0192394256591797e-05	0x1.5600000000000p-17	171	16777216	normal	1781
1560	372c	372c0000	1.0251998901367188e-05	0x1.5800000000000p-17	43	4194304	normal	1718
1561	372d	372d0000	1.0311603546142578e-05	0x1.5a00000000000p-17	173	16777216	normal	1830
1562	372e	372e0000	1.0371208190917969e-05	0x1.5c00000000000p-17	87	8388608	normal	1806
1563	372f	372f0000	1.043081283569336e-05	0x1.5e00000000000p-17	175	16777216	normal	1715
1564	3730	37300000	1.049041748046875e-05	0x1.6000000000000p-17	11	1048576	normal	1752
1565	3731	37310000	1.055002212524414e-05	0x1.6200000000000p-17	177	16777216	normal	1750
1566	3732	37320000	1.0609626770019531e-05	0x1.6400000000000p-17	89	8388608	normal	1769
1567	3733	37330000	1.0669231414794922e-05	0x1.6600000000000p-17	179	16777216	normal	1740
1568	3734	37340000	1.0728836059570312e-05	0x1.6800000000000p-17	45	4194304	normal	1781
1569	3735	37350000	1.0788440704345703e-05	0x1.6a00000000000p-17	181	16777216	normal	1759
1570	3736	37360000	1.0848045349121094e-05	0x1.6c00000000000p-17	91	8388608	normal	1818
1571	3737	37370000	1.0907649993896484e-05	0x1.6e00000000000p-17	183	16777216	normal	1770
1572	3738	37380000	1.0967254638671875e-05	0x1.7000000000000p-17	23	2097152	normal	1757
1573	3739	37390000	1.1026859283447266e-05	0x1.7200000000000p-17	185	16777216	normal	1799
1574	373a	373a0000	1.1086463928222656e-05	0x1.7400000000000p-17	93	8388608	normal	1831
1575	373b	373b0000	1.1146068572998047e-05	0x1.7600000000000p-17	187	16777216	normal	1750
1576	373c	373c0000	1.1205673217773438e-05	0x1.7800000000000p-17	47	4194304	normal	1800
1577	373d	373d0000	1.1265277862548828e-05	0x1.7a00000000000p-17	189	16777216	normal	1810
1578	373e	373e0000	1.1324882507324219e-05	0x1.7c00000000000p-17	95	8388608	normal	1684
1579	373f	373f0000	1.138448715209961e-05	0x1.7e00000000000p-17	191	16777216	normal	1827
1580	3740	37400000	1.1444091796875e-05	0x1.8000000000000p-17	3	262144	normal	1733
1581	3741	37410000	1.150369644165039e-05	0x1.8200000000000p-17	193	16777216	normal	1776
1582	3742	37420000	1.1563301086425781e-05	0x1.8400000000000p-17	97	8388608	normal	1717
1583	3743	37430000	1.1622905731201172e-05	0x1.8600000000000p-17	195	16777216	normal	1801
1584	3744	37440000	1.1682510375976562e-05	0x1.8800000000000p-17	49	4194304	normal	1753
1585	3745	37450000	1.1742115020751953e-05	0x1.8a00000000000p-17	197	16777216	normal	1809
1586	3746	37460000	1.1801719665527344e-05	0x1.8c00000000000p-17	99	8388608	normal	1854
1587	3747	37470000	1.1861324310302734e-05	0x1.8e00000000000p-17	199	16777216	normal	1762
1588	3748	37480000	1.1920928955078125e-05	0x1.9000000000000p-17	25	2097152	normal	1833
1589	3749	37490000	1.1980533599853516e-05	0x1.9200000000000p-17	201	16777216	normal	1771
1590	374a	374a0000	1.2040138244628906e-05	0x1.9400000000000p-17	101	8388608	normal	1725
1591	374b	374b0000	1.2099742889404297e-05	0x1.9600000000000p-17	203	16777216	normal	1813
1592	374c	374c0000	1.2159347534179688e-05	0x1.9800000000000p-17	51	4194304	normal	1727
1593	374d	374d0000	1.2218952178955078e-05	0x1.9a00000000000p-17	205	16777216	normal	1793
1594	374e	374e0000	1.2278556823730469e-05	0x1.9c00000000000p-17	103	8388608	normal	1751
1595	374f	374f0000	1.233816146850586e-05	0x1.9e00000000000p-17	207	16777216	normal	1806
1596	3750	37500000	1.239776611328125e-05	0x1.a000000000000p-17	13	1048576	normal	1895
1597	3751	37510000	1.245737075805664e-05	0x1.a200000000000p-17	209	16777216	normal	1868
1598	3752	37520000	1.2516975402832031e-05	0x1.a400000000000p-17	105	8388608	normal	1763
1599	3753	37530000	1.2576580047607422e-05	0x1.a600000000000p-17	211	16777216	normal	1721
1600	3754	37540000	1.2636184692382812e-05	0x1.a800000000000p-17	53	4194304	normal	1764
1601	3755	37550000	1.2695789337158203e-05	0x1.aa00000000000p-17	213	16777216	normal	1807
1602	3756	37560000	1.2755393981933594e-05	0x1.ac00000000000p-17	107	8388608	normal	1670
1603	3757	37570000	1.2814998626708984e-05	0x1.ae00000000000p-17	215	16777216	normal	1791
1604	3758	37580000	1.2874603271484375e-05	0x1.b000000000000p-17	27	2097152	normal	1764
1605	3759	37590000	1.2934207916259766e-05	0x1.b200000000000p-17	217	16777216	normal	1742
1606	375a	375a0000	1.2993812561035156e-05	0x1.b400000000000p-17	109	8388608	normal	1804
1607	375b	375b0000	1.3053417205810547e-05	0x1.b600000000000p-17	219	16777216	normal	1779
1608	375c	375c0000	1.3113021850585938e-05	0x1.b800000000000p-17	55	4194304	normal	1804
1609	375d	375d0000	1.3172626495361328e-05	0x1.ba00000000000p-17	221	16777216	normal	1752
1610	375e	375e0000	1.3232231140136719e-05	0x1.bc00000000000p-17	111	8388608	normal	1828
1611	375f	375f0000	1.329183578491211e-05	0x1.be00000000000p-17	223	16777216	normal	1838
1612	3760	37600000	1.33514404296875e-05	0x1.c000000000000p-17	7	524288	normal	1790
1613	3761	37610000	1.341104507446289e-05	0x1.c200000000000p-17	225	16777216	normal	1758
1614	3762	37620000	1.3470649719238281e-05	0x1.c400000000000p-17	113	8388608	normal	1742
1615	3763	37630000	1.3530254364013672e-05	0x1.c600000000000p-17	227	16777216	normal	1802
1616	3764	37640000	1.3589859008789062e-05	0x1.c800000000000p-17	57	4194304	normal	1732
1617	3765	37650000	1.3649463653564453e-05	0x1.ca00000000000p-17	229	16777216	normal	1765
1618	3766	37660000	1.3709068298339844e-05	0x1.cc00000000000p-17	115	8388608	normal	1835
1619	3767	37670000	1.3768672943115234e-05	0x1.ce00000000000p-17	231	16777216	normal	1733
1620	3768	37680000	1.3828277587890625e-05	0x1.d000000000000p-17	29	2097152	normal	1772
1621	3769	37690000	1.3887882232666016e-05	0x1.d200000000000p-17	233	16777216	normal	1750
1622	376a	376a0000	1.3947486877441406e-05	0x1.d400000000000p-17	117	8388608	normal	1714
1623	376b	376b0000	1.4007091522216797e-05	0x1.d600000000000p-17	235	16777216	normal	1773
1624	376c	376c0000	1.4066696166992188e-05	0x1.d800000000000p-17	59	4194304	normal	1777
1625	376d	376d0000	1.4126300811767578e-05	0x1.da00000000000p-17	237	16777216	normal	1741
1626	376e	376e0000	1.4185905456542969e-05	0x1.dc00000000000p-17	119	8388608	normal	1834
1627	376f	376f0000	1.424551010131836e-05	0x1.de00000000000p-17	239	16777216	normal	1739
1628	3770	37700000	1.430511474609375e-05	0x1.e000000000000p-17	15	1048576	normal	1774
1629	3771	37710000	1.436471939086914e-05	0x1.e200000000000p-17	241	16777216	normal	1771
1630	3772	37720000	1.4424324035644531e-05	0x1.e400000000000p-17	121	8388608	normal	1708
1631	3773	37730000	1.4483928680419922e-05	0x1.e600000000000p-17	243	16777216	normal	1793
1632	3774	37740000	1.4543533325195312e-05	0x1.e800000000000p-17	61	4194304	normal	1766
1633	3775	37750000	1.4603137969970703e-05	0x1.ea00000000000p-17	245	16777216	normal	1816
1634	3776	37760000	1.4662742614746094e-05	0x1.ec00000000000p-17	123	8388608	normal	1793
1635	3777	37770000	1.4722347259521484e-05	0x1.ee00000000000p-17	247	16777216	normal	1807
1636	3778	37780000	1.4781951904296875e-05	0x1.f000000000000p-17	31	2097152	normal	1779
1637	3779	37790000	1.4841556549072266e-05	0x1.f200000000000p-17	249	16777216	normal	1747
1638	377a	377a0000	1.4901161193847656e-05	0x1.f400000000000p-17	125	8388608	normal	1724
1639	377b	377b0000	1.4960765838623047e-05	0x1.f600000000000p-17	251	16777216	normal	1729
1640	377c	377c0000	1.5020370483398438e-05	0x1.f800000000000p-17	63	4194304	normal	1729
1641	377d	377d0000	1.5079975128173828e-05	0x1.fa00000000000p-17	253	16777216	normal	1736
1642	377e	377e0000	1.5139579772949219e-05	0x1.fc00000000000p-17	127	8388608	normal	1797
1643	377f	377f0000	1.519918441772461e-05	0x1.fe00000000000p-17	255	16777216	normal	1719
1644	3780	37800000	1.52587890625e-05	0x1.0000000000000p-16	1	65536	normal	2633
1645	3781	37810000	1.537799835205078e-05	0x1.0200000000000p-16	129	8388608	normal	3575
1646	3782	37820000	1.5497207641601562e-05	0x1.0400000000000p-16	65	4194304	normal	3478
1647	3783	37830000	1.5616416931152344e-05	0x1.0600000000000p-16	131	8388608	normal	3449
1648	3784	37840000	1.5735626220703125e-05	0x1.0800000000000p-16	33	2097152	normal	3547
1649	3785	37850000	1.5854835510253906e-05	0x1.0a00000000000p-16	133	8388608	normal	3431
1650	3786	37860000	1.5974044799804688e-05	0x1.0c00000000000p-16	67	4194304	normal	3498
1651	3787	37870000	1.609325408935547e-05	0x1.0e00000000000p-16	135	8388608	normal	3533
1652	3788	37880000	1.621246337890625e-05	0x1.1000000000000p-16	17	1048576	normal	3573
1653	3789	37890000	1.633167266845703e-05	0x1.1200000000000p-16	137	8388608	normal	3511
1654	378a	378a0000	1.6450881958007812e-05	0x1.1400000000000p-16	69	4194304	normal	3603
1655	378b	378b0000	1.6570091247558594e-05	0x1.1600000000000p-16	139	8388608	normal	3487
1656	378c	378c0000	1.6689300537109375e-05	0x1.1800000000000p-16	35	2097152	normal	3502
1657	378d	378d0000	1.6808509826660156e-05	0x1.1a00000000000p-16	141	8388608	normal	3521
1658	378e	378e0000	1.6927719116210938e-05	0x1.1c00000000000p-16	71	4194304	normal	3547
1659	378f	378f0000	1.704692840576172e-05	0x1.1e00000000000p-16	143	8388608	normal	3589
1660	3790	37900000	1.71661376953125e-05	0x1.2000000000000p-16	9	524288	normal	3590
1661	3791	37910000	1.728534698486328e-05	0x1.2200000000000p-16	145	8388608	normal	3526
1662	3792	37920000	1.7404556274414062e-05	0x1.2400000000000p-16	73	4194304	normal	3453
1663	3793	37930000	1.7523765563964844e-05	0x1.2600000000000p-16	147	8388608	normal	3504
1664	3794	37940000	1.7642974853515625e-05	0x1.2800000000000p-16	37	2097152	normal	3652
1665	3795	37950000	1.7762184143066406e-05	0x1.2a00000000000p-16	149	8388608	normal	3430
1666	3796	37960000	1.7881393432617188e-05	0x1.2c00000000000p-16	75	4194304	normal	3454
1667	3797	37970000	1.800060272216797e-05	0x1.2e00000000000p-16	151	8388608	normal	3566
1668	3798	37980000	1.811981201171875e-05	0x1.3000000000000p-16	19	1048576	normal	3622
1669	3799	37990000	1.823902130126953e-05	0x1.3200000000000p-16	153	8388608	normal	3477
1670	379a	379a0000	1.8358230590820312e-05	0x1.3400000000000p-16	77	4194304	normal	3540
1671	379b	379b0000	1.8477439880371094e-05	0x1.3600000000000p-16	155	8388608	normal	3565
1672	379c	379c0000	1.8596649169921875e-05	0x1.3800000000000p-16	39	2097152	normal	3638
1673	379d	379d0000	1.8715858459472656e-05	0x1.3a00000000000p-16	157	8388608	normal	3489
1674	379e	379e0000	1.8835067749023438e-05	0x1.3c00000000000p-16	79	4194304	normal	3532
1675	379f	379f0000	1.895427703857422e-05	0x1.3e00000000000p-16	159	8388608	normal	3549
1676	37a0	37a00000	1.9073486328125e-05	0x1.4000000000000p-16	5	262144	normal	3535
1677	37a1	37a10000	1.919269561767578e-05	0x1.4200000000000p-16	161	8388608	normal	3556
1678	37a2	37a20000	1.9311904907226562e-05	0x1.4400000000000p-16	81	4194304	normal	3630
1679	37a3	37a30000	1.9431114196777344e-05	0x1.4600000000000p-16	163	8388608	normal	3459
1680	37a4	37a40000	1.9550323486328125e-05	0x1.4800000000000p-16	41	2097152	normal	3600
1681	37a5	37a50000	1.9669532775878906e-05	0x1.4a00000000000p-16	165	8388608	normal	3641
1682	37a6	37a60000	1.9788742065429688e-05	0x1.4c00000000000p-16	83	4194304	normal	3577
1683	37a7	37a70000	1.990795135498047e-05	0x1.4e00000000000p-16	167	8388608	normal	3561
1684	37a8	37a80000	2.002716064453125e-05	0x1.5000000000000p-16	21	1048576	normal	3595
1685	37a9	37a90000	2.014636993408203e-05	0x1.5200000000000p-16	169	8388608	normal	3450
1686	37aa	37aa0000	2.0265579223632812e-05	0x1.5400000000000p-16	85	4194304	normal	3539
1687	37ab	37ab0000	2.0384788513183594e-05	0x1.5600000000000p-16	171	8388608	normal	3549
1688	37ac	37ac0000	2.0503997802734375e-05	0x1.5800000000000p-16	43	2097152	normal	3542
1689	37ad	37ad0000	2.0623207092285156e-05	0x1.5a00000000000p-16	173	8388608	normal	3524
1690	37ae	37ae0000	2.0742416381835938e-05	0x1.5c00000000000p-16	87	4194304	normal	3486
1691	37af	37af0000	2.086162567138672e-05	0x1.5e00000000000p-16	175	8388608	normal	3544
1692	37b0	37b00000	2.09808349609375e-05	0x1.6000000000000p-16	11	524288	normal	3527
1693	37b1	37b10000	2.110004425048828e-05	0x1.6200000000000p-16	177	8388608	normal	3526
1694	37b2	37b20000	2.1219253540039062e-05	0x1.6400000000000p-16	89	4194304	normal	3513
1695	37b3	37b30000	2.1338462829589844e-05	0x1.6600000000000p-16	179	8388608	normal	3555
1696	37b4	37b40000	2.1457672119140625e-05	0x1.6800000000000p-16	45	2097152	normal	3563
1697	37b5	37b50000	2.1576881408691406e-05	0x1.6a00000000000p-16	181	8388608	normal	3585
1698	37b6	37b60000	2.1696090698242188e-05	0x1.6c00000000000p-16	91	4194304	normal	3611
1699	37b7	37b70000	2.181529998779297e-05	0x1.6e00000000000p-16	183	8388608	normal	3435
1700	37b8	37b80000	2.193450927734375e-05	0x1.7000000000000p-16	23	1048576	normal	3490
1701	37b9	37b90000	2.205371856689453e-05	0x1.7200000000000p-16	185	8388608	normal	3522
1702	37ba	37ba0000	2.2172927856445312e-05	0x1.7400000000000p-16	93	4194304	normal	3648
1703	37bb	37bb0000	2.2292137145996094e-05	0x1.7600000000000p-16	187	8388608	normal	3524
1704	37bc	37bc0000	2.2411346435546875e-05	0x1.7800000000000p-16	47	2097152	normal	3479
1705	37bd	37bd0000	2.2530555725097656e-05	0x1.7a00000000000p-16	189	8388608	normal	3405
1706	37be	37be0000	2.2649765014648438e-05	0x1.7c00000000000p-16	95	4194304	normal	3490
1707	37bf	37bf0000	2.276897430419922e-05	0x1.7e00000000000p-16	191	8388608	normal	3652
1708	37c0	37c00000	2.288818359375e-05	0x1.8000000000000p-16	3	131072	normal	3511
1709	37c1	37c10000	2.300739288330078e-05	0x1.8200000000000p-16	193	8388608	normal	3568
1710	37c2	37c20000	2.3126602172851562e-05	0x1.8400000000000p-16	97	4194304	normal	3548
1711	37c3	37c30000	2.3245811462402344e-05	0x1.8600000000000p-16	195	8388608	normal	3558
1712	37c4	37c40000	2.3365020751953125e-05	0x1.8800000000000p-16	49	2097152	normal	3526
1713	37c5	37c50000	2.3484230041503906e-05	0x1.8a00000000000p-16	197	8388608	normal	3491
1714	37c6	37c60000	2.3603439331054688e-05	0x1.8c00000000000p-16	99	4194304	normal	3658
1715	37c7	37c70000	2.372264862060547e-05	0x1.8e00000000000p-16	199	8388608	normal	3640
1716	37c8	37c80000	2.384185791015625e-05	0x1.9000000000000p-16	25	1048576	normal	3533
1717	37c9	37c90000	2.396106719970703e-05	0x1.9200000000000p-16	201	8388608	normal	3616
1718	37ca	37ca0000	2.4080276489257812e-05	0x1.9400000000000p-16	101	4194304	normal	3611
1719	37cb	37cb0000	2.4199485778808594e-05	0x1.9600000000000p-16	203	8388608	normal	3490
1720	37cc	37cc0000	2.4318695068359375e-05	0x1.9800000000000p-16	51	2097152	normal	3604
1721	37cd	37cd0000	2.4437904357910156e-05	0x1.9a00000000000p-16	205	8388608	normal	3599
1722	37ce	37ce0000	2.4557113647460938e-05	0x1.9c00000000000p-16	103	4194304	normal	3551
1723	37cf	37cf0000	2.467632293701172e-05	0x1.9e00000000000p-16	207	8388608	normal	3473
1724	37d0	37d00000	2.47955322265625e-05	0x1.a000000000000p-16	13	524288	normal	3565
1725	37d1	37d10000	2.491474151611328e-05	0x1.a200000000000p-16	209	8388608	normal	3526
1726	37d2	37d20000	2.5033950805664062e-05	0x1.a400000000000p-16	105	4194304	normal	3468
1727	37d3	37d30000	2.5153160095214844e-05	0x1.a600000000000p-16	211	8388608	normal	3574
1728	37d4	37d40000	2.5272369384765625e-05	0x1.a800000000000p-16	53	2097152	normal	3476
1729	37d5	37d50000	2.5391578674316406e-05	0x1.aa00000000000p-16	213	8388608	normal	3429
1730	37d6	37d60000	2.5510787963867188e-05	0x1.ac00000000000p-16	107	4194304	normal	3490
1731	37d7	37d70000	2.562999725341797e-05	0x1.ae00000000000p-16	215	8388608	normal	3589
1732	37d8	37d80000	2.574920654296875e-05	0x1.b000000000000p-16	27	1048576	normal	3618
1733	37d9	37d90000	2.586841583251953e-05	0x1.b200000000000p-16	217	8388608	normal	3593
1734	37da	37da0000	2.5987625122070312e-05	0x1.b400000000000p-16	109	4194304	normal	3490
1735	37db	37db0000	2.6106834411621094e-05	0x1.b600000000000p-16	219	8388608	normal	3532
1736	37dc	37dc0000	2.6226043701171875e-05	0x1.b800000000000p-16	55	2097152	normal	3595
1737	37dd	37dd0000	2.6345252990722656e-05	0x1.ba00000000000p-16	221	8388608	normal	3583
1738	37de	37de0000	2.6464462280273438e-05	0x1.bc00000000000p-16	111	4194304	normal	3594
1739	37df	37df0000	2.658367156982422e-05	0x1.be00000000000p-16	223	8388608	normal	3547
1740	37e0	37e00000	2.6702880859375e-05	0x1.c000000000000p-16	7	262144	normal	3521
1741	37e1	37e10000	2.682209014892578e-05	0x1.c200000000000p-16	225	8388608	normal	3552
1742	37e2	37e20000	2.6941299438476562e-05	0x1.c400000000000p-16	113	4194304	normal	3650
1743	37e3	37e30000	2.7060508728027344e-05	0x1.c600000000000p-16	227	8388608	normal	3505
1744	37e4	37e40000	2.7179718017578125e-05	0x1.c800000000000p-16	57	2097152	normal	3524
1745	37e5	37e50000	2.7298927307128906e-05	0x1.ca00000000000p-16	229	8388608	normal	3583
1746	37e6	37e60000	2.7418136596679688e-05	0x1.cc00000000000p-16	115	4194304	normal	3496
1747	37e7	37e70000	2.753734588623047e-05	0x1.ce00000000000p-16	231	8388608	normal	3507
1748	37e8	37e80000	2.765655517578125e-05	0x1.d000000000000p-16	29	1048576	normal	3535
1749	37e9	37e90000	2.777576446533203e-05	0x1.d200000000000p-16	233	8388608	normal	3571
1750	37ea	37ea0000	2.7894973754882812e-05	0x1.d400000000000p-16	117	4194304	normal	3548
1751	37eb	37eb0000	2.8014183044433594e-05	0x1.d600000000000p-16	235	8388608	normal	3479
1752	37ec	37ec0000	2.8133392333984375e-05	0x1.d800000000000p-16	59	2097152	normal	3586
1753	37ed	37ed0000	2.8252601623535156e-05	0x1.da00000000000p-16	237	8388608	normal	3513
1754	37ee	37ee0000	2.8371810913085938e-05	0x1.dc00000000000p-16	119	4194304	normal	3533
1755	37ef	37ef0000	2.849102020263672e-05	0x1.de00000000000p-16	239	8388608	normal	3598
1756	37f0	37f00000	2.86102294921875e-05	0x1.e000000000000p-16	15	524288	normal	3416
1757	37f1	37f10000	2.872943878173828e-05	0x1.e200000000000p-16	241	8388608	normal	3444
1758	37f2	37f20000	2.8848648071289062e-05	0x1.e400000000000p-16	121	4194304	normal	3582
1759	37f3	37f30000	2.8967857360839844e-05	0x1.e600000000000p-16	243	8388608	normal	3612
1760	37f4	37f40000	2.9087066650390625e-05	0x1.e800000000000p-16	61	2097152	normal	3518
1761	37f5	37f50000	2.9206275939941406e-05	0x1.ea00000000000p-16	245	8388608	normal	3505
1762	37f6	37f60000	2.9325485229492188e-05	0x1.ec00000000000p-16	123	4194304	normal	3467
1763	37f7	37f70000	2.944469451904297e-05	0x1.ee00000000000p-16	247	8388608	normal	3586
1764	37f8	37f80000	2.956390380859375e-05	0x1.f000000000000p-16	31	1048576	normal	3613
1765	37f9	37f90000	2.968311309814453e-05	0x1.f200000000000p-16	249	8388608	normal	3535
1766	37fa	37fa0000	2.9802322387695312e-05	0x1.f400000000000p-16	125	4194304	normal	3489
1767	37fb	37fb0000	2.9921531677246094e-05	0x1.f600000000000p-16	251	8388608	normal	3591
1768	37fc	37fc0000	3.0040740966796875e-05	0x1.f800000000000p-16	63	2097152	normal	3569
1769	37fd	37fd0000	3.0159950256347656e-05	0x1.fa00000000000p-16	253	8388608	normal	3543
1770	37fe	37fe0000	3.0279159545898438e-05	0x1.fc00000000000p-16	127	4194304	normal	3386
1771	37ff	37ff0000	3.039836883544922e-05	0x1.fe00000000000p-16	255	8388608	normal	3593
1772	3800	38000000	3.0517578125e-05	0x1.0000000000000p-15	1	32768	normal	5136
1773	3801	38010000	3.075599670410156e-05	0x1.0200000000000p-15	129	4194304	normal	6945
1774	3802	38020000	3.0994415283203125e-05	0x1.0400000000000p-15	65	2097152	normal	6947
1775	3803	38030000	3.123283386230469e-05	0x1.0600000000000p-15	131	4194304	normal	7080
1776	3804	38040000	3.147125244140625e-05	0x1.0800000000000p-15	33	1048576	normal	7250
1777	3805	38050000	3.170967102050781e-05	0x1.0a00000000000p-15	133	4194304	normal	7072
1778	3806	38060000	3.1948089599609375e-05	0x1.0c00000000000p-15	67	2097152	normal	7113
1779	3807	38070000	3.218650817871094e-05	0x1.0e00000000000p-15	135	4194304	normal	7136
1780	3808	38080000	3.24249267578125e-05	0x1.1000000000000p-15	17	524288	normal	6974
1781	3809	38090000	3.266334533691406e-05	0x1.1200000000000p-15	137	4194304	normal	7055
1782	380a	380a0000	3.2901763916015625e-05	0x1.1400000000000p-15	69	2097152	normal	7080
1783	380b	380b0000	3.314018249511719e-05	0x1.1600000000000p-15	139	4194304	normal	6894
1784	380c	380c0000	3.337860107421875e-05	0x1.1800000000000p-15	35	1048576	normal	6937
1785	380d	380d0000	3.361701965332031e-05	0x1.1a00000000000p-15	141	4194304	normal	7138
1786	380e	380e0000	3.3855438232421875e-05	0x1.1c00000000000p-15	71	2097152	normal	7102
1787	380f	380f0000	3.409385681152344e-05	0x1.1e00000000000p-15	143	4194304	normal	7032
1788	3810	38100000	3.4332275390625e-05	0x1.2000000000000p-15	9	262144	normal	7154
1789	3811	38110000	3.457069396972656e-05	0x1.2200000000000p-15	145	4194304	normal	7065
1790	3812	38120000	3.4809112548828125e-05	0x1.2400000000000p-15	73	2097152	normal	6952
1791	3813	38130000	3.504753112792969e-05	0x1.2600000000000p-15	147	4194304	normal	7195
1792	3814	38140000	3.528594970703125e-05	0x1.2800000000000p-15	37	1048576	normal	6976
1793	3815	38150000	3.552436828613281e-05	0x1.2a00000000000p-15	149	4194304	normal	7036
1794	3816	38160000	3.5762786865234375e-05	0x1.2c00000000000p-15	75	2097152	normal	7070
1795	3817	38170000	3.600120544433594e-05	0x1.2e00000000000p-15	151	4194304	normal	7234
1796	3818	38180000	3.62396240234375e-05	0x1.3000000000000p-15	19	524288	normal	7114
1797	3819	38190000	3.647804260253906e-05	0x1.3200000000000p-15	153	4194304	normal	7230
1798	381a	381a0000	3.6716461181640625e-05	0x1.3400000000000p-15	77	2097152	normal	7013
1799	381b	381b0000	3.695487976074219e-05	0x1.3600000000000p-15	155	4194304	normal	7060
1800	381c	381c0000	3.719329833984375e-05	0x1.3800000000000p-15	39	1048576	normal	7060
1801	381d	381d0000	3.743171691894531e-05	0x1.3a00000000000p-15	157	4194304	normal	7125
1802	381e	381e0000	3.7670135498046875e-05	0x1.3c00000000000p-15	79	2097152	normal	7116
1803	381f	381f0000	3.790855407714844e-05	0x1.3e00000000000p-15	159	4194304	normal	7125
1804	3820	38200000	3.814697265625e-05	0x1.4000000000000p-15	5	131072	normal	7025
1805	3821	38210000	3.838539123535156e-05	0x1.4200000000000p-15	161	4194304	normal	6976
1806	3822	38220000	3.8623809814453125e-05	0x1.4400000000000p-15	81	2097152	normal	7030
1807	3823	38230000	3.886222839355469e-05	0x1.4600000000000p-15	163	4194304	normal	7048
1808	3824	38240000	3.910064697265625e-05	0x1.4800000000000p-15	41	1048576	normal	7026
1809	3825	38250000	3.933906555175781e-05	0x1.4a00000000000p-15	165	4194304	normal	6999
1810	3826	38260000	3.9577484130859375e-05	0x1.4c00000000000p-15	83	2097152	normal	6952
1811	3827	38270000	3.981590270996094e-05	0x1.4e00000000000p-15	167	4194304	normal	7267
1812	3828	38280000	4.00543212890625e-05	0x1.5000000000000p-15	21	524288	normal	6849
1813	3829	38290000	4.029273986816406e-05	0x1.5200000000000p-15	169	4194304	normal	6910
1814	382a	382a0000	4.0531158447265625e-05	0x1.5400000000000p-15	85	2097152	normal	6957
1815	382b	382b0000	4.076957702636719e-05	0x1.5600000000000p-15	171	4194304	normal	7132
1816	382c	382c0000	4.100799560546875e-05	0x1.5800000000000p-15	43	1048576	normal	7049
1817	382d	382d0000	4.124641418457031e-05	0x1.5a00000000000p-15	173	4194304	normal	7088
1818	382e	382e0000	4.1484832763671875e-05	0x1.5c00000000000p-15	87	2097152	normal	7124
1819	382f	382f0000	4.172325134277344e-05	0x1.5e00000000000p-15	175	4194304	normal	7091
1820	3830	38300000	4.1961669921875e-05	0x1.6000000000000p-15	11	262144	normal	6988
1821	3831	38310000	4.220008850097656e-05	0x1.6200000000000p-15	177	4194304	normal	7245
1822	3832	38320000	4.2438507080078125e-05	0x1.6400000000000p-15	89	2097152	normal	7082
1823	3833	38330000	4.267692565917969e-05	0x1.6600000000000p-15	179	4194304	normal	7100
1824	3834	38340000	4.291534423828125e-05	0x1.6800000000000p-15	45	1048576	normal	7012
1825	3835	38350000	4.315376281738281e-05	0x1.6a00000000000p-15	181	4194304	normal	7121
1826	3836	38360000	4.3392181396484375e-05	0x1.6c00000000000p-15	91	2097152	normal	7024
1827	3837	38370000	4.363059997558594e-05	0x1.6e00000000000p-15	183	4194304	normal	7086
1828	3838	38380000	4.38690185546875e-05	0x1.7000000000000p-15	23	524288	normal	7052
1829	3839	38390000	4.410743713378906e-05	0x1.7200000000000p-15	185	4194304	normal	7118
1830	383a	383a0000	4.4345855712890625e-05	0x1.7400000000000p-15	93	2097152	normal	7090
1831	383b	383b0000	4.458427429199219e-05	0x1.7600000000000p-15	187	4194304	normal	7160
1832	383c	383c0000	4.482269287109375e-05	0x1.7800000000000p-15	47	1048576	normal	7067
1833	383d	383d0000	4.506111145019531e-05	0x1.7a00000000000p-15	189	4194304	normal	6978
1834	383e	383e0000	4.5299530029296875e-05	0x1.7c00000000000p-15	95	2097152	normal	6995
1835	383f	383f0000	4.553794860839844e-05	0x1.7e00000000000p-15	191	4194304	normal	7102
1836	3840	38400000	4.57763671875e-05	0x1.8000000000000p-15	3	65536	normal	6963
1837	3841	38410000	4.601478576660156e-05	0x1.8200000000000p-15	193	4194304	normal	7217
1838	3842	38420000	4.6253204345703125e-05	0x1.8400000000000p-15	97	2097152	normal	7148
1839	3843	38430000	4.649162292480469e-05	0x1.8600000000000p-15	195	4194304	normal	7062
1840	3844	38440000	4.673004150390625e-05	0x1.8800000000000p-15	49	1048576	normal	7152
1841	3845	38450000	4.696846008300781e-05	0x1.8a00000000000p-15	197	4194304	normal	7049
1842	3846	38460000	4.7206878662109375e-05	0x1.8c00000000000p-15	99	2097152	normal	7030
1843	3847	38470000	4.744529724121094e-05	0x1.8e00000000000p-15	199	4194304	normal	7149
1844	3848	38480000	4.76837158203125e-05	0x1.9000000000000p-15	25	524288	normal	6930
1845	3849	38490000	4.792213439941406e-05	0x1.9200000000000p-15	201	4194304	normal	7161
1846	384a	384a0000	4.8160552978515625e-05	0x1.9400000000000p-15	101	2097152	normal	7035
1847	384b	384b0000	4.839897155761719e-05	0x1.9600000000000p-15	203	4194304	normal	7139
1848	384c	384c0000	4.863739013671875e-05	0x1.9800000000000p-15	51	1048576	normal	7093
1849	384d	384d0000	4.887580871582031e-05	0x1.9a00000000000p-15	205	4194304	normal	7160
1850	384e	384e0000	4.9114227294921875e-05	0x1.9c00000000000p-15	103	2097152	normal	7207
1851	384f	384f0000	4.935264587402344e-05	0x1.9e00000000000p-15	207	4194304	normal	7160
1852	3850	38500000	4.9591064453125e-05	0x1.a000000000000p-15	13	262144	normal	7121
1853	3851	38510000	4.982948303222656e-05	0x1.a200000000000p-15	209	4194304	normal	6915
1854	3852	38520000	5.0067901611328125e-05	0x1.a400000000000p-15	105	2097152	normal	7115
1855	3853	38530000	5.030632019042969e-05	0x1.a600000000000p-15	211	4194304	normal	7117
1856	3854	38540000	5.054473876953125e-05	0x1.a800000000000p-15	53	1048576	normal	6879
1857	3855	38550000	5.078315734863281e-05	0x1.aa00000000000p-15	213	4194304	normal	7093
1858	3856	38560000	5.1021575927734375e-05	0x1.ac00000000000p-15	107	2097152	normal	7049
1859	3857	38570000	5.125999450683594e-05	0x1.ae00000000000p-15	215	4194304	normal	6965
1860	3858	38580000	5.14984130859375e-05	0x1.b000000000000p-15	27	524288	normal	7214
1861	3859	38590000	5.173683166503906e-05	0x1.b200000000000p-15	217	4194304	normal	6970
1862	385a	385a0000	5.1975250244140625e-05	0x1.b400000000000p-15	109	2097152	normal	6975
1863	385b	385b0000	5.221366882324219e-05	0x1.b600000000000p-15	219	4194304	normal	7141
1864	385c	385c0000	5.245208740234375e-05	0x1.b800000000000p-15	55	1048576	normal	7126
1865	385d	385d0000	5.269050598144531e-05	0x1.ba00000000000p-15	221	4194304	normal	7139
1866	385e	385e0000	5.2928924560546875e-05	0x1.bc00000000000p-15	111	2097152	normal	7061
1867	385f	385f0000	5.316734313964844e-05	0x1.be00000000000p-15	223	4194304	normal	7097
1868	3860	38600000	5.340576171875e-05	0x1.c000000000000p-15	7	131072	normal	7081
1869	3861	38610000	5.364418029785156e-05	0x1.c200000000000p-15	225	4194304	normal	6924
1870	3862	38620000	5.3882598876953125e-05	0x1.c400000000000p-15	113	2097152	normal	7200
1871	3863	38630000	5.412101745605469e-05	0x1.c600000000000p-15	227	4194304	normal	7032
1872	3864	38640000	5.435943603515625e-05	0x1.c800000000000p-15	57	1048576	normal	7006
1873	3865	38650000	5.459785461425781e-05	0x1.ca00000000000p-15	229	4194304	normal	7195
1874	3866	38660000	5.4836273193359375e-05	0x1.cc00000000000p-15	115	2097152	normal	6961
1875	3867	38670000	5.507469177246094e-05	0x1.ce00000000000p-15	231	4194304	normal	7138
1876	3868	38680000	5.53131103515625e-05	0x1.d000000000000p-15	29	524288	normal	7058
1877	3869	38690000	5.555152893066406e-05	0x1.d200000000000p-15	233	4194304	normal	7053
1878	386a	386a0000	5.5789947509765625e-05	0x1.d400000000000p-15	117	2097152	normal	7095
1879	386b	386b0000	5.602836608886719e-05	0x1.d600000000000p-15	235	4194304	normal	7121
1880	386c	386c0000	5.626678466796875e-05	0x1.d800000000000p-15	59	1048576	normal	7104
1881	386d	386d0000	5.650520324707031e-05	0x1.da00000000000p-15	237	4194304	normal	7081
1882	386e	386e0000	5.6743621826171875e-05	0x1.dc00000000000p-15	119	2097152	normal	6971
1883	386f	386f0000	5.698204040527344e-05	0x1.de00000000000p-15	239	4194304	normal	7055
1884	3870	38700000	5.7220458984375e-05	0x1.e000000000000p-15	15	262144	normal	6950
1885	3871	38710000	5.745887756347656e-05	0x1.e200000000000p-15	241	4194304	normal	6995
1886	3872	38720000	5.7697296142578125e-05	0x1.e400000000000p-15	121	2097152	normal	7065
1887	3873	38730000	5.793571472167969e-05	0x1.e600000000000p-15	243	4194304	normal	7065
1888	3874	38740000	5.817413330078125e-05	0x1.e800000000000p-15	61	1048576	normal	7091
1889	3875	38750000	5.841255187988281e-05	0x1.ea00000000000p-15	245	4194304	normal	7163
1890	3876	38760000	5.8650970458984375e-05	0x1.ec00000000000p-15	123	2097152	normal	6948
1891	3877	38770000	5.888938903808594e-05	0x1.ee00000000000p-15	247	4194304	normal	7149
1892	3878	38780000	5.91278076171875e-05	0x1.f000000000000p-15	31	524288	normal	7135
1893	3879	38790000	5.936622619628906e-05	0x1.f200000000000p-15	249	4194304	normal	6937
1894	387a	387a0000	5.9604644775390625e-05	0x1.f400000000000p-15	125	2097152	normal	7056
1895	387b	387b0000	5.984306335449219e-05	0x1.f600000000000p-15	251	4194304	normal	6994
1896	387c	387c0000	6.008148193359375e-05	0x1.f800000000000p-15	63	1048576	normal	7039
1897	387d	387d0000	6.031990051269531e-05	0x1.fa00000000000p-15	253	4194304	normal	6979
1898	387e	387e0000	6.0558319091796875e-05	0x1.fc00000000000p-15	127	2097152	normal	7035
1899	387f	387f0000	6.079673767089844e-05	0x1.fe00000000000p-15	255	4194304	normal	7028
1900	3880	38800000	6.103515625e-05	0x1.0000000000000p-14	1	16384	normal	10403
1901	3881	38810000	6.151199340820312e-05	0x1.0200000000000p-14	129	2097152	normal	14030
1902	3882	38820000	6.198883056640625e-05	0x1.0400000000000p-14	65	1048576	normal	13978
1903	3883	38830000	6.246566772460938e-05	0x1.0600000000000p-14	131	2097152	normal	14128
1904	3884	38840000	6.29425048828125e-05	0x1.0800000000000p-14	33	524288	normal	14110
1905	3885	38850000	6.341934204101562e-05	0x1.0a00000000000p-14	133	2097152	normal	14121
1906	3886	38860000	6.389617919921875e-05	0x1.0c00000000000p-14	67	1048576	normal	14173
1907	3887	38870000	6.437301635742188e-05	0x1.0e00000000000p-14	135	2097152	normal	14186
1908	3888	38880000	6.4849853515625e-05	0x1.1000000000000p-14	17	262144	normal	14309
1909	3889	38890000	6.532669067382812e-05	0x1.1200000000000p-14	137	2097152	normal	13893
1910	388a	388a0000	6.580352783203125e-05	0x1.1400000000000p-14	69	1048576	normal	14114
1911	388b	388b0000	6.628036499023438e-05	0x1.1600000000000p-14	139	2097152	normal	13910
1912	388c	388c0000	6.67572021484375e-05	0x1.1800000000000p-14	35	524288	normal	13884
1913	388d	388d0000	6.723403930664062e-05	0x1.1a00000000000p-14	141	2097152	normal	14225
1914	388e	388e0000	6.771087646484375e-05	0x1.1c00000000000p-14	71	1048576	normal	14048
1915	388f	388f0000	6.818771362304688e-05	0x1.1e00000000000p-14	143	2097152	normal	14342
1916	3890	38900000	6.866455078125e-05	0x1.2000000000000p-14	9	131072	normal	14124
1917	3891	38910000	6.914138793945312e-05	0x1.2200000000000p-14	145	2097152	normal	14038
1918	3892	38920000	6.961822509765625e-05	0x1.2400000000000p-14	73	1048576	normal	14007
1919	3893	38930000	7.009506225585938e-05	0x1.2600000000000p-14	147	2097152	normal	14068
1920	3894	38940000	7.05718994140625e-05	0x1.2800000000000p-14	37	524288	normal	14138
1921	3895	38950000	7.104873657226562e-05	0x1.2a00000000000p-14	149	2097152	normal	14284
1922	3896	38960000	7.152557373046875e-05	0x1.2c00000000000p-14	75	1048576	normal	14129
1923	3897	38970000	7.200241088867188e-05	0x1.2e00000000000p-14	151	2097152	normal	14107
1924	3898	38980000	7.2479248046875e-05	0x1.3000000000000p-14	19	262144	normal	13902
1925	3899	38990000	7.295608520507812e-05	0x1.3200000000000p-14	153	2097152	normal	13932
1926	389a	389a0000	7.343292236328125e-05	0x1.3400000000000p-14	77	1048576	normal	14116
1927	389b	389b0000	7.390975952148438e-05	0x1.3600000000000p-14	155	2097152	normal	14209
1928	389c	389c0000	7.43865966796875e-05	0x1.3800000000000p-14	39	524288	normal	14078
1929	389d	389d0000	7.486343383789062e-05	0x1.3a00000000000p-14	157	2097152	normal	14288
1930	389e	389e0000	7.534027099609375e-05	0x1.3c00000000000p-14	79	1048576	normal	14091
1931	389f	389f0000	7.581710815429688e-05	0x1.3e00000000000p-14	159	2097152	normal	14223
1932	38a0	38a00000	7.62939453125e-05	0x1.4000000000000p-14	5	65536	normal	14184
1933	38a1	38a10000	7.677078247070312e-05	0x1.4200000000000p-14	161	2097152	normal	14321
1934	38a2	38a20000	7.724761962890625e-05	0x1.4400000000000p-14	81	1048576	normal	14057
1935	38a3	38a30000	7.772445678710938e-05	0x1.4600000000000p-14	163	2097152	normal	13939
1936	38a4	38a40000	7.82012939453125e-05	0x1.4800000000000p-14	41	524288	normal	14207
1937	38a5	38a50000	7.867813110351562e-05	0x1.4a00000000000p-14	165	2097152	normal	14147
1938	38a6	38a60000	7.915496826171875e-05	0x1.4c00000000000p-14	83	1048576	normal	13880
1939	38a7	38a70000	7.963180541992188e-05	0x1.4e00000000000p-14	167	2097152	normal	14165
1940	38a8	38a80000	8.0108642578125e-05	0x1.5000000000000p-14	21	262144	normal	14106
1941	38a9	38a90000	8.058547973632812e-05	0x1.5200000000000p-14	169	2097152	normal	14180
1942	38aa	38aa0000	8.106231689453125e-05	0x1.5400000000000p-14	85	1048576	normal	14069
1943	38ab	38ab0000	8.153915405273438e-05	0x1.5600000000000p-14	171	2097152	normal	14220
1944	38ac	38ac0000	8.20159912109375e-05	0x1.5800000000000p-14	43	524288	normal	14255
1945	38ad	38ad0000	8.249282836914062e-05	0x1.5a00000000000p-14	173	2097152	normal	14227
1946	38ae	38ae0000	8.296966552734375e-05	0x1.5c00000000000p-14	87	1048576	normal	14300
1947	38af	38af0000	8.344650268554688e-05	0x1.5e00000000000p-14	175	2097152	normal	14085
1948	38b0	38b00000	8.392333984375e-05	0x1.6000000000000p-14	11	131072	normal	14167
1949	38b1	38b10000	8.440017700195312e-05	0x1.6200000000000p-14	177	2097152	normal	14038
1950	38b2	38b20000	8.487701416015625e-05	0x1.6400000000000p-14	89	1048576	normal	14274
1951	38b3	38b30000	8.535385131835938e-05	0x1.6600000000000p-14	179	2097152	normal	13919
1952	38b4	38b40000	8.58306884765625e-05	0x1.6800000000000p-14	45	524288	normal	14038
1953	38b5	38b50000	8.630752563476562e-05	0x1.6a00000000000p-14	181	2097152	normal	13954
1954	38b6	38b60000	8.678436279296875e-05	0x1.6c00000000000p-14	91	1048576	normal	14300
1955	38b7	38b70000	8.726119995117188e-05	0x1.6e00000000000p-14	183	2097152	normal	14114
1956	38b8	38b80000	8.7738037109375e-05	0x1.7000000000000p-14	23	262144	normal	14070
1957	38b9	38b90000	8.821487426757812e-05	0x1.7200000000000p-14	185	2097152	normal	14299
1958	38ba	38ba0000	8.869171142578125e-05	0x1.7400000000000p-14	93	1048576	normal	14256
1959	38bb	38bb0000	8.916854858398438e-05	0x1.7600000000000p-14	187	2097152	normal	13990
1960	38bc	38bc0000	8.96453857421875e-05	0x1.7800000000000p-14	47	524288	normal	14073
1961	38bd	38bd0000	9.012222290039062e-05	0x1.7a00000000000p-14	189	2097152	normal	14038
1962	38be	38be0000	9.059906005859375e-05	0x1.7c00000000000p-14	95	1048576	normal	13966
1963	38bf	38bf0000	9.107589721679688e-05	0x1.7e00000000000p-14	191	2097152	normal	14293
1964	38c0	38c00000	9.1552734375e-05	0x1.8000000000000p-14	3	32768	normal	14169
1965	38c1	38c10000	9.202957153320312e-05	0x1.8200000000000p-14	193	2097152	normal	14040
1966	38c2	38c20000	9.250640869140625e-05	0x1.8400000000000p-14	97	1048576	normal	14006
1967	38c3	38c30000	9.298324584960938e-05	0x1.8600000000000p-14	195	2097152	normal	14279
1968	38c4	38c40000	9.34600830078125e-05	0x1.8800000000000p-14	49	524288	normal	14222
1969	38c5	38c50000	9.393692016601562e-05	0x1.8a00000000000p-14	197	2097152	normal	14165
1970	38c6	38c60000	9.441375732421875e-05	0x1.8c00000000000p-14	99	1048576	normal	13972
1971	38c7	38c70000	9.489059448242188e-05	0x1.8e00000000000p-14	199	2097152	normal	13953
1972	38c8	38c80000	9.5367431640625e-05	0x1.9000000000000p-14	25	262144	normal	14276
1973	38c9	38c90000	9.584426879882812e-05	0x1.9200000000000p-14	201	2097152	normal	14263
1974	38ca	38ca0000	9.632110595703125e-05	0x1.9400000000000p-14	101	1048576	normal	13958
1975	38cb	38cb0000	9.679794311523438e-05	0x1.9600000000000p-14	203	2097152	normal	14188
1976	38cc	38cc0000	9.72747802734375e-05	0x1.9800000000000p-14	51	524288	normal	14032
1977	38cd	38cd0000	9.775161743164062e-05	0x1.9a00000000000p-14	205	2097152	normal	14189
1978	38ce	38ce0000	9.822845458984375e-05	0x1.9c00000000000p-14	103	1048576	normal	14224
1979	38cf	38cf0000	9.870529174804688e-05	0x1.9e00000000000p-14	207	2097152	normal	13967
1980	38d0	38d00000	9.918212890625e-05	0x1.a000000000000p-14	13	131072	normal	14277
1981	38d1	38d10000	9.965896606445312e-05	0x1.a200000000000p-14	209	2097152	normal	14180
1982	38d2	38d20000	0.00010013580322265625	0x1.a400000000000p-14	105	1048576	normal	14001
1983	38d3	38d30000	0.00010061264038085938	0x1.a600000000000p-14	211	2097152	normal	14088
1984	38d4	38d40000	0.0001010894775390625	0x1.a800000000000p-14	53	524288	normal	13922
1985	38d5	38d50000	0.00010156631469726562	0x1.aa00000000000p-14	213	2097152	normal	14033
1986	38d6	38d60000	0.00010204315185546875	0x1.ac00000000000p-14	107	1048576	normal	14214
1987	38d7	38d70000	0.00010251998901367188	0x1.ae00000000000p-14	215	2097152	normal	14009
1988	38d8	38d80000	0.000102996826171875	0x1.b000000000000p-14	27	262144	normal	14007
1989	38d9	38d90000	0.00010347366333007812	0x1.b200000000000p-14	217	2097152	normal	13899
1990	38da	38da0000	0.00010395050048828125	0x1.b400000000000p-14	109	1048576	normal	13970
1991	38db	38db0000	0.00010442733764648438	0x1.b600000000000p-14	219	2097152	normal	14256
1992	38dc	38dc0000	0.0001049041748046875	0x1.b800000000000p-14	55	524288	normal	14144
1993	38dd	38dd0000	0.00010538101196289062	0x1.ba00000000000p-14	221	2097152	normal	14129
1994	38de	38de0000	0.00010585784912109375	0x1.bc00000000000p-14	111	1048576	normal	13955
1995	38df	38df0000	0.00010633468627929688	0x1.be00000000000p-14	223	2097152	normal	14243
1996	38e0	38e00000	0.0001068115234375	0x1.c000000000000p-14	7	65536	normal	14046
1997	38e1	38e10000	0.00010728836059570312	0x1.c200000000000p-14	225	2097152	normal	14067
1998	38e2	38e20000	0.00010776519775390625	0x1.c400000000000p-14	113	1048576	normal	14088
1999	38e3	38e30000	0.00010824203491210938	0x1.c600000000000p-14	227	2097152	normal	13954
2000	38e4	38e40000	0.0001087188720703125	0x1.c800000000000p-14	57	524288	normal	13863
2001	38e5	38e50000	0.00010919570922851562	0x1.ca00000000000p-14	229	2097152	normal	14065
2002	38e6	38e60000	0.00010967254638671875	0x1.cc00000000000p-14	115	1048576	normal	13846
2003	38e7	38e70000	0.00011014938354492188	0x1.ce00000000000p-14	231	2097152	normal	13966
2004	38e8	38e80000	0.000110626220703125	0x1.d000000000000p-14	29	262144	normal	13968
2005	38e9	38e90000	0.00011110305786132812	0x1.d200000000000p-14	233	2097152	normal	14187
2006	38ea	38ea0000	0.00011157989501953125	0x1.d400000000000p-14	117	1048576	normal	14267
2007	38eb	38eb0000	0.00011205673217773438	0x1.d600000000000p-14	235	2097152	normal	14345
2008	38ec	38ec0000	0.0001125335693359375	0x1.d800000000000p-14	59	524288	normal	14267
2009	38ed	38ed0000	0.00011301040649414062	0x1.da00000000000p-14	237	2097152	normal	14007
2010	38ee	38ee0000	0.00011348724365234375	0x1.dc00000000000p-14	119	1048576	normal	14086
2011	38ef	38ef0000	0.00011396408081054688	0x1.de00000000000p-14	239	2097152	normal	14233
2012	38f0	38f00000	0.00011444091796875	0x1.e000000000000p-14	15	131072	normal	13949
2013	38f1	38f10000	0.00011491775512695312	0x1.e200000000000p-14	241	2097152	normal	13868
2014	38f2	38f20000	0.00011539459228515625	0x1.e400000000000p-14	121	1048576	normal	13914
2015	38f3	38f30000	0.00011587142944335938	0x1.e600000000000p-14	243	2097152	normal	13860
2016	38f4	38f40000	0.0001163482666015625	0x1.e800000000000p-14	61	524288	normal	14245
2017	38f5	38f50000	0.00011682510375976562	0x1.ea00000000000p-14	245	2097152	normal	13871
2018	38f6	38f60000	0.00011730194091796875	0x1.ec00000000000p-14	123	1048576	normal	14238
2019	38f7	38f70000	0.00011777877807617188	0x1.ee00000000000p-14	247	2097152	normal	14173
2020	38f8	38f80000	0.000118255615234375	0x1.f000000000000p-14	31	262144	normal	14083
2021	38f9	38f90000	0.00011873245239257812	0x1.f200000000000p-14	249	2097152	normal	13979
2022	38fa	38fa0000	0.00011920928955078125	0x1.f400000000000p-14	125	1048576	normal	13729
2023	38fb	38fb0000	0.00011968612670898438	0x1.f600000000000p-14	251	2097152	normal	14118
2024	38fc	38fc0000	0.0001201629638671875	0x1.f800000000000p-14	63	524288	normal	14185
2025	38fd	38fd0000	0.00012063980102539062	0x1.fa00000000000p-14	253	2097152	normal	14284
2026	38fe	38fe0000	0.00012111663818359375	0x1.fc00000000000p-14	127	1048576	normal	14102
2027	38ff	38ff0000	0.00012159347534179688	0x1.fe00000000000p-14	255	2097152	normal	14158
2028	3900	39000000	0.0001220703125	0x1.0000000000000p-13	1	8192	normal	21135
2029	3901	39010000	0.00012302398681640625	0x1.0200000000000p-13	129	1048576	normal	28364
2030	3902	39020000	0.0001239776611328125	0x1.0400000000000p-13	65	524288	normal	28050
2031	3903	39030000	0.00012493133544921875	0x1.0600000000000p-13	131	1048576	normal	28336
2032	3904	39040000	0.000125885009765625	0x1.0800000000000p-13	33	262144	normal	28153
2033	3905	39050000	0.00012683868408203125	0x1.0a00000000000p-13	133	1048576	normal	28179
2034	3906	39060000	0.0001277923583984375	0x1.0c00000000000p-13	67	524288	normal	27931
2035	3907	39070000	0.00012874603271484375	0x1.0e00000000000p-13	135	1048576	normal	28172
2036	3908	39080000	0.00012969970703125	0x1.1000000000000p-13	17	131072	normal	27816
2037	3909	39090000	0.00013065338134765625	0x1.1200000000000p-13	137	1048576	normal	28455
2038	390a	390a0000	0.0001316070556640625	0x1.1400000000000p-13	69	524288	normal	28109
2039	390b	390b0000	0.00013256072998046875	0x1.1600000000000p-13	139	1048576	normal	28102
2040	390c	390c0000	0.000133514404296875	0x1.1800000000000p-13	35	262144	normal	27990
2041	390d	390d0000	0.00013446807861328125	0x1.1a00000000000p-13	141	1048576	normal	28151
2042	390e	390e0000	0.0001354217529296875	0x1.1c00000000000p-13	71	524288	normal	27998
2043	390f	390f0000	0.00013637542724609375	0x1.1e00000000000p-13	143	1048576	normal	28181
2044	3910	39100000	0.0001373291015625	0x1.2000000000000p-13	9	65536	normal	28287
2045	3911	39110000	0.00013828277587890625	0x1.2200000000000p-13	145	1048576	normal	28234
2046	3912	39120000	0.0001392364501953125	0x1.2400000000000p-13	73	524288	normal	28346
2047	3913	39130000	0.00014019012451171875	0x1.2600000000000p-13	147	1048576	normal	28119
2048	3914	39140000	0.000141143798828125	0x1.2800000000000p-13	37	262144	normal	27812
2049	3915	39150000	0.00014209747314453125	0x1.2a00000000000p-13	149	1048576	normal	28104
2050	3916	39160000	0.0001430511474609375	0x1.2c00000000000p-13	75	524288	normal	28015
2051	3917	39170000	0.00014400482177734375	0x1.2e00000000000p-13	151	1048576	normal	27806
2052	3918	39180000	0.00014495849609375	0x1.3000000000000p-13	19	131072	normal	28109
2053	3919	39190000	0.00014591217041015625	0x1.3200000000000p-13	153	1048576	normal	28412
2054	391a	391a0000	0.0001468658447265625	0x1.3400000000000p-13	77	524288	normal	28457
2055	391b	391b0000	0.00014781951904296875	0x1.3600000000000p-13	155	1048576	normal	28297
2056	391c	391c0000	0.000148773193359375	0x1.3800000000000p-13	39	262144	normal	28414
2057	391d	391d0000	0.00014972686767578125	0x1.3a00000000000p-13	157	1048576	normal	28057
2058	391e	391e0000	0.0001506805419921875	0x1.3c00000000000p-13	79	524288	normal	27843
2059	391f	391f0000	0.00015163421630859375	0x1.3e00000000000p-13	159	1048576	normal	28318
2060	3920	39200000	0.000152587890625	0x1.4000000000000p-13	5	32768	normal	28040
2061	3921	39210000	0.00015354156494140625	0x1.4200000000000p-13	161	1048576	normal	28347
2062	3922	39220000	0.0001544952392578125	0x1.4400000000000p-13	81	524288	normal	28161
2063	3923	39230000	0.00015544891357421875	0x1.4600000000000p-13	163	1048576	normal	28090
2064	3924	39240000	0.000156402587890625	0x1.4800000000000p-13	41	262144	normal	28066
2065	3925	39250000	0.00015735626220703125	0x1.4a00000000000p-13	165	1048576	normal	28297
2066	3926	39260000	0.0001583099365234375	0x1.4c00000000000p-13	83	524288	normal	28039
2067	3927	39270000	0.00015926361083984375	0x1.4e00000000000p-13	167	1048576	normal	28318
2068	3928	39280000	0.00016021728515625	0x1.5000000000000p-13	21	131072	normal	28233
2069	3929	39290000	0.00016117095947265625	0x1.5200000000000p-13	169	1048576	normal	27742
2070	392a	392a0000	0.0001621246337890625	0x1.5400000000000p-13	85	524288	normal	28154
2071	392b	392b0000	0.00016307830810546875	0x1.5600000000000p-13	171	1048576	normal	28405
2072	392c	392c0000	0.000164031982421875	0x1.5800000000000p-13	43	262144	normal	28285
2073	392d	392d0000	0.00016498565673828125	0x1.5a00000000000p-13	173	1048576	normal	27947
2074	392e	392e0000	0.0001659393310546875	0x1.5c00000000000p-13	87	524288	normal	28067
2075	392f	392f0000	0.00016689300537109375	0x1.5e00000000000p-13	175	1048576	normal	27948
2076	3930	39300000	0.0001678466796875	0x1.6000000000000p-13	11	65536	normal	28187
2077	3931	39310000	0.00016880035400390625	0x1.6200000000000p-13	177	1048576	normal	28278
2078	3932	39320000	0.0001697540283203125	0x1.6400000000000p-13	89	524288	normal	28012
2079	3933	39330000	0.00017070770263671875	0x1.6600000000000p-13	179	1048576	normal	28259
2080	3934	39340000	0.000171661376953125	0x1.6800000000000p-13	45	262144	normal	28230
2081	3935	39350000	0.00017261505126953125	0x1.6a00000000000p-13	181	1048576	normal	28381
2082	3936	39360000	0.0001735687255859375	0x1.6c00000000000p-13	91	524288	normal	27885
2083	3937	39370000	0.00017452239990234375	0x1.6e00000000000p-13	183	1048576	normal	28200
2084	3938	39380000	0.00017547607421875	0x1.7000000000000p-13	23	131072	normal	28188
2085	3939	39390000	0.00017642974853515625	0x1.7200000000000p-13	185	1048576	normal	28015
2086	393a	393a0000	0.0001773834228515625	0x1.7400000000000p-13	93	524288	normal	28227
2087	393b	393b0000	0.00017833709716796875	0x1.7600000000000p-13	187	1048576	normal	28077
2088	393c	393c0000	0.000179290771484375	0x1.7800000000000p-13	47	262144	normal	28019
2089	393d	393d0000	0.00018024444580078125	0x1.7a00000000000p-13	189	1048576	normal	27919
2090	393e	393e0000	0.0001811981201171875	0x1.7c00000000000p-13	95	524288	normal	28313
2091	393f	393f0000	0.00018215179443359375	0x1.7e00000000000p-13	191	1048576	normal	28077
2092	3940	39400000	0.00018310546875	0x1.8000000000000p-13	3	16384	normal	28344
2093	3941	39410000	0.00018405914306640625	0x1.8200000000000p-13	193	1048576	normal	28146
2094	3942	39420000	0.0001850128173828125	0x1.8400000000000p-13	97	524288	normal	28193
2095	3943	39430000	0.00018596649169921875	0x1.8600000000000p-13	195	1048576	normal	28043
2096	3944	39440000	0.000186920166015625	0x1.8800000000000p-13	49	262144	normal	28040
2097	3945	39450000	0.00018787384033203125	0x1.8a00000000000p-13	197	1048576	normal	28474
2098	3946	39460000	0.0001888275146484375	0x1.8c00000000000p-13	99	524288	normal	28052
2099	3947	39470000	0.00018978118896484375	0x1.8e00000000000p-13	199	1048576	normal	28076
2100	3948	39480000	0.00019073486328125	0x1.9000000000000p-13	25	131072	normal	27954
2101	3949	39490000	0.00019168853759765625	0x1.9200000000000p-13	201	1048576	normal	28118
2102	394a	394a0000	0.0001926422119140625	0x1.9400000000000p-13	101	524288	normal	27969
2103	394b	394b0000	0.00019359588623046875	0x1.9600000000000p-13	203	1048576	normal	28256
2104	394c	394c0000	0.000194549560546875	0x1.9800000000000p-13	51	262144	normal	27858
2105	394d	394d0000	0.00019550323486328125	0x1.9a00000000000p-13	205	1048576	normal	28137
2106	394e	394e0000	0.0001964569091796875	0x1.9c00000000000p-13	103	524288	normal	28340
2107	394f	394f0000	0.00019741058349609375	0x1.9e00000000000p-13	207	1048576	normal	28142
2108	3950	39500000	0.0001983642578125	0x1.a000000000000p-13	13	65536	normal	27904
2109	3951	39510000	0.00019931793212890625	0x1.a200000000000p-13	209	1048576	normal	28329
2110	3952	39520000	0.0002002716064453125	0x1.a400000000000p-13	105	524288	normal	27942
2111	3953	39530000	0.00020122528076171875	0x1.a600000000000p-13	211	1048576	normal	28016
2112	3954	39540000	0.000202178955078125	0x1.a800000000000p-13	53	262144	normal	28073
2113	3955	39550000	0.00020313262939453125	0x1.aa00000000000p-13	213	1048576	normal	28270
2114	3956	39560000	0.0002040863037109375	0x1.ac00000000000p-13	107	524288	normal	28030
2115	3957	39570000	0.00020503997802734375	0x1.ae00000000000p-13	215	1048576	normal	28174
2116	3958	39580000	0.00020599365234375	0x1.b000000000000p-13	27	131072	normal	27886
2117	3959	39590000	0.00020694732666015625	0x1.b200000000000p-13	217	1048576	normal	28104
2118	395a	395a0000	0.0002079010009765625	0x1.b400000000000p-13	109	524288	normal	28108
2119	395b	395b0000	0.00020885467529296875	0x1.b600000000000p-13	219	1048576	normal	27942
2120	395c	395c0000	0.000209808349609375	0x1.b800000000000p-13	55	262144	normal	28074
2121	395d	395d0000	0.00021076202392578125	0x1.ba00000000000p-13	221	1048576	normal	28435
2122	395e	395e0000	0.0002117156982421875	0x1.bc00000000000p-13	111	524288	normal	27821
2123	395f	395f0000	0.00021266937255859375	0x1.be00000000000p-13	223	1048576	normal	28386
2124	3960	39600000	0.000213623046875	0x1.c000000000000p-13	7	32768	normal	28104
2125	3961	39610000	0.00021457672119140625	0x1.c200000000000p-13	225	1048576	normal	28202
2126	3962	39620000	0.0002155303955078125	0x1.c400000000000p-13	113	524288	normal	28291
2127	3963	39630000	0.00021648406982421875	0x1.c600000000000p-13	227	1048576	normal	28371
2128	3964	39640000	0.000217437744140625	0x1.c800000000000p-13	57	262144	normal	28042
2129	3965	39650000	0.00021839141845703125	0x1.ca00000000000p-13	229	1048576	normal	28364
2130	3966	39660000	0.0002193450927734375	0x1.cc00000000000p-13	115	524288	normal	27805
2131	3967	39670000	0.00022029876708984375	0x1.ce00000000000p-13	231	1048576	normal	28357
2132	3968	39680000	0.00022125244140625	0x1.d000000000000p-13	29	131072	normal	27859
2133	3969	39690000	0.00022220611572265625	0x1.d200000000000p-13	233	1048576	normal	28361
2134	396a	396a0000	0.0002231597900390625	0x1.d400000000000p-13	117	524288	normal	27926
2135	396b	396b0000	0.00022411346435546875	0x1.d600000000000p-13	235	1048576	normal	28081
2136	396c	396c0000	0.000225067138671875	0x1.d800000000000p-13	59	262144	normal	28290
2137	396d	396d0000	0.00022602081298828125	0x1.da00000000000p-13	237	1048576	normal	28074
2138	396e	396e0000	0.0002269744873046875	0x1.dc00000000000p-13	119	524288	normal	28124
2139	396f	396f0000	0.00022792816162109375	0x1.de00000000000p-13	239	1048576	normal	28433
2140	3970	39700000	0.0002288818359375	0x1.e000000000000p-13	15	65536	normal	28179
2141	3971	39710000	0.00022983551025390625	0x1.e200000000000p-13	241	1048576	normal	28234
2142	3972	39720000	0.0002307891845703125	0x1.e400000000000p-13	121	524288	normal	28107
2143	3973	39730000	0.00023174285888671875	0x1.e600000000000p-13	243	1048576	normal	27959
2144	3974	39740000	0.000232696533203125	0x1.e800000000000p-13	61	262144	normal	28071
2145	3975	39750000	0.00023365020751953125	0x1.ea00000000000p-13	245	1048576	normal	28031
2146	3976	39760000	0.0002346038818359375	0x1.ec00000000000p-13	123	524288	normal	28218
2147	3977	39770000	0.00023555755615234375	0x1.ee00000000000p-13	247	1048576	normal	28079
2148	3978	39780000	0.00023651123046875	0x1.f000000000000p-13	31	131072	normal	27908
2149	3979	39790000	0.00023746490478515625	0x1.f200000000000p-13	249	1048576	normal	28219
2150	397a	397a0000	0.0002384185791015625	0x1.f400000000000p-13	125	524288	normal	27976
2151	397b	397b0000	0.00023937225341796875	0x1.f600000000000p-13	251	1048576	normal	28157
2152	397c	397c0000	0.000240325927734375	0x1.f800000000000p-13	63	262144	normal	28047
2153	397d	397d0000	0.00024127960205078125	0x1.fa00000000000p-13	253	1048576	normal	28389
2154	397e	397e0000	0.0002422332763671875	0x1.fc00000000000p-13	127	524288	normal	28329
2155	397f	397f0000	0.00024318695068359375	0x1.fe00000000000p-13	255	1048576	normal	28009
2156	3980	39800000	0.000244140625	0x1.0000000000000p-12	1	4096	normal	42284
2157	3981	39810000	0.0002460479736328125	0x1.0200000000000p-12	129	524288	normal	56384
2158	3982	39820000	0.000247955322265625	0x1.0400000000000p-12	65	262144	normal	56232
2159	3983	39830000	0.0002498626708984375	0x1.0600000000000p-12	131	524288	normal	55827
2160	3984	39840000	0.00025177001953125	0x1.0800000000000p-12	33	131072	normal	56034
2161	3985	39850000	0.0002536773681640625	0x1.0a00000000000p-12	133	524288	normal	56341
2162	3986	39860000	0.000255584716796875	0x1.0c00000000000p-12	67	262144	normal	56178
2163	3987	39870000	0.0002574920654296875	0x1.0e00000000000p-12	135	524288	normal	56004
2164	3988	39880000	0.0002593994140625	0x1.1000000000000p-12	17	65536	normal	55927
2165	3989	39890000	0.0002613067626953125	0x1.1200000000000p-12	137	524288	normal	56297
2166	398a	398a0000	0.000263214111328125	0x1.1400000000000p-12	69	262144	normal	56438
2167	398b	398b0000	0.0002651214599609375	0x1.1600000000000p-12	139	524288	normal	56642
2168	398c	398c0000	0.00026702880859375	0x1.1800000000000p-12	35	131072	normal	56449
2169	398d	398d0000	0.0002689361572265625	0x1.1a00000000000p-12	141	524288	normal	56099
2170	398e	398e0000	0.000270843505859375	0x1.1c00000000000p-12	71	262144	normal	56352
2171	398f	398f0000	0.0002727508544921875	0x1.1e00000000000p-12	143	524288	normal	56039
2172	3990	39900000	0.000274658203125	0x1.2000000000000p-12	9	32768	normal	56645
2173	3991	39910000	0.0002765655517578125	0x1.2200000000000p-12	145	524288	normal	56762
2174	3992	39920000	0.000278472900390625	0x1.2400000000000p-12	73	262144	normal	55698
2175	3993	39930000	0.0002803802490234375	0x1.2600000000000p-12	147	524288	normal	56011
2176	3994	39940000	0.00028228759765625	0x1.2800000000000p-12	37	131072	normal	56021
2177	3995	39950000	0.0002841949462890625	0x1.2a00000000000p-12	149	524288	normal	56045
2178	3996	39960000	0.000286102294921875	0x1.2c00000000000p-12	75	262144	normal	56442
2179	3997	39970000	0.0002880096435546875	0x1.2e00000000000p-12	151	524288	normal	56085
2180	3998	39980000	0.0002899169921875	0x1.3000000000000p-12	19	65536	normal	56210
2181	3999	39990000	0.0002918243408203125	0x1.3200000000000p-12	153	524288	normal	56001
2182	399a	399a0000	0.000293731689453125	0x1.3400000000000p-12	77	262144	normal	56427
2183	399b	399b0000	0.0002956390380859375	0x1.3600000000000p-12	155	524288	normal	56614
2184	399c	399c0000	0.00029754638671875	0x1.3800000000000p-12	39	131072	normal	56466
2185	399d	399d0000	0.0002994537353515625	0x1.3a00000000000p-12	157	524288	normal	56175
2186	399e	399e0000	0.000301361083984375	0x1.3c00000000000p-12	79	262144	normal	56594
2187	399f	399f0000	0.0003032684326171875	0x1.3e00000000000p-12	159	524288	normal	56254
2188	39a0	39a00000	0.00030517578125	0x1.4000000000000p-12	5	16384	normal	56593
2189	39a1	39a10000	0.0003070831298828125	0x1.4200000000000p-12	161	524288	normal	56571
2190	39a2	39a20000	0.000308990478515625	0x1.4400000000000p-12	81	262144	normal	56283
2191	39a3	39a30000	0.0003108978271484375	0x1.4600000000000p-12	163	524288	normal	56494
2192	39a4	39a40000	0.00031280517578125	0x1.4800000000000p-12	41	131072	normal	56243
2193	39a5	39a50000	0.0003147125244140625	0x1.4a00000000000p-12	165	524288	normal	56007
2194	39a6	39a60000	0.000316619873046875	0x1.4c00000000000p-12	83	262144	normal	55757
2195	39a7	39a70000	0.0003185272216796875	0x1.4e00000000000p-12	167	524288	normal	56217
2196	39a8	39a80000	0.0003204345703125	0x1.5000000000000p-12	21	65536	normal	56417
2197	39a9	39a90000	0.0003223419189453125	0x1.5200000000000p-12	169	524288	normal	55824
2198	39aa	39aa0000	0.000324249267578125	0x1.5400000000000p-12	85	262144	normal	56564
2199	39ab	39ab0000	0.0003261566162109375	0x1.5600000000000p-12	171	524288	normal	56254
2200	39ac	39ac0000	0.00032806396484375	0x1.5800000000000p-12	43	131072	normal	56625
2201	39ad	39ad0000	0.0003299713134765625	0x1.5a00000000000p-12	173	524288	normal	56408
2202	39ae	39ae0000	0.000331878662109375	0x1.5c00000000000p-12	87	262144	normal	56019
2203	39af	39af0000	0.0003337860107421875	0x1.5e00000000000p-12	175	524288	normal	56272
2204	39b0	39b00000	0.000335693359375	0x1.6000000000000p-12	11	32768	normal	56220
2205	39b1	39b10000	0.0003376007080078125	0x1.6200000000000p-12	177	524288	normal	56380
2206	39b2	39b20000	0.000339508056640625	0x1.6400000000000p-12	89	262144	normal	56240
2207	39b3	39b30000	0.0003414154052734375	0x1.6600000000000p-12	179	524288	normal	56314
2208	39b4	39b40000	0.00034332275390625	0x1.6800000000000p-12	45	131072	normal	56236
2209	39b5	39b50000	0.0003452301025390625	0x1.6a00000000000p-12	181	524288	normal	55619
2210	39b6	39b60000	0.000347137451171875	0x1.6c00000000000p-12	91	262144	normal	55812
2211	39b7	39b70000	0.0003490447998046875	0x1.6e00000000000p-12	183	524288	normal	56278
2212	39b8	39b80000	0.0003509521484375	0x1.7000000000000p-12	23	65536	normal	56241
2213	39b9	39b90000	0.0003528594970703125	0x1.7200000000000p-12	185	524288	normal	56174
2214	39ba	39ba0000	0.000354766845703125	0x1.7400000000000p-12	93	262144	normal	56383
2215	39bb	39bb0000	0.0003566741943359375	0x1.7600000000000p-12	187	524288	normal	56063
2216	39bc	39bc0000	0.00035858154296875	0x1.7800000000000p-12	47	131072	normal	56331
2217	39bd	39bd0000	0.0003604888916015625	0x1.7a00000000000p-12	189	524288	normal	56194
2218	39be	39be0000	0.000362396240234375	0x1.7c00000000000p-12	95	262144	normal	56425
2219	39bf	39bf0000	0.0003643035888671875	0x1.7e00000000000p-12	191	524288	normal	56661
2220	39c0	39c00000	0.0003662109375	0x1.8000000000000p-12	3	8192	normal	55885
2221	39c1	39c10000	0.0003681182861328125	0x1.8200000000000p-12	193	524288	normal	56249
2222	39c2	39c20000	0.000370025634765625	0x1.8400000000000p-12	97	262144	normal	56226
2223	39c3	39c30000	0.0003719329833984375	0x1.8600000000000p-12	195	524288	normal	55959
2224	39c4	39c40000	0.00037384033203125	0x1.8800000000000p-12	49	131072	normal	56336
2225	39c5	39c50000	0.0003757476806640625	0x1.8a00000000000p-12	197	524288	normal	56392
2226	39c6	39c60000	0.000377655029296875	0x1.8c00000000000p-12	99	262144	normal	56710
2227	39c7	39c70000	0.0003795623779296875	0x1.8e00000000000p-12	199	524288	normal	56038
2228	39c8	39c80000	0.0003814697265625	0x1.9000000000000p-12	25	65536	normal	56466
2229	39c9	39c90000	0.0003833770751953125	0x1.9200000000000p-12	201	524288	normal	55798
2230	39ca	39ca0000	0.000385284423828125	0x1.9400000000000p-12	101	262144	normal	56328
2231	39cb	39cb0000	0.0003871917724609375	0x1.9600000000000p-12	203	524288	normal	56142
2232	39cc	39cc0000	0.00038909912109375	0x1.9800000000000p-12	51	131072	normal	56766
2233	39cd	39cd0000	0.0003910064697265625	0x1.9a00000000000p-12	205	524288	normal	56166
2234	39ce	39ce0000	0.000392913818359375	0x1.9c00000000000p-12	103	262144	normal	56049
2235	39cf	39cf0000	0.0003948211669921875	0x1.9e00000000000p-12	207	524288	normal	56230
2236	39d0	39d00000	0.000396728515625	0x1.a000000000000p-12	13	32768	normal	56315
2237	39d1	39d10000	0.0003986358642578125	0x1.a200000000000p-12	209	524288	normal	56230
2238	39d2	39d20000	0.000400543212890625	0x1.a400000000000p-12	105	262144	normal	56281
2239	39d3	39d30000	0.0004024505615234375	0x1.a600000000000p-12	211	524288	normal	56021
2240	39d4	39d40000	0.00040435791015625	0x1.a800000000000p-12	53	131072	normal	56404
2241	39d5	39d50000	0.0004062652587890625	0x1.aa00000000000p-12	213	524288	normal	56574
2242	39d6	39d60000	0.000408172607421875	0x1.ac00000000000p-12	107	262144	normal	56479
2243	39d7	39d70000	0.0004100799560546875	0x1.ae00000000000p-12	215	524288	normal	56350
2244	39d8	39d80000	0.0004119873046875	0x1.b000000000000p-12	27	65536	normal	56041
2245	39d9	39d90000	0.0004138946533203125	0x1.b200000000000p-12	217	524288	normal	56631
2246	39da	39da0000	0.000415802001953125	0x1.b400000000000p-12	109	262144	normal	55946
2247	39db	39db0000	0.0004177093505859375	0x1.b600000000000p-12	219	524288	normal	56047
2248	39dc	39dc0000	0.00041961669921875	0x1.b800000000000p-12	55	131072	normal	56369
2249	39dd	39dd0000	0.0004215240478515625	0x1.ba00000000000p-12	221	524288	normal	55961
2250	39de	39de0000	0.000423431396484375	0x1.bc00000000000p-12	111	262144	normal	56171
2251	39df	39df0000	0.0004253387451171875	0x1.be00000000000p-12	223	524288	normal	56185
2252	39e0	39e00000	0.00042724609375	0x1.c000000000000p-12	7	16384	normal	56138
2253	39e1	39e10000	0.0004291534423828125	0x1.c200000000000p-12	225	524288	normal	55966
2254	39e2	39e20000	0.000431060791015625	0x1.c400000000000p-12	113	262144	normal	56639
2255	39e3	39e30000	0.0004329681396484375	0x1.c600000000000p-12	227	524288	normal	56411
2256	39e4	39e40000	0.00043487548828125	0x1.c800000000000p-12	57	131072	normal	55945
2257	39e5	39e50000	0.0004367828369140625	0x1.ca00000000000p-12	229	524288	normal	56217
2258	39e6	39e60000	0.000438690185546875	0x1.cc00000000000p-12	115	262144	normal	56210
2259	39e7	39e70000	0.0004405975341796875	0x1.ce00000000000p-12	231	524288	normal	56466
2260	39e8	39e80000	0.0004425048828125	0x1.d000000000000p-12	29	65536	normal	56653
2261	39e9	39e90000	0.0004444122314453125	0x1.d200000000000p-12	233	524288	normal	56101
2262	39ea	39ea0000	0.000446319580078125	0x1.d400000000000p-12	117	262144	normal	56099
2263	39eb	39eb0000	0.0004482269287109375	0x1.d600000000000p-12	235	524288	normal	56277
2264	39ec	39ec0000	0.00045013427734375	0x1.d800000000000p-12	59	131072	normal	56207
2265	39ed	39ed0000	0.0004520416259765625	0x1.da00000000000p-12	237	524288	normal	56563
2266	39ee	39ee0000	0.000453948974609375	0x1.dc00000000000p-12	119	262144	normal	56090
2267	39ef	39ef0000	0.0004558563232421875	0x1.de00000000000p-12	239	524288	normal	56110
2268	39f0	39f00000	0.000457763671875	0x1.e000000000000p-12	15	32768	normal	56252
2269	39f1	39f10000	0.0004596710205078125	0x1.e200000000000p-12	241	524288	normal	56416
2270	39f2	39f20000	0.000461578369140625	0x1.e400000000000p-12	121	262144	normal	56222
2271	39f3	39f30000	0.0004634857177734375	0x1.e600000000000p-12	243	524288	normal	56455
2272	39f4	39f40000	0.00046539306640625	0x1.e800000000000p-12	61	131072	normal	56302
2273	39f5	39f50000	0.0004673004150390625	0x1.ea00000000000p-12	245	524288	normal	56365
2274	39f6	39f60000	0.000469207763671875	0x1.ec00000000000p-12	123	262144	normal	56259
2275	39f7	39f70000	0.0004711151123046875	0x1.ee00000000000p-12	247	524288	normal	56490
2276	39f8	39f80000	0.0004730224609375	0x1.f000000000000p-12	31	65536	normal	56364
2277	39f9	39f90000	0.0004749298095703125	0x1.f200000000000p-12	249	524288	normal	56525
2278	39fa	39fa0000	0.000476837158203125	0x1.f400000000000p-12	125	262144	normal	56423
2279	39fb	39fb0000	0.0004787445068359375	0x1.f600000000000p-12	251	524288	normal	56262
2280	39fc	39fc0000	0.00048065185546875	0x1.f800000000000p-12	63	131072	normal	56260
2281	39fd	39fd0000	0.0004825592041015625	0x1.fa00000000000p-12	253	524288	normal	56025
2282	39fe	39fe0000	0.000484466552734375	0x1.fc00000000000p-12	127	262144	normal	56054
2283	39ff	39ff0000	0.0004863739013671875	0x1.fe00000000000p-12	255	524288	normal	56452
2284	3a00	3a000000	0.00048828125	0x1.0000000000000p-11	1	2048	normal	83803
2285	3a01	3a010000	0.000492095947265625	0x1.0200000000000p-11	129	262144	normal	112532
2286	3a02	3a020000	0.00049591064453125	0x1.0400000000000p-11	65	131072	normal	111641
2287	3a03	3a030000	0.000499725341796875	0x1.0600000000000p-11	131	262144	normal	111976
2288	3a04	3a040000	0.0005035400390625	0x1.0800000000000p-11	33	65536	normal	112430
2289	3a05	3a050000	0.000507354736328125	0x1.0a00000000000p-11	133	262144	normal	111986
2290	3a06	3a060000	0.00051116943359375	0x1.0c00000000000p-11	67	131072	normal	112070
2291	3a07	3a070000	0.000514984130859375	0x1.0e00000000000p-11	135	262144	normal	111947
2292	3a08	3a080000	0.000518798828125	0x1.1000000000000p-11	17	32768	normal	112110
2293	3a09	3a090000	0.000522613525390625	0x1.1200000000000p-11	137	262144	normal	112050
2294	3a0a	3a0a0000	0.00052642822265625	0x1.1400000000000p-11	69	131072	normal	112618
2295	3a0b	3a0b0000	0.000530242919921875	0x1.1600000000000p-11	139	262144	normal	113124
2296	3a0c	3a0c0000	0.0005340576171875	0x1.1800000000000p-11	35	65536	normal	112526
2297	3a0d	3a0d0000	0.000537872314453125	0x1.1a00000000000p-11	141	262144	normal	111785
2298	3a0e	3a0e0000	0.00054168701171875	0x1.1c00000000000p-11	71	131072	normal	112800
2299	3a0f	3a0f0000	0.000545501708984375	0x1.1e00000000000p-11	143	262144	normal	113203
2300	3a10	3a100000	0.00054931640625	0x1.2000000000000p-11	9	16384	normal	112523
2301	3a11	3a110000	0.000553131103515625	0x1.2200000000000p-11	145	262144	normal	112987
2302	3a12	3a120000	0.00055694580078125	0x1.2400000000000p-11	73	131072	normal	112223
2303	3a13	3a130000	0.000560760498046875	0x1.2600000000000p-11	147	262144	normal	112012
2304	3a14	3a140000	0.0005645751953125	0x1.2800000000000p-11	37	65536	normal	112354
2305	3a15	3a150000	0.000568389892578125	0x1.2a00000000000p-11	149	262144	normal	112350
2306	3a16	3a160000	0.00057220458984375	0x1.2c00000000000p-11	75	131072	normal	111676
2307	3a17	3a170000	0.000576019287109375	0x1.2e00000000000p-11	151	262144	normal	112685
2308	3a18	3a180000	0.000579833984375	0x1.3000000000000p-11	19	32768	normal	112507
2309	3a19	3a190000	0.000583648681640625	0x1.3200000000000p-11	153	262144	normal	112658
2310	3a1a	3a1a0000	0.00058746337890625	0x1.3400000000000p-11	77	131072	normal	112340
2311	3a1b	3a1b0000	0.000591278076171875	0x1.3600000000000p-11	155	262144	normal	112170
2312	3a1c	3a1c0000	0.0005950927734375	0x1.3800000000000p-11	39	65536	normal	111723
2313	3a1d	3a1d0000	0.000598907470703125	0x1.3a00000000000p-11	157	262144	normal	112056
2314	3a1e	3a1e0000	0.00060272216796875	0x1.3c00000000000p-11	79	131072	normal	112768
2315	3a1f	3a1f0000	0.000606536865234375	0x1.3e00000000000p-11	159	262144	normal	112411
2316	3a20	3a200000	0.0006103515625	0x1.4000000000000p-11	5	8192	normal	111663
2317	3a21	3a210000	0.000614166259765625	0x1.4200000000000p-11	161	262144	normal	112980
2318	3a22	3a220000	0.00061798095703125	0x1.4400000000000p-11	81	131072	normal	113015
2319	3a23	3a230000	0.000621795654296875	0x1.4600000000000p-11	163	262144	normal	111995
2320	3a24	3a240000	0.0006256103515625	0x1.4800000000000p-11	41	65536	normal	112036
2321	3a25	3a250000	0.000629425048828125	0x1.4a00000000000p-11	165	262144	normal	112241
2322	3a26	3a260000	0.00063323974609375	0x1.4c00000000000p-11	83	131072	normal	111952
2323	3a27	3a270000	0.000637054443359375	0x1.4e00000000000p-11	167	262144	normal	112124
2324	3a28	3a280000	0.000640869140625	0x1.5000000000000p-11	21	32768	normal	112316
2325	3a29	3a290000	0.000644683837890625	0x1.5200000000000p-11	169	262144	normal	112399
2326	3a2a	3a2a0000	0.00064849853515625	0x1.5400000000000p-11	85	131072	normal	111937
2327	3a2b	3a2b0000	0.000652313232421875	0x1.5600000000000p-11	171	262144	normal	112186
2328	3a2c	3a2c0000	0.0006561279296875	0x1.5800000000000p-11	43	65536	normal	112479
2329	3a2d	3a2d0000	0.000659942626953125	0x1.5a00000000000p-11	173	262144	normal	112597
2330	3a2e	3a2e0000	0.00066375732421875	0x1.5c00000000000p-11	87	131072	normal	111498
2331	3a2f	3a2f0000	0.000667572021484375	0x1.5e00000000000p-11	175	262144	normal	112528
2332	3a30	3a300000	0.00067138671875	0x1.6000000000000p-11	11	16384	normal	112660
2333	3a31	3a310000	0.000675201416015625	0x1.6200000000000p-11	177	262144	normal	112426
2334	3a32	3a320000	0.00067901611328125	0x1.6400000000000p-11	89	131072	normal	112446
2335	3a33	3a330000	0.000682830810546875	0x1.6600000000000p-11	179	262144	normal	112818
2336	3a34	3a340000	0.0006866455078125	0x1.6800000000000p-11	45	65536	normal	112593
2337	3a35	3a350000	0.000690460205078125	0x1.6a00000000000p-11	181	262144	normal	112677
2338	3a36	3a360000	0.00069427490234375	0x1.6c00000000000p-11	91	131072	normal	111857
2339	3a37	3a370000	0.000698089599609375	0x1.6e00000000000p-11	183	262144	normal	112101
2340	3a38	3a380000	0.000701904296875	0x1.7000000000000p-11	23	32768	normal	112338
2341	3a39	3a390000	0.000705718994140625	0x1.7200000000000p-11	185	262144	normal	111943
2342	3a3a	3a3a0000	0.00070953369140625	0x1.7400000000000p-11	93	131072	normal	112318
2343	3a3b	3a3b0000	0.000713348388671875	0x1.7600000000000p-11	187	262144	normal	112572
2344	3a3c	3a3c0000	0.0007171630859375	0x1.7800000000000p-11	47	65536	normal	112440
2345	3a3d	3a3d0000	0.000720977783203125	0x1.7a00000000000p-11	189	262144	normal	112553
2346	3a3e	3a3e0000	0.00072479248046875	0x1.7c00000000000p-11	95	131072	normal	111836
2347	3a3f	3a3f0000	0.000728607177734375	0x1.7e00000000000p-11	191	262144	normal	112487
2348	3a40	3a400000	0.000732421875	0x1.8000000000000p-11	3	4096	normal	112385
2349	3a41	3a410000	0.000736236572265625	0x1.8200000000000p-11	193	262144	normal	112623
2350	3a42	3a420000	0.00074005126953125	0x1.8400000000000p-11	97	131072	normal	112546
2351	3a43	3a430000	0.000743865966796875	0x1.8600000000000p-11	195	262144	normal	112079
2352	3a44	3a440000	0.0007476806640625	0x1.8800000000000p-11	49	65536	normal	112181
2353	3a45	3a450000	0.000751495361328125	0x1.8a00000000000p-11	197	262144	normal	112030
2354	3a46	3a460000	0.00075531005859375	0x1.8c00000000000p-11	99	131072	normal	112329
2355	3a47	3a470000	0.000759124755859375	0x1.8e00000000000p-11	199	262144	normal	112165
2356	3a48	3a480000	0.000762939453125	0x1.9000000000000p-11	25	32768	normal	112534
2357	3a49	3a490000	0.000766754150390625	0x1.9200000000000p-11	201	262144	normal	112476
2358	3a4a	3a4a0000	0.00077056884765625	0x1.9400000000000p-11	101	131072	normal	111951
2359	3a4b	3a4b0000	0.000774383544921875	0x1.9600000000000p-11	203	262144	normal	112683
2360	3a4c	3a4c0000	0.0007781982421875	0x1.9800000000000p-11	51	65536	normal	112379
2361	3a4d	3a4d0000	0.000782012939453125	0x1.9a00000000000p-11	205	262144	normal	111903
2362	3a4e	3a4e0000	0.00078582763671875	0x1.9c00000000000p-11	103	131072	normal	112502
2363	3a4f	3a4f0000	0.000789642333984375	0x1.9e00000000000p-11	207	262144	normal	111809
2364	3a50	3a500000	0.00079345703125	0x1.a000000000000p-11	13	16384	normal	112210
2365	3a51	3a510000	0.000797271728515625	0x1.a200000000000p-11	209	262144	normal	111792
2366	3a52	3a520000	0.00080108642578125	0x1.a400000000000p-11	105	131072	normal	112382
2367	3a53	3a530000	0.000804901123046875	0x1.a600000000000p-11	211	262144	normal	112036
2368	3a54	3a540000	0.0008087158203125	0x1.a800000000000p-11	53	65536	normal	112046
2369	3a55	3a550000	0.000812530517578125	0x1.aa00000000000p-11	213	262144	normal	111719
2370	3a56	3a560000	0.00081634521484375	0x1.ac00000000000p-11	107	131072	normal	112074
2371	3a57	3a570000	0.000820159912109375	0x1.ae00000000000p-11	215	262144	normal	112169
2372	3a58	3a580000	0.000823974609375	0x1.b000000000000p-11	27	32768	normal	112195
2373	3a59	3a590000	0.000827789306640625	0x1.b200000000000p-11	217	262144	normal	112699
2374	3a5a	3a5a0000	0.00083160400390625	0x1.b400000000000p-11	109	131072	normal	112390
2375	3a5b	3a5b0000	0.000835418701171875	0x1.b600000000000p-11	219	262144	normal	112184
2376	3a5c	3a5c0000	0.0008392333984375	0x1.b800000000000p-11	55	65536	normal	112328
2377	3a5d	3a5d0000	0.000843048095703125	0x1.ba00000000000p-11	221	262144	normal	112076
2378	3a5e	3a5e0000	0.00084686279296875	0x1.bc00000000000p-11	111	131072	normal	112275
2379	3a5f	3a5f0000	0.000850677490234375	0x1.be00000000000p-11	223	262144	normal	112454
2380	3a60	3a600000	0.0008544921875	0x1.c000000000000p-11	7	8192	normal	112607
2381	3a61	3a610000	0.000858306884765625	0x1.c200000000000p-11	225	262144	normal	112453
2382	3a62	3a620000	0.00086212158203125	0x1.c400000000000p-11	113	131072	normal	112219
2383	3a63	3a630000	0.000865936279296875	0x1.c600000000000p-11	227	262144	normal	112524
2384	3a64	3a640000	0.0008697509765625	0x1.c800000000000p-11	57	65536	normal	111874
2385	3a65	3a650000	0.000873565673828125	0x1.ca00000000000p-11	229	262144	normal	111575
2386	3a66	3a660000	0.00087738037109375	0x1.cc00000000000p-11	115	131072	normal	112251
2387	3a67	3a670000	0.000881195068359375	0x1.ce00000000000p-11	231	262144	normal	113086
2388	3a68	3a680000	0.000885009765625	0x1.d000000000000p-11	29	32768	normal	112320
2389	3a69	3a690000	0.000888824462890625	0x1.d200000000000p-11	233	262144	normal	112859
2390	3a6a	3a6a0000	0.00089263916015625	0x1.d400000000000p-11	117	131072	normal	111998
2391	3a6b	3a6b0000	0.000896453857421875	0x1.d600000000000p-11	235	262144	normal	112682
2392	3a6c	3a6c0000	0.0009002685546875	0x1.d800000000000p-11	59	65536	normal	112398
2393	3a6d	3a6d0000	0.000904083251953125	0x1.da00000000000p-11	237	262144	normal	111849
2394	3a6e	3a6e0000	0.00090789794921875	0x1.dc00000000000p-11	119	131072	normal	112183
2395	3a6f	3a6f0000	0.000911712646484375	0x1.de00000000000p-11	239	262144	normal	111921
2396	3a70	3a700000	0.00091552734375	0x1.e000000000000p-11	15	16384	normal	112482
2397	3a71	3a710000	0.000919342041015625	0x1.e200000000000p-11	241	262144	normal	112497
2398	3a72	3a720000	0.00092315673828125	0x1.e400000000000p-11	121	131072	normal	112348
2399	3a73	3a730000	0.000926971435546875	0x1.e600000000000p-11	243	262144	normal	112812
2400	3a74	3a740000	0.0009307861328125	0x1.e800000000000p-11	61	65536	normal	112140
2401	3a75	3a750000	0.000934600830078125	0x1.ea00000000000p-11	245	262144	normal	113043
2402	3a76	3a760000	0.00093841552734375	0x1.ec00000000000p-11	123	131072	normal	112283
2403	3a77	3a770000	0.000942230224609375	0x1.ee00000000000p-11	247	262144	normal	112440
2404	3a78	3a780000	0.000946044921875	0x1.f000000000000p-11	31	32768	normal	112022
2405	3a79	3a790000	0.000949859619140625	0x1.f200000000000p-11	249	262144	normal	112254
2406	3a7a	3a7a0000	0.00095367431640625	0x1.f400000000000p-11	125	131072	normal	112044
2407	3a7b	3a7b0000	0.000957489013671875	0x1.f600000000000p-11	251	262144	normal	112696
2408	3a7c	3a7c0000	0.0009613037109375	0x1.f800000000000p-11	63	65536	normal	111677
2409	3a7d	3a7d0000	0.000965118408203125	0x1.fa00000000000p-11	253	262144	normal	111943
2410	3a7e	3a7e0000	0.00096893310546875	0x1.fc00000000000p-11	127	131072	normal	111777
2411	3a7f	3a7f0000	0.000972747802734375	0x1.fe00000000000p-11	255	262144	normal	112299
2412	3a80	3a800000	0.0009765625	0x1.0000000000000p-10	1	1024	normal	167967
2413	3a81	3a810000	0.00098419189453125	0x1.0200000000000p-10	129	131072	normal	223599
2414	3a82	3a820000	0.0009918212890625	0x1.0400000000000p-10	65	65536	normal	223326
2415	3a83	3a830000	0.00099945068359375	0x1.0600000000000p-10	131	131072	normal	223897
2416	3a84	3a840000	0.001007080078125	0x1.0800000000000p-10	33	32768	normal	224955
2417	3a85	3a850000	0.00101470947265625	0x1.0a00000000000p-10	133	131072	normal	223829
2418	3a86	3a860000	0.0010223388671875	0x1.0c00000000000p-10	67	65536	normal	224208
2419	3a87	3a870000	0.00102996826171875	0x1.0e00000000000p-10	135	131072	normal	223840
2420	3a88	3a880000	0.00103759765625	0x1.1000000000000p-10	17	16384	normal	224046
2421	3a89	3a890000	0.00104522705078125	0x1.1200000000000p-10	137	131072	normal	223979
2422	3a8a	3a8a0000	0.0010528564453125	0x1.1400000000000p-10	69	65536	normal	223452
2423	3a8b	3a8b0000	0.00106048583984375	0x1.1600000000000p-10	139	131072	normal	225109
2424	3a8c	3a8c0000	0.001068115234375	0x1.1800000000000p-10	35	32768	normal	223790
2425	3a8d	3a8d0000	0.00107574462890625	0x1.1a00000000000p-10	141	131072	normal	223465
2426	3a8e	3a8e0000	0.0010833740234375	0x1.1c00000000000p-10	71	65536	normal	223067
2427	3a8f	3a8f0000	0.00109100341796875	0x1.1e00000000000p-10	143	131072	normal	223580
2428	3a90	3a900000	0.0010986328125	0x1.2000000000000p-10	9	8192	normal	223496
2429	3a91	3a910000	0.00110626220703125	0x1.2200000000000p-10	145	131072	normal	223460
2430	3a92	3a920000	0.0011138916015625	0x1.2400000000000p-10	73	65536	normal	224184
2431	3a93	3a930000	0.00112152099609375	0x1.2600000000000p-10	147	131072	normal	224053
2432	3a94	3a940000	0.001129150390625	0x1.2800000000000p-10	37	32768	normal	224140
2433	3a95	3a950000	0.00113677978515625	0x1.2a00000000000p-10	149	131072	normal	224569
2434	3a96	3a960000	0.0011444091796875	0x1.2c00000000000p-10	75	65536	normal	224557
2435	3a97	3a970000	0.00115203857421875	0x1.2e00000000000p-10	151	131072	normal	224006
2436	3a98	3a980000	0.00115966796875	0x1.3000000000000p-10	19	16384	normal	223316
2437	3a99	3a990000	0.00116729736328125	0x1.3200000000000p-10	153	131072	normal	224564
2438	3a9a	3a9a0000	0.0011749267578125	0x1.3400000000000p-10	77	65536	normal	223151
2439	3a9b	3a9b0000	0.00118255615234375	0x1.3600000000000p-10	155	131072	normal	223087
2440	3a9c	3a9c0000	0.001190185546875	0x1.3800000000000p-10	39	32768	normal	223752
2441	3a9d	3a9d0000	0.00119781494140625	0x1.3a00000000000p-10	157	131072	normal	223349
2442	3a9e	3a9e0000	0.0012054443359375	0x1.3c00000000000p-10	79	65536	normal	224190
2443	3a9f	3a9f0000	0.00121307373046875	0x1.3e00000000000p-10	159	131072	normal	224082
2444	3aa0	3aa00000	0.001220703125	0x1.4000000000000p-10	5	4096	normal	223516
2445	3aa1	3aa10000	0.00122833251953125	0x1.4200000000000p-10	161	131072	normal	224389
2446	3aa2	3aa20000	0.0012359619140625	0x1.4400000000000p-10	81	65536	normal	224435
2447	3aa3	3aa30000	0.00124359130859375	0x1.4600000000000p-10	163	131072	normal	223570
2448	3aa4	3aa40000	0.001251220703125	0x1.4800000000000p-10	41	32768	normal	223547
2449	3aa5	3aa50000	0.00125885009765625	0x1.4a00000000000p-10	165	131072	normal	223466
2450	3aa6	3aa60000	0.0012664794921875	0x1.4c00000000000p-10	83	65536	normal	223661
2451	3aa7	3aa70000	0.00127410888671875	0x1.4e00000000000p-10	167	131072	normal	223967
2452	3aa8	3aa80000	0.00128173828125	0x1.5000000000000p-10	21	16384	normal	223524
2453	3aa9	3aa90000	0.00128936767578125	0x1.5200000000000p-10	169	131072	normal	223657
2454	3aaa	3aaa0000	0.0012969970703125	0x1.5400000000000p-10	85	65536	normal	223200
2455	3aab	3aab0000	0.00130462646484375	0x1.5600000000000p-10	171	131072	normal	223940
2456	3aac	3aac0000	0.001312255859375	0x1.5800000000000p-10	43	32768	normal	224052
2457	3aad	3aad0000	0.00131988525390625	0x1.5a00000000000p-10	173	131072	normal	223934
2458	3aae	3aae0000	0.0013275146484375	0x1.5c00000000000p-10	87	65536	normal	223844
2459	3aaf	3aaf0000	0.00133514404296875	0x1.5e00000000000p-10	175	131072	normal	223300
2460	3ab0	3ab00000	0.0013427734375	0x1.6000000000000p-10	11	8192	normal	223353
2461	3ab1	3ab10000	0.00135040283203125	0x1.6200000000000p-10	177	131072	normal	223930
2462	3ab2	3ab20000	0.0013580322265625	0x1.6400000000000p-10	89	65536	normal	223741
2463	3ab3	3ab30000	0.00136566162109375	0x1.6600000000000p-10	179	131072	normal	223346
2464	3ab4	3ab40000	0.001373291015625	0x1.6800000000000p-10	45	32768	normal	223572
2465	3ab5	3ab50000	0.00138092041015625	0x1.6a00000000000p-10	181	131072	normal	223697
2466	3ab6	3ab60000	0.0013885498046875	0x1.6c00000000000p-10	91	65536	normal	224055
2467	3ab7	3ab70000	0.00139617919921875	0x1.6e00000000000p-10	183	131072	normal	223865
2468	3ab8	3ab80000	0.00140380859375	0x1.7000000000000p-10	23	16384	normal	222766
2469	3ab9	3ab90000	0.00141143798828125	0x1.7200000000000p-10	185	131072	normal	223770
2470	3aba	3aba0000	0.0014190673828125	0x1.7400000000000p-10	93	65536	normal	223699
2471	3abb	3abb0000	0.00142669677734375	0x1.7600000000000p-10	187	131072	normal	223247
2472	3abc	3abc0000	0.001434326171875	0x1.7800000000000p-10	47	32768	normal	224263
2473	3abd	3abd0000	0.00144195556640625	0x1.7a00000000000p-10	189	131072	normal	223762
2474	3abe	3abe0000	0.0014495849609375	0x1.7c00000000000p-10	95	65536	normal	223417
2475	3abf	3abf0000	0.00145721435546875	0x1.7e00000000000p-10	191	131072	normal	223314
2476	3ac0	3ac00000	0.00146484375	0x1.8000000000000p-10	3	2048	normal	223757
2477	3ac1	3ac10000	0.00147247314453125	0x1.8200000000000p-10	193	131072	normal	223666
2478	3ac2	3ac20000	0.0014801025390625	0x1.8400000000000p-10	97	65536	normal	223469
2479	3ac3	3ac30000	0.00148773193359375	0x1.8600000000000p-10	195	131072	normal	222950
2480	3ac4	3ac40000	0.001495361328125	0x1.8800000000000p-10	49	32768	normal	223519
2481	3ac5	3ac50000	0.00150299072265625	0x1.8a00000000000p-10	197	131072	normal	223702
2482	3ac6	3ac60000	0.0015106201171875	0x1.8c00000000000p-10	99	65536	normal	223549
2483	3ac7	3ac70000	0.00151824951171875	0x1.8e00000000000p-10	199	131072	normal	222794
2484	3ac8	3ac80000	0.00152587890625	0x1.9000000000000p-10	25	16384	normal	223010
2485	3ac9	3ac90000	0.00153350830078125	0x1.9200000000000p-10	201	131072	normal	223475
2486	3aca	3aca0000	0.0015411376953125	0x1.9400000000000p-10	101	65536	normal	223204
2487	3acb	3acb0000	0.00154876708984375	0x1.9600000000000p-10	203	131072	normal	223532
2488	3acc	3acc0000	0.001556396484375	0x1.9800000000000p-10	51	32768	normal	223491
2489	3acd	3acd0000	0.00156402587890625	0x1.9a00000000000p-10	205	131072	normal	222801
2490	3ace	3ace0000	0.0015716552734375	0x1.9c00000000000p-10	103	65536	normal	222657
2491	3acf	3acf0000	0.00157928466796875	0x1.9e00000000000p-10	207	131072	normal	222782
2492	3ad0	3ad00000	0.0015869140625	0x1.a000000000000p-10	13	8192	normal	222725
2493	3ad1	3ad10000	0.00159454345703125	0x1.a200000000000p-10	209	131072	normal	223879
2494	3ad2	3ad20000	0.0016021728515625	0x1.a400000000000p-10	105	65536	normal	222503
2495	3ad3	3ad30000	0.00160980224609375	0x1.a600000000000p-10	211	131072	normal	222739
2496	3ad4	3ad40000	0.001617431640625	0x1.a800000000000p-10	53	32768	normal	224016
2497	3ad5	3ad50000	0.00162506103515625	0x1.aa00000000000p-10	213	131072	normal	223156
2498	3ad6	3ad60000	0.0016326904296875	0x1.ac00000000000p-10	107	65536	normal	222936
2499	3ad7	3ad70000	0.00164031982421875	0x1.ae00000000000p-10	215	131072	normal	222767
2500	3ad8	3ad80000	0.00164794921875	0x1.b000000000000p-10	27	16384	normal	223583
2501	3ad9	3ad90000	0.00165557861328125	0x1.b200000000000p-10	217	131072	normal	222484
2502	3ada	3ada0000	0.0016632080078125	0x1.b400000000000p-10	109	65536	normal	222680
2503	3adb	3adb0000	0.00167083740234375	0x1.b600000000000p-10	219	131072	normal	222597
2504	3adc	3adc0000	0.001678466796875	0x1.b800000000000p-10	55	32768	normal	223143
2505	3add	3add0000	0.00168609619140625	0x1.ba00000000000p-10	221	131072	normal	223293
2506	3ade	3ade0000	0.0016937255859375	0x1.bc00000000000p-10	111	65536	normal	222894
2507	3adf	3adf0000	0.00170135498046875	0x1.be00000000000p-10	223	131072	normal	222584
2508	3ae0	3ae00000	0.001708984375	0x1.c000000000000p-10	7	4096	normal	222432
2509	3ae1	3ae10000	0.00171661376953125	0x1.c200000000000p-10	225	131072	normal	222259
2510	3ae2	3ae20000	0.0017242431640625	0x1.c400000000000p-10	113	65536	normal	222966
2511	3ae3	3ae30000	0.00173187255859375	0x1.c600000000000p-10	227	131072	normal	222252
2512	3ae4	3ae40000	0.001739501953125	0x1.c800000000000p-10	57	32768	normal	223112
2513	3ae5	3ae50000	0.00174713134765625	0x1.ca00000000000p-10	229	131072	normal	222990
2514	3ae6	3ae60000	0.0017547607421875	0x1.cc00000000000p-10	115	65536	normal	222937
2515	3ae7	3ae70000	0.00176239013671875	0x1.ce00000000000p-10	231	131072	normal	222878
2516	3ae8	3ae80000	0.00177001953125	0x1.d000000000000p-10	29	16384	normal	223104
2517	3ae9	3ae90000	0.00177764892578125	0x1.d200000000000p-10	233	131072	normal	222697
2518	3aea	3aea0000	0.0017852783203125	0x1.d400000000000p-10	117	65536	normal	223406
2519	3aeb	3aeb0000	0.00179290771484375	0x1.d600000000000p-10	235	131072	normal	222008
2520	3aec	3aec0000	0.001800537109375	0x1.d800000000000p-10	59	32768	normal	221886
2521	3aed	3aed0000	0.00180816650390625	0x1.da00000000000p-10	237	131072	normal	223113
2522	3aee	3aee0000	0.0018157958984375	0x1.dc00000000000p-10	119	65536	normal	222143
2523	3aef	3aef0000	0.00182342529296875	0x1.de00000000000p-10	239	131072	normal	223026
2524	3af0	3af00000	0.0018310546875	0x1.e000000000000p-10	15	8192	normal	223194
2525	3af1	3af10000	0.00183868408203125	0x1.e200000000000p-10	241	131072	normal	222281
2526	3af2	3af20000	0.0018463134765625	0x1.e400000000000p-10	121	65536	normal	223171
2527	3af3	3af30000	0.00185394287109375	0x1.e600000000000p-10	243	131072	normal	222360
2528	3af4	3af40000	0.001861572265625	0x1.e800000000000p-10	61	32768	normal	222978
2529	3af5	3af50000	0.00186920166015625	0x1.ea00000000000p-10	245	131072	normal	221941
2530	3af6	3af60000	0.0018768310546875	0x1.ec00000000000p-10	123	65536	normal	222537
2531	3af7	3af70000	0.00188446044921875	0x1.ee00000000000p-10	247	131072	normal	222033
2532	3af8	3af80000	0.00189208984375	0x1.f000000000000p-10	31	16384	normal	221874
2533	3af9	3af90000	0.00189971923828125	0x1.f200000000000p-10	249	131072	normal	224234
2534	3afa	3afa0000	0.0019073486328125	0x1.f400000000000p-10	125	65536	normal	223153
2535	3afb	3afb0000	0.00191497802734375	0x1.f600000000000p-10	251	131072	normal	224289
2536	3afc	3afc0000	0.001922607421875	0x1.f800000000000p-10	63	32768	normal	222963
2537	3afd	3afd0000	0.00193023681640625	0x1.fa00000000000p-10	253	131072	normal	223551
2538	3afe	3afe0000	0.0019378662109375	0x1.fc00000000000p-10	127	65536	normal	222160
2539	3aff	3aff0000	0.00194549560546875	0x1.fe00000000000p-10	255	131072	normal	223746
2540	3b00	3b000000	0.001953125	0x1.0000000000000p-9	1	512	normal	332927
2541	3b01	3b010000	0.0019683837890625	0x1.0200000000000p-9	129	65536	normal	442767
2542	3b02	3b020000	0.001983642578125	0x1.0400000000000p-9	65	32768	normal	444695
2543	3b03	3b030000	0.0019989013671875	0x1.0600000000000p-9	131	65536	normal	444149
2544	3b04	3b040000	0.00201416015625	0x1.0800000000000p-9	33	16384	normal	443982
2545	3b05	3b050000	0.0020294189453125	0x1.0a00000000000p-9	133	65536	normal	444201
2546	3b06	3b060000	0.002044677734375	0x1.0c00000000000p-9	67	32768	normal	442521
2547	3b07	3b070000	0.0020599365234375	0x1.0e00000000000p-9	135	65536	normal	444471
2548	3b08	3b080000	0.0020751953125	0x1.1000000000000p-9	17	8192	normal	445014
2549	3b09	3b090000	0.0020904541015625	0x1.1200000000000p-9	137	65536	normal	444039
2550	3b0a	3b0a0000	0.002105712890625	0x1.1400000000000p-9	69	32768	normal	444755
2551	3b0b	3b0b0000	0.0021209716796875	0x1.1600000000000p-9	139	65536	normal	443773
2552	3b0c	3b0c0000	0.00213623046875	0x1.1800000000000p-9	35	16384	normal	442969
2553	3b0d	3b0d0000	0.0021514892578125	0x1.1a00000000000p-9	141	65536	normal	443059
2554	3b0e	3b0e0000	0.002166748046875	0x1.1c00000000000p-9	71	32768	normal	443189
2555	3b0f	3b0f0000	0.0021820068359375	0x1.1e00000000000p-9	143	65536	normal	443386
2556	3b10	3b100000	0.002197265625	0x1.2000000000000p-9	9	4096	normal	443048
2557	3b11	3b110000	0.0022125244140625	0x1.2200000000000p-9	145	65536	normal	444075
2558	3b12	3b120000	0.002227783203125	0x1.2400000000000p-9	73	32768	normal	442478
2559	3b13	3b130000	0.0022430419921875	0x1.2600000000000p-9	147	65536	normal	443992
2560	3b14	3b140000	0.00225830078125	0x1.2800000000000p-9	37	16384	normal	443010
2561	3b15	3b150000	0.0022735595703125	0x1.2a00000000000p-9	149	65536	normal	442378
2562	3b16	3b160000	0.002288818359375	0x1.2c00000000000p-9	75	32768	normal	443109
2563	3b17	3b170000	0.0023040771484375	0x1.2e00000000000p-9	151	65536	normal	442407
2564	3b18	3b180000	0.0023193359375	0x1.3000000000000p-9	19	8192	normal	441976
2565	3b19	3b190000	0.0023345947265625	0x1.3200000000000p-9	153	65536	normal	442982
2566	3b1a	3b1a0000	0.002349853515625	0x1.3400000000000p-9	77	32768	normal	442895
2567	3b1b	3b1b0000	0.0023651123046875	0x1.3600000000000p-9	155	65536	normal	442485
2568	3b1c	3b1c0000	0.00238037109375	0x1.3800000000000p-9	39	16384	normal	441705
2569	3b1d	3b1d0000	0.0023956298828125	0x1.3a00000000000p-9	157	65536	normal	443041
2570	3b1e	3b1e0000	0.002410888671875	0x1.3c00000000000p-9	79	32768	normal	442559
2571	3b1f	3b1f0000	0.0024261474609375	0x1.3e00000000000p-9	159	65536	normal	442207
2572	3b20	3b200000	0.00244140625	0x1.4000000000000p-9	5	2048	normal	442875
2573	3b21	3b210000	0.0024566650390625	0x1.4200000000000p-9	161	65536	normal	444097
2574	3b22	3b220000	0.002471923828125	0x1.4400000000000p-9	81	32768	normal	442145
2575	3b23	3b230000	0.0024871826171875	0x1.4600000000000p-9	163	65536	normal	442319
2576	3b24	3b240000	0.00250244140625	0x1.4800000000000p-9	41	16384	normal	441575
2577	3b25	3b250000	0.0025177001953125	0x1.4a00000000000p-9	165	65536	normal	441357
2578	3b26	3b260000	0.002532958984375	0x1.4c00000000000p-9	83	32768	normal	440919
2579	3b27	3b270000	0.0025482177734375	0x1.4e00000000000p-9	167	65536	normal	441343
2580	3b28	3b280000	0.0025634765625	0x1.5000000000000p-9	21	8192	normal	442363
2581	3b29	3b290000	0.0025787353515625	0x1.5200000000000p-9	169	65536	normal	441795
2582	3b2a	3b2a0000	0.002593994140625	0x1.5400000000000p-9	85	32768	normal	441417
2583	3b2b	3b2b0000	0.0026092529296875	0x1.5600000000000p-9	171	65536	normal	441052
2584	3b2c	3b2c0000	0.00262451171875	0x1.5800000000000p-9	43	16384	normal	440534
2585	3b2d	3b2d0000	0.0026397705078125	0x1.5a00000000000p-9	173	65536	normal	441124
2586	3b2e	3b2e0000	0.002655029296875	0x1.5c00000000000p-9	87	32768	normal	440523
2587	3b2f	3b2f0000	0.0026702880859375	0x1.5e00000000000p-9	175	65536	normal	441408
2588	3b30	3b300000	0.002685546875	0x1.6000000000000p-9	11	4096	normal	439478
2589	3b31	3b310000	0.0027008056640625	0x1.6200000000000p-9	177	65536	normal	440711
2590	3b32	3b320000	0.002716064453125	0x1.6400000000000p-9	89	32768	normal	440649
2591	3b33	3b330000	0.0027313232421875	0x1.6600000000000p-9	179	65536	normal	440189
2592	3b34	3b340000	0.00274658203125	0x1.6800000000000p-9	45	16384	normal	440994
2593	3b35	3b350000	0.0027618408203125	0x1.6a00000000000p-9	181	65536	normal	440224
2594	3b36	3b360000	0.002777099609375	0x1.6c00000000000p-9	91	32768	normal	439335
2595	3b37	3b370000	0.0027923583984375	0x1.6e00000000000p-9	183	65536	normal	439387
2596	3b38	3b380000	0.0028076171875	0x1.7000000000000p-9	23	8192	normal	440008
2597	3b39	3b390000	0.0028228759765625	0x1.7200000000000p-9	185	65536	normal	439657
2598	3b3a	3b3a0000	0.002838134765625	0x1.7400000000000p-9	93	32768	normal	441213
2599	3b3b	3b3b0000	0.0028533935546875	0x1.7600000000000p-9	187	65536	normal	439023
2600	3b3c	3b3c0000	0.00286865234375	0x1.7800000000000p-9	47	16384	normal	438450
2601	3b3d	3b3d0000	0.0028839111328125	0x1.7a00000000000p-9	189	65536	normal	438958
2602	3b3e	3b3e0000	0.002899169921875	0x1.7c00000000000p-9	95	32768	normal	440273
2603	3b3f	3b3f0000	0.0029144287109375	0x1.7e00000000000p-9	191	65536	normal	438540
2604	3b40	3b400000	0.0029296875	0x1.8000000000000p-9	3	1024	normal	440032
2605	3b41	3b410000	0.0029449462890625	0x1.8200000000000p-9	193	65536	normal	439597
2606	3b42	3b420000	0.002960205078125	0x1.8400000000000p-9	97	32768	normal	439868
2607	3b43	3b430000	0.0029754638671875	0x1.8600000000000p-9	195	65536	normal	437448
2608	3b44	3b440000	0.00299072265625	0x1.8800000000000p-9	49	16384	normal	437469
2609	3b45	3b450000	0.0030059814453125	0x1.8a00000000000p-9	197	65536	normal	439754
2610	3b46	3b460000	0.003021240234375	0x1.8c00000000000p-9	99	32768	normal	438519
2611	3b47	3b470000	0.0030364990234375	0x1.8e00000000000p-9	199	65536	normal	439436
2612	3b48	3b480000	0.0030517578125	0x1.9000000000000p-9	25	8192	normal	439337
2613	3b49	3b490000	0.0030670166015625	0x1.9200000000000p-9	201	65536	normal	437705
2614	3b4a	3b4a0000	0.003082275390625	0x1.9400000000000p-9	101	32768	normal	437669
2615	3b4b	3b4b0000	0.0030975341796875	0x1.9600000000000p-9	203	65536	normal	439173
2616	3b4c	3b4c0000	0.00311279296875	0x1.9800000000000p-9	51	16384	normal	438688
2617	3b4d	3b4d0000	0.0031280517578125	0x1.9a00000000000p-9	205	65536	normal	438801
2618	3b4e	3b4e0000	0.003143310546875	0x1.9c00000000000p-9	103	32768	normal	437718
2619	3b4f	3b4f0000	0.0031585693359375	0x1.9e00000000000p-9	207	65536	normal	437704
2620	3b50	3b500000	0.003173828125	0x1.a000000000000p-9	13	4096	normal	437196
2621	3b51	3b510000	0.0031890869140625	0x1.a200000000000p-9	209	65536	normal	438778
2622	3b52	3b520000	0.003204345703125	0x1.a400000000000p-9	105	32768	normal	438098
2623	3b53	3b530000	0.0032196044921875	0x1.a600000000000p-9	211	65536	normal	437741
2624	3b54	3b540000	0.00323486328125	0x1.a800000000000p-9	53	16384	normal	436556
2625	3b55	3b550000	0.0032501220703125	0x1.aa00000000000p-9	213	65536	normal	435858
2626	3b56	3b560000	0.003265380859375	0x1.ac00000000000p-9	107	32768	normal	435813
2627	3b57	3b570000	0.0032806396484375	0x1.ae00000000000p-9	215	65536	normal	436362
2628	3b58	3b580000	0.0032958984375	0x1.b000000000000p-9	27	8192	normal	437193
2629	3b59	3b590000	0.0033111572265625	0x1.b200000000000p-9	217	65536	normal	435617
2630	3b5a	3b5a0000	0.003326416015625	0x1.b400000000000p-9	109	32768	normal	436828
2631	3b5b	3b5b0000	0.0033416748046875	0x1.b600000000000p-9	219	65536	normal	436634
2632	3b5c	3b5c0000	0.00335693359375	0x1.b800000000000p-9	55	16384	normal	435879
2633	3b5d	3b5d0000	0.0033721923828125	0x1.ba00000000000p-9	221	65536	normal	436002
2634	3b5e	3b5e0000	0.003387451171875	0x1.bc00000000000p-9	111	32768	normal	435174
2635	3b5f	3b5f0000	0.0034027099609375	0x1.be00000000000p-9	223	65536	normal	435837
2636	3b60	3b600000	0.00341796875	0x1.c000000000000p-9	7	2048	normal	435145
2637	3b61	3b610000	0.0034332275390625	0x1.c200000000000p-9	225	65536	normal	435429
2638	3b62	3b620000	0.003448486328125	0x1.c400000000000p-9	113	32768	normal	437120
2639	3b63	3b630000	0.0034637451171875	0x1.c600000000000p-9	227	65536	normal	435546
2640	3b64	3b640000	0.00347900390625	0x1.c800000000000p-9	57	16384	normal	435225
2641	3b65	3b650000	0.0034942626953125	0x1.ca00000000000p-9	229	65536	normal	434919
2642	3b66	3b660000	0.003509521484375	0x1.cc00000000000p-9	115	32768	normal	435639
2643	3b67	3b670000	0.0035247802734375	0x1.ce00000000000p-9	231	65536	normal	434730
2644	3b68	3b680000	0.0035400390625	0x1.d000000000000p-9	29	8192	normal	434095
2645	3b69	3b690000	0.0035552978515625	0x1.d200000000000p-9	233	65536	normal	434844
2646	3b6a	3b6a0000	0.003570556640625	0x1.d400000000000p-9	117	32768	normal	435549
2647	3b6b	3b6b0000	0.0035858154296875	0x1.d600000000000p-9	235	65536	normal	433905
2648	3b6c	3b6c0000	0.00360107421875	0x1.d800000000000p-9	59	16384	normal	434346
2649	3b6d	3b6d0000	0.0036163330078125	0x1.da00000000000p-9	237	65536	normal	433982
2650	3b6e	3b6e0000	0.003631591796875	0x1.dc00000000000p-9	119	32768	normal	433821
2651	3b6f	3b6f0000	0.0036468505859375	0x1.de00000000000p-9	239	65536	normal	435116
2652	3b70	3b700000	0.003662109375	0x1.e000000000000p-9	15	4096	normal	432544
2653	3b71	3b710000	0.0036773681640625	0x1.e200000000000p-9	241	65536	normal	433756
2654	3b72	3b720000	0.003692626953125	0x1.e400000000000p-9	121	32768	normal	432755
2655	3b73	3b730000	0.0037078857421875	0x1.e600000000000p-9	243	65536	normal	433274
2656	3b74	3b740000	0.00372314453125	0x1.e800000000000p-9	61	16384	normal	433648
2657	3b75	3b750000	0.0037384033203125	0x1.ea00000000000p-9	245	65536	normal	434611
2658	3b76	3b760000	0.003753662109375	0x1.ec00000000000p-9	123	32768	normal	433290
2659	3b77	3b770000	0.0037689208984375	0x1.ee00000000000p-9	247	65536	normal	434010
2660	3b78	3b780000	0.0037841796875	0x1.f000000000000p-9	31	8192	normal	434357
2661	3b79	3b790000	0.0037994384765625	0x1.f200000000000p-9	249	65536	normal	433059
2662	3b7a	3b7a0000	0.003814697265625	0x1.f400000000000p-9	125	32768	normal	433469
2663	3b7b	3b7b0000	0.0038299560546875	0x1.f600000000000p-9	251	65536	normal	435075
2664	3b7c	3b7c0000	0.00384521484375	0x1.f800000000000p-9	63	16384	normal	434503
2665	3b7d	3b7d0000	0.0038604736328125	0x1.fa00000000000p-9	253	65536	normal	435926
2666	3b7e	3b7e0000	0.003875732421875	0x1.fc00000000000p-9	127	32768	normal	435653
2667	3b7f	3b7f0000	0.0038909912109375	0x1.fe00000000000p-9	255	65536	normal	437980
2668	3b80	3b800000	0.00390625	0x1.0000000000000p-8	1	256	normal	644555
2669	3b81	3b810000	0.003936767578125	0x1.0200000000000p-8	129	32768	normal	855545
2670	3b82	3b820000	0.00396728515625	0x1.0400000000000p-8	65	16384	normal	858554
2671	3b83	3b830000	0.003997802734375	0x1.0600000000000p-8	131	32768	normal	858956
2672	3b84	3b840000	0.0040283203125	0x1.0800000000000p-8	33	8192	normal	860416
2673	3b85	3b850000	0.004058837890625	0x1.0a00000000000p-8	133	32768	normal	859527
2674	3b86	3b860000	0.00408935546875	0x1.0c00000000000p-8	67	16384	normal	859486
2675	3b87	3b870000	0.004119873046875	0x1.0e00000000000p-8	135	32768	normal	860247
2676	3b88	3b880000	0.004150390625	0x1.1000000000000p-8	17	4096	normal	858527
2677	3b89	3b890000	0.004180908203125	0x1.1200000000000p-8	137	32768	normal	858378
2678	3b8a	3b8a0000	0.00421142578125	0x1.1400000000000p-8	69	16384	normal	859633
2679	3b8b	3b8b0000	0.004241943359375	0x1.1600000000000p-8	139	32768	normal	858894
2680	3b8c	3b8c0000	0.0042724609375	0x1.1800000000000p-8	35	8192	normal	858309
2681	3b8d	3b8d0000	0.004302978515625	0x1.1a00000000000p-8	141	32768	normal	855962
2682	3b8e	3b8e0000	0.00433349609375	0x1.1c00000000000p-8	71	16384	normal	855562
2683	3b8f	3b8f0000	0.004364013671875	0x1.1e00000000000p-8	143	32768	normal	856935
2684	3b90	3b900000	0.00439453125	0x1.2000000000000p-8	9	2048	normal	853680
2685	3b91	3b910000	0.004425048828125	0x1.2200000000000p-8	145	32768	normal	855145
2686	3b92	3b920000	0.00445556640625	0x1.2400000000000p-8	73	16384	normal	854946
2687	3b93	3b930000	0.004486083984375	0x1.2600000000000p-8	147	32768	normal	854483
2688	3b94	3b940000	0.0045166015625	0x1.2800000000000p-8	37	8192	normal	852302
2689	3b95	3b950000	0.004547119140625	0x1.2a00000000000p-8	149	32768	normal	851646
2690	3b96	3b960000	0.00457763671875	0x1.2c00000000000p-8	75	16384	normal	853491
2691	3b97	3b970000	0.004608154296875	0x1.2e00000000000p-8	151	32768	normal	852015
2692	3b98	3b980000	0.004638671875	0x1.3000000000000p-8	19	4096	normal	851060
2693	3b99	3b990000	0.004669189453125	0x1.3200000000000p-8	153	32768	normal	851950
2694	3b9a	3b9a0000	0.00469970703125	0x1.3400000000000p-8	77	16384	normal	850464
2695	3b9b	3b9b0000	0.004730224609375	0x1.3600000000000p-8	155	32768	normal	849964
2696	3b9c	3b9c0000	0.0047607421875	0x1.3800000000000p-8	39	8192	normal	848161
2697	3b9d	3b9d0000	0.004791259765625	0x1.3a00000000000p-8	157	32768	normal	846082
2698	3b9e	3b9e0000	0.00482177734375	0x1.3c00000000000p-8	79	16384	normal	846905
2699	3b9f	3b9f0000	0.004852294921875	0x1.3e00000000000p-8	159	32768	normal	847179
2700	3ba0	3ba00000	0.0048828125	0x1.4000000000000p-8	5	1024	normal	847489
2701	3ba1	3ba10000	0.004913330078125	0x1.4200000000000p-8	161	32768	normal	848178
2702	3ba2	3ba20000	0.00494384765625	0x1.4400000000000p-8	81	16384	normal	844914
2703	3ba3	3ba30000	0.004974365234375	0x1.4600000000000p-8	163	32768	normal	844096
2704	3ba4	3ba40000	0.0050048828125	0x1.4800000000000p-8	41	8192	normal	842401
2705	3ba5	3ba50000	0.005035400390625	0x1.4a00000000000p-8	165	32768	normal	845417
2706	3ba6	3ba60000	0.00506591796875	0x1.4c00000000000p-8	83	16384	normal	843444
2707	3ba7	3ba70000	0.005096435546875	0x1.4e00000000000p-8	167	32768	normal	842617
2708	3ba8	3ba80000	0.005126953125	0x1.5000000000000p-8	21	4096	normal	840774
2709	3ba9	3ba90000	0.005157470703125	0x1.5200000000000p-8	169	32768	normal	839574
2710	3baa	3baa0000	0.00518798828125	0x1.5400000000000p-8	85	16384	normal	842254
2711	3bab	3bab0000	0.005218505859375	0x1.5600000000000p-8	171	32768	normal	837780
2712	3bac	3bac0000	0.0052490234375	0x1.5800000000000p-8	43	8192	normal	838059
2713	3bad	3bad0000	0.005279541015625	0x1.5a00000000000p-8	173	32768	normal	838681
2714	3bae	3bae0000	0.00531005859375	0x1.5c00000000000p-8	87	16384	normal	838729
2715	3baf	3baf0000	0.005340576171875	0x1.5e00000000000p-8	175	32768	normal	835876
2716	3bb0	3bb00000	0.00537109375	0x1.6000000000000p-8	11	2048	normal	836813
2717	3bb1	3bb10000	0.005401611328125	0x1.6200000000000p-8	177	32768	normal	836832
2718	3bb2	3bb20000	0.00543212890625	0x1.6400000000000p-8	89	16384	normal	835542
2719	3bb3	3bb30000	0.005462646484375	0x1.6600000000000p-8	179	32768	normal	835061
2720	3bb4	3bb40000	0.0054931640625	0x1.6800000000000p-8	45	8192	normal	834604
2721	3bb5	3bb50000	0.005523681640625	0x1.6a00000000000p-8	181	32768	normal	832302
2722	3bb6	3bb60000	0.00555419921875	0x1.6c00000000000p-8	91	16384	normal	832362
2723	3bb7	3bb70000	0.005584716796875	0x1.6e00000000000p-8	183	32768	normal	831967
2724	3bb8	3bb80000	0.005615234375	0x1.7000000000000p-8	23	4096	normal	832557
2725	3bb9	3bb90000	0.005645751953125	0x1.7200000000000p-8	185	32768	normal	831421
2726	3bba	3bba0000	0.00567626953125	0x1.7400000000000p-8	93	16384	normal	829587
2727	3bbb	3bbb0000	0.005706787109375	0x1.7600000000000p-8	187	32768	normal	829679
2728	3bbc	3bbc0000	0.0057373046875	0x1.7800000000000p-8	47	8192	normal	830521
2729	3bbd	3bbd0000	0.005767822265625	0x1.7a00000000000p-8	189	32768	normal	826952
2730	3bbe	3bbe0000	0.00579833984375	0x1.7c00000000000p-8	95	16384	normal	828569
2731	3bbf	3bbf0000	0.005828857421875	0x1.7e00000000000p-8	191	32768	normal	827038
2732	3bc0	3bc00000	0.005859375	0x1.8000000000000p-8	3	512	normal	827365
2733	3bc1	3bc10000	0.005889892578125	0x1.8200000000000p-8	193	32768	normal	826868
2734	3bc2	3bc20000	0.00592041015625	0x1.8400000000000p-8	97	16384	normal	824236
2735	3bc3	3bc30000	0.005950927734375	0x1.8600000000000p-8	195	32768	normal	823668
2736	3bc4	3bc40000	0.0059814453125	0x1.8800000000000p-8	49	8192	normal	822690
2737	3bc5	3bc50000	0.006011962890625	0x1.8a00000000000p-8	197	32768	normal	824435
2738	3bc6	3bc60000	0.00604248046875	0x1.8c00000000000p-8	99	16384	normal	821851
2739	3bc7	3bc70000	0.006072998046875	0x1.8e00000000000p-8	199	32768	normal	821415
2740	3bc8	3bc80000	0.006103515625	0x1.9000000000000p-8	25	4096	normal	821080
2741	3bc9	3bc90000	0.006134033203125	0x1.9200000000000p-8	201	32768	normal	820737
2742	3bca	3bca0000	0.00616455078125	0x1.9400000000000p-8	101	16384	normal	820348
2743	3bcb	3bcb0000	0.006195068359375	0x1.9600000000000p-8	203	32768	normal	818330
2744	3bcc	3bcc0000	0.0062255859375	0x1.9800000000000p-8	51	8192	normal	820065
2745	3bcd	3bcd0000	0.006256103515625	0x1.9a00000000000p-8	205	32768	normal	816598
2746	3bce	3bce0000	0.00628662109375	0x1.9c00000000000p-8	103	16384	normal	815103
2747	3bcf	3bcf0000	0.006317138671875	0x1.9e00000000000p-8	207	32768	normal	815827
2748	3bd0	3bd00000	0.00634765625	0x1.a000000000000p-8	13	2048	normal	814980
2749	3bd1	3bd10000	0.006378173828125	0x1.a200000000000p-8	209	32768	normal	816226
2750	3bd2	3bd20000	0.00640869140625	0x1.a400000000000p-8	105	16384	normal	813981
2751	3bd3	3bd30000	0.006439208984375	0x1.a600000000000p-8	211	32768	normal	814208
2752	3bd4	3bd40000	0.0064697265625	0x1.a800000000000p-8	53	8192	normal	812401
2753	3bd5	3bd50000	0.006500244140625	0x1.aa00000000000p-8	213	32768	normal	812510
2754	3bd6	3bd60000	0.00653076171875	0x1.ac00000000000p-8	107	16384	normal	810504
2755	3bd7	3bd70000	0.006561279296875	0x1.ae00000000000p-8	215	32768	normal	811042
2756	3bd8	3bd80000	0.006591796875	0x1.b000000000000p-8	27	4096	normal	809909
2757	3bd9	3bd90000	0.006622314453125	0x1.b200000000000p-8	217	32768	normal	807545
2758	3bda	3bda0000	0.00665283203125	0x1.b400000000000p-8	109	16384	normal	809525
2759	3bdb	3bdb0000	0.006683349609375	0x1.b600000000000p-8	219	32768	normal	808372
2760	3bdc	3bdc0000	0.0067138671875	0x1.b800000000000p-8	55	8192	normal	807142
2761	3bdd	3bdd0000	0.006744384765625	0x1.ba00000000000p-8	221	32768	normal	805852
2762	3bde	3bde0000	0.00677490234375	0x1.bc00000000000p-8	111	16384	normal	804385
2763	3bdf	3bdf0000	0.006805419921875	0x1.be00000000000p-8	223	32768	normal	805804
2764	3be0	3be00000	0.0068359375	0x1.c000000000000p-8	7	1024	normal	805865
2765	3be1	3be10000	0.006866455078125	0x1.c200000000000p-8	225	32768	normal	805612
2766	3be2	3be20000	0.00689697265625	0x1.c400000000000p-8	113	16384	normal	801642
2767	3be3	3be30000	0.006927490234375	0x1.c600000000000p-8	227	32768	normal	800692
2768	3be4	3be40000	0.0069580078125	0x1.c800000000000p-8	57	8192	normal	800184
2769	3be5	3be50000	0.006988525390625	0x1.ca00000000000p-8	229	32768	normal	801036
2770	3be6	3be60000	0.00701904296875	0x1.cc00000000000p-8	115	16384	normal	799389
2771	3be7	3be70000	0.007049560546875	0x1.ce00000000000p-8	231	32768	normal	797844
2772	3be8	3be80000	0.007080078125	0x1.d000000000000p-8	29	4096	normal	798642
2773	3be9	3be90000	0.007110595703125	0x1.d200000000000p-8	233	32768	normal	797859
2774	3bea	3bea0000	0.00714111328125	0x1.d400000000000p-8	117	16384	normal	794911
2775	3beb	3beb0000	0.007171630859375	0x1.d600000000000p-8	235	32768	normal	796310
2776	3bec	3bec0000	0.0072021484375	0x1.d800000000000p-8	59	8192	normal	794769
2777	3bed	3bed0000	0.007232666015625	0x1.da00000000000p-8	237	32768	normal	793834
2778	3bee	3bee0000	0.00726318359375	0x1.dc00000000000p-8	119	16384	normal	793690
2779	3bef	3bef0000	0.007293701171875	0x1.de00000000000p-8	239	32768	normal	792924
2780	3bf0	3bf00000	0.00732421875	0x1.e000000000000p-8	15	2048	normal	792367
2781	3bf1	3bf10000	0.007354736328125	0x1.e200000000000p-8	241	32768	normal	791800
2782	3bf2	3bf20000	0.00738525390625	0x1.e400000000000p-8	121	16384	normal	790951
2783	3bf3	3bf30000	0.007415771484375	0x1.e600000000000p-8	243	32768	normal	788176
2784	3bf4	3bf40000	0.0074462890625	0x1.e800000000000p-8	61	8192	normal	791110
2785	3bf5	3bf50000	0.007476806640625	0x1.ea00000000000p-8	245	32768	normal	788360
2786	3bf6	3bf60000	0.00750732421875	0x1.ec00000000000p-8	123	16384	normal	787038
2787	3bf7	3bf70000	0.007537841796875	0x1.ee00000000000p-8	247	32768	normal	786794
2788	3bf8	3bf80000	0.007568359375	0x1.f000000000000p-8	31	4096	normal	787011
2789	3bf9	3bf90000	0.007598876953125	0x1.f200000000000p-8	249	32768	normal	787444
2790	3bfa	3bfa0000	0.00762939453125	0x1.f400000000000p-8	125	16384	normal	783893
2791	3bfb	3bfb0000	0.007659912109375	0x1.f600000000000p-8	251	32768	normal	786943
2792	3bfc	3bfc0000	0.0076904296875	0x1.f800000000000p-8	63	8192	normal	785072
2793	3bfd	3bfd0000	0.007720947265625	0x1.fa00000000000p-8	253	32768	normal	790100
2794	3bfe	3bfe0000	0.00775146484375	0x1.fc00000000000p-8	127	16384	normal	794490
2795	3bff	3bff0000	0.007781982421875	0x1.fe00000000000p-8	255	32768	normal	808631
2796	3c00	3c000000	0.0078125	0x1.0000000000000p-7	1	128	normal	1146985
2797	3c01	3c010000	0.00787353515625	0x1.0200000000000p-7	129	16384	normal	1521155
2798	3c02	3c020000	0.0079345703125	0x1.0400000000000p-7	65	8192	normal	1539769
2799	3c03	3c030000	0.00799560546875	0x1.0600000000000p-7	131	16384	normal	1543887
2800	3c04	3c040000	0.008056640625	0x1.0800000000000p-7	33	4096	normal	1540812
2801	3c05	3c050000	0.00811767578125	0x1.0a00000000000p-7	133	16384	normal	1537731
2802	3c06	3c060000	0.0081787109375	0x1.0c00000000000p-7	67	8192	normal	1535592
2803	3c07	3c070000	0.00823974609375	0x1.0e00000000000p-7	135	16384	normal	1532714
2804	3c08	3c080000	0.00830078125	0x1.1000000000000p-7	17	2048	normal	1530397
2805	3c09	3c090000	0.00836181640625	0x1.1200000000000p-7	137	16384	normal	1527251
2806	3c0a	3c0a0000	0.0084228515625	0x1.1400000000000p-7	69	8192	normal	1523081
2807	3c0b	3c0b0000	0.00848388671875	0x1.1600000000000p-7	139	16384	normal	1520088
2808	3c0c	3c0c0000	0.008544921875	0x1.1800000000000p-7	35	4096	normal	1516169
2809	3c0d	3c0d0000	0.00860595703125	0x1.1a00000000000p-7	141	16384	normal	1511984
2810	3c0e	3c0e0000	0.0086669921875	0x1.1c00000000000p-7	71	8192	normal	1511601
2811	3c0f	3c0f0000	0.00872802734375	0x1.1e00000000000p-7	143	16384	normal	1506755
2812	3c10	3c100000	0.0087890625	0x1.2000000000000p-7	9	1024	normal	1503417
2813	3c11	3c110000	0.00885009765625	0x1.2200000000000p-7	145	16384	normal	1499047
2814	3c12	3c120000	0.0089111328125	0x1.2400000000000p-7	73	8192	normal	1495150
2815	3c13	3c130000	0.00897216796875	0x1.2600000000000p-7	147	16384	normal	1491864
2816	3c14	3c140000	0.009033203125	0x1.2800000000000p-7	37	4096	normal	1488915
2817	3c15	3c150000	0.00909423828125	0x1.2a00000000000p-7	149	16384	normal	1485607
2818	3c16	3c160000	0.0091552734375	0x1.2c00000000000p-7	75	8192	normal	1482226
2819	3c17	3c170000	0.00921630859375	0x1.2e00000000000p-7	151	16384	normal	1479496
2820	3c18	3c180000	0.00927734375	0x1.3000000000000p-7	19	2048	normal	1473486
2821	3c19	3c190000	0.00933837890625	0x1.3200000000000p-7	153	16384	normal	1471509
2822	3c1a	3c1a0000	0.0093994140625	0x1.3400000000000p-7	77	8192	normal	1468539
2823	3c1b	3c1b0000	0.00946044921875	0x1.3600000000000p-7	155	16384	normal	1463081
2824	3c1c	3c1c0000	0.009521484375	0x1.3800000000000p-7	39	4096	normal	1461080
2825	3c1d	3c1d0000	0.00958251953125	0x1.3a00000000000p-7	157	16384	normal	1457693
2826	3c1e	3c1e0000	0.0096435546875	0x1.3c00000000000p-7	79	8192	normal	1454346
2827	3c1f	3c1f0000	0.00970458984375	0x1.3e00000000000p-7	159	16384	normal	1452104
2828	3c20	3c200000	0.009765625	0x1.4000000000000p-7	5	512	normal	1446615
2829	3c21	3c210000	0.00982666015625	0x1.4200000000000p-7	161	16384	normal	1447961
2830	3c22	3c220000	0.0098876953125	0x1.4400000000000p-7	81	8192	normal	1437222
2831	3c23	3c230000	0.00994873046875	0x1.4600000000000p-7	163	16384	normal	1435282
2832	3c24	3c240000	0.010009765625	0x1.4800000000000p-7	41	4096	normal	1431392
2833	3c25	3c250000	0.01007080078125	0x1.4a00000000000p-7	165	16384	normal	1427076
2834	3c26	3c260000	0.0101318359375	0x1.4c00000000000p-7	83	8192	normal	1421983
2835	3c27	3c270000	0.01019287109375	0x1.4e00000000000p-7	167	16384	normal	1418492
2836	3c28	3c280000	0.01025390625	0x1.5000000000000p-7	21	2048	normal	1416353
2837	3c29	3c290000	0.01031494140625	0x1.5200000000000p-7	169	16384	normal	1411167
2838	3c2a	3c2a0000	0.0103759765625	0x1.5400000000000p-7	85	8192	normal	1407746
2839	3c2b	3c2b0000	0.01043701171875	0x1.5600000000000p-7	171	16384	normal	1403774
2840	3c2c	3c2c0000	0.010498046875	0x1.5800000000000p-7	43	4096	normal	1403056
2841	3c2d	3c2d0000	0.01055908203125	0x1.5a00000000000p-7	173	16384	normal	1395936
2842	3c2e	3c2e0000	0.0106201171875	0x1.5c00000000000p-7	87	8192	normal	1392559
2843	3c2f	3c2f0000	0.01068115234375	0x1.5e00000000000p-7	175	16384	normal	1393018
2844	3c30	3c300000	0.0107421875	0x1.6000000000000p-7	11	1024	normal	1385092
2845	3c31	3c310000	0.01080322265625	0x1.6200000000000p-7	177	16384	normal	1383117
2846	3c32	3c320000	0.0108642578125	0x1.6400000000000p-7	89	8192	normal	1379065
2847	3c33	3c330000	0.01092529296875	0x1.6600000000000p-7	179	16384	normal	1375117
2848	3c34	3c340000	0.010986328125	0x1.6800000000000p-7	45	4096	normal	1370025
2849	3c35	3c350000	0.01104736328125	0x1.6a00000000000p-7	181	16384	normal	1367999
2850	3c36	3c360000	0.0111083984375	0x1.6c00000000000p-7	91	8192	normal	1365027
2851	3c37	3c370000	0.01116943359375	0x1.6e00000000000p-7	183	16384	normal	1360237
2852	3c38	3c380000	0.01123046875	0x1.7000000000000p-7	23	2048	normal	1356741
2853	3c39	3c390000	0.01129150390625	0x1.7200000000000p-7	185	16384	normal	1350054
2854	3c3a	3c3a0000	0.0113525390625	0x1.7400000000000p-7	93	8192	normal	1347843
2855	3c3b	3c3b0000	0.01141357421875	0x1.7600000000000p-7	187	16384	normal	1341799
2856	3c3c	3c3c0000	0.011474609375	0x1.7800000000000p-7	47	4096	normal	1340586
2857	3c3d	3c3d0000	0.01153564453125	0x1.7a00000000000p-7	189	16384	normal	1335094
2858	3c3e	3c3e0000	0.0115966796875	0x1.7c00000000000p-7	95	8192	normal	1331045
2859	3c3f	3c3f0000	0.01165771484375	0x1.7e00000000000p-7	191	16384	normal	1325970
2860	3c40	3c400000	0.01171875	0x1.8000000000000p-7	3	256	normal	1325001
2861	3c41	3c410000	0.01177978515625	0x1.8200000000000p-7	193	16384	normal	1320425
2862	3c42	3c420000	0.0118408203125	0x1.8400000000000p-7	97	8192	normal	1314492
2863	3c43	3c430000	0.01190185546875	0x1.8600000000000p-7	195	16384	normal	1311684
2864	3c44	3c440000	0.011962890625	0x1.8800000000000p-7	49	4096	normal	1307421
2865	3c45	3c450000	0.01202392578125	0x1.8a00000000000p-7	197	16384	normal	1305489
2866	3c46	3c460000	0.0120849609375	0x1.8c00000000000p-7	99	8192	normal	1299565
2867	3c47	3c470000	0.01214599609375	0x1.8e00000000000p-7	199	16384	normal	1294546
2868	3c48	3c480000	0.01220703125	0x1.9000000000000p-7	25	2048	normal	1291802
2869	3c49	3c490000	0.01226806640625	0x1.9200000000000p-7	201	16384	normal	1288307
2870	3c4a	3c4a0000	0.0123291015625	0x1.9400000000000p-7	101	8192	normal	1283371
2871	3c4b	3c4b0000	0.01239013671875	0x1.9600000000000p-7	203	16384	normal	1282028
2872	3c4c	3c4c0000	0.012451171875	0x1.9800000000000p-7	51	4096	normal	1277860
2873	3c4d	3c4d0000	0.01251220703125	0x1.9a00000000000p-7	205	16384	normal	1272208
2874	3c4e	3c4e0000	0.0125732421875	0x1.9c00000000000p-7	103	8192	normal	1267967
2875	3c4f	3c4f0000	0.01263427734375	0x1.9e00000000000p-7	207	16384	normal	1265081
2876	3c50	3c500000	0.0126953125	0x1.a000000000000p-7	13	1024	normal	1261398
2877	3c51	3c510000	0.01275634765625	0x1.a200000000000p-7	209	16384	normal	1256569
2878	3c52	3c520000	0.0128173828125	0x1.a400000000000p-7	105	8192	normal	1251570
2879	3c53	3c530000	0.01287841796875	0x1.a600000000000p-7	211	16384	normal	1247361
2880	3c54	3c540000	0.012939453125	0x1.a800000000000p-7	53	4096	normal	1243153
2881	3c55	3c550000	0.01300048828125	0x1.aa00000000000p-7	213	16384	normal	1240116
2882	3c56	3c560000	0.0130615234375	0x1.ac00000000000p-7	107	8192	normal	1235398
2883	3c57	3c570000	0.01312255859375	0x1.ae00000000000p-7	215	16384	normal	1233508
2884	3c58	3c580000	0.01318359375	0x1.b000000000000p-7	27	2048	normal	1227356
2885	3c59	3c590000	0.01324462890625	0x1.b200000000000p-7	217	16384	normal	1223966
2886	3c5a	3c5a0000	0.0133056640625	0x1.b400000000000p-7	109	8192	normal	1219083
2887	3c5b	3c5b0000	0.01336669921875	0x1.b600000000000p-7	219	16384	normal	1216937
2888	3c5c	3c5c0000	0.013427734375	0x1.b800000000000p-7	55	4096	normal	1211836
2889	3c5d	3c5d0000	0.01348876953125	0x1.ba00000000000p-7	221	16384	normal	1209130
2890	3c5e	3c5e0000	0.0135498046875	0x1.bc00000000000p-7	111	8192	normal	1204474
2891	3c5f	3c5f0000	0.01361083984375	0x1.be00000000000p-7	223	16384	normal	1201565
2892	3c60	3c600000	0.013671875	0x1.c000000000000p-7	7	512	normal	1196557
2893	3c61	3c610000	0.01373291015625	0x1.c200000000000p-7	225	16384	normal	1193777
2894	3c62	3c620000	0.0137939453125	0x1.c400000000000p-7	113	8192	normal	1186560
2895	3c63	3c630000	0.01385498046875	0x1.c600000000000p-7	227	16384	normal	1184154
2896	3c64	3c640000	0.013916015625	0x1.c800000000000p-7	57	4096	normal	1180680
2897	3c65	3c650000	0.01397705078125	0x1.ca00000000000p-7	229	16384	normal	1175089
2898	3c66	3c660000	0.0140380859375	0x1.cc00000000000p-7	115	8192	normal	1172639
2899	3c67	3c670000	0.01409912109375	0x1.ce00000000000p-7	231	16384	normal	1168030
2900	3c68	3c680000	0.01416015625	0x1.d000000000000p-7	29	2048	normal	1163366
2901	3c69	3c690000	0.01422119140625	0x1.d200000000000p-7	233	16384	normal	1160994
2902	3c6a	3c6a0000	0.0142822265625	0x1.d400000000000p-7	117	8192	normal	1155185
2903	3c6b	3c6b0000	0.01434326171875	0x1.d600000000000p-7	235	16384	normal	1151189
2904	3c6c	3c6c0000	0.014404296875	0x1.d800000000000p-7	59	4096	normal	1144287
2905	3c6d	3c6d0000	0.01446533203125	0x1.da00000000000p-7	237	16384	normal	1141071
2906	3c6e	3c6e0000	0.0145263671875	0x1.dc00000000000p-7	119	8192	normal	1137086
2907	3c6f	3c6f0000	0.01458740234375	0x1.de00000000000p-7	239	16384	normal	1136048
2908	3c70	3c700000	0.0146484375	0x1.e000000000000p-7	15	1024	normal	1130091
2909	3c71	3c710000	0.01470947265625	0x1.e200000000000p-7	241	16384	normal	1128313
2910	3c72	3c720000	0.0147705078125	0x1.e400000000000p-7	121	8192	normal	1123430
2911	3c73	3c730000	0.01483154296875	0x1.e600000000000p-7	243	16384	normal	1122829
2912	3c74	3c740000	0.014892578125	0x1.e800000000000p-7	61	4096	normal	1114265
2913	3c75	3c750000	0.01495361328125	0x1.ea00000000000p-7	245	16384	normal	1113300
2914	3c76	3c760000	0.0150146484375	0x1.ec00000000000p-7	123	8192	normal	1111057
2915	3c77	3c770000	0.01507568359375	0x1.ee00000000000p-7	247	16384	normal	1106114
2916	3c78	3c780000	0.01513671875	0x1.f000000000000p-7	31	2048	normal	1103428
2917	3c79	3c790000	0.01519775390625	0x1.f200000000000p-7	249	16384	normal	1101843
2918	3c7a	3c7a0000	0.0152587890625	0x1.f400000000000p-7	125	8192	normal	1093256
2919	3c7b	3c7b0000	0.01531982421875	0x1.f600000000000p-7	251	16384	normal	1093637
2920	3c7c	3c7c0000	0.015380859375	0x1.f800000000000p-7	63	4096	normal	1087591
2921	3c7d	3c7d0000	0.01544189453125	0x1.fa00000000000p-7	253	16384	normal	1091102
2922	3c7e	3c7e0000	0.0155029296875	0x1.fc00000000000p-7	127	8192	normal	1096893
2923	3c7f	3c7f0000	0.01556396484375	0x1.fe00000000000p-7	255	16384	normal	1149876
2924	3c80	3c800000	0.015625	0x1.0000000000000p-6	1	64	normal	1529544
2925	3c81	3c810000	0.0157470703125	0x1.0200000000000p-6	129	8192	normal	2054618
2926	3c82	3c820000	0.015869140625	0x1.0400000000000p-6	65	4096	normal	2080314
2927	3c83	3c830000	0.0159912109375	0x1.0600000000000p-6	131	8192	normal	2073203
2928	3c84	3c840000	0.01611328125	0x1.0800000000000p-6	33	2048	normal	2058306
2929	3c85	3c850000	0.0162353515625	0x1.0a00000000000p-6	133	8192	normal	2046263
2930	3c86	3c860000	0.016357421875	0x1.0c00000000000p-6	67	4096	normal	2032337
2931	3c87	3c870000	0.0164794921875	0x1.0e00000000000p-6	135	8192	normal	2018381
2932	3c88	3c880000	0.0166015625	0x1.1000000000000p-6	17	1024	normal	2002093
2933	3c89	3c890000	0.0167236328125	0x1.1200000000000p-6	137	8192	normal	1990815
2934	3c8a	3c8a0000	0.016845703125	0x1.1400000000000p-6	69	4096	normal	1975201
2935	3c8b	3c8b0000	0.0169677734375	0x1.1600000000000p-6	139	8192	normal	1958343
2936	3c8c	3c8c0000	0.01708984375	0x1.1800000000000p-6	35	2048	normal	1942240
2937	3c8d	3c8d0000	0.0172119140625	0x1.1a00000000000p-6	141	8192	normal	1922787
2938	3c8e	3c8e0000	0.017333984375	0x1.1c00000000000p-6	71	4096	normal	1907526
2939	3c8f	3c8f0000	0.0174560546875	0x1.1e00000000000p-6	143	8192	normal	1891647
2940	3c90	3c900000	0.017578125	0x1.2000000000000p-6	9	512	normal	1875888
2941	3c91	3c910000	0.0177001953125	0x1.2200000000000p-6	145	8192	normal	1860968
2942	3c92	3c920000	0.017822265625	0x1.2400000000000p-6	73	4096	normal	1841372
2943	3c93	3c930000	0.0179443359375	0x1.2600000000000p-6	147	8192	normal	1828450
2944	3c94	3c940000	0.01806640625	0x1.2800000000000p-6	37	2048	normal	1812984
2945	3c95	3c950000	0.0181884765625	0x1.2a00000000000p-6	149	8192	normal	1797396
2946	3c96	3c960000	0.018310546875	0x1.2c00000000000p-6	75	4096	normal	1780141
2947	3c97	3c970000	0.0184326171875	0x1.2e00000000000p-6	151	8192	normal	1767007
2948	3c98	3c980000	0.0185546875	0x1.3000000000000p-6	19	1024	normal	1751135
2949	3c99	3c990000	0.0186767578125	0x1.3200000000000p-6	153	8192	normal	1733445
2950	3c9a	3c9a0000	0.018798828125	0x1.3400000000000p-6	77	4096	normal	1723037
2951	3c9b	3c9b0000	0.0189208984375	0x1.3600000000000p-6	155	8192	normal	1705671
2952	3c9c	3c9c0000	0.01904296875	0x1.3800000000000p-6	39	2048	normal	1690213
2953	3c9d	3c9d0000	0.0191650390625	0x1.3a00000000000p-6	157	8192	normal	1676963
2954	3c9e	3c9e0000	0.019287109375	0x1.3c00000000000p-6	79	4096	normal	1661983
2955	3c9f	3c9f0000	0.0194091796875	0x1.3e00000000000p-6	159	8192	normal	1650581
2956	3ca0	3ca00000	0.01953125	0x1.4000000000000p-6	5	256	normal	1634575
2957	3ca1	3ca10000	0.0196533203125	0x1.4200000000000p-6	161	8192	normal	1621520
2958	3ca2	3ca20000	0.019775390625	0x1.4400000000000p-6	81	4096	normal	1601112
2959	3ca3	3ca30000	0.0198974609375	0x1.4600000000000p-6	163	8192	normal	1589364
2960	3ca4	3ca40000	0.02001953125	0x1.4800000000000p-6	41	2048	normal	1572131
2961	3ca5	3ca50000	0.0201416015625	0x1.4a00000000000p-6	165	8192	normal	1558436
2962	3ca6	3ca60000	0.020263671875	0x1.4c00000000000p-6	83	4096	normal	1545201
2963	3ca7	3ca70000	0.0203857421875	0x1.4e00000000000p-6	167	8192	normal	1527420
2964	3ca8	3ca80000	0.0205078125	0x1.5000000000000p-6	21	1024	normal	1511837
2965	3ca9	3ca90000	0.0206298828125	0x1.5200000000000p-6	169	8192	normal	1499469
2966	3caa	3caa0000	0.020751953125	0x1.5400000000000p-6	85	4096	normal	1487298
2967	3cab	3cab0000	0.0208740234375	0x1.5600000000000p-6	171	8192	normal	1469257
2968	3cac	3cac0000	0.02099609375	0x1.5800000000000p-6	43	2048	normal	1456298
2969	3cad	3cad0000	0.0211181640625	0x1.5a00000000000p-6	173	8192	normal	1444945
2970	3cae	3cae0000	0.021240234375	0x1.5c00000000000p-6	87	4096	normal	1431332
2971	3caf	3caf0000	0.0213623046875	0x1.5e00000000000p-6	175	8192	normal	1414275
2972	3cb0	3cb00000	0.021484375	0x1.6000000000000p-6	11	512	normal	1401296
2973	3cb1	3cb10000	0.0216064453125	0x1.6200000000000p-6	177	8192	normal	1391286
2974	3cb2	3cb20000	0.021728515625	0x1.6400000000000p-6	89	4096	normal	1375262
2975	3cb3	3cb30000	0.0218505859375	0x1.6600000000000p-6	179	8192	normal	1362233
2976	3cb4	3cb40000	0.02197265625	0x1.6800000000000p-6	45	2048	normal	1351499
2977	3cb5	3cb50000	0.0220947265625	0x1.6a00000000000p-6	181	8192	normal	1336571
2978	3cb6	3cb60000	0.022216796875	0x1.6c00000000000p-6	91	4096	normal	1325104
2979	3cb7	3cb70000	0.0223388671875	0x1.6e00000000000p-6	183	8192	normal	1306614
2980	3cb8	3cb80000	0.0224609375	0x1.7000000000000p-6	23	1024	normal	1296661
2981	3cb9	3cb90000	0.0225830078125	0x1.7200000000000p-6	185	8192	normal	1281496
2982	3cba	3cba0000	0.022705078125	0x1.7400000000000p-6	93	4096	normal	1271310
2983	3cbb	3cbb0000	0.0228271484375	0x1.7600000000000p-6	187	8192	normal	1255089
2984	3cbc	3cbc0000	0.02294921875	0x1.7800000000000p-6	47	2048	normal	1240611
2985	3cbd	3cbd0000	0.0230712890625	0x1.7a00000000000p-6	189	8192	normal	1229118
2986	3cbe	3cbe0000	0.023193359375	0x1.7c00000000000p-6	95	4096	normal	1218133
2987	3cbf	3cbf0000	0.0233154296875	0x1.7e00000000000p-6	191	8192	normal	1204569
2988	3cc0	3cc00000	0.0234375	0x1.8000000000000p-6	3	128	normal	1192812
2989	3cc1	3cc10000	0.0235595703125	0x1.8200000000000p-6	193	8192	normal	1179123
2990	3cc2	3cc20000	0.023681640625	0x1.8400000000000p-6	97	4096	normal	1165540
2991	3cc3	3cc30000	0.0238037109375	0x1.8600000000000p-6	195	8192	normal	1154274
2992	3cc4	3cc40000	0.02392578125	0x1.8800000000000p-6	49	2048	normal	1143458
2993	3cc5	3cc50000	0.0240478515625	0x1.8a00000000000p-6	197	8192	normal	1132779
2994	3cc6	3cc60000	0.024169921875	0x1.8c00000000000p-6	99	4096	normal	1121566
2995	3cc7	3cc70000	0.0242919921875	0x1.8e00000000000p-6	199	8192	normal	1107626
2996	3cc8	3cc80000	0.0244140625	0x1.9000000000000p-6	25	1024	normal	1094226
2997	3cc9	3cc90000	0.0245361328125	0x1.9200000000000p-6	201	8192	normal	1084372
2998	3cca	3cca0000	0.024658203125	0x1.9400000000000p-6	101	4096	normal	1073213
2999	3ccb	3ccb0000	0.0247802734375	0x1.9600000000000p-6	203	8192	normal	1061133
3000	3ccc	3ccc0000	0.02490234375	0x1.9800000000000p-6	51	2048	normal	1049975
3001	3ccd	3ccd0000	0.0250244140625	0x1.9a00000000000p-6	205	8192	normal	1038637
3002	3cce	3cce0000	0.025146484375	0x1.9c00000000000p-6	103	4096	normal	1027500
3003	3ccf	3ccf0000	0.0252685546875	0x1.9e00000000000p-6	207	8192	normal	1014375
3004	3cd0	3cd00000	0.025390625	0x1.a000000000000p-6	13	512	normal	1002983
3005	3cd1	3cd10000	0.0255126953125	0x1.a200000000000p-6	209	8192	normal	991367
3006	3cd2	3cd20000	0.025634765625	0x1.a400000000000p-6	105	4096	normal	980091
3007	3cd3	3cd30000	0.0257568359375	0x1.a600000000000p-6	211	8192	normal	968918
3008	3cd4	3cd40000	0.02587890625	0x1.a800000000000p-6	53	2048	normal	959083
3009	3cd5	3cd50000	0.0260009765625	0x1.aa00000000000p-6	213	8192	normal	948048
3010	3cd6	3cd60000	0.026123046875	0x1.ac00000000000p-6	107	4096	normal	937492
3011	3cd7	3cd70000	0.0262451171875	0x1.ae00000000000p-6	215	8192	normal	927462
3012	3cd8	3cd80000	0.0263671875	0x1.b000000000000p-6	27	1024	normal	916098
3013	3cd9	3cd90000	0.0264892578125	0x1.b200000000000p-6	217	8192	normal	906629
3014	3cda	3cda0000	0.026611328125	0x1.b400000000000p-6	109	4096	normal	893798
3015	3cdb	3cdb0000	0.0267333984375	0x1.b600000000000p-6	219	8192	normal	886121
3016	3cdc	3cdc0000	0.02685546875	0x1.b800000000000p-6	55	2048	normal	874904
3017	3cdd	3cdd0000	0.0269775390625	0x1.ba00000000000p-6	221	8192	normal	866437
3018	3cde	3cde0000	0.027099609375	0x1.bc00000000000p-6	111	4096	normal	856321
3019	3cdf	3cdf0000	0.0272216796875	0x1.be00000000000p-6	223	8192	normal	846548
3020	3ce0	3ce00000	0.02734375	0x1.c000000000000p-6	7	256	normal	838405
3021	3ce1	3ce10000	0.0274658203125	0x1.c200000000000p-6	225	8192	normal	827542
3022	3ce2	3ce20000	0.027587890625	0x1.c400000000000p-6	113	4096	normal	819122
3023	3ce3	3ce30000	0.0277099609375	0x1.c600000000000p-6	227	8192	normal	806235
3024	3ce4	3ce40000	0.02783203125	0x1.c800000000000p-6	57	2048	normal	797447
3025	3ce5	3ce50000	0.0279541015625	0x1.ca00000000000p-6	229	8192	normal	788470
3026	3ce6	3ce60000	0.028076171875	0x1.cc00000000000p-6	115	4096	normal	779336
3027	3ce7	3ce70000	0.0281982421875	0x1.ce00000000000p-6	231	8192	normal	770170
3028	3ce8	3ce80000	0.0283203125	0x1.d000000000000p-6	29	1024	normal	759664
3029	3ce9	3ce90000	0.0284423828125	0x1.d200000000000p-6	233	8192	normal	751415
3030	3cea	3cea0000	0.028564453125	0x1.d400000000000p-6	117	4096	normal	741766
3031	3ceb	3ceb0000	0.0286865234375	0x1.d600000000000p-6	235	8192	normal	733502
3032	3cec	3cec0000	0.02880859375	0x1.d800000000000p-6	59	2048	normal	724392
3033	3ced	3ced0000	0.0289306640625	0x1.da00000000000p-6	237	8192	normal	715362
3034	3cee	3cee0000	0.029052734375	0x1.dc00000000000p-6	119	4096	normal	706364
3035	3cef	3cef0000	0.0291748046875	0x1.de00000000000p-6	239	8192	normal	698157
3036	3cf0	3cf00000	0.029296875	0x1.e000000000000p-6	15	512	normal	689795
3037	3cf1	3cf10000	0.0294189453125	0x1.e200000000000p-6	241	8192	normal	681199
3038	3cf2	3cf20000	0.029541015625	0x1.e400000000000p-6	121	4096	normal	672866
3039	3cf3	3cf30000	0.0296630859375	0x1.e600000000000p-6	243	8192	normal	666126
3040	3cf4	3cf40000	0.02978515625	0x1.e800000000000p-6	61	2048	normal	660143
3041	3cf5	3cf50000	0.0299072265625	0x1.ea00000000000p-6	245	8192	normal	650004
3042	3cf6	3cf60000	0.030029296875	0x1.ec00000000000p-6	123	4096	normal	643212
3043	3cf7	3cf70000	0.0301513671875	0x1.ee00000000000p-6	247	8192	normal	634950
3044	3cf8	3cf80000	0.0302734375	0x1.f000000000000p-6	31	1024	normal	627598
3045	3cf9	3cf90000	0.0303955078125	0x1.f200000000000p-6	249	8192	normal	621994
3046	3cfa	3cfa0000	0.030517578125	0x1.f400000000000p-6	125	4096	normal	612137
3047	3cfb	3cfb0000	0.0306396484375	0x1.f600000000000p-6	251	8192	normal	606301
3048	3cfc	3cfc0000	0.03076171875	0x1.f800000000000p-6	63	2048	normal	599591
3049	3cfd	3cfd0000	0.0308837890625	0x1.fa00000000000p-6	253	8192	normal	596998
3050	3cfe	3cfe0000	0.031005859375	0x1.fc00000000000p-6	127	4096	normal	589279
3051	3cff	3cff0000	0.0311279296875	0x1.fe00000000000p-6	255	8192	normal	618422
3052	3d00	3d000000	0.03125	0x1.0000000000000p-5	1	32	normal	789450
3053	3d01	3d010000	0.031494140625	0x1.0200000000000p-5	129	4096	normal	1070355
3054	3d02	3d020000	0.03173828125	0x1.0400000000000p-5	65	2048	normal	1060362
3055	3d03	3d030000	0.031982421875	0x1.0600000000000p-5	131	4096	normal	1039278
3056	3d04	3d040000	0.0322265625	0x1.0800000000000p-5	33	1024	normal	1016246
3057	3d05	3d050000	0.032470703125	0x1.0a00000000000p-5	133	4096	normal	991681
3058	3d06	3d060000	0.03271484375	0x1.0c00000000000p-5	67	2048	normal	966880
3059	3d07	3d070000	0.032958984375	0x1.0e00000000000p-5	135	4096	normal	942154
3060	3d08	3d080000	0.033203125	0x1.1000000000000p-5	17	512	normal	918307
3061	3d09	3d090000	0.033447265625	0x1.1200000000000p-5	137	4096	normal	895886
3062	3d0a	3d0a0000	0.03369140625	0x1.1400000000000p-5	69	2048	normal	872432
3063	3d0b	3d0b0000	0.033935546875	0x1.1600000000000p-5	139	4096	normal	848349
3064	3d0c	3d0c0000	0.0341796875	0x1.1800000000000p-5	35	1024	normal	822356
3065	3d0d	3d0d0000	0.034423828125	0x1.1a00000000000p-5	141	4096	normal	801001
3066	3d0e	3d0e0000	0.03466796875	0x1.1c00000000000p-5	71	2048	normal	779358
3067	3d0f	3d0f0000	0.034912109375	0x1.1e00000000000p-5	143	4096	normal	758802
3068	3d10	3d100000	0.03515625	0x1.2000000000000p-5	9	256	normal	737224
3069	3d11	3d110000	0.035400390625	0x1.2200000000000p-5	145	4096	normal	716434
3070	3d12	3d120000	0.03564453125	0x1.2400000000000p-5	73	2048	normal	697204
3071	3d13	3d130000	0.035888671875	0x1.2600000000000p-5	147	4096	normal	679496
3072	3d14	3d140000	0.0361328125	0x1.2800000000000p-5	37	1024	normal	658784
3073	3d15	3d150000	0.036376953125	0x1.2a00000000000p-5	149	4096	normal	641077
3074	3d16	3d160000	0.03662109375	0x1.2c00000000000p-5	75	2048	normal	622318
3075	3d17	3d170000	0.036865234375	0x1.2e00000000000p-5	151	4096	normal	607024
3076	3d18	3d180000	0.037109375	0x1.3000000000000p-5	19	512	normal	589454
3077	3d19	3d190000	0.037353515625	0x1.3200000000000p-5	153	4096	normal	572552
3078	3d1a	3d1a0000	0.03759765625	0x1.3400000000000p-5	77	2048	normal	556355
3079	3d1b	3d1b0000	0.037841796875	0x1.3600000000000p-5	155	4096	normal	541434
3080	3d1c	3d1c0000	0.0380859375	0x1.3800000000000p-5	39	1024	normal	524307
3081	3d1d	3d1d0000	0.038330078125	0x1.3a00000000000p-5	157	4096	normal	511682
3082	3d1e	3d1e0000	0.03857421875	0x1.3c00000000000p-5	79	2048	normal	497968
3083	3d1f	3d1f0000	0.038818359375	0x1.3e00000000000p-5	159	4096	normal	483402
3084	3d20	3d200000	0.0390625	0x1.4000000000000p-5	5	128	normal	469655
3085	3d21	3d210000	0.039306640625	0x1.4200000000000p-5	161	4096	normal	456173
3086	3d22	3d220000	0.03955078125	0x1.4400000000000p-5	81	2048	normal	440657
3087	3d23	3d230000	0.039794921875	0x1.4600000000000p-5	163	4096	normal	428842
3088	3d24	3d240000	0.0400390625	0x1.4800000000000p-5	41	1024	normal	415578
3089	3d25	3d250000	0.040283203125	0x1.4a00000000000p-5	165	4096	normal	403043
3090	3d26	3d260000	0.04052734375	0x1.4c00000000000p-5	83	2048	normal	393300
3091	3d27	3d270000	0.040771484375	0x1.4e00000000000p-5	167	4096	normal	380417
3092	3d28	3d280000	0.041015625	0x1.5000000000000p-5	21	512	normal	368511
3093	3d29	3d290000	0.041259765625	0x1.5200000000000p-5	169	4096	normal	357382
3094	3d2a	3d2a0000	0.04150390625	0x1.5400000000000p-5	85	2048	normal	346486
3095	3d2b	3d2b0000	0.041748046875	0x1.5600000000000p-5	171	4096	normal	335727
3096	3d2c	3d2c0000	0.0419921875	0x1.5800000000000p-5	43	1024	normal	326216
3097	3d2d	3d2d0000	0.042236328125	0x1.5a00000000000p-5	173	4096	normal	317305
3098	3d2e	3d2e0000	0.04248046875	0x1.5c00000000000p-5	87	2048	normal	308161
3099	3d2f	3d2f0000	0.042724609375	0x1.5e00000000000p-5	175	4096	normal	297807
3100	3d30	3d300000	0.04296875	0x1.6000000000000p-5	11	256	normal	290088
3101	3d31	3d310000	0.043212890625	0x1.6200000000000p-5	177	4096	normal	278917
3102	3d32	3d320000	0.04345703125	0x1.6400000000000p-5	89	2048	normal	272269
3103	3d33	3d330000	0.043701171875	0x1.6600000000000p-5	179	4096	normal	263691
3104	3d34	3d340000	0.0439453125	0x1.6800000000000p-5	45	1024	normal	255714
3105	3d35	3d350000	0.044189453125	0x1.6a00000000000p-5	181	4096	normal	248870
3106	3d36	3d360000	0.04443359375	0x1.6c00000000000p-5	91	2048	normal	240313
3107	3d37	3d370000	0.044677734375	0x1.6e00000000000p-5	183	4096	normal	232268
3108	3d38	3d380000	0.044921875	0x1.7000000000000p-5	23	512	normal	225660
3109	3d39	3d390000	0.045166015625	0x1.7200000000000p-5	185	4096	normal	218285
3110	3d3a	3d3a0000	0.04541015625	0x1.7400000000000p-5	93	2048	normal	211263
3111	3d3b	3d3b0000	0.045654296875	0x1.7600000000000p-5	187	4096	normal	205164
3112	3d3c	3d3c0000	0.0458984375	0x1.7800000000000p-5	47	1024	normal	198709
3113	3d3d	3d3d0000	0.046142578125	0x1.7a00000000000p-5	189	4096	normal	191919
3114	3d3e	3d3e0000	0.04638671875	0x1.7c00000000000p-5	95	2048	normal	186151
3115	3d3f	3d3f0000	0.046630859375	0x1.7e00000000000p-5	191	4096	normal	180411
3116	3d40	3d400000	0.046875	0x1.8000000000000p-5	3	64	normal	174604
3117	3d41	3d410000	0.047119140625	0x1.8200000000000p-5	193	4096	normal	168343
3118	3d42	3d420000	0.04736328125	0x1.8400000000000p-5	97	2048	normal	163435
3119	3d43	3d430000	0.047607421875	0x1.8600000000000p-5	195	4096	normal	158332
3120	3d44	3d440000	0.0478515625	0x1.8800000000000p-5	49	1024	normal	153000
3121	3d45	3d450000	0.048095703125	0x1.8a00000000000p-5	197	4096	normal	148135
3122	3d46	3d460000	0.04833984375	0x1.8c00000000000p-5	99	2048	normal	143130
3123	3d47	3d470000	0.048583984375	0x1.8e00000000000p-5	199	4096	normal	139035
3124	3d48	3d480000	0.048828125	0x1.9000000000000p-5	25	512	normal	134750
3125	3d49	3d490000	0.049072265625	0x1.9200000000000p-5	201	4096	normal	130176
3126	3d4a	3d4a0000	0.04931640625	0x1.9400000000000p-5	101	2048	normal	126624
3127	3d4b	3d4b0000	0.049560546875	0x1.9600000000000p-5	203	4096	normal	122623
3128	3d4c	3d4c0000	0.0498046875	0x1.9800000000000p-5	51	1024	normal	118436
3129	3d4d	3d4d0000	0.050048828125	0x1.9a00000000000p-5	205	4096	normal	114452
3130	3d4e	3d4e0000	0.05029296875	0x1.9c00000000000p-5	103	2048	normal	110290
3131	3d4f	3d4f0000	0.050537109375	0x1.9e00000000000p-5	207	4096	normal	106458
3132	3d50	3d500000	0.05078125	0x1.a000000000000p-5	13	256	normal	102633
3133	3d51	3d510000	0.051025390625	0x1.a200000000000p-5	209	4096	normal	99667
3134	3d52	3d520000	0.05126953125	0x1.a400000000000p-5	105	2048	normal	96689
3135	3d53	3d530000	0.051513671875	0x1.a600000000000p-5	211	4096	normal	92565
3136	3d54	3d540000	0.0517578125	0x1.a800000000000p-5	53	1024	normal	89958
3137	3d55	3d550000	0.052001953125	0x1.aa00000000000p-5	213	4096	normal	86702
3138	3d56	3d560000	0.05224609375	0x1.ac00000000000p-5	107	2048	normal	84336
3139	3d57	3d570000	0.052490234375	0x1.ae00000000000p-5	215	4096	normal	81275
3140	3d58	3d580000	0.052734375	0x1.b000000000000p-5	27	512	normal	78276
3141	3d59	3d590000	0.052978515625	0x1.b200000000000p-5	217	4096	normal	75601
3142	3d5a	3d5a0000	0.05322265625	0x1.b400000000000p-5	109	2048	normal	72821
3143	3d5b	3d5b0000	0.053466796875	0x1.b600000000000p-5	219	4096	normal	70736
3144	3d5c	3d5c0000	0.0537109375	0x1.b800000000000p-5	55	1024	normal	68331
3145	3d5d	3d5d0000	0.053955078125	0x1.ba00000000000p-5	221	4096	normal	66413
3146	3d5e	3d5e0000	0.05419921875	0x1.bc00000000000p-5	111	2048	normal	63675
3147	3d5f	3d5f0000	0.054443359375	0x1.be00000000000p-5	223	4096	normal	61910
3148	3d60	3d600000	0.0546875	0x1.c000000000000p-5	7	128	normal	59992
3149	3d61	3d610000	0.054931640625	0x1.c200000000000p-5	225	4096	normal	58156
3150	3d62	3d620000	0.05517578125	0x1.c400000000000p-5	113	2048	normal	55693
3151	3d63	3d630000	0.055419921875	0x1.c600000000000p-5	227	4096	normal	53587
3152	3d64	3d640000	0.0556640625	0x1.c800000000000p-5	57	1024	normal	51502
3153	3d65	3d650000	0.055908203125	0x1.ca00000000000p-5	229	4096	normal	49677
3154	3d66	3d660000	0.05615234375	0x1.cc00000000000p-5	115	2048	normal	48220
3155	3d67	3d670000	0.056396484375	0x1.ce00000000000p-5	231	4096	normal	46446
3156	3d68	3d680000	0.056640625	0x1.d000000000000p-5	29	512	normal	44598
3157	3d69	3d690000	0.056884765625	0x1.d200000000000p-5	233	4096	normal	43823
3158	3d6a	3d6a0000	0.05712890625	0x1.d400000000000p-5	117	2048	normal	41951
3159	3d6b	3d6b0000	0.057373046875	0x1.d600000000000p-5	235	4096	normal	40358
3160	3d6c	3d6c0000	0.0576171875	0x1.d800000000000p-5	59	1024	normal	38874
3161	3d6d	3d6d0000	0.057861328125	0x1.da00000000000p-5	237	4096	normal	37683
3162	3d6e	3d6e0000	0.05810546875	0x1.dc00000000000p-5	119	2048	normal	36350
3163	3d6f	3d6f0000	0.058349609375	0x1.de00000000000p-5	239	4096	normal	34899
3164	3d70	3d700000	0.05859375	0x1.e000000000000p-5	15	256	normal	33785
3165	3d71	3d710000	0.058837890625	0x1.e200000000000p-5	241	4096	normal	32629
3166	3d72	3d720000	0.05908203125	0x1.e400000000000p-5	121	2048	normal	31499
3167	3d73	3d730000	0.059326171875	0x1.e600000000000p-5	243	4096	normal	30351
3168	3d74	3d740000	0.0595703125	0x1.e800000000000p-5	61	1024	normal	29318
3169	3d75	3d750000	0.059814453125	0x1.ea00000000000p-5	245	4096	normal	28447
3170	3d76	3d760000	0.06005859375	0x1.ec00000000000p-5	123	2048	normal	27445
3171	3d77	3d770000	0.060302734375	0x1.ee00000000000p-5	247	4096	normal	26385
3172	3d78	3d780000	0.060546875	0x1.f000000000000p-5	31	512	normal	25080
3173	3d79	3d790000	0.060791015625	0x1.f200000000000p-5	249	4096	normal	24832
3174	3d7a	3d7a0000	0.06103515625	0x1.f400000000000p-5	125	2048	normal	23486
3175	3d7b	3d7b0000	0.061279296875	0x1.f600000000000p-5	251	4096	normal	22754
3176	3d7c	3d7c0000	0.0615234375	0x1.f800000000000p-5	63	1024	normal	22256
3177	3d7d	3d7d0000	0.061767578125	0x1.fa00000000000p-5	253	4096	normal	21572
3178	3d7e	3d7e0000	0.06201171875	0x1.fc00000000000p-5	127	2048	normal	20933
3179	3d7f	3d7f0000	0.062255859375	0x1.fe00000000000p-5	255	4096	normal	20422
3180	3d80	3d800000	0.0625	0x1.0000000000000p-4	1	16	normal	26396
3181	3d81	3d810000	0.06298828125	0x1.0200000000000p-4	129	2048	normal	33861
3182	3d82	3d820000	0.0634765625	0x1.0400000000000p-4	65	1024	normal	32314
3183	3d83	3d830000	0.06396484375	0x1.0600000000000p-4	131	2048	normal	30528
3184	3d84	3d840000	0.064453125	0x1.0800000000000p-4	33	512	normal	28172
3185	3d85	3d850000	0.06494140625	0x1.0a00000000000p-4	133	2048	normal	26143
3186	3d86	3d860000	0.0654296875	0x1.0c00000000000p-4	67	1024	normal	24409
3187	3d87	3d870000	0.06591796875	0x1.0e00000000000p-4	135	2048	normal	22414
3188	3d88	3d880000	0.06640625	0x1.1000000000000p-4	17	256	normal	20817
3189	3d89	3d890000	0.06689453125	0x1.1200000000000p-4	137	2048	normal	19162
3190	3d8a	3d8a0000	0.0673828125	0x1.1400000000000p-4	69	1024	normal	18106
3191	3d8b	3d8b0000	0.06787109375	0x1.1600000000000p-4	139	2048	normal	16450
3192	3d8c	3d8c0000	0.068359375	0x1.1800000000000p-4	35	512	normal	15313
3193	3d8d	3d8d0000	0.06884765625	0x1.1a00000000000p-4	141	2048	normal	14088
3194	3d8e	3d8e0000	0.0693359375	0x1.1c00000000000p-4	71	1024	normal	13199
3195	3d8f	3d8f0000	0.06982421875	0x1.1e00000000000p-4	143	2048	normal	11955
3196	3d90	3d900000	0.0703125	0x1.2000000000000p-4	9	128	normal	11013
3197	3d91	3d910000	0.07080078125	0x1.2200000000000p-4	145	2048	normal	10316
3198	3d92	3d920000	0.0712890625	0x1.2400000000000p-4	73	1024	normal	9481
3199	3d93	3d930000	0.07177734375	0x1.2600000000000p-4	147	2048	normal	9049
3200	3d94	3d940000	0.072265625	0x1.2800000000000p-4	37	512	normal	8385
3201	3d95	3d950000	0.07275390625	0x1.2a00000000000p-4	149	2048	normal	7688
3202	3d96	3d960000	0.0732421875	0x1.2c00000000000p-4	75	1024	normal	7000
3203	3d97	3d970000	0.07373046875	0x1.2e00000000000p-4	151	2048	normal	6409
3204	3d98	3d980000	0.07421875	0x1.3000000000000p-4	19	256	normal	5873
3205	3d99	3d990000	0.07470703125	0x1.3200000000000p-4	153	2048	normal	5558
3206	3d9a	3d9a0000	0.0751953125	0x1.3400000000000p-4	77	1024	normal	5261
3207	3d9b	3d9b0000	0.07568359375	0x1.3600000000000p-4	155	2048	normal	4653
3208	3d9c	3d9c0000	0.076171875	0x1.3800000000000p-4	39	512	normal	4362
3209	3d9d	3d9d0000	0.07666015625	0x1.3a00000000000p-4	157	2048	normal	3947
3210	3d9e	3d9e0000	0.0771484375	0x1.3c00000000000p-4	79	1024	normal	3725
3211	3d9f	3d9f0000	0.07763671875	0x1.3e00000000000p-4	159	2048	normal	3478
3212	3da0	3da00000	0.078125	0x1.4000000000000p-4	5	64	normal	3162
3213	3da1	3da10000	0.07861328125	0x1.4200000000000p-4	161	2048	normal	2873
3214	3da2	3da20000	0.0791015625	0x1.4400000000000p-4	81	1024	normal	2654
3215	3da3	3da30000	0.07958984375	0x1.4600000000000p-4	163	2048	normal	2545
3216	3da4	3da40000	0.080078125	0x1.4800000000000p-4	41	512	normal	2269
3217	3da5	3da50000	0.08056640625	0x1.4a00000000000p-4	165	2048	normal	2058
3218	3da6	3da60000	0.0810546875	0x1.4c00000000000p-4	83	1024	normal	1869
3219	3da7	3da70000	0.08154296875	0x1.4e00000000000p-4	167	2048	normal	1842
3220	3da8	3da80000	0.08203125	0x1.5000000000000p-4	21	256	normal	1609
3221	3da9	3da90000	0.08251953125	0x1.5200000000000p-4	169	2048	normal	1551
3222	3daa	3daa0000	0.0830078125	0x1.5400000000000p-4	85	1024	normal	1384
3223	3dab	3dab0000	0.08349609375	0x1.5600000000000p-4	171	2048	normal	1269
3224	3dac	3dac0000	0.083984375	0x1.5800000000000p-4	43	512	normal	1230
3225	3dad	3dad0000	0.08447265625	0x1.5a00000000000p-4	173	2048	normal	1088
3226	3dae	3dae0000	0.0849609375	0x1.5c00000000000p-4	87	1024	normal	1021
3227	3daf	3daf0000	0.08544921875	0x1.5e00000000000p-4	175	2048	normal	921
3228	3db0	3db00000	0.0859375	0x1.6000000000000p-4	11	128	normal	847
3229	3db1	3db10000	0.08642578125	0x1.6200000000000p-4	177	2048	normal	782
3230	3db2	3db20000	0.0869140625	0x1.6400000000000p-4	89	1024	normal	692
3231	3db3	3db30000	0.08740234375	0x1.6600000000000p-4	179	2048	normal	671
3232	3db4	3db40000	0.087890625	0x1.6800000000000p-4	45	512	normal	575
3233	3db5	3db50000	0.08837890625	0x1.6a00000000000p-4	181	2048	normal	571
3234	3db6	3db60000	0.0888671875	0x1.6c00000000000p-4	91	1024	normal	512
3235	3db7	3db70000	0.08935546875	0x1.6e00000000000p-4	183	2048	normal	457
3236	3db8	3db80000	0.08984375	0x1.7000000000000p-4	23	256	normal	438
3237	3db9	3db90000	0.09033203125	0x1.7200000000000p-4	185	2048	normal	383
3238	3dba	3dba0000	0.0908203125	0x1.7400000000000p-4	93	1024	normal	342
3239	3dbb	3dbb0000	0.09130859375	0x1.7600000000000p-4	187	2048	normal	342
3240	3dbc	3dbc0000	0.091796875	0x1.7800000000000p-4	47	512	normal	303
3241	3dbd	3dbd0000	0.09228515625	0x1.7a00000000000p-4	189	2048	normal	282
3242	3dbe	3dbe0000	0.0927734375	0x1.7c00000000000p-4	95	1024	normal	257
3243	3dbf	3dbf0000	0.09326171875	0x1.7e00000000000p-4	191	2048	normal	235
3244	3dc0	3dc00000	0.09375	0x1.8000000000000p-4	3	32	normal	225
3245	3dc1	3dc10000	0.09423828125	0x1.8200000000000p-4	193	2048	normal	203
3246	3dc2	3dc20000	0.0947265625	0x1.8400000000000p-4	97	1024	normal	192
3247	3dc3	3dc30000	0.09521484375	0x1.8600000000000p-4	195	2048	normal	144
3248	3dc4	3dc40000	0.095703125	0x1.8800000000000p-4	49	512	normal	149
3249	3dc5	3dc50000	0.09619140625	0x1.8a00000000000p-4	197	2048	normal	166
3250	3dc6	3dc60000	0.0966796875	0x1.8c00000000000p-4	99	1024	normal	122
3251	3dc7	3dc70000	0.09716796875	0x1.8e00000000000p-4	199	2048	normal	126
3252	3dc8	3dc80000	0.09765625	0x1.9000000000000p-4	25	256	normal	106
3253	3dc9	3dc90000	0.09814453125	0x1.9200000000000p-4	201	2048	normal	116
3254	3dca	3dca0000	0.0986328125	0x1.9400000000000p-4	101	1024	normal	77
3255	3dcb	3dcb0000	0.09912109375	0x1.9600000000000p-4	203	2048	normal	70
3256	3dcc	3dcc0000	0.099609375	0x1.9800000000000p-4	51	512	normal	70
3257	3dcd	3dcd0000	0.10009765625	0x1.9a00000000000p-4	205	2048	normal	59
3258	3dce	3dce0000	0.1005859375	0x1.9c00000000000p-4	103	1024	normal	70
3259	3dcf	3dcf0000	0.10107421875	0x1.9e00000000000p-4	207	2048	normal	59
3260	3dd0	3dd00000	0.1015625	0x1.a000000000000p-4	13	128	normal	60
3261	3dd1	3dd10000	0.10205078125	0x1.a200000000000p-4	209	2048	normal	55
3262	3dd2	3dd20000	0.1025390625	0x1.a400000000000p-4	105	1024	normal	36
3263	3dd3	3dd30000	0.10302734375	0x1.a600000000000p-4	211	2048	normal	47
3264	3dd4	3dd40000	0.103515625	0x1.a800000000000p-4	53	512	normal	27
3265	3dd5	3dd50000	0.10400390625	0x1.aa00000000000p-4	213	2048	normal	31
3266	3dd6	3dd60000	0.1044921875	0x1.ac00000000000p-4	107	1024	normal	34
3267	3dd7	3dd70000	0.10498046875	0x1.ae00000000000p-4	215	2048	normal	22
3268	3dd8	3dd80000	0.10546875	0x1.b000000000000p-4	27	256	normal	31
3269	3dd9	3dd90000	0.10595703125	0x1.b200000000000p-4	217	2048	normal	16
3270	3dda	3dda0000	0.1064453125	0x1.b400000000000p-4	109	1024	normal	25
3271	3ddb	3ddb0000	0.10693359375	0x1.b600000000000p-4	219	2048	normal	19
3272	3ddc	3ddc0000	0.107421875	0x1.b800000000000p-4	55	512	normal	19
3273	3ddd	3ddd0000	0.10791015625	0x1.ba00000000000p-4	221	2048	normal	15
3274	3dde	3dde0000	0.1083984375	0x1.bc00000000000p-4	111	1024	normal	17
3275	3ddf	3ddf0000	0.10888671875	0x1.be00000000000p-4	223	2048	normal	17
3276	3de0	3de00000	0.109375	0x1.c000000000000p-4	7	64	normal	20
3277	3de1	3de10000	0.10986328125	0x1.c200000000000p-4	225	2048	normal	13
3278	3de2	3de20000	0.1103515625	0x1.c400000000000p-4	113	1024	normal	12
3279	3de3	3de30000	0.11083984375	0x1.c600000000000p-4	227	2048	normal	7
3280	3de4	3de40000	0.111328125	0x1.c800000000000p-4	57	512	normal	10
3281	3de5	3de50000	0.11181640625	0x1.ca00000000000p-4	229	2048	normal	14
3282	3de6	3de60000	0.1123046875	0x1.cc00000000000p-4	115	1024	normal	15
3283	3de7	3de70000	0.11279296875	0x1.ce00000000000p-4	231	2048	normal	5
3284	3de8	3de80000	0.11328125	0x1.d000000000000p-4	29	256	normal	5
3285	3de9	3de90000	0.11376953125	0x1.d200000000000p-4	233	2048	normal	6
3286	3dea	3dea0000	0.1142578125	0x1.d400000000000p-4	117	1024	normal	5
3287	3deb	3deb0000	0.11474609375	0x1.d600000000000p-4	235	2048	normal	6
3288	3dec	3dec0000	0.115234375	0x1.d800000000000p-4	59	512	normal	8
3289	3ded	3ded0000	0.11572265625	0x1.da00000000000p-4	237	2048	normal	5
3290	3dee	3dee0000	0.1162109375	0x1.dc00000000000p-4	119	1024	normal	4
3291	3def	3def0000	0.11669921875	0x1.de00000000000p-4	239	2048	normal	5
3292	3df0	3df00000	0.1171875	0x1.e000000000000p-4	15	128	normal	4
3293	3df1	3df10000	0.11767578125	0x1.e200000000000p-4	241	2048	normal	6
3294	3df2	3df20000	0.1181640625	0x1.e400000000000p-4	121	1024	normal	3
3295	3df3	3df30000	0.11865234375	0x1.e600000000000p-4	243	2048	normal	5
3296	3df4	3df40000	0.119140625	0x1.e800000000000p-4	61	512	normal	3
3297	3df5	3df50000	0.11962890625	0x1.ea00000000000p-4	245	2048	normal	2
3298	3df6	3df60000	0.1201171875	0x1.ec00000000000p-4	123	1024	normal	1
3299	3df7	3df70000	0.12060546875	0x1.ee00000000000p-4	247	2048	normal	4
3300	3df8	3df80000	0.12109375	0x1.f000000000000p-4	31	256	normal	1
3301	3df9	3df90000	0.12158203125	0x1.f200000000000p-4	249	2048	normal	1
3302	3dfa	3dfa0000	0.1220703125	0x1.f400000000000p-4	125	1024	normal	1
3303	3dfb	3dfb0000	0.12255859375	0x1.f600000000000p-4	251	2048	normal	5
3304	3dfc	3dfc0000	0.123046875	0x1.f800000000000p-4	63	512	normal	3
3305	3dfd	3dfd0000	0.12353515625	0x1.fa00000000000p-4	253	2048	normal	3
3306	3dfe	3dfe0000	0.1240234375	0x1.fc00000000000p-4	127	1024	normal	2
3307	3dff	3dff0000	0.12451171875	0x1.fe00000000000p-4	255	2048	normal	2
3308	3e00	3e000000	0.125	0x1.0000000000000p-3	1	8	normal	2
3309	3e01	3e010000	0.1259765625	0x1.0200000000000p-3	129	1024	normal	2
3310	3e03	3e030000	0.1279296875	0x1.0600000000000p-3	131	1024	normal	3
3311	3e05	3e050000	0.1298828125	0x1.0a00000000000p-3	133	1024	normal	1
3312	3e06	3e060000	0.130859375	0x1.0c00000000000p-3	67	512	normal	2
3313	3e08	3e080000	0.1328125	0x1.1000000000000p-3	17	128	normal	1
3314	3e0f	3e0f0000	0.1396484375	0x1.1e00000000000p-3	143	1024	normal	1
3315	3e10	3e100000	0.140625	0x1.2000000000000p-3	9	64	normal	1
3316	3e13	3e130000	0.1435546875	0x1.2600000000000p-3	147	1024	normal	1
3317	3e16	3e160000	0.146484375	0x1.2c00000000000p-3	75	512	normal	1
3318	3e19	3e190000	0.1494140625	0x1.3200000000000p-3	153	1024	normal	1
3319	3e1b	3e1b0000	0.1513671875	0x1.3600000000000p-3	155	1024	normal	1
3320	3e1d	3e1d0000	0.1533203125	0x1.3a00000000000p-3	157	1024	normal	1
3321	ac91	ac910000	-4.121147867408581e-12	-0x1.2200000000000p-38	-145	35184372088832	normal	1
3322	ad65	ad650000	-1.3017142919125035e-11	-0x1.ca00000000000p-37	-229	17592186044416	normal	1
3323	ad80	ad800000	-1.4551915228366852e-11	-0x1.0000000000000p-36	-1	68719476736	normal	1
3324	ad9a	ad9a0000	-1.750777300912887e-11	-0x1.3400000000000p-36	-77	4398046511104	normal	1
3325	adb8	adb80000	-2.091837814077735e-11	-0x1.7000000000000p-36	-23	1099511627776	normal	1
3326	add1	add10000	-2.376054908381775e-11	-0x1.a200000000000p-36	-209	8796093022208	normal	1
3327	ae7d	ae7d0000	-5.752553988713771e-11	-0x1.fa00000000000p-35	-253	4398046511104	normal	1
3328	ae8e	ae8e0000	-6.45741238258779e-11	-0x1.1c00000000000p-34	-71	1099511627776	normal	1
3329	ae91	ae910000	-6.59383658785373e-11	-0x1.2200000000000p-34	-145	2199023255552	normal	1
3330	aee6	aee60000	-1.0459189070388675e-10	-0x1.cc00000000000p-34	-115	1099511627776	normal	1
3331	af03	af030000	-1.191438059322536e-10	-0x1.0600000000000p-33	-131	1099511627776	normal	1
3332	af04	af040000	-1.2005330063402653e-10	-0x1.0800000000000p-33	-33	274877906944	normal	1
3333	af3c	af3c0000	-1.709850039333105e-10	-0x1.7800000000000p-33	-47	274877906944	normal	1
3334	af63	af630000	-2.064552973024547e-10	-0x1.c600000000000p-33	-227	1099511627776	normal	1
3335	af84	af840000	-2.4010660126805305e-10	-0x1.0800000000000p-32	-33	137438953472	normal	1
3336	af8c	af8c0000	-2.546585164964199e-10	-0x1.1800000000000p-32	-35	137438953472	normal	1
3337	af8e	af8e0000	-2.582964953035116e-10	-0x1.1c00000000000p-32	-71	274877906944	normal	2
3338	af8f	af8f0000	-2.601154847070575e-10	-0x1.1e00000000000p-32	-143	549755813888	normal	1
3339	af95	af950000	-2.710294211283326e-10	-0x1.2a00000000000p-32	-149	549755813888	normal	1
3340	af98	af980000	-2.764863893389702e-10	-0x1.3000000000000p-32	-19	68719476736	normal	1
3341	af99	af990000	-2.7830537874251604e-10	-0x1.3200000000000p-32	-153	549755813888	normal	1
3342	af9e	af9e0000	-2.874003257602453e-10	-0x1.3c00000000000p-32	-79	274877906944	normal	1
3343	afa2	afa20000	-2.9467628337442875e-10	-0x1.4400000000000p-32	-81	274877906944	normal	1
3344	afa8	afa80000	-3.055902197957039e-10	-0x1.5000000000000p-32	-21	68719476736	normal	1
3345	afab	afab0000	-3.1104718800634146e-10	-0x1.5600000000000p-32	-171	549755813888	normal	1
3346	afc2	afc20000	-3.5288394428789616e-10	-0x1.8400000000000p-32	-97	274877906944	normal	1
3347	afd2	afd20000	-3.8198777474462986e-10	-0x1.a400000000000p-32	-105	274877906944	normal	1
3348	afd9	afd90000	-3.9472070056945086e-10	-0x1.b200000000000p-32	-217	549755813888	normal	2
3349	afdd	afdd0000	-4.019966581836343e-10	-0x1.ba00000000000p-32	-221	549755813888	normal	1
3350	afea	afea0000	-4.256435204297304e-10	-0x1.d400000000000p-32	-117	274877906944	normal	1
3351	aff3	aff30000	-4.420144250616431e-10	-0x1.e600000000000p-32	-243	549755813888	normal	1
3352	b000	b0000000	-4.656612873077393e-10	-0x1.0000000000000p-31	-1	2147483648	normal	1
3353	b00b	b00b0000	-5.056790541857481e-10	-0x1.1600000000000p-31	-139	274877906944	normal	1
3354	b00c	b00c0000	-5.093170329928398e-10	-0x1.1800000000000p-31	-35	68719476736	normal	2
3355	b010	b0100000	-5.238689482212067e-10	-0x1.2000000000000p-31	-9	17179869184	normal	1
3356	b011	b0110000	-5.275069270282984e-10	-0x1.2200000000000p-31	-145	274877906944	normal	1
3357	b017	b0170000	-5.493347998708487e-10	-0x1.2e00000000000p-31	-151	274877906944	normal	1
3358	b018	b0180000	-5.529727786779404e-10	-0x1.3000000000000p-31	-19	34359738368	normal	1
3359	b019	b0190000	-5.566107574850321e-10	-0x1.3200000000000p-31	-153	274877906944	normal	1
3360	b021	b0210000	-5.857145879417658e-10	-0x1.4200000000000p-31	-161	274877906944	normal	1
3361	b028	b0280000	-6.111804395914078e-10	-0x1.5000000000000p-31	-21	34359738368	normal	1
3362	b02c	b02c0000	-6.257323548197746e-10	-0x1.5800000000000p-31	-43	68719476736	normal	1
3363	b037	b0370000	-6.657501216977835e-10	-0x1.6e00000000000p-31	-183	274877906944	normal	1
3364	b042	b0420000	-7.057678885757923e-10	-0x1.8400000000000p-31	-97	137438953472	normal	1
3365	b046	b0460000	-7.203198038041592e-10	-0x1.8c00000000000p-31	-99	137438953472	normal	1
3366	b04a	b04a0000	-7.34871719032526e-10	-0x1.9400000000000p-31	-101	137438953472	normal	1
3367	b051	b0510000	-7.60337570682168e-10	-0x1.a200000000000p-31	-209	274877906944	normal	1
3368	b052	b0520000	-7.639755494892597e-10	-0x1.a400000000000p-31	-105	137438953472	normal	1
3369	b056	b0560000	-7.785274647176266e-10	-0x1.ac00000000000p-31	-107	137438953472	normal	1
3370	b061	b0610000	-8.185452315956354e-10	-0x1.c200000000000p-31	-225	274877906944	normal	1
3371	b068	b0680000	-8.440110832452774e-10	-0x1.d000000000000p-31	-29	34359738368	normal	1
3372	b075	b0750000	-8.913048077374697e-10	-0x1.ea00000000000p-31	-245	274877906944	normal	1
3373	b079	b0790000	-9.058567229658365e-10	-0x1.f200000000000p-31	-249	274877906944	normal	1
3374	b07d	b07d0000	-9.204086381942034e-10	-0x1.fa00000000000p-31	-253	274877906944	normal	1
3375	b07f	b07f0000	-9.276845958083868e-10	-0x1.fe00000000000p-31	-255	274877906944	normal	1
3376	b082	b0820000	-9.458744898438454e-10	-0x1.0400000000000p-30	-65	68719476736	normal	1
3377	b084	b0840000	-9.604264050722122e-10	-0x1.0800000000000p-30	-33	34359738368	normal	2
3378	b085	b0850000	-9.677023626863956e-10	-0x1.0a00000000000p-30	-133	137438953472	normal	1
3379	b086	b0860000	-9.74978320300579e-10	-0x1.0c00000000000p-30	-67	68719476736	normal	1
3380	b089	b0890000	-9.968061931431293e-10	-0x1.1200000000000p-30	-137	137438953472	normal	1
3381	b08b	b08b0000	-1.0113581083714962e-09	-0x1.1600000000000p-30	-139	137438953472	normal	1
3382	b097	b0970000	-1.0986695997416973e-09	-0x1.2e00000000000p-30	-151	137438953472	normal	1
3383	b099	b0990000	-1.1132215149700642e-09	-0x1.3200000000000p-30	-153	137438953472	normal	1
3384	b09d	b09d0000	-1.1423253454267979e-09	-0x1.3a00000000000p-30	-157	137438953472	normal	1
3385	b0a1	b0a10000	-1.1714291758835316e-09	-0x1.4200000000000p-30	-161	137438953472	normal	2
3386	b0a3	b0a30000	-1.1859810911118984e-09	-0x1.4600000000000p-30	-163	137438953472	normal	1
3387	b0a5	b0a50000	-1.2005330063402653e-09	-0x1.4a00000000000p-30	-165	137438953472	normal	1
3388	b0a9	b0a90000	-1.229636836796999e-09	-0x1.5200000000000p-30	-169	137438953472	normal	1
3389	b0ac	b0ac0000	-1.2514647096395493e-09	-0x1.5800000000000p-30	-43	34359738368	normal	1
3390	b0ad	b0ad0000	-1.2587406672537327e-09	-0x1.5a00000000000p-30	-173	137438953472	normal	1
3391	b0af	b0af0000	-1.2732925824820995e-09	-0x1.5e00000000000p-30	-175	137438953472	normal	2
3392	b0b0	b0b00000	-1.280568540096283e-09	-0x1.6000000000000p-30	-11	8589934592	normal	1
3393	b0b4	b0b40000	-1.3096723705530167e-09	-0x1.6800000000000p-30	-45	34359738368	normal	1
3394	b0b5	b0b50000	-1.3169483281672e-09	-0x1.6a00000000000p-30	-181	137438953472	normal	1
3395	b0b6	b0b60000	-1.3242242857813835e-09	-0x1.6c00000000000p-30	-91	68719476736	normal	1
3396	b0b7	b0b70000	-1.331500243395567e-09	-0x1.6e00000000000p-30	-183	137438953472	normal	2
3397	b0b8	b0b80000	-1.3387762010097504e-09	-0x1.7000000000000p-30	-23	17179869184	normal	1
3398	b0bc	b0bc0000	-1.367880031466484e-09	-0x1.7800000000000p-30	-47	34359738368	normal	1
3399	b0be	b0be0000	-1.382431946694851e-09	-0x1.7c00000000000p-30	-95	68719476736	normal	3
3400	b0c4	b0c40000	-1.4260876923799515e-09	-0x1.8800000000000p-30	-49	34359738368	normal	1
3401	b0c8	b0c80000	-1.4551915228366852e-09	-0x1.9000000000000p-30	-25	17179869184	normal	1
3402	b0ca	b0ca0000	-1.469743438065052e-09	-0x1.9400000000000p-30	-101	68719476736	normal	1
3403	b0ce	b0ce0000	-1.4988472685217857e-09	-0x1.9c00000000000p-30	-103	68719476736	normal	1
3404	b0d1	b0d10000	-1.520675141364336e-09	-0x1.a200000000000p-30	-209	137438953472	normal	2
3405	b0d4	b0d40000	-1.5425030142068863e-09	-0x1.a800000000000p-30	-53	34359738368	normal	1
3406	b0d6	b0d60000	-1.5570549294352531e-09	-0x1.ac00000000000p-30	-107	68719476736	normal	1
3407	b0d7	b0d70000	-1.5643308870494366e-09	-0x1.ae00000000000p-30	-215	137438953472	normal	1
3408	b0d9	b0d90000	-1.5788828022778034e-09	-0x1.b200000000000p-30	-217	137438953472	normal	1
3409	b0dc	b0dc0000	-1.6007106751203537e-09	-0x1.b800000000000p-30	-55	34359738368	normal	1
3410	b0df	b0df0000	-1.622538547962904e-09	-0x1.be00000000000p-30	-223	137438953472	normal	1
3411	b0e1	b0e10000	-1.6370904631912708e-09	-0x1.c200000000000p-30	-225	137438953472	normal	1
3412	b0e5	b0e50000	-1.6661942936480045e-09	-0x1.ca00000000000p-30	-229	137438953472	normal	2
3413	b0e6	b0e60000	-1.673470251262188e-09	-0x1.cc00000000000p-30	-115	68719476736	normal	1
3414	b0eb	b0eb0000	-1.709850039333105e-09	-0x1.d600000000000p-30	-235	137438953472	normal	2
3415	b0ed	b0ed0000	-1.724401954561472e-09	-0x1.da00000000000p-30	-237	137438953472	normal	1
3416	b0ef	b0ef0000	-1.7389538697898388e-09	-0x1.de00000000000p-30	-239	137438953472	normal	1
3417	b0f0	b0f00000	-1.7462298274040222e-09	-0x1.e000000000000p-30	-15	8589934592	normal	1
3418	b0f1	b0f10000	-1.7535057850182056e-09	-0x1.e200000000000p-30	-241	137438953472	normal	1
3419	b0f6	b0f60000	-1.7898855730891228e-09	-0x1.ec00000000000p-30	-123	68719476736	normal	1
3420	b0f7	b0f70000	-1.7971615307033062e-09	-0x1.ee00000000000p-30	-247	137438953472	normal	1
3421	b0fd	b0fd0000	-1.8408172763884068e-09	-0x1.fa00000000000p-30	-253	137438953472	normal	1
3422	b101	b1010000	-1.877197064459324e-09	-0x1.0200000000000p-29	-129	68719476736	normal	1
3423	b102	b1020000	-1.8917489796876907e-09	-0x1.0400000000000p-29	-65	34359738368	normal	2
3424	b103	b1030000	-1.9063008949160576e-09	-0x1.0600000000000p-29	-131	68719476736	normal	2
3425	b104	b1040000	-1.9208528101444244e-09	-0x1.0800000000000p-29	-33	17179869184	normal	1
3426	b106	b1060000	-1.949956640601158e-09	-0x1.0c00000000000p-29	-67	34359738368	normal	1
3427	b109	b1090000	-1.9936123862862587e-09	-0x1.1200000000000p-29	-137	68719476736	normal	1
3428	b10c	b10c0000	-2.0372681319713593e-09	-0x1.1800000000000p-29	-35	17179869184	normal	2
3429	b10e	b10e0000	-2.066371962428093e-09	-0x1.1c00000000000p-29	-71	34359738368	normal	2
3430	b112	b1120000	-2.1245796233415604e-09	-0x1.2400000000000p-29	-73	34359738368	normal	1
3431	b115	b1150000	-2.168235369026661e-09	-0x1.2a00000000000p-29	-149	68719476736	normal	1
3432	b117	b1170000	-2.1973391994833946e-09	-0x1.2e00000000000p-29	-151	68719476736	normal	2
3433	b118	b1180000	-2.2118911147117615e-09	-0x1.3000000000000p-29	-19	8589934592	normal	1
3434	b120	b1200000	-2.3283064365386963e-09	-0x1.4000000000000p-29	-5	2147483648	normal	1
3435	b121	b1210000	-2.342858351767063e-09	-0x1.4200000000000p-29	-161	68719476736	normal	2
3436	b125	b1250000	-2.4010660126805305e-09	-0x1.4a00000000000p-29	-165	68719476736	normal	1
3437	b128	b1280000	-2.444721758365631e-09	-0x1.5000000000000p-29	-21	8589934592	normal	1
3438	b12c	b12c0000	-2.5029294192790985e-09	-0x1.5800000000000p-29	-43	17179869184	normal	2
3439	b12d	b12d0000	-2.5174813345074654e-09	-0x1.5a00000000000p-29	-173	68719476736	normal	2
3440	b12e	b12e0000	-2.5320332497358322e-09	-0x1.5c00000000000p-29	-87	34359738368	normal	1
3441	b131	b1310000	-2.5756889954209328e-09	-0x1.6200000000000p-29	-177	68719476736	normal	2
3442	b132	b1320000	-2.5902409106492996e-09	-0x1.6400000000000p-29	-89	34359738368	normal	2
3443	b133	b1330000	-2.6047928258776665e-09	-0x1.6600000000000p-29	-179	68719476736	normal	2
3444	b134	b1340000	-2.6193447411060333e-09	-0x1.6800000000000p-29	-45	17179869184	normal	1
3445	b13a	b13a0000	-2.7066562324762344e-09	-0x1.7400000000000p-29	-93	34359738368	normal	1
3446	b13b	b13b0000	-2.7212081477046013e-09	-0x1.7600000000000p-29	-187	68719476736	normal	1
3447	b13e	b13e0000	-2.764863893389702e-09	-0x1.7c00000000000p-29	-95	34359738368	normal	1
3448	b140	b1400000	-2.7939677238464355e-09	-0x1.8000000000000p-29	-3	1073741824	normal	2
3449	b141	b1410000	-2.8085196390748024e-09	-0x1.8200000000000p-29	-193	68719476736	normal	1
3450	b142	b1420000	-2.8230715543031693e-09	-0x1.8400000000000p-29	-97	34359738368	normal	1
3451	b143	b1430000	-2.837623469531536e-09	-0x1.8600000000000p-29	-195	68719476736	normal	1
3452	b145	b1450000	-2.86672729998827e-09	-0x1.8a00000000000p-29	-197	68719476736	normal	1
3453	b146	b1460000	-2.8812792152166367e-09	-0x1.8c00000000000p-29	-99	34359738368	normal	1
3454	b148	b1480000	-2.9103830456733704e-09	-0x1.9000000000000p-29	-25	8589934592	normal	3
3455	b14b	b14b0000	-2.954038791358471e-09	-0x1.9600000000000p-29	-203	68719476736	normal	1
3456	b14f	b14f0000	-3.0122464522719383e-09	-0x1.9e00000000000p-29	-207	68719476736	normal	1
3457	b150	b1500000	-3.026798367500305e-09	-0x1.a000000000000p-29	-13	4294967296	normal	1
3458	b154	b1540000	-3.0850060284137726e-09	-0x1.a800000000000p-29	-53	17179869184	normal	1
3459	b156	b1560000	-3.1141098588705063e-09	-0x1.ac00000000000p-29	-107	34359738368	normal	1
3460	b15b	b15b0000	-3.1868694350123405e-09	-0x1.b600000000000p-29	-219	68719476736	normal	1
3461	b161	b1610000	-3.2741809263825417e-09	-0x1.c200000000000p-29	-225	68719476736	normal	2
3462	b163	b1630000	-3.3032847568392754e-09	-0x1.c600000000000p-29	-227	68719476736	normal	2
3463	b164	b1640000	-3.3178366720676422e-09	-0x1.c800000000000p-29	-57	17179869184	normal	1
3464	b16a	b16a0000	-3.4051481634378433e-09	-0x1.d400000000000p-29	-117	34359738368	normal	1
3465	b16b	b16b0000	-3.41970007866621e-09	-0x1.d600000000000p-29	-235	68719476736	normal	1
3466	b170	b1700000	-3.4924596548080444e-09	-0x1.e000000000000p-29	-15	4294967296	normal	2
3467	b171	b1710000	-3.5070115700364113e-09	-0x1.e200000000000p-29	-241	68719476736	normal	1
3468	b173	b1730000	-3.536115400493145e-09	-0x1.e600000000000p-29	-243	68719476736	normal	1
3469	b175	b1750000	-3.5652192309498787e-09	-0x1.ea00000000000p-29	-245	68719476736	normal	1
3470	b177	b1770000	-3.5943230614066124e-09	-0x1.ee00000000000p-29	-247	68719476736	normal	2
3471	b178	b1780000	-3.6088749766349792e-09	-0x1.f000000000000p-29	-31	8589934592	normal	1
3472	b179	b1790000	-3.623426891863346e-09	-0x1.f200000000000p-29	-249	68719476736	normal	3
3473	b17d	b17d0000	-3.6816345527768135e-09	-0x1.fa00000000000p-29	-253	68719476736	normal	2
3474	b17f	b17f0000	-3.7107383832335472e-09	-0x1.fe00000000000p-29	-255	68719476736	normal	2
3475	b181	b1810000	-3.754394128918648e-09	-0x1.0200000000000p-28	-129	34359738368	normal	1
3476	b182	b1820000	-3.7834979593753815e-09	-0x1.0400000000000p-28	-65	17179869184	normal	2
3477	b183	b1830000	-3.812601789832115e-09	-0x1.0600000000000p-28	-131	34359738368	normal	2
3478	b184	b1840000	-3.841705620288849e-09	-0x1.0800000000000p-28	-33	8589934592	normal	1
3479	b185	b1850000	-3.8708094507455826e-09	-0x1.0a00000000000p-28	-133	34359738368	normal	1
3480	b186	b1860000	-3.899913281202316e-09	-0x1.0c00000000000p-28	-67	17179869184	normal	1
3481	b18b	b18b0000	-4.045432433485985e-09	-0x1.1600000000000p-28	-139	34359738368	normal	3
3482	b18c	b18c0000	-4.0745362639427185e-09	-0x1.1800000000000p-28	-35	8589934592	normal	1
3483	b18d	b18d0000	-4.103640094399452e-09	-0x1.1a00000000000p-28	-141	34359738368	normal	2
3484	b18e	b18e0000	-4.132743924856186e-09	-0x1.1c00000000000p-28	-71	17179869184	normal	2
3485	b18f	b18f0000	-4.16184775531292e-09	-0x1.1e00000000000p-28	-143	34359738368	normal	1
3486	b191	b1910000	-4.220055416226387e-09	-0x1.2200000000000p-28	-145	34359738368	normal	1
3487	b192	b1920000	-4.249159246683121e-09	-0x1.2400000000000p-28	-73	17179869184	normal	1
3488	b193	b1930000	-4.2782630771398544e-09	-0x1.2600000000000p-28	-147	34359738368	normal	1
3489	b194	b1940000	-4.307366907596588e-09	-0x1.2800000000000p-28	-37	8589934592	normal	2
3490	b196	b1960000	-4.3655745685100555e-09	-0x1.2c00000000000p-28	-75	17179869184	normal	2
3491	b197	b1970000	-4.394678398966789e-09	-0x1.2e00000000000p-28	-151	34359738368	normal	2
3492	b198	b1980000	-4.423782229423523e-09	-0x1.3000000000000p-28	-19	4294967296	normal	2
3493	b199	b1990000	-4.452886059880257e-09	-0x1.3200000000000p-28	-153	34359738368	normal	1
3494	b19a	b19a0000	-4.48198989033699e-09	-0x1.3400000000000p-28	-77	17179869184	normal	3
3495	b19b	b19b0000	-4.511093720793724e-09	-0x1.3600000000000p-28	-155	34359738368	normal	1
3496	b19c	b19c0000	-4.540197551250458e-09	-0x1.3800000000000p-28	-39	8589934592	normal	2
3497	b19d	b19d0000	-4.5693013817071915e-09	-0x1.3a00000000000p-28	-157	34359738368	normal	3
3498	b19e	b19e0000	-4.598405212163925e-09	-0x1.3c00000000000p-28	-79	17179869184	normal	1
3499	b19f	b19f0000	-4.627509042620659e-09	-0x1.3e00000000000p-28	-159	34359738368	normal	1
3500	b1a2	b1a20000	-4.71482053399086e-09	-0x1.4400000000000p-28	-81	17179869184	normal	2
3501	b1a3	b1a30000	-4.743924364447594e-09	-0x1.4600000000000p-28	-163	34359738368	normal	1
3502	b1a5	b1a50000	-4.802132025361061e-09	-0x1.4a00000000000p-28	-165	34359738368	normal	1
3503	b1a6	b1a60000	-4.831235855817795e-09	-0x1.4c00000000000p-28	-83	17179869184	normal	2
3504	b1a7	b1a70000	-4.8603396862745285e-09	-0x1.4e00000000000p-28	-167	34359738368	normal	2
3505	b1a8	b1a80000	-4.889443516731262e-09	-0x1.5000000000000p-28	-21	4294967296	normal	2
3506	b1a9	b1a90000	-4.918547347187996e-09	-0x1.5200000000000p-28	-169	34359738368	normal	1
3507	b1aa	b1aa0000	-4.94765117764473e-09	-0x1.5400000000000p-28	-85	17179869184	normal	1
3508	b1ac	b1ac0000	-5.005858838558197e-09	-0x1.5800000000000p-28	-43	8589934592	normal	4
3509	b1ad	b1ad0000	-5.034962669014931e-09	-0x1.5a00000000000p-28	-173	34359738368	normal	1
3510	b1ae	b1ae0000	-5.0640664994716644e-09	-0x1.5c00000000000p-28	-87	17179869184	normal	2
3511	b1af	b1af0000	-5.093170329928398e-09	-0x1.5e00000000000p-28	-175	34359738368	normal	6
3512	b1b0	b1b00000	-5.122274160385132e-09	-0x1.6000000000000p-28	-11	2147483648	normal	1
3513	b1b1	b1b10000	-5.1513779908418655e-09	-0x1.6200000000000p-28	-177	34359738368	normal	2
3514	b1b2	b1b20000	-5.180481821298599e-09	-0x1.6400000000000p-28	-89	17179869184	normal	6
3515	b1b3	b1b30000	-5.209585651755333e-09	-0x1.6600000000000p-28	-179	34359738368	normal	1
3516	b1b5	b1b50000	-5.2677933126688e-09	-0x1.6a00000000000p-28	-181	34359738368	normal	5
3517	b1b6	b1b60000	-5.296897143125534e-09	-0x1.6c00000000000p-28	-91	17179869184	normal	1
3518	b1b7	b1b70000	-5.326000973582268e-09	-0x1.6e00000000000p-28	-183	34359738368	normal	1
3519	b1b8	b1b80000	-5.3551048040390015e-09	-0x1.7000000000000p-28	-23	4294967296	normal	2
3520	b1b9	b1b90000	-5.384208634495735e-09	-0x1.7200000000000p-28	-185	34359738368	normal	1
3521	b1ba	b1ba0000	-5.413312464952469e-09	-0x1.7400000000000p-28	-93	17179869184	normal	2
3522	b1bb	b1bb0000	-5.4424162954092026e-09	-0x1.7600000000000p-28	-187	34359738368	normal	2
3523	b1be	b1be0000	-5.529727786779404e-09	-0x1.7c00000000000p-28	-95	17179869184	normal	2
3524	b1bf	b1bf0000	-5.558831617236137e-09	-0x1.7e00000000000p-28	-191	34359738368	normal	1
3525	b1c0	b1c00000	-5.587935447692871e-09	-0x1.8000000000000p-28	-3	536870912	normal	1
3526	b1c2	b1c20000	-5.6461431086063385e-09	-0x1.8400000000000p-28	-97	17179869184	normal	1
3527	b1c3	b1c30000	-5.675246939063072e-09	-0x1.8600000000000p-28	-195	34359738368	normal	2
3528	b1c4	b1c40000	-5.704350769519806e-09	-0x1.8800000000000p-28	-49	8589934592	normal	1
3529	b1c5	b1c50000	-5.73345459997654e-09	-0x1.8a00000000000p-28	-197	34359738368	normal	2
3530	b1c6	b1c60000	-5.762558430433273e-09	-0x1.8c00000000000p-28	-99	17179869184	normal	1
3531	b1c7	b1c70000	-5.791662260890007e-09	-0x1.8e00000000000p-28	-199	34359738368	normal	1
3532	b1c8	b1c80000	-5.820766091346741e-09	-0x1.9000000000000p-28	-25	4294967296	normal	3
3533	b1ca	b1ca0000	-5.878973752260208e-09	-0x1.9400000000000p-28	-101	17179869184	normal	3
3534	b1cb	b1cb0000	-5.908077582716942e-09	-0x1.9600000000000p-28	-203	34359738368	normal	2
3535	b1cc	b1cc0000	-5.9371814131736755e-09	-0x1.9800000000000p-28	-51	8589934592	normal	2
3536	b1cd	b1cd0000	-5.966285243630409e-09	-0x1.9a00000000000p-28	-205	34359738368	normal	2
3537	b1ce	b1ce0000	-5.995389074087143e-09	-0x1.9c00000000000p-28	-103	17179869184	normal	4
3538	b1d0	b1d00000	-6.05359673500061e-09	-0x1.a000000000000p-28	-13	2147483648	normal	4
3539	b1d1	b1d10000	-6.082700565457344e-09	-0x1.a200000000000p-28	-209	34359738368	normal	4
3540	b1d2	b1d20000	-6.111804395914078e-09	-0x1.a400000000000p-28	-105	17179869184	normal	1
3541	b1d3	b1d30000	-6.1409082263708115e-09	-0x1.a600000000000p-28	-211	34359738368	normal	2
3542	b1d4	b1d40000	-6.170012056827545e-09	-0x1.a800000000000p-28	-53	8589934592	normal	4
3543	b1d5	b1d50000	-6.199115887284279e-09	-0x1.aa00000000000p-28	-213	34359738368	normal	1
3544	b1d6	b1d60000	-6.2282197177410126e-09	-0x1.ac00000000000p-28	-107	17179869184	normal	2
3545	b1d7	b1d70000	-6.257323548197746e-09	-0x1.ae00000000000p-28	-215	34359738368	normal	3
3546	b1d8	b1d80000	-6.28642737865448e-09	-0x1.b000000000000p-28	-27	4294967296	normal	1
3547	b1d9	b1d90000	-6.315531209111214e-09	-0x1.b200000000000p-28	-217	34359738368	normal	2
3548	b1db	b1db0000	-6.373738870024681e-09	-0x1.b600000000000p-28	-219	34359738368	normal	1
3549	b1dc	b1dc0000	-6.402842700481415e-09	-0x1.b800000000000p-28	-55	8589934592	normal	2
3550	b1dd	b1dd0000	-6.4319465309381485e-09	-0x1.ba00000000000p-28	-221	34359738368	normal	3
3551	b1de	b1de0000	-6.461050361394882e-09	-0x1.bc00000000000p-28	-111	17179869184	normal	1
3552	b1df	b1df0000	-6.490154191851616e-09	-0x1.be00000000000p-28	-223	34359738368	normal	1
3553	b1e0	b1e00000	-6.51925802230835e-09	-0x1.c000000000000p-28	-7	1073741824	normal	1
3554	b1e2	b1e20000	-6.577465683221817e-09	-0x1.c400000000000p-28	-113	17179869184	normal	2
3555	b1e3	b1e30000	-6.606569513678551e-09	-0x1.c600000000000p-28	-227	34359738368	normal	2
3556	b1e4	b1e40000	-6.6356733441352844e-09	-0x1.c800000000000p-28	-57	8589934592	normal	1
3557	b1e5	b1e50000	-6.664777174592018e-09	-0x1.ca00000000000p-28	-229	34359738368	normal	3
3558	b1e6	b1e60000	-6.693881005048752e-09	-0x1.cc00000000000p-28	-115	17179869184	normal	2
3559	b1e7	b1e70000	-6.7229848355054855e-09	-0x1.ce00000000000p-28	-231	34359738368	normal	1
3560	b1e8	b1e80000	-6.752088665962219e-09	-0x1.d000000000000p-28	-29	4294967296	normal	1
3561	b1e9	b1e90000	-6.781192496418953e-09	-0x1.d200000000000p-28	-233	34359738368	normal	4
3562	b1ea	b1ea0000	-6.810296326875687e-09	-0x1.d400000000000p-28	-117	17179869184	normal	1
3563	b1eb	b1eb0000	-6.83940015733242e-09	-0x1.d600000000000p-28	-235	34359738368	normal	2
3564	b1ec	b1ec0000	-6.868503987789154e-09	-0x1.d800000000000p-28	-59	8589934592	normal	1
3565	b1ed	b1ed0000	-6.897607818245888e-09	-0x1.da00000000000p-28	-237	34359738368	normal	6
3566	b1ee	b1ee0000	-6.9267116487026215e-09	-0x1.dc00000000000p-28	-119	17179869184	normal	1
3567	b1f1	b1f10000	-7.0140231400728226e-09	-0x1.e200000000000p-28	-241	34359738368	normal	3
3568	b1f2	b1f20000	-7.043126970529556e-09	-0x1.e400000000000p-28	-121	17179869184	normal	1
3569	b1f3	b1f30000	-7.07223080098629e-09	-0x1.e600000000000p-28	-243	34359738368	normal	2
3570	b1f5	b1f50000	-7.130438461899757e-09	-0x1.ea00000000000p-28	-245	34359738368	normal	4
3571	b1f6	b1f60000	-7.159542292356491e-09	-0x1.ec00000000000p-28	-123	17179869184	normal	1
3572	b1f7	b1f70000	-7.188646122813225e-09	-0x1.ee00000000000p-28	-247	34359738368	normal	1
3573	b1f8	b1f80000	-7.2177499532699585e-09	-0x1.f000000000000p-28	-31	4294967296	normal	1
3574	b1f9	b1f90000	-7.246853783726692e-09	-0x1.f200000000000p-28	-249	34359738368	normal	4
3575	b1fa	b1fa0000	-7.275957614183426e-09	-0x1.f400000000000p-28	-125	17179869184	normal	1
3576	b1fb	b1fb0000	-7.30506144464016e-09	-0x1.f600000000000p-28	-251	34359738368	normal	1
3577	b1fc	b1fc0000	-7.334165275096893e-09	-0x1.f800000000000p-28	-63	8589934592	normal	1
3578	b1fd	b1fd0000	-7.363269105553627e-09	-0x1.fa00000000000p-28	-253	34359738368	normal	2
3579	b1fe	b1fe0000	-7.392372936010361e-09	-0x1.fc00000000000p-28	-127	17179869184	normal	2
3580	b1ff	b1ff0000	-7.4214767664670944e-09	-0x1.fe00000000000p-28	-255	34359738368	normal	1
3581	b200	b2000000	-7.450580596923828e-09	-0x1.0000000000000p-27	-1	134217728	normal	3
3582	b201	b2010000	-7.508788257837296e-09	-0x1.0200000000000p-27	-129	17179869184	normal	2
3583	b202	b2020000	-7.566995918750763e-09	-0x1.0400000000000p-27	-65	8589934592	normal	6
3584	b203	b2030000	-7.62520357966423e-09	-0x1.0600000000000p-27	-131	17179869184	normal	4
3585	b204	b2040000	-7.683411240577698e-09	-0x1.0800000000000p-27	-33	4294967296	normal	4
3586	b205	b2050000	-7.741618901491165e-09	-0x1.0a00000000000p-27	-133	17179869184	normal	5
3587	b206	b2060000	-7.799826562404633e-09	-0x1.0c00000000000p-27	-67	8589934592	normal	3
3588	b207	b2070000	-7.8580342233181e-09	-0x1.0e00000000000p-27	-135	17179869184	normal	3
3589	b208	b2080000	-7.916241884231567e-09	-0x1.1000000000000p-27	-17	2147483648	normal	4
3590	b209	b2090000	-7.974449545145035e-09	-0x1.1200000000000p-27	-137	17179869184	normal	3
3591	b20a	b20a0000	-8.032657206058502e-09	-0x1.1400000000000p-27	-69	8589934592	normal	2
3592	b20b	b20b0000	-8.09086486697197e-09	-0x1.1600000000000p-27	-139	17179869184	normal	2
3593	b20c	b20c0000	-8.149072527885437e-09	-0x1.1800000000000p-27	-35	4294967296	normal	3
3594	b20d	b20d0000	-8.207280188798904e-09	-0x1.1a00000000000p-27	-141	17179869184	normal	3
3595	b20e	b20e0000	-8.265487849712372e-09	-0x1.1c00000000000p-27	-71	8589934592	normal	7
3596	b20f	b20f0000	-8.32369551062584e-09	-0x1.1e00000000000p-27	-143	17179869184	normal	4
3597	b210	b2100000	-8.381903171539307e-09	-0x1.2000000000000p-27	-9	1073741824	normal	2
3598	b211	b2110000	-8.440110832452774e-09	-0x1.2200000000000p-27	-145	17179869184	normal	2
3599	b212	b2120000	-8.498318493366241e-09	-0x1.2400000000000p-27	-73	8589934592	normal	3
3600	b213	b2130000	-8.556526154279709e-09	-0x1.2600000000000p-27	-147	17179869184	normal	4
3601	b215	b2150000	-8.672941476106644e-09	-0x1.2a00000000000p-27	-149	17179869184	normal	3
3602	b216	b2160000	-8.731149137020111e-09	-0x1.2c00000000000p-27	-75	8589934592	normal	3
3603	b217	b2170000	-8.789356797933578e-09	-0x1.2e00000000000p-27	-151	17179869184	normal	5
3604	b218	b2180000	-8.847564458847046e-09	-0x1.3000000000000p-27	-19	2147483648	normal	3
3605	b219	b2190000	-8.905772119760513e-09	-0x1.3200000000000p-27	-153	17179869184	normal	2
3606	b21a	b21a0000	-8.96397978067398e-09	-0x1.3400000000000p-27	-77	8589934592	normal	4
3607	b21b	b21b0000	-9.022187441587448e-09	-0x1.3600000000000p-27	-155	17179869184	normal	3
3608	b21c	b21c0000	-9.080395102500916e-09	-0x1.3800000000000p-27	-39	4294967296	normal	3
3609	b21d	b21d0000	-9.138602763414383e-09	-0x1.3a00000000000p-27	-157	17179869184	normal	6
3610	b21e	b21e0000	-9.19681042432785e-09	-0x1.3c00000000000p-27	-79	8589934592	normal	3
3611	b21f	b21f0000	-9.255018085241318e-09	-0x1.3e00000000000p-27	-159	17179869184	normal	1
3612	b220	b2200000	-9.313225746154785e-09	-0x1.4000000000000p-27	-5	536870912	normal	3
3613	b221	b2210000	-9.371433407068253e-09	-0x1.4200000000000p-27	-161	17179869184	normal	7
3614	b222	b2220000	-9.42964106798172e-09	-0x1.4400000000000p-27	-81	8589934592	normal	4
3615	b223	b2230000	-9.487848728895187e-09	-0x1.4600000000000p-27	-163	17179869184	normal	1
3616	b224	b2240000	-9.546056389808655e-09	-0x1.4800000000000p-27	-41	4294967296	normal	3
3617	b225	b2250000	-9.604264050722122e-09	-0x1.4a00000000000p-27	-165	17179869184	normal	3
3618	b226	b2260000	-9.66247171163559e-09	-0x1.4c00000000000p-27	-83	8589934592	normal	3
3619	b227	b2270000	-9.720679372549057e-09	-0x1.4e00000000000p-27	-167	17179869184	normal	1
3620	b228	b2280000	-9.778887033462524e-09	-0x1.5000000000000p-27	-21	2147483648	normal	6
3621	b229	b2290000	-9.837094694375992e-09	-0x1.5200000000000p-27	-169	17179869184	normal	2
3622	b22a	b22a0000	-9.89530235528946e-09	-0x1.5400000000000p-27	-85	8589934592	normal	3
3623	b22c	b22c0000	-1.0011717677116394e-08	-0x1.5800000000000p-27	-43	4294967296	normal	4
3624	b22d	b22d0000	-1.0069925338029861e-08	-0x1.5a00000000000p-27	-173	17179869184	normal	2
3625	b22e	b22e0000	-1.0128132998943329e-08	-0x1.5c00000000000p-27	-87	8589934592	normal	2
3626	b22f	b22f0000	-1.0186340659856796e-08	-0x1.5e00000000000p-27	-175	17179869184	normal	2
3627	b230	b2300000	-1.0244548320770264e-08	-0x1.6000000000000p-27	-11	1073741824	normal	4
3628	b231	b2310000	-1.0302755981683731e-08	-0x1.6200000000000p-27	-177	17179869184	normal	6
3629	b232	b2320000	-1.0360963642597198e-08	-0x1.6400000000000p-27	-89	8589934592	normal	4
3630	b233	b2330000	-1.0419171303510666e-08	-0x1.6600000000000p-27	-179	17179869184	normal	6
3631	b234	b2340000	-1.0477378964424133e-08	-0x1.6800000000000p-27	-45	4294967296	normal	1
3632	b235	b2350000	-1.05355866253376e-08	-0x1.6a00000000000p-27	-181	17179869184	normal	4
3633	b236	b2360000	-1.0593794286251068e-08	-0x1.6c00000000000p-27	-91	8589934592	normal	4
3634	b237	b2370000	-1.0652001947164536e-08	-0x1.6e00000000000p-27	-183	17179869184	normal	1
3635	b238	b2380000	-1.0710209608078003e-08	-0x1.7000000000000p-27	-23	2147483648	normal	4
3636	b239	b2390000	-1.076841726899147e-08	-0x1.7200000000000p-27	-185	17179869184	normal	3
3637	b23a	b23a0000	-1.0826624929904938e-08	-0x1.7400000000000p-27	-93	8589934592	normal	1
3638	b23b	b23b0000	-1.0884832590818405e-08	-0x1.7600000000000p-27	-187	17179869184	normal	1
3639	b23d	b23d0000	-1.100124791264534e-08	-0x1.7a00000000000p-27	-189	17179869184	normal	6
3640	b23e	b23e0000	-1.1059455573558807e-08	-0x1.7c00000000000p-27	-95	8589934592	normal	5
3641	b240	b2400000	-1.1175870895385742e-08	-0x1.8000000000000p-27	-3	268435456	normal	3
3642	b241	b2410000	-1.123407855629921e-08	-0x1.8200000000000p-27	-193	17179869184	normal	5
3643	b242	b2420000	-1.1292286217212677e-08	-0x1.8400000000000p-27	-97	8589934592	normal	1
3644	b243	b2430000	-1.1350493878126144e-08	-0x1.8600000000000p-27	-195	17179869184	normal	4
3645	b245	b2450000	-1.146690919995308e-08	-0x1.8a00000000000p-27	-197	17179869184	normal	3
3646	b247	b2470000	-1.1583324521780014e-08	-0x1.8e00000000000p-27	-199	17179869184	normal	3
3647	b248	b2480000	-1.1641532182693481e-08	-0x1.9000000000000p-27	-25	2147483648	normal	3
3648	b249	b2490000	-1.1699739843606949e-08	-0x1.9200000000000p-27	-201	17179869184	normal	1
3649	b24a	b24a0000	-1.1757947504520416e-08	-0x1.9400000000000p-27	-101	8589934592	normal	3
3650	b24b	b24b0000	-1.1816155165433884e-08	-0x1.9600000000000p-27	-203	17179869184	normal	6
3651	b24e	b24e0000	-1.1990778148174286e-08	-0x1.9c00000000000p-27	-103	8589934592	normal	2
3652	b24f	b24f0000	-1.2048985809087753e-08	-0x1.9e00000000000p-27	-207	17179869184	normal	1
3653	b250	b2500000	-1.210719347000122e-08	-0x1.a000000000000p-27	-13	1073741824	normal	4
3654	b251	b2510000	-1.2165401130914688e-08	-0x1.a200000000000p-27	-209	17179869184	normal	2
3655	b252	b2520000	-1.2223608791828156e-08	-0x1.a400000000000p-27	-105	8589934592	normal	1
3656	b253	b2530000	-1.2281816452741623e-08	-0x1.a600000000000p-27	-211	17179869184	normal	4
3657	b254	b2540000	-1.234002411365509e-08	-0x1.a800000000000p-27	-53	4294967296	normal	1
3658	b256	b2560000	-1.2456439435482025e-08	-0x1.ac00000000000p-27	-107	8589934592	normal	3
3659	b257	b2570000	-1.2514647096395493e-08	-0x1.ae00000000000p-27	-215	17179869184	normal	3
3660	b258	b2580000	-1.257285475730896e-08	-0x1.b000000000000p-27	-27	2147483648	normal	2
3661	b259	b2590000	-1.2631062418222427e-08	-0x1.b200000000000p-27	-217	17179869184	normal	1
3662	b25a	b25a0000	-1.2689270079135895e-08	-0x1.b400000000000p-27	-109	8589934592	normal	4
3663	b25b	b25b0000	-1.2747477740049362e-08	-0x1.b600000000000p-27	-219	17179869184	normal	2
3664	b25c	b25c0000	-1.280568540096283e-08	-0x1.b800000000000p-27	-55	4294967296	normal	3
3665	b25d	b25d0000	-1.2863893061876297e-08	-0x1.ba00000000000p-27	-221	17179869184	normal	6
3666	b25f	b25f0000	-1.2980308383703232e-08	-0x1.be00000000000p-27	-223	17179869184	normal	3
3667	b260	b2600000	-1.30385160446167e-08	-0x1.c000000000000p-27	-7	536870912	normal	2
3668	b262	b2620000	-1.3154931366443634e-08	-0x1.c400000000000p-27	-113	8589934592	normal	1
3669	b263	b2630000	-1.3213139027357101e-08	-0x1.c600000000000p-27	-227	17179869184	normal	3
3670	b264	b2640000	-1.3271346688270569e-08	-0x1.c800000000000p-27	-57	4294967296	normal	1
3671	b265	b2650000	-1.3329554349184036e-08	-0x1.ca00000000000p-27	-229	17179869184	normal	1
3672	b266	b2660000	-1.3387762010097504e-08	-0x1.cc00000000000p-27	-115	8589934592	normal	4
3673	b267	b2670000	-1.3445969671010971e-08	-0x1.ce00000000000p-27	-231	17179869184	normal	3
3674	b268	b2680000	-1.3504177331924438e-08	-0x1.d000000000000p-27	-29	2147483648	normal	3
3675	b269	b2690000	-1.3562384992837906e-08	-0x1.d200000000000p-27	-233	17179869184	normal	2
3676	b26a	b26a0000	-1.3620592653751373e-08	-0x1.d400000000000p-27	-117	8589934592	normal	4
3677	b26c	b26c0000	-1.3737007975578308e-08	-0x1.d800000000000p-27	-59	4294967296	normal	1
3678	b26d	b26d0000	-1.3795215636491776e-08	-0x1.da00000000000p-27	-237	17179869184	normal	5
3679	b26e	b26e0000	-1.3853423297405243e-08	-0x1.dc00000000000p-27	-119	8589934592	normal	5
3680	b26f	b26f0000	-1.391163095831871e-08	-0x1.de00000000000p-27	-239	17179869184	normal	1
3681	b270	b2700000	-1.3969838619232178e-08	-0x1.e000000000000p-27	-15	1073741824	normal	4
3682	b271	b2710000	-1.4028046280145645e-08	-0x1.e200000000000p-27	-241	17179869184	normal	4
3683	b272	b2720000	-1.4086253941059113e-08	-0x1.e400000000000p-27	-121	8589934592	normal	1
3684	b273	b2730000	-1.414446160197258e-08	-0x1.e600000000000p-27	-243	17179869184	normal	4
3685	b274	b2740000	-1.4202669262886047e-08	-0x1.e800000000000p-27	-61	4294967296	normal	1
3686	b275	b2750000	-1.4260876923799515e-08	-0x1.ea00000000000p-27	-245	17179869184	normal	1
3687	b276	b2760000	-1.4319084584712982e-08	-0x1.ec00000000000p-27	-123	8589934592	normal	4
3688	b277	b2770000	-1.437729224562645e-08	-0x1.ee00000000000p-27	-247	17179869184	normal	3
3689	b278	b2780000	-1.4435499906539917e-08	-0x1.f000000000000p-27	-31	2147483648	normal	4
3690	b279	b2790000	-1.4493707567453384e-08	-0x1.f200000000000p-27	-249	17179869184	normal	3
3691	b27a	b27a0000	-1.4551915228366852e-08	-0x1.f400000000000p-27	-125	8589934592	normal	1
3692	b27b	b27b0000	-1.461012288928032e-08	-0x1.f600000000000p-27	-251	17179869184	normal	4
3693	b27c	b27c0000	-1.4668330550193787e-08	-0x1.f800000000000p-27	-63	4294967296	normal	2
3694	b27d	b27d0000	-1.4726538211107254e-08	-0x1.fa00000000000p-27	-253	17179869184	normal	5
3695	b27e	b27e0000	-1.4784745872020721e-08	-0x1.fc00000000000p-27	-127	8589934592	normal	2
3696	b27f	b27f0000	-1.4842953532934189e-08	-0x1.fe00000000000p-27	-255	17179869184	normal	5
3697	b280	b2800000	-1.4901161193847656e-08	-0x1.0000000000000p-26	-1	67108864	normal	2
3698	b281	b2810000	-1.501757651567459e-08	-0x1.0200000000000p-26	-129	8589934592	normal	5
3699	b282	b2820000	-1.5133991837501526e-08	-0x1.0400000000000p-26	-65	4294967296	normal	4
3700	b283	b2830000	-1.525040715932846e-08	-0x1.0600000000000p-26	-131	8589934592	normal	2
3701	b284	b2840000	-1.5366822481155396e-08	-0x1.0800000000000p-26	-33	2147483648	normal	6
3702	b285	b2850000	-1.548323780298233e-08	-0x1.0a00000000000p-26	-133	8589934592	normal	4
3703	b286	b2860000	-1.5599653124809265e-08	-0x1.0c00000000000p-26	-67	4294967296	normal	5
3704	b287	b2870000	-1.57160684466362e-08	-0x1.0e00000000000p-26	-135	8589934592	normal	8
3705	b288	b2880000	-1.5832483768463135e-08	-0x1.1000000000000p-26	-17	1073741824	normal	6
3706	b289	b2890000	-1.594889909029007e-08	-0x1.1200000000000p-26	-137	8589934592	normal	4
3707	b28a	b28a0000	-1.6065314412117004e-08	-0x1.1400000000000p-26	-69	4294967296	normal	6
3708	b28b	b28b0000	-1.618172973394394e-08	-0x1.1600000000000p-26	-139	8589934592	normal	5
3709	b28c	b28c0000	-1.6298145055770874e-08	-0x1.1800000000000p-26	-35	2147483648	normal	7
3710	b28d	b28d0000	-1.641456037759781e-08	-0x1.1a00000000000p-26	-141	8589934592	normal	6
3711	b28e	b28e0000	-1.6530975699424744e-08	-0x1.1c00000000000p-26	-71	4294967296	normal	3
3712	b28f	b28f0000	-1.664739102125168e-08	-0x1.1e00000000000p-26	-143	8589934592	normal	4
3713	b290	b2900000	-1.6763806343078613e-08	-0x1.2000000000000p-26	-9	536870912	normal	6
3714	b291	b2910000	-1.6880221664905548e-08	-0x1.2200000000000p-26	-145	8589934592	normal	4
3715	b292	b2920000	-1.6996636986732483e-08	-0x1.2400000000000p-26	-73	4294967296	normal	2
3716	b293	b2930000	-1.7113052308559418e-08	-0x1.2600000000000p-26	-147	8589934592	normal	3
3717	b294	b2940000	-1.7229467630386353e-08	-0x1.2800000000000p-26	-37	2147483648	normal	6
3718	b295	b2950000	-1.7345882952213287e-08	-0x1.2a00000000000p-26	-149	8589934592	normal	2
3719	b296	b2960000	-1.7462298274040222e-08	-0x1.2c00000000000p-26	-75	4294967296	normal	3
3720	b297	b2970000	-1.7578713595867157e-08	-0x1.2e00000000000p-26	-151	8589934592	normal	9
3721	b298	b2980000	-1.7695128917694092e-08	-0x1.3000000000000p-26	-19	1073741824	normal	3
3722	b299	b2990000	-1.7811544239521027e-08	-0x1.3200000000000p-26	-153	8589934592	normal	5
3723	b29a	b29a0000	-1.792795956134796e-08	-0x1.3400000000000p-26	-77	4294967296	normal	10
3724	b29b	b29b0000	-1.8044374883174896e-08	-0x1.3600000000000p-26	-155	8589934592	normal	11
3725	b29c	b29c0000	-1.816079020500183e-08	-0x1.3800000000000p-26	-39	2147483648	normal	3
3726	b29d	b29d0000	-1.8277205526828766e-08	-0x1.3a00000000000p-26	-157	8589934592	normal	5
3727	b29e	b29e0000	-1.83936208486557e-08	-0x1.3c00000000000p-26	-79	4294967296	normal	4
3728	b29f	b29f0000	-1.8510036170482635e-08	-0x1.3e00000000000p-26	-159	8589934592	normal	4
3729	b2a0	b2a00000	-1.862645149230957e-08	-0x1.4000000000000p-26	-5	268435456	normal	6
3730	b2a1	b2a10000	-1.8742866814136505e-08	-0x1.4200000000000p-26	-161	8589934592	normal	4
3731	b2a2	b2a20000	-1.885928213596344e-08	-0x1.4400000000000p-26	-81	4294967296	normal	6
3732	b2a3	b2a30000	-1.8975697457790375e-08	-0x1.4600000000000p-26	-163	8589934592	normal	5
3733	b2a4	b2a40000	-1.909211277961731e-08	-0x1.4800000000000p-26	-41	2147483648	normal	6
3734	b2a5	b2a50000	-1.9208528101444244e-08	-0x1.4a00000000000p-26	-165	8589934592	normal	5
3735	b2a6	b2a60000	-1.932494342327118e-08	-0x1.4c00000000000p-26	-83	4294967296	normal	11
3736	b2a7	b2a70000	-1.9441358745098114e-08	-0x1.4e00000000000p-26	-167	8589934592	normal	6
3737	b2a8	b2a80000	-1.955777406692505e-08	-0x1.5000000000000p-26	-21	1073741824	normal	7
3738	b2a9	b2a90000	-1.9674189388751984e-08	-0x1.5200000000000p-26	-169	8589934592	normal	5
3739	b2aa	b2aa0000	-1.979060471057892e-08	-0x1.5400000000000p-26	-85	4294967296	normal	6
3740	b2ab	b2ab0000	-1.9907020032405853e-08	-0x1.5600000000000p-26	-171	8589934592	normal	7
3741	b2ac	b2ac0000	-2.0023435354232788e-08	-0x1.5800000000000p-26	-43	2147483648	normal	1
3742	b2ad	b2ad0000	-2.0139850676059723e-08	-0x1.5a00000000000p-26	-173	8589934592	normal	2
3743	b2ae	b2ae0000	-2.0256265997886658e-08	-0x1.5c00000000000p-26	-87	4294967296	normal	2
3744	b2af	b2af0000	-2.0372681319713593e-08	-0x1.5e00000000000p-26	-175	8589934592	normal	8
3745	b2b0	b2b00000	-2.0489096641540527e-08	-0x1.6000000000000p-26	-11	536870912	normal	4
3746	b2b1	b2b10000	-2.0605511963367462e-08	-0x1.6200000000000p-26	-177	8589934592	normal	7
3747	b2b2	b2b20000	-2.0721927285194397e-08	-0x1.6400000000000p-26	-89	4294967296	normal	3
3748	b2b3	b2b30000	-2.0838342607021332e-08	-0x1.6600000000000p-26	-179	8589934592	normal	3
3749	b2b4	b2b40000	-2.0954757928848267e-08	-0x1.6800000000000p-26	-45	2147483648	normal	3
3750	b2b5	b2b50000	-2.10711732506752e-08	-0x1.6a00000000000p-26	-181	8589934592	normal	2
3751	b2b6	b2b60000	-2.1187588572502136e-08	-0x1.6c00000000000p-26	-91	4294967296	normal	6
3752	b2b7	b2b70000	-2.130400389432907e-08	-0x1.6e00000000000p-26	-183	8589934592	normal	12
3753	b2b8	b2b80000	-2.1420419216156006e-08	-0x1.7000000000000p-26	-23	1073741824	normal	9
3754	b2b9	b2b90000	-2.153683453798294e-08	-0x1.7200000000000p-26	-185	8589934592	normal	6
3755	b2ba	b2ba0000	-2.1653249859809875e-08	-0x1.7400000000000p-26	-93	4294967296	normal	4
3756	b2bb	b2bb0000	-2.176966518163681e-08	-0x1.7600000000000p-26	-187	8589934592	normal	5
3757	b2bc	b2bc0000	-2.1886080503463745e-08	-0x1.7800000000000p-26	-47	2147483648	normal	3
3758	b2bd	b2bd0000	-2.200249582529068e-08	-0x1.7a00000000000p-26	-189	8589934592	normal	5
3759	b2be	b2be0000	-2.2118911147117615e-08	-0x1.7c00000000000p-26	-95	4294967296	normal	4
3760	b2bf	b2bf0000	-2.223532646894455e-08	-0x1.7e00000000000p-26	-191	8589934592	normal	3
3761	b2c0	b2c00000	-2.2351741790771484e-08	-0x1.8000000000000p-26	-3	134217728	normal	4
3762	b2c1	b2c10000	-2.246815711259842e-08	-0x1.8200000000000p-26	-193	8589934592	normal	7
3763	b2c2	b2c20000	-2.2584572434425354e-08	-0x1.8400000000000p-26	-97	4294967296	normal	4
3764	b2c3	b2c30000	-2.270098775625229e-08	-0x1.8600000000000p-26	-195	8589934592	normal	6
3765	b2c4	b2c40000	-2.2817403078079224e-08	-0x1.8800000000000p-26	-49	2147483648	normal	4
3766	b2c5	b2c50000	-2.293381839990616e-08	-0x1.8a00000000000p-26	-197	8589934592	normal	8
3767	b2c6	b2c60000	-2.3050233721733093e-08	-0x1.8c00000000000p-26	-99	4294967296	normal	2
3768	b2c7	b2c70000	-2.3166649043560028e-08	-0x1.8e00000000000p-26	-199	8589934592	normal	8
3769	b2c8	b2c80000	-2.3283064365386963e-08	-0x1.9000000000000p-26	-25	1073741824	normal	9
3770	b2c9	b2c90000	-2.3399479687213898e-08	-0x1.9200000000000p-26	-201	8589934592	normal	9
3771	b2ca	b2ca0000	-2.3515895009040833e-08	-0x1.9400000000000p-26	-101	4294967296	normal	2
3772	b2cb	b2cb0000	-2.3632310330867767e-08	-0x1.9600000000000p-26	-203	8589934592	normal	8
3773	b2cc	b2cc0000	-2.3748725652694702e-08	-0x1.9800000000000p-26	-51	2147483648	normal	5
3774	b2cd	b2cd0000	-2.3865140974521637e-08	-0x1.9a00000000000p-26	-205	8589934592	normal	7
3775	b2ce	b2ce0000	-2.3981556296348572e-08	-0x1.9c00000000000p-26	-103	4294967296	normal	8
3776	b2cf	b2cf0000	-2.4097971618175507e-08	-0x1.9e00000000000p-26	-207	8589934592	normal	4
3777	b2d0	b2d00000	-2.421438694000244e-08	-0x1.a000000000000p-26	-13	536870912	normal	11
3778	b2d1	b2d10000	-2.4330802261829376e-08	-0x1.a200000000000p-26	-209	8589934592	normal	10
3779	b2d2	b2d20000	-2.444721758365631e-08	-0x1.a400000000000p-26	-105	4294967296	normal	4
3780	b2d3	b2d30000	-2.4563632905483246e-08	-0x1.a600000000000p-26	-211	8589934592	normal	5
3781	b2d4	b2d40000	-2.468004822731018e-08	-0x1.a800000000000p-26	-53	2147483648	normal	8
3782	b2d5	b2d50000	-2.4796463549137115e-08	-0x1.aa00000000000p-26	-213	8589934592	normal	3
3783	b2d6	b2d60000	-2.491287887096405e-08	-0x1.ac00000000000p-26	-107	4294967296	normal	5
3784	b2d7	b2d70000	-2.5029294192790985e-08	-0x1.ae00000000000p-26	-215	8589934592	normal	2
3785	b2d8	b2d80000	-2.514570951461792e-08	-0x1.b000000000000p-26	-27	1073741824	normal	6
3786	b2d9	b2d90000	-2.5262124836444855e-08	-0x1.b200000000000p-26	-217	8589934592	normal	6
3787	b2da	b2da0000	-2.537854015827179e-08	-0x1.b400000000000p-26	-109	4294967296	normal	6
3788	b2db	b2db0000	-2.5494955480098724e-08	-0x1.b600000000000p-26	-219	8589934592	normal	3
3789	b2dc	b2dc0000	-2.561137080192566e-08	-0x1.b800000000000p-26	-55	2147483648	normal	4
3790	b2dd	b2dd0000	-2.5727786123752594e-08	-0x1.ba00000000000p-26	-221	8589934592	normal	7
3791	b2de	b2de0000	-2.584420144557953e-08	-0x1.bc00000000000p-26	-111	4294967296	normal	2
3792	b2df	b2df0000	-2.5960616767406464e-08	-0x1.be00000000000p-26	-223	8589934592	normal	9
3793	b2e0	b2e00000	-2.60770320892334e-08	-0x1.c000000000000p-26	-7	268435456	normal	8
3794	b2e2	b2e20000	-2.6309862732887268e-08	-0x1.c400000000000p-26	-113	4294967296	normal	8
3795	b2e3	b2e30000	-2.6426278054714203e-08	-0x1.c600000000000p-26	-227	8589934592	normal	8
3796	b2e4	b2e40000	-2.6542693376541138e-08	-0x1.c800000000000p-26	-57	2147483648	normal	3
3797	b2e5	b2e50000	-2.6659108698368073e-08	-0x1.ca00000000000p-26	-229	8589934592	normal	13
3798	b2e6	b2e60000	-2.6775524020195007e-08	-0x1.cc00000000000p-26	-115	4294967296	normal	3
3799	b2e7	b2e70000	-2.6891939342021942e-08	-0x1.ce00000000000p-26	-231	8589934592	normal	3
3800	b2e8	b2e80000	-2.7008354663848877e-08	-0x1.d000000000000p-26	-29	1073741824	normal	5
3801	b2e9	b2e90000	-2.7124769985675812e-08	-0x1.d200000000000p-26	-233	8589934592	normal	5
3802	b2ea	b2ea0000	-2.7241185307502747e-08	-0x1.d400000000000p-26	-117	4294967296	normal	7
3803	b2eb	b2eb0000	-2.735760062932968e-08	-0x1.d600000000000p-26	-235	8589934592	normal	8
3804	b2ec	b2ec0000	-2.7474015951156616e-08	-0x1.d800000000000p-26	-59	2147483648	normal	3
3805	b2ed	b2ed0000	-2.759043127298355e-08	-0x1.da00000000000p-26	-237	8589934592	normal	4
3806	b2ee	b2ee0000	-2.7706846594810486e-08	-0x1.dc00000000000p-26	-119	4294967296	normal	11
3807	b2ef	b2ef0000	-2.782326191663742e-08	-0x1.de00000000000p-26	-239	8589934592	normal	1
3808	b2f0	b2f00000	-2.7939677238464355e-08	-0x1.e000000000000p-26	-15	536870912	normal	9
3809	b2f1	b2f10000	-2.805609256029129e-08	-0x1.e200000000000p-26	-241	8589934592	normal	4
3810	b2f2	b2f20000	-2.8172507882118225e-08	-0x1.e400000000000p-26	-121	4294967296	normal	4
3811	b2f3	b2f30000	-2.828892320394516e-08	-0x1.e600000000000p-26	-243	8589934592	normal	2
3812	b2f4	b2f40000	-2.8405338525772095e-08	-0x1.e800000000000p-26	-61	2147483648	normal	3
3813	b2f5	b2f50000	-2.852175384759903e-08	-0x1.ea00000000000p-26	-245	8589934592	normal	3
3814	b2f6	b2f60000	-2.8638169169425964e-08	-0x1.ec00000000000p-26	-123	4294967296	normal	6
3815	b2f7	b2f70000	-2.87545844912529e-08	-0x1.ee00000000000p-26	-247	8589934592	normal	2
3816	b2f8	b2f80000	-2.8870999813079834e-08	-0x1.f000000000000p-26	-31	1073741824	normal	5
3817	b2f9	b2f90000	-2.898741513490677e-08	-0x1.f200000000000p-26	-249	8589934592	normal	4
3818	b2fa	b2fa0000	-2.9103830456733704e-08	-0x1.f400000000000p-26	-125	4294967296	normal	6
3819	b2fb	b2fb0000	-2.922024577856064e-08	-0x1.f600000000000p-26	-251	8589934592	normal	3
3820	b2fc	b2fc0000	-2.9336661100387573e-08	-0x1.f800000000000p-26	-63	2147483648	normal	2
3821	b2fd	b2fd0000	-2.9453076422214508e-08	-0x1.fa00000000000p-26	-253	8589934592	normal	11
3822	b2fe	b2fe0000	-2.9569491744041443e-08	-0x1.fc00000000000p-26	-127	4294967296	normal	3
3823	b2ff	b2ff0000	-2.9685907065868378e-08	-0x1.fe00000000000p-26	-255	8589934592	normal	11
3824	b300	b3000000	-2.9802322387695312e-08	-0x1.0000000000000p-25	-1	33554432	normal	9
3825	b301	b3010000	-3.003515303134918e-08	-0x1.0200000000000p-25	-129	4294967296	normal	16
3826	b302	b3020000	-3.026798367500305e-08	-0x1.0400000000000p-25	-65	2147483648	normal	10
3827	b303	b3030000	-3.050081431865692e-08	-0x1.0600000000000p-25	-131	4294967296	normal	9
3828	b304	b3040000	-3.073364496231079e-08	-0x1.0800000000000p-25	-33	1073741824	normal	11
3829	b305	b3050000	-3.096647560596466e-08	-0x1.0a00000000000p-25	-133	4294967296	normal	13
3830	b306	b3060000	-3.119930624961853e-08	-0x1.0c00000000000p-25	-67	2147483648	normal	12
3831	b307	b3070000	-3.14321368932724e-08	-0x1.0e00000000000p-25	-135	4294967296	normal	17
3832	b308	b3080000	-3.166496753692627e-08	-0x1.1000000000000p-25	-17	536870912	normal	11
3833	b309	b3090000	-3.189779818058014e-08	-0x1.1200000000000p-25	-137	4294967296	normal	9
3834	b30a	b30a0000	-3.213062882423401e-08	-0x1.1400000000000p-25	-69	2147483648	normal	11
3835	b30b	b30b0000	-3.236345946788788e-08	-0x1.1600000000000p-25	-139	4294967296	normal	17
3836	b30c	b30c0000	-3.259629011154175e-08	-0x1.1800000000000p-25	-35	1073741824	normal	16
3837	b30d	b30d0000	-3.282912075519562e-08	-0x1.1a00000000000p-25	-141	4294967296	normal	17
3838	b30e	b30e0000	-3.306195139884949e-08	-0x1.1c00000000000p-25	-71	2147483648	normal	8
3839	b30f	b30f0000	-3.329478204250336e-08	-0x1.1e00000000000p-25	-143	4294967296	normal	11
3840	b310	b3100000	-3.3527612686157227e-08	-0x1.2000000000000p-25	-9	268435456	normal	17
3841	b311	b3110000	-3.3760443329811096e-08	-0x1.2200000000000p-25	-145	4294967296	normal	8
3842	b312	b3120000	-3.3993273973464966e-08	-0x1.2400000000000p-25	-73	2147483648	normal	6
3843	b313	b3130000	-3.4226104617118835e-08	-0x1.2600000000000p-25	-147	4294967296	normal	11
3844	b314	b3140000	-3.4458935260772705e-08	-0x1.2800000000000p-25	-37	1073741824	normal	15
3845	b315	b3150000	-3.4691765904426575e-08	-0x1.2a00000000000p-25	-149	4294967296	normal	9
3846	b316	b3160000	-3.4924596548080444e-08	-0x1.2c00000000000p-25	-75	2147483648	normal	13
3847	b317	b3170000	-3.5157427191734314e-08	-0x1.2e00000000000p-25	-151	4294967296	normal	9
3848	b318	b3180000	-3.5390257835388184e-08	-0x1.3000000000000p-25	-19	536870912	normal	6
3849	b319	b3190000	-3.562308847904205e-08	-0x1.3200000000000p-25	-153	4294967296	normal	11
3850	b31a	b31a0000	-3.585591912269592e-08	-0x1.3400000000000p-25	-77	2147483648	normal	16
3851	b31b	b31b0000	-3.608874976634979e-08	-0x1.3600000000000p-25	-155	4294967296	normal	6
3852	b31c	b31c0000	-3.632158041000366e-08	-0x1.3800000000000p-25	-39	1073741824	normal	5
3853	b31d	b31d0000	-3.655441105365753e-08	-0x1.3a00000000000p-25	-157	4294967296	normal	17
3854	b31e	b31e0000	-3.67872416973114e-08	-0x1.3c00000000000p-25	-79	2147483648	normal	10
3855	b31f	b31f0000	-3.702007234096527e-08	-0x1.3e00000000000p-25	-159	4294967296	normal	9
3856	b320	b3200000	-3.725290298461914e-08	-0x1.4000000000000p-25	-5	134217728	normal	10
3857	b321	b3210000	-3.748573362827301e-08	-0x1.4200000000000p-25	-161	4294967296	normal	8
3858	b322	b3220000	-3.771856427192688e-08	-0x1.4400000000000p-25	-81	2147483648	normal	15
3859	b323	b3230000	-3.795139491558075e-08	-0x1.4600000000000p-25	-163	4294967296	normal	7
3860	b324	b3240000	-3.818422555923462e-08	-0x1.4800000000000p-25	-41	1073741824	normal	8
3861	b325	b3250000	-3.841705620288849e-08	-0x1.4a00000000000p-25	-165	4294967296	normal	12
3862	b326	b3260000	-3.864988684654236e-08	-0x1.4c00000000000p-25	-83	2147483648	normal	8
3863	b327	b3270000	-3.888271749019623e-08	-0x1.4e00000000000p-25	-167	4294967296	normal	10
3864	b328	b3280000	-3.91155481338501e-08	-0x1.5000000000000p-25	-21	536870912	normal	19
3865	b329	b3290000	-3.934837877750397e-08	-0x1.5200000000000p-25	-169	4294967296	normal	10
3866	b32a	b32a0000	-3.958120942115784e-08	-0x1.5400000000000p-25	-85	2147483648	normal	8
3867	b32b	b32b0000	-3.9814040064811707e-08	-0x1.5600000000000p-25	-171	4294967296	normal	13
3868	b32c	b32c0000	-4.0046870708465576e-08	-0x1.5800000000000p-25	-43	1073741824	normal	15
3869	b32d	b32d0000	-4.0279701352119446e-08	-0x1.5a00000000000p-25	-173	4294967296	normal	9
3870	b32e	b32e0000	-4.0512531995773315e-08	-0x1.5c00000000000p-25	-87	2147483648	normal	7
3871	b32f	b32f0000	-4.0745362639427185e-08	-0x1.5e00000000000p-25	-175	4294967296	normal	14
3872	b330	b3300000	-4.0978193283081055e-08	-0x1.6000000000000p-25	-11	268435456	normal	11
3873	b331	b3310000	-4.1211023926734924e-08	-0x1.6200000000000p-25	-177	4294967296	normal	8
3874	b332	b3320000	-4.1443854570388794e-08	-0x1.6400000000000p-25	-89	2147483648	normal	14
3875	b333	b3330000	-4.1676685214042664e-08	-0x1.6600000000000p-25	-179	4294967296	normal	10
3876	b334	b3340000	-4.190951585769653e-08	-0x1.6800000000000p-25	-45	1073741824	normal	6
3877	b335	b3350000	-4.21423465013504e-08	-0x1.6a00000000000p-25	-181	4294967296	normal	13
3878	b336	b3360000	-4.237517714500427e-08	-0x1.6c00000000000p-25	-91	2147483648	normal	9
3879	b337	b3370000	-4.260800778865814e-08	-0x1.6e00000000000p-25	-183	4294967296	normal	9
3880	b338	b3380000	-4.284083843231201e-08	-0x1.7000000000000p-25	-23	536870912	normal	13
3881	b339	b3390000	-4.307366907596588e-08	-0x1.7200000000000p-25	-185	4294967296	normal	8
3882	b33a	b33a0000	-4.330649971961975e-08	-0x1.7400000000000p-25	-93	2147483648	normal	14
3883	b33b	b33b0000	-4.353933036327362e-08	-0x1.7600000000000p-25	-187	4294967296	normal	8
3884	b33c	b33c0000	-4.377216100692749e-08	-0x1.7800000000000p-25	-47	1073741824	normal	10
3885	b33d	b33d0000	-4.400499165058136e-08	-0x1.7a00000000000p-25	-189	4294967296	normal	13
3886	b33e	b33e0000	-4.423782229423523e-08	-0x1.7c00000000000p-25	-95	2147483648	normal	13
3887	b33f	b33f0000	-4.44706529378891e-08	-0x1.7e00000000000p-25	-191	4294967296	normal	7
3888	b340	b3400000	-4.470348358154297e-08	-0x1.8000000000000p-25	-3	67108864	normal	16
3889	b341	b3410000	-4.493631422519684e-08	-0x1.8200000000000p-25	-193	4294967296	normal	14
3890	b342	b3420000	-4.516914486885071e-08	-0x1.8400000000000p-25	-97	2147483648	normal	4
3891	b343	b3430000	-4.540197551250458e-08	-0x1.8600000000000p-25	-195	4294967296	normal	12
3892	b344	b3440000	-4.563480615615845e-08	-0x1.8800000000000p-25	-49	1073741824	normal	7
3893	b345	b3450000	-4.586763679981232e-08	-0x1.8a00000000000p-25	-197	4294967296	normal	17
3894	b346	b3460000	-4.6100467443466187e-08	-0x1.8c00000000000p-25	-99	2147483648	normal	6
3895	b347	b3470000	-4.6333298087120056e-08	-0x1.8e00000000000p-25	-199	4294967296	normal	7
3896	b348	b3480000	-4.6566128730773926e-08	-0x1.9000000000000p-25	-25	536870912	normal	18
3897	b349	b3490000	-4.6798959374427795e-08	-0x1.9200000000000p-25	-201	4294967296	normal	7
3898	b34a	b34a0000	-4.7031790018081665e-08	-0x1.9400000000000p-25	-101	2147483648	normal	14
3899	b34b	b34b0000	-4.7264620661735535e-08	-0x1.9600000000000p-25	-203	4294967296	normal	14
3900	b34c	b34c0000	-4.7497451305389404e-08	-0x1.9800000000000p-25	-51	1073741824	normal	9
3901	b34d	b34d0000	-4.7730281949043274e-08	-0x1.9a00000000000p-25	-205	4294967296	normal	10
3902	b34e	b34e0000	-4.7963112592697144e-08	-0x1.9c00000000000p-25	-103	2147483648	normal	13
3903	b34f	b34f0000	-4.819594323635101e-08	-0x1.9e00000000000p-25	-207	4294967296	normal	3
3904	b350	b3500000	-4.842877388000488e-08	-0x1.a000000000000p-25	-13	268435456	normal	18
3905	b351	b3510000	-4.866160452365875e-08	-0x1.a200000000000p-25	-209	4294967296	normal	13
3906	b352	b3520000	-4.889443516731262e-08	-0x1.a400000000000p-25	-105	2147483648	normal	3
3907	b353	b3530000	-4.912726581096649e-08	-0x1.a600000000000p-25	-211	4294967296	normal	11
3908	b354	b3540000	-4.936009645462036e-08	-0x1.a800000000000p-25	-53	1073741824	normal	14
3909	b355	b3550000	-4.959292709827423e-08	-0x1.aa00000000000p-25	-213	4294967296	normal	7
3910	b356	b3560000	-4.98257577419281e-08	-0x1.ac00000000000p-25	-107	2147483648	normal	11
3911	b357	b3570000	-5.005858838558197e-08	-0x1.ae00000000000p-25	-215	4294967296	normal	11
3912	b358	b3580000	-5.029141902923584e-08	-0x1.b000000000000p-25	-27	536870912	normal	9
3913	b359	b3590000	-5.052424967288971e-08	-0x1.b200000000000p-25	-217	4294967296	normal	5
3914	b35a	b35a0000	-5.075708031654358e-08	-0x1.b400000000000p-25	-109	2147483648	normal	15
3915	b35b	b35b0000	-5.098991096019745e-08	-0x1.b600000000000p-25	-219	4294967296	normal	3
3916	b35c	b35c0000	-5.122274160385132e-08	-0x1.b800000000000p-25	-55	1073741824	normal	13
3917	b35d	b35d0000	-5.145557224750519e-08	-0x1.ba00000000000p-25	-221	4294967296	normal	13
3918	b35e	b35e0000	-5.168840289115906e-08	-0x1.bc00000000000p-25	-111	2147483648	normal	6
3919	b35f	b35f0000	-5.192123353481293e-08	-0x1.be00000000000p-25	-223	4294967296	normal	10
3920	b360	b3600000	-5.21540641784668e-08	-0x1.c000000000000p-25	-7	134217728	normal	13
3921	b361	b3610000	-5.2386894822120667e-08	-0x1.c200000000000p-25	-225	4294967296	normal	9
3922	b362	b3620000	-5.2619725465774536e-08	-0x1.c400000000000p-25	-113	2147483648	normal	20
3923	b363	b3630000	-5.2852556109428406e-08	-0x1.c600000000000p-25	-227	4294967296	normal	12
3924	b364	b3640000	-5.3085386753082275e-08	-0x1.c800000000000p-25	-57	1073741824	normal	2
3925	b365	b3650000	-5.3318217396736145e-08	-0x1.ca00000000000p-25	-229	4294967296	normal	17
3926	b366	b3660000	-5.3551048040390015e-08	-0x1.cc00000000000p-25	-115	2147483648	normal	13
3927	b367	b3670000	-5.3783878684043884e-08	-0x1.ce00000000000p-25	-231	4294967296	normal	6
3928	b368	b3680000	-5.4016709327697754e-08	-0x1.d000000000000p-25	-29	536870912	normal	13
3929	b369	b3690000	-5.4249539971351624e-08	-0x1.d200000000000p-25	-233	4294967296	normal	18
3930	b36a	b36a0000	-5.448237061500549e-08	-0x1.d400000000000p-25	-117	2147483648	normal	10
3931	b36b	b36b0000	-5.471520125865936e-08	-0x1.d600000000000p-25	-235	4294967296	normal	11
3932	b36c	b36c0000	-5.494803190231323e-08	-0x1.d800000000000p-25	-59	1073741824	normal	7
3933	b36d	b36d0000	-5.51808625459671e-08	-0x1.da00000000000p-25	-237	4294967296	normal	13
3934	b36e	b36e0000	-5.541369318962097e-08	-0x1.dc00000000000p-25	-119	2147483648	normal	12
3935	b36f	b36f0000	-5.564652383327484e-08	-0x1.de00000000000p-25	-239	4294967296	normal	6
3936	b370	b3700000	-5.587935447692871e-08	-0x1.e000000000000p-25	-15	268435456	normal	15
3937	b371	b3710000	-5.611218512058258e-08	-0x1.e200000000000p-25	-241	4294967296	normal	11
3938	b372	b3720000	-5.634501576423645e-08	-0x1.e400000000000p-25	-121	2147483648	normal	8
3939	b373	b3730000	-5.657784640789032e-08	-0x1.e600000000000p-25	-243	4294967296	normal	14
3940	b374	b3740000	-5.681067705154419e-08	-0x1.e800000000000p-25	-61	1073741824	normal	9
3941	b375	b3750000	-5.704350769519806e-08	-0x1.ea00000000000p-25	-245	4294967296	normal	14
3942	b376	b3760000	-5.727633833885193e-08	-0x1.ec00000000000p-25	-123	2147483648	normal	20
3943	b377	b3770000	-5.75091689825058e-08	-0x1.ee00000000000p-25	-247	4294967296	normal	5
3944	b378	b3780000	-5.774199962615967e-08	-0x1.f000000000000p-25	-31	536870912	normal	18
3945	b379	b3790000	-5.797483026981354e-08	-0x1.f200000000000p-25	-249	4294967296	normal	14
3946	b37a	b37a0000	-5.820766091346741e-08	-0x1.f400000000000p-25	-125	2147483648	normal	2
3947	b37b	b37b0000	-5.844049155712128e-08	-0x1.f600000000000p-25	-251	4294967296	normal	14
3948	b37c	b37c0000	-5.8673322200775146e-08	-0x1.f800000000000p-25	-63	1073741824	normal	4
3949	b37d	b37d0000	-5.8906152844429016e-08	-0x1.fa00000000000p-25	-253	4294967296	normal	18
3950	b37e	b37e0000	-5.9138983488082886e-08	-0x1.fc00000000000p-25	-127	2147483648	normal	6
3951	b37f	b37f0000	-5.9371814131736755e-08	-0x1.fe00000000000p-25	-255	4294967296	normal	6
3952	b380	b3800000	-5.960464477539063e-08	-0x1.0000000000000p-24	-1	16777216	normal	15
3953	b381	b3810000	-6.007030606269836e-08	-0x1.0200000000000p-24	-129	2147483648	normal	29
3954	b382	b3820000	-6.05359673500061e-08	-0x1.0400000000000p-24	-65	1073741824	normal	17
3955	b383	b3830000	-6.100162863731384e-08	-0x1.0600000000000p-24	-131	2147483648	normal	24
3956	b384	b3840000	-6.146728992462158e-08	-0x1.0800000000000p-24	-33	536870912	normal	26
3957	b385	b3850000	-6.193295121192932e-08	-0x1.0a00000000000p-24	-133	2147483648	normal	21
3958	b386	b3860000	-6.239861249923706e-08	-0x1.0c00000000000p-24	-67	1073741824	normal	24
3959	b387	b3870000	-6.28642737865448e-08	-0x1.0e00000000000p-24	-135	2147483648	normal	25
3960	b388	b3880000	-6.332993507385254e-08	-0x1.1000000000000p-24	-17	268435456	normal	28
3961	b389	b3890000	-6.379559636116028e-08	-0x1.1200000000000p-24	-137	2147483648	normal	21
3962	b38a	b38a0000	-6.426125764846802e-08	-0x1.1400000000000p-24	-69	1073741824	normal	38
3963	b38b	b38b0000	-6.472691893577576e-08	-0x1.1600000000000p-24	-139	2147483648	normal	16
3964	b38c	b38c0000	-6.51925802230835e-08	-0x1.1800000000000p-24	-35	536870912	normal	23
3965	b38d	b38d0000	-6.565824151039124e-08	-0x1.1a00000000000p-24	-141	2147483648	normal	22
3966	b38e	b38e0000	-6.612390279769897e-08	-0x1.1c00000000000p-24	-71	1073741824	normal	18
3967	b38f	b38f0000	-6.658956408500671e-08	-0x1.1e00000000000p-24	-143	2147483648	normal	17
3968	b390	b3900000	-6.705522537231445e-08	-0x1.2000000000000p-24	-9	134217728	normal	18
3969	b391	b3910000	-6.752088665962219e-08	-0x1.2200000000000p-24	-145	2147483648	normal	23
3970	b392	b3920000	-6.798654794692993e-08	-0x1.2400000000000p-24	-73	1073741824	normal	20
3971	b393	b3930000	-6.845220923423767e-08	-0x1.2600000000000p-24	-147	2147483648	normal	21
3972	b394	b3940000	-6.891787052154541e-08	-0x1.2800000000000p-24	-37	536870912	normal	22
3973	b395	b3950000	-6.938353180885315e-08	-0x1.2a00000000000p-24	-149	2147483648	normal	26
3974	b396	b3960000	-6.984919309616089e-08	-0x1.2c00000000000p-24	-75	1073741824	normal	17
3975	b397	b3970000	-7.031485438346863e-08	-0x1.2e00000000000p-24	-151	2147483648	normal	33
3976	b398	b3980000	-7.078051567077637e-08	-0x1.3000000000000p-24	-19	268435456	normal	27
3977	b399	b3990000	-7.12461769580841e-08	-0x1.3200000000000p-24	-153	2147483648	normal	9
3978	b39a	b39a0000	-7.171183824539185e-08	-0x1.3400000000000p-24	-77	1073741824	normal	26
3979	b39b	b39b0000	-7.217749953269958e-08	-0x1.3600000000000p-24	-155	2147483648	normal	24
3980	b39c	b39c0000	-7.264316082000732e-08	-0x1.3800000000000p-24	-39	536870912	normal	15
3981	b39d	b39d0000	-7.310882210731506e-08	-0x1.3a00000000000p-24	-157	2147483648	normal	32
3982	b39e	b39e0000	-7.35744833946228e-08	-0x1.3c00000000000p-24	-79	1073741824	normal	23
3983	b39f	b39f0000	-7.404014468193054e-08	-0x1.3e00000000000p-24	-159	2147483648	normal	25
3984	b3a0	b3a00000	-7.450580596923828e-08	-0x1.4000000000000p-24	-5	67108864	normal	26
3985	b3a1	b3a10000	-7.497146725654602e-08	-0x1.4200000000000p-24	-161	2147483648	normal	37
3986	b3a2	b3a20000	-7.543712854385376e-08	-0x1.4400000000000p-24	-81	1073741824	normal	32
3987	b3a3	b3a30000	-7.59027898311615e-08	-0x1.4600000000000p-24	-163	2147483648	normal	16
3988	b3a4	b3a40000	-7.636845111846924e-08	-0x1.4800000000000p-24	-41	536870912	normal	30
3989	b3a5	b3a50000	-7.683411240577698e-08	-0x1.4a00000000000p-24	-165	2147483648	normal	23
3990	b3a6	b3a60000	-7.729977369308472e-08	-0x1.4c00000000000p-24	-83	1073741824	normal	18
3991	b3a7	b3a70000	-7.776543498039246e-08	-0x1.4e00000000000p-24	-167	2147483648	normal	19
3992	b3a8	b3a80000	-7.82310962677002e-08	-0x1.5000000000000p-24	-21	268435456	normal	21
3993	b3a9	b3a90000	-7.869675755500793e-08	-0x1.5200000000000p-24	-169	2147483648	normal	23
3994	b3aa	b3aa0000	-7.916241884231567e-08	-0x1.5400000000000p-24	-85	1073741824	normal	18
3995	b3ab	b3ab0000	-7.962808012962341e-08	-0x1.5600000000000p-24	-171	2147483648	normal	21
3996	b3ac	b3ac0000	-8.009374141693115e-08	-0x1.5800000000000p-24	-43	536870912	normal	21
3997	b3ad	b3ad0000	-8.055940270423889e-08	-0x1.5a00000000000p-24	-173	2147483648	normal	20
3998	b3ae	b3ae0000	-8.102506399154663e-08	-0x1.5c00000000000p-24	-87	1073741824	normal	22
3999	b3af	b3af0000	-8.149072527885437e-08	-0x1.5e00000000000p-24	-175	2147483648	normal	35
4000	b3b0	b3b00000	-8.195638656616211e-08	-0x1.6000000000000p-24	-11	134217728	normal	22
4001	b3b1	b3b10000	-8.242204785346985e-08	-0x1.6200000000000p-24	-177	2147483648	normal	14
4002	b3b2	b3b20000	-8.288770914077759e-08	-0x1.6400000000000p-24	-89	1073741824	normal	28
4003	b3b3	b3b30000	-8.335337042808533e-08	-0x1.6600000000000p-24	-179	2147483648	normal	15
4004	b3b4	b3b40000	-8.381903171539307e-08	-0x1.6800000000000p-24	-45	536870912	normal	22
4005	b3b5	b3b50000	-8.42846930027008e-08	-0x1.6a00000000000p-24	-181	2147483648	normal	27
4006	b3b6	b3b60000	-8.475035429000854e-08	-0x1.6c00000000000p-24	-91	1073741824	normal	17
4007	b3b7	b3b70000	-8.521601557731628e-08	-0x1.6e00000000000p-24	-183	2147483648	normal	26
4008	b3b8	b3b80000	-8.568167686462402e-08	-0x1.7000000000000p-24	-23	268435456	normal	33
4009	b3b9	b3b90000	-8.614733815193176e-08	-0x1.7200000000000p-24	-185	2147483648	normal	23
4010	b3ba	b3ba0000	-8.66129994392395e-08	-0x1.7400000000000p-24	-93	1073741824	normal	25
4011	b3bb	b3bb0000	-8.707866072654724e-08	-0x1.7600000000000p-24	-187	2147483648	normal	26
4012	b3bc	b3bc0000	-8.754432201385498e-08	-0x1.7800000000000p-24	-47	536870912	normal	20
4013	b3bd	b3bd0000	-8.800998330116272e-08	-0x1.7a00000000000p-24	-189	2147483648	normal	18
4014	b3be	b3be0000	-8.847564458847046e-08	-0x1.7c00000000000p-24	-95	1073741824	normal	26
4015	b3bf	b3bf0000	-8.89413058757782e-08	-0x1.7e00000000000p-24	-191	2147483648	normal	13
4016	b3c0	b3c00000	-8.940696716308594e-08	-0x1.8000000000000p-24	-3	33554432	normal	28
4017	b3c1	b3c10000	-8.987262845039368e-08	-0x1.8200000000000p-24	-193	2147483648	normal	23
4018	b3c2	b3c20000	-9.033828973770142e-08	-0x1.8400000000000p-24	-97	1073741824	normal	12
4019	b3c3	b3c30000	-9.080395102500916e-08	-0x1.8600000000000p-24	-195	2147483648	normal	25
4020	b3c4	b3c40000	-9.12696123123169e-08	-0x1.8800000000000p-24	-49	536870912	normal	20
4021	b3c5	b3c50000	-9.173527359962463e-08	-0x1.8a00000000000p-24	-197	2147483648	normal	36
4022	b3c6	b3c60000	-9.220093488693237e-08	-0x1.8c00000000000p-24	-99	1073741824	normal	19
4023	b3c7	b3c70000	-9.266659617424011e-08	-0x1.8e00000000000p-24	-199	2147483648	normal	43
4024	b3c8	b3c80000	-9.313225746154785e-08	-0x1.9000000000000p-24	-25	268435456	normal	27
4025	b3c9	b3c90000	-9.359791874885559e-08	-0x1.9200000000000p-24	-201	2147483648	normal	9
4026	b3ca	b3ca0000	-9.406358003616333e-08	-0x1.9400000000000p-24	-101	1073741824	normal	30
4027	b3cb	b3cb0000	-9.452924132347107e-08	-0x1.9600000000000p-24	-203	2147483648	normal	25
4028	b3cc	b3cc0000	-9.499490261077881e-08	-0x1.9800000000000p-24	-51	536870912	normal	12
4029	b3cd	b3cd0000	-9.546056389808655e-08	-0x1.9a00000000000p-24	-205	2147483648	normal	24
4030	b3ce	b3ce0000	-9.592622518539429e-08	-0x1.9c00000000000p-24	-103	1073741824	normal	31
4031	b3cf	b3cf0000	-9.639188647270203e-08	-0x1.9e00000000000p-24	-207	2147483648	normal	17
4032	b3d0	b3d00000	-9.685754776000977e-08	-0x1.a000000000000p-24	-13	134217728	normal	30
4033	b3d1	b3d10000	-9.73232090473175e-08	-0x1.a200000000000p-24	-209	2147483648	normal	33
4034	b3d2	b3d20000	-9.778887033462524e-08	-0x1.a400000000000p-24	-105	1073741824	normal	11
4035	b3d3	b3d30000	-9.825453162193298e-08	-0x1.a600000000000p-24	-211	2147483648	normal	29
4036	b3d4	b3d40000	-9.872019290924072e-08	-0x1.a800000000000p-24	-53	536870912	normal	36
4037	b3d5	b3d50000	-9.918585419654846e-08	-0x1.aa00000000000p-24	-213	2147483648	normal	18
4038	b3d6	b3d60000	-9.96515154838562e-08	-0x1.ac00000000000p-24	-107	1073741824	normal	26
4039	b3d7	b3d70000	-1.0011717677116394e-07	-0x1.ae00000000000p-24	-215	2147483648	normal	23
4040	b3d8	b3d80000	-1.0058283805847168e-07	-0x1.b000000000000p-24	-27	268435456	normal	13
4041	b3d9	b3d90000	-1.0104849934577942e-07	-0x1.b200000000000p-24	-217	2147483648	normal	25
4042	b3da	b3da0000	-1.0151416063308716e-07	-0x1.b400000000000p-24	-109	1073741824	normal	20
4043	b3db	b3db0000	-1.019798219203949e-07	-0x1.b600000000000p-24	-219	2147483648	normal	16
4044	b3dc	b3dc0000	-1.0244548320770264e-07	-0x1.b800000000000p-24	-55	536870912	normal	41
4045	b3dd	b3dd0000	-1.0291114449501038e-07	-0x1.ba00000000000p-24	-221	2147483648	normal	27
4046	b3de	b3de0000	-1.0337680578231812e-07	-0x1.bc00000000000p-24	-111	1073741824	normal	19
4047	b3df	b3df0000	-1.0384246706962585e-07	-0x1.be00000000000p-24	-223	2147483648	normal	30
4048	b3e0	b3e00000	-1.043081283569336e-07	-0x1.c000000000000p-24	-7	67108864	normal	31
4049	b3e1	b3e10000	-1.0477378964424133e-07	-0x1.c200000000000p-24	-225	2147483648	normal	16
4050	b3e2	b3e20000	-1.0523945093154907e-07	-0x1.c400000000000p-24	-113	1073741824	normal	29
4051	b3e3	b3e30000	-1.0570511221885681e-07	-0x1.c600000000000p-24	-227	2147483648	normal	16
4052	b3e4	b3e40000	-1.0617077350616455e-07	-0x1.c800000000000p-24	-57	536870912	normal	19
4053	b3e5	b3e50000	-1.0663643479347229e-07	-0x1.ca00000000000p-24	-229	2147483648	normal	19
4054	b3e6	b3e60000	-1.0710209608078003e-07	-0x1.cc00000000000p-24	-115	1073741824	normal	31
4055	b3e7	b3e70000	-1.0756775736808777e-07	-0x1.ce00000000000p-24	-231	2147483648	normal	9
4056	b3e8	b3e80000	-1.0803341865539551e-07	-0x1.d000000000000p-24	-29	268435456	normal	37
4057	b3e9	b3e90000	-1.0849907994270325e-07	-0x1.d200000000000p-24	-233	2147483648	normal	28
4058	b3ea	b3ea0000	-1.0896474123001099e-07	-0x1.d400000000000p-24	-117	1073741824	normal	30
4059	b3eb	b3eb0000	-1.0943040251731873e-07	-0x1.d600000000000p-24	-235	2147483648	normal	24
4060	b3ec	b3ec0000	-1.0989606380462646e-07	-0x1.d800000000000p-24	-59	536870912	normal	10
4061	b3ed	b3ed0000	-1.103617250919342e-07	-0x1.da00000000000p-24	-237	2147483648	normal	30
4062	b3ee	b3ee0000	-1.1082738637924194e-07	-0x1.dc00000000000p-24	-119	1073741824	normal	29
4063	b3ef	b3ef0000	-1.1129304766654968e-07	-0x1.de00000000000p-24	-239	2147483648	normal	13
4064	b3f0	b3f00000	-1.1175870895385742e-07	-0x1.e000000000000p-24	-15	134217728	normal	22
4065	b3f1	b3f10000	-1.1222437024116516e-07	-0x1.e200000000000p-24	-241	2147483648	normal	23
4066	b3f2	b3f20000	-1.126900315284729e-07	-0x1.e400000000000p-24	-121	1073741824	normal	13
4067	b3f3	b3f30000	-1.1315569281578064e-07	-0x1.e600000000000p-24	-243	2147483648	normal	28
4068	b3f4	b3f40000	-1.1362135410308838e-07	-0x1.e800000000000p-24	-61	536870912	normal	13
4069	b3f5	b3f50000	-1.1408701539039612e-07	-0x1.ea00000000000p-24	-245	2147483648	normal	20
4070	b3f6	b3f60000	-1.1455267667770386e-07	-0x1.ec00000000000p-24	-123	1073741824	normal	29
4071	b3f7	b3f70000	-1.150183379650116e-07	-0x1.ee00000000000p-24	-247	2147483648	normal	13
4072	b3f8	b3f80000	-1.1548399925231934e-07	-0x1.f000000000000p-24	-31	268435456	normal	22
4073	b3f9	b3f90000	-1.1594966053962708e-07	-0x1.f200000000000p-24	-249	2147483648	normal	33
4074	b3fa	b3fa0000	-1.1641532182693481e-07	-0x1.f400000000000p-24	-125	1073741824	normal	15
4075	b3fb	b3fb0000	-1.1688098311424255e-07	-0x1.f600000000000p-24	-251	2147483648	normal	26
4076	b3fc	b3fc0000	-1.1734664440155029e-07	-0x1.f800000000000p-24	-63	536870912	normal	10
4077	b3fd	b3fd0000	-1.1781230568885803e-07	-0x1.fa00000000000p-24	-253	2147483648	normal	50
4078	b3fe	b3fe0000	-1.1827796697616577e-07	-0x1.fc00000000000p-24	-127	1073741824	normal	18
4079	b3ff	b3ff0000	-1.1874362826347351e-07	-0x1.fe00000000000p-24	-255	2147483648	normal	15
4080	b400	b4000000	-1.1920928955078125e-07	-0x1.0000000000000p-23	-1	8388608	normal	29
4081	b401	b4010000	-1.2014061212539673e-07	-0x1.0200000000000p-23	-129	1073741824	normal	52
4082	b402	b4020000	-1.210719347000122e-07	-0x1.0400000000000p-23	-65	536870912	normal	40
4083	b403	b4030000	-1.2200325727462769e-07	-0x1.0600000000000p-23	-131	1073741824	normal	39
4084	b404	b4040000	-1.2293457984924316e-07	-0x1.0800000000000p-23	-33	268435456	normal	61
4085	b405	b4050000	-1.2386590242385864e-07	-0x1.0a00000000000p-23	-133	1073741824	normal	42
4086	b406	b4060000	-1.2479722499847412e-07	-0x1.0c00000000000p-23	-67	536870912	normal	37
4087	b407	b4070000	-1.257285475730896e-07	-0x1.0e00000000000p-23	-135	1073741824	normal	60
4088	b408	b4080000	-1.2665987014770508e-07	-0x1.1000000000000p-23	-17	134217728	normal	61
4089	b409	b4090000	-1.2759119272232056e-07	-0x1.1200000000000p-23	-137	1073741824	normal	48
4090	b40a	b40a0000	-1.2852251529693604e-07	-0x1.1400000000000p-23	-69	536870912	normal	50
4091	b40b	b40b0000	-1.2945383787155151e-07	-0x1.1600000000000p-23	-139	1073741824	normal	44
4092	b40c	b40c0000	-1.30385160446167e-07	-0x1.1800000000000p-23	-35	268435456	normal	41
4093	b40d	b40d0000	-1.3131648302078247e-07	-0x1.1a00000000000p-23	-141	1073741824	normal	50
4094	b40e	b40e0000	-1.3224780559539795e-07	-0x1.1c00000000000p-23	-71	536870912	normal	39
4095	b40f	b40f0000	-1.3317912817001343e-07	-0x1.1e00000000000p-23	-143	1073741824	normal	31
4096	b410	b4100000	-1.341104507446289e-07	-0x1.2000000000000p-23	-9	67108864	normal	43
4097	b411	b4110000	-1.3504177331924438e-07	-0x1.2200000000000p-23	-145	1073741824	normal	36
4098	b412	b4120000	-1.3597309589385986e-07	-0x1.2400000000000p-23	-73	536870912	normal	43
4099	b413	b4130000	-1.3690441846847534e-07	-0x1.2600000000000p-23	-147	1073741824	normal	63
4100	b414	b4140000	-1.3783574104309082e-07	-0x1.2800000000000p-23	-37	268435456	normal	46
4101	b415	b4150000	-1.387670636177063e-07	-0x1.2a00000000000p-23	-149	1073741824	normal	37
4102	b416	b4160000	-1.3969838619232178e-07	-0x1.2c00000000000p-23	-75	536870912	normal	47
4103	b417	b4170000	-1.4062970876693726e-07	-0x1.2e00000000000p-23	-151	1073741824	normal	52
4104	b418	b4180000	-1.4156103134155273e-07	-0x1.3000000000000p-23	-19	134217728	normal	37
4105	b419	b4190000	-1.424923539161682e-07	-0x1.3200000000000p-23	-153	1073741824	normal	38
4106	b41a	b41a0000	-1.434236764907837e-07	-0x1.3400000000000p-23	-77	536870912	normal	49
4107	b41b	b41b0000	-1.4435499906539917e-07	-0x1.3600000000000p-23	-155	1073741824	normal	45
4108	b41c	b41c0000	-1.4528632164001465e-07	-0x1.3800000000000p-23	-39	268435456	normal	41
4109	b41d	b41d0000	-1.4621764421463013e-07	-0x1.3a00000000000p-23	-157	1073741824	normal	58
4110	b41e	b41e0000	-1.471489667892456e-07	-0x1.3c00000000000p-23	-79	536870912	normal	32
4111	b41f	b41f0000	-1.4808028936386108e-07	-0x1.3e00000000000p-23	-159	1073741824	normal	44
4112	b420	b4200000	-1.4901161193847656e-07	-0x1.4000000000000p-23	-5	33554432	normal	49
4113	b421	b4210000	-1.4994293451309204e-07	-0x1.4200000000000p-23	-161	1073741824	normal	45
4114	b422	b4220000	-1.5087425708770752e-07	-0x1.4400000000000p-23	-81	536870912	normal	53
4115	b423	b4230000	-1.51805579662323e-07	-0x1.4600000000000p-23	-163	1073741824	normal	31
4116	b424	b4240000	-1.5273690223693848e-07	-0x1.4800000000000p-23	-41	268435456	normal	51
4117	b425	b4250000	-1.5366822481155396e-07	-0x1.4a00000000000p-23	-165	1073741824	normal	48
4118	b426	b4260000	-1.5459954738616943e-07	-0x1.4c00000000000p-23	-83	536870912	normal	42
4119	b427	b4270000	-1.555308699607849e-07	-0x1.4e00000000000p-23	-167	1073741824	normal	37
4120	b428	b4280000	-1.564621925354004e-07	-0x1.5000000000000p-23	-21	134217728	normal	55
4121	b429	b4290000	-1.5739351511001587e-07	-0x1.5200000000000p-23	-169	1073741824	normal	42
4122	b42a	b42a0000	-1.5832483768463135e-07	-0x1.5400000000000p-23	-85	536870912	normal	43
4123	b42b	b42b0000	-1.5925616025924683e-07	-0x1.5600000000000p-23	-171	1073741824	normal	45
4124	b42c	b42c0000	-1.601874828338623e-07	-0x1.5800000000000p-23	-43	268435456	normal	51
4125	b42d	b42d0000	-1.6111880540847778e-07	-0x1.5a00000000000p-23	-173	1073741824	normal	31
4126	b42e	b42e0000	-1.6205012798309326e-07	-0x1.5c00000000000p-23	-87	536870912	normal	32
4127	b42f	b42f0000	-1.6298145055770874e-07	-0x1.5e00000000000p-23	-175	1073741824	normal	58
4128	b430	b4300000	-1.6391277313232422e-07	-0x1.6000000000000p-23	-11	67108864	normal	51
4129	b431	b4310000	-1.648440957069397e-07	-0x1.6200000000000p-23	-177	1073741824	normal	52
4130	b432	b4320000	-1.6577541828155518e-07	-0x1.6400000000000p-23	-89	536870912	normal	58
4131	b433	b4330000	-1.6670674085617065e-07	-0x1.6600000000000p-23	-179	1073741824	normal	42
4132	b434	b4340000	-1.6763806343078613e-07	-0x1.6800000000000p-23	-45	268435456	normal	33
4133	b435	b4350000	-1.685693860054016e-07	-0x1.6a00000000000p-23	-181	1073741824	normal	49
4134	b436	b4360000	-1.695007085800171e-07	-0x1.6c00000000000p-23	-91	536870912	normal	43
4135	b437	b4370000	-1.7043203115463257e-07	-0x1.6e00000000000p-23	-183	1073741824	normal	38
4136	b438	b4380000	-1.7136335372924805e-07	-0x1.7000000000000p-23	-23	134217728	normal	59
4137	b439	b4390000	-1.7229467630386353e-07	-0x1.7200000000000p-23	-185	1073741824	normal	41
4138	b43a	b43a0000	-1.73225998878479e-07	-0x1.7400000000000p-23	-93	536870912	normal	31
4139	b43b	b43b0000	-1.7415732145309448e-07	-0x1.7600000000000p-23	-187	1073741824	normal	56
4140	b43c	b43c0000	-1.7508864402770996e-07	-0x1.7800000000000p-23	-47	268435456	normal	42
4141	b43d	b43d0000	-1.7601996660232544e-07	-0x1.7a00000000000p-23	-189	1073741824	normal	43
4142	b43e	b43e0000	-1.7695128917694092e-07	-0x1.7c00000000000p-23	-95	536870912	normal	65
4143	b43f	b43f0000	-1.778826117515564e-07	-0x1.7e00000000000p-23	-191	1073741824	normal	24
4144	b440	b4400000	-1.7881393432617188e-07	-0x1.8000000000000p-23	-3	16777216	normal	59
4145	b441	b4410000	-1.7974525690078735e-07	-0x1.8200000000000p-23	-193	1073741824	normal	48
4146	b442	b4420000	-1.8067657947540283e-07	-0x1.8400000000000p-23	-97	536870912	normal	20
4147	b443	b4430000	-1.816079020500183e-07	-0x1.8600000000000p-23	-195	1073741824	normal	51
4148	b444	b4440000	-1.825392246246338e-07	-0x1.8800000000000p-23	-49	268435456	normal	34
4149	b445	b4450000	-1.8347054719924927e-07	-0x1.8a00000000000p-23	-197	1073741824	normal	81
4150	b446	b4460000	-1.8440186977386475e-07	-0x1.8c00000000000p-23	-99	536870912	normal	35
4151	b447	b4470000	-1.8533319234848022e-07	-0x1.8e00000000000p-23	-199	1073741824	normal	60
4152	b448	b4480000	-1.862645149230957e-07	-0x1.9000000000000p-23	-25	134217728	normal	56
4153	b449	b4490000	-1.8719583749771118e-07	-0x1.9200000000000p-23	-201	1073741824	normal	26
4154	b44a	b44a0000	-1.8812716007232666e-07	-0x1.9400000000000p-23	-101	536870912	normal	56
4155	b44b	b44b0000	-1.8905848264694214e-07	-0x1.9600000000000p-23	-203	1073741824	normal	46
4156	b44c	b44c0000	-1.8998980522155762e-07	-0x1.9800000000000p-23	-51	268435456	normal	27
4157	b44d	b44d0000	-1.909211277961731e-07	-0x1.9a00000000000p-23	-205	1073741824	normal	63
4158	b44e	b44e0000	-1.9185245037078857e-07	-0x1.9c00000000000p-23	-103	536870912	normal	62
4159	b44f	b44f0000	-1.9278377294540405e-07	-0x1.9e00000000000p-23	-207	1073741824	normal	25
4160	b450	b4500000	-1.9371509552001953e-07	-0x1.a000000000000p-23	-13	67108864	normal	60
4161	b451	b4510000	-1.94646418094635e-07	-0x1.a200000000000p-23	-209	1073741824	normal	51
4162	b452	b4520000	-1.955777406692505e-07	-0x1.a400000000000p-23	-105	536870912	normal	20
4163	b453	b4530000	-1.9650906324386597e-07	-0x1.a600000000000p-23	-211	1073741824	normal	61
4164	b454	b4540000	-1.9744038581848145e-07	-0x1.a800000000000p-23	-53	268435456	normal	50
4165	b455	b4550000	-1.9837170839309692e-07	-0x1.aa00000000000p-23	-213	1073741824	normal	37
4166	b456	b4560000	-1.993030309677124e-07	-0x1.ac00000000000p-23	-107	536870912	normal	50
4167	b457	b4570000	-2.0023435354232788e-07	-0x1.ae00000000000p-23	-215	1073741824	normal	52
4168	b458	b4580000	-2.0116567611694336e-07	-0x1.b000000000000p-23	-27	134217728	normal	28
4169	b459	b4590000	-2.0209699869155884e-07	-0x1.b200000000000p-23	-217	1073741824	normal	51
4170	b45a	b45a0000	-2.0302832126617432e-07	-0x1.b400000000000p-23	-109	536870912	normal	55
4171	b45b	b45b0000	-2.039596438407898e-07	-0x1.b600000000000p-23	-219	1073741824	normal	30
4172	b45c	b45c0000	-2.0489096641540527e-07	-0x1.b800000000000p-23	-55	268435456	normal	52
4173	b45d	b45d0000	-2.0582228899002075e-07	-0x1.ba00000000000p-23	-221	1073741824	normal	48
4174	b45e	b45e0000	-2.0675361156463623e-07	-0x1.bc00000000000p-23	-111	536870912	normal	26
4175	b45f	b45f0000	-2.076849341392517e-07	-0x1.be00000000000p-23	-223	1073741824	normal	47
4176	b460	b4600000	-2.086162567138672e-07	-0x1.c000000000000p-23	-7	33554432	normal	57
4177	b461	b4610000	-2.0954757928848267e-07	-0x1.c200000000000p-23	-225	1073741824	normal	19
4178	b462	b4620000	-2.1047890186309814e-07	-0x1.c400000000000p-23	-113	536870912	normal	44
4179	b463	b4630000	-2.1141022443771362e-07	-0x1.c600000000000p-23	-227	1073741824	normal	49
4180	b464	b4640000	-2.123415470123291e-07	-0x1.c800000000000p-23	-57	268435456	normal	37
4181	b465	b4650000	-2.1327286958694458e-07	-0x1.ca00000000000p-23	-229	1073741824	normal	55
4182	b466	b4660000	-2.1420419216156006e-07	-0x1.cc00000000000p-23	-115	536870912	normal	51
4183	b467	b4670000	-2.1513551473617554e-07	-0x1.ce00000000000p-23	-231	1073741824	normal	24
4184	b468	b4680000	-2.1606683731079102e-07	-0x1.d000000000000p-23	-29	134217728	normal	47
4185	b469	b4690000	-2.169981598854065e-07	-0x1.d200000000000p-23	-233	1073741824	normal	51
4186	b46a	b46a0000	-2.1792948246002197e-07	-0x1.d400000000000p-23	-117	536870912	normal	61
4187	b46b	b46b0000	-2.1886080503463745e-07	-0x1.d600000000000p-23	-235	1073741824	normal	64
4188	b46c	b46c0000	-2.1979212760925293e-07	-0x1.d800000000000p-23	-59	268435456	normal	27
4189	b46d	b46d0000	-2.207234501838684e-07	-0x1.da00000000000p-23	-237	1073741824	normal	73
4190	b46e	b46e0000	-2.2165477275848389e-07	-0x1.dc00000000000p-23	-119	536870912	normal	54
4191	b46f	b46f0000	-2.2258609533309937e-07	-0x1.de00000000000p-23	-239	1073741824	normal	29
4192	b470	b4700000	-2.2351741790771484e-07	-0x1.e000000000000p-23	-15	67108864	normal	53
4193	b471	b4710000	-2.2444874048233032e-07	-0x1.e200000000000p-23	-241	1073741824	normal	48
4194	b472	b4720000	-2.253800630569458e-07	-0x1.e400000000000p-23	-121	536870912	normal	38
4195	b473	b4730000	-2.2631138563156128e-07	-0x1.e600000000000p-23	-243	1073741824	normal	63
4196	b474	b4740000	-2.2724270820617676e-07	-0x1.e800000000000p-23	-61	268435456	normal	27
4197	b475	b4750000	-2.2817403078079224e-07	-0x1.ea00000000000p-23	-245	1073741824	normal	59
4198	b476	b4760000	-2.2910535335540771e-07	-0x1.ec00000000000p-23	-123	536870912	normal	72
4199	b477	b4770000	-2.300366759300232e-07	-0x1.ee00000000000p-23	-247	1073741824	normal	27
4200	b478	b4780000	-2.3096799850463867e-07	-0x1.f000000000000p-23	-31	134217728	normal	61
4201	b479	b4790000	-2.3189932107925415e-07	-0x1.f200000000000p-23	-249	1073741824	normal	76
4202	b47a	b47a0000	-2.3283064365386963e-07	-0x1.f400000000000p-23	-125	536870912	normal	33
4203	b47b	b47b0000	-2.337619662284851e-07	-0x1.f600000000000p-23	-251	1073741824	normal	58
4204	b47c	b47c0000	-2.3469328880310059e-07	-0x1.f800000000000p-23	-63	268435456	normal	27
4205	b47d	b47d0000	-2.3562461137771606e-07	-0x1.fa00000000000p-23	-253	1073741824	normal	76
4206	b47e	b47e0000	-2.3655593395233154e-07	-0x1.fc00000000000p-23	-127	536870912	normal	33
4207	b47f	b47f0000	-2.3748725652694702e-07	-0x1.fe00000000000p-23	-255	1073741824	normal	64
4208	b480	b4800000	-2.384185791015625e-07	-0x1.0000000000000p-22	-1	4194304	normal	64
4209	b481	b4810000	-2.4028122425079346e-07	-0x1.0200000000000p-22	-129	536870912	normal	126
4210	b482	b4820000	-2.421438694000244e-07	-0x1.0400000000000p-22	-65	268435456	normal	80
4211	b483	b4830000	-2.4400651454925537e-07	-0x1.0600000000000p-22	-131	536870912	normal	90
4212	b484	b4840000	-2.4586915969848633e-07	-0x1.0800000000000p-22	-33	134217728	normal	121
4213	b485	b4850000	-2.477318048477173e-07	-0x1.0a00000000000p-22	-133	536870912	normal	89
4214	b486	b4860000	-2.4959444999694824e-07	-0x1.0c00000000000p-22	-67	268435456	normal	74
4215	b487	b4870000	-2.514570951461792e-07	-0x1.0e00000000000p-22	-135	536870912	normal	104
4216	b488	b4880000	-2.5331974029541016e-07	-0x1.1000000000000p-22	-17	67108864	normal	61
4217	b489	b4890000	-2.551823854446411e-07	-0x1.1200000000000p-22	-137	536870912	normal	72
4218	b48a	b48a0000	-2.5704503059387207e-07	-0x1.1400000000000p-22	-69	268435456	normal	124
4219	b48b	b48b0000	-2.5890767574310303e-07	-0x1.1600000000000p-22	-139	536870912	normal	80
4220	b48c	b48c0000	-2.60770320892334e-07	-0x1.1800000000000p-22	-35	134217728	normal	67
4221	b48d	b48d0000	-2.6263296604156494e-07	-0x1.1a00000000000p-22	-141	536870912	normal	124
4222	b48e	b48e0000	-2.644956111907959e-07	-0x1.1c00000000000p-22	-71	268435456	normal	94
4223	b48f	b48f0000	-2.6635825634002686e-07	-0x1.1e00000000000p-22	-143	536870912	normal	84
4224	b490	b4900000	-2.682209014892578e-07	-0x1.2000000000000p-22	-9	33554432	normal	116
4225	b491	b4910000	-2.7008354663848877e-07	-0x1.2200000000000p-22	-145	536870912	normal	74
4226	b492	b4920000	-2.7194619178771973e-07	-0x1.2400000000000p-22	-73	268435456	normal	97
4227	b493	b4930000	-2.738088369369507e-07	-0x1.2600000000000p-22	-147	536870912	normal	91
4228	b494	b4940000	-2.7567148208618164e-07	-0x1.2800000000000p-22	-37	134217728	normal	93
4229	b495	b4950000	-2.775341272354126e-07	-0x1.2a00000000000p-22	-149	536870912	normal	71
4230	b496	b4960000	-2.7939677238464355e-07	-0x1.2c00000000000p-22	-75	268435456	normal	85
4231	b497	b4970000	-2.812594175338745e-07	-0x1.2e00000000000p-22	-151	536870912	normal	107
4232	b498	b4980000	-2.8312206268310547e-07	-0x1.3000000000000p-22	-19	67108864	normal	83
4233	b499	b4990000	-2.849847078323364e-07	-0x1.3200000000000p-22	-153	536870912	normal	75
4234	b49a	b49a0000	-2.868473529815674e-07	-0x1.3400000000000p-22	-77	268435456	normal	106
4235	b49b	b49b0000	-2.8870999813079834e-07	-0x1.3600000000000p-22	-155	536870912	normal	91
4236	b49c	b49c0000	-2.905726432800293e-07	-0x1.3800000000000p-22	-39	134217728	normal	93
4237	b49d	b49d0000	-2.9243528842926025e-07	-0x1.3a00000000000p-22	-157	536870912	normal	102
4238	b49e	b49e0000	-2.942979335784912e-07	-0x1.3c00000000000p-22	-79	268435456	normal	76
4239	b49f	b49f0000	-2.9616057872772217e-07	-0x1.3e00000000000p-22	-159	536870912	normal	72
4240	b4a0	b4a00000	-2.980232238769531e-07	-0x1.4000000000000p-22	-5	16777216	normal	111
4241	b4a1	b4a10000	-2.998858690261841e-07	-0x1.4200000000000p-22	-161	536870912	normal	109
4242	b4a2	b4a20000	-3.0174851417541504e-07	-0x1.4400000000000p-22	-81	268435456	normal	104
4243	b4a3	b4a30000	-3.03611159324646e-07	-0x1.4600000000000p-22	-163	536870912	normal	84
4244	b4a4	b4a40000	-3.0547380447387695e-07	-0x1.4800000000000p-22	-41	134217728	normal	84
4245	b4a5	b4a50000	-3.073364496231079e-07	-0x1.4a00000000000p-22	-165	536870912	normal	93
4246	b4a6	b4a60000	-3.0919909477233887e-07	-0x1.4c00000000000p-22	-83	268435456	normal	68
4247	b4a7	b4a70000	-3.110617399215698e-07	-0x1.4e00000000000p-22	-167	536870912	normal	90
4248	b4a8	b4a80000	-3.129243850708008e-07	-0x1.5000000000000p-22	-21	67108864	normal	117
4249	b4a9	b4a90000	-3.1478703022003174e-07	-0x1.5200000000000p-22	-169	536870912	normal	93
4250	b4aa	b4aa0000	-3.166496753692627e-07	-0x1.5400000000000p-22	-85	268435456	normal	82
4251	b4ab	b4ab0000	-3.1851232051849365e-07	-0x1.5600000000000p-22	-171	536870912	normal	81
4252	b4ac	b4ac0000	-3.203749656677246e-07	-0x1.5800000000000p-22	-43	134217728	normal	114
4253	b4ad	b4ad0000	-3.2223761081695557e-07	-0x1.5a00000000000p-22	-173	536870912	normal	68
4254	b4ae	b4ae0000	-3.241002559661865e-07	-0x1.5c00000000000p-22	-87	268435456	normal	79
4255	b4af	b4af0000	-3.259629011154175e-07	-0x1.5e00000000000p-22	-175	536870912	normal	93
4256	b4b0	b4b00000	-3.2782554626464844e-07	-0x1.6000000000000p-22	-11	33554432	normal	74
4257	b4b1	b4b10000	-3.296881914138794e-07	-0x1.6200000000000p-22	-177	536870912	normal	80
4258	b4b2	b4b20000	-3.3155083656311035e-07	-0x1.6400000000000p-22	-89	268435456	normal	108
4259	b4b3	b4b30000	-3.334134817123413e-07	-0x1.6600000000000p-22	-179	536870912	normal	79
4260	b4b4	b4b40000	-3.3527612686157227e-07	-0x1.6800000000000p-22	-45	134217728	normal	91
4261	b4b5	b4b50000	-3.371387720108032e-07	-0x1.6a00000000000p-22	-181	536870912	normal	109
4262	b4b6	b4b60000	-3.390014171600342e-07	-0x1.6c00000000000p-22	-91	268435456	normal	79
4263	b4b7	b4b70000	-3.4086406230926514e-07	-0x1.6e00000000000p-22	-183	536870912	normal	85
4264	b4b8	b4b80000	-3.427267074584961e-07	-0x1.7000000000000p-22	-23	67108864	normal	94
4265	b4b9	b4b90000	-3.4458935260772705e-07	-0x1.7200000000000p-22	-185	536870912	normal	95
4266	b4ba	b4ba0000	-3.46451997756958e-07	-0x1.7400000000000p-22	-93	268435456	normal	84
4267	b4bb	b4bb0000	-3.4831464290618896e-07	-0x1.7600000000000p-22	-187	536870912	normal	130
4268	b4bc	b4bc0000	-3.501772880554199e-07	-0x1.7800000000000p-22	-47	134217728	normal	78
4269	b4bd	b4bd0000	-3.520399332046509e-07	-0x1.7a00000000000p-22	-189	536870912	normal	100
4270	b4be	b4be0000	-3.5390257835388184e-07	-0x1.7c00000000000p-22	-95	268435456	normal	114
4271	b4bf	b4bf0000	-3.557652235031128e-07	-0x1.7e00000000000p-22	-191	536870912	normal	50
4272	b4c0	b4c00000	-3.5762786865234375e-07	-0x1.8000000000000p-22	-3	8388608	normal	84
4273	b4c1	b4c10000	-3.594905138015747e-07	-0x1.8200000000000p-22	-193	536870912	normal	99
4274	b4c2	b4c20000	-3.6135315895080566e-07	-0x1.8400000000000p-22	-97	268435456	normal	58
4275	b4c3	b4c30000	-3.632158041000366e-07	-0x1.8600000000000p-22	-195	536870912	normal	108
4276	b4c4	b4c40000	-3.650784492492676e-07	-0x1.8800000000000p-22	-49	134217728	normal	69
4277	b4c5	b4c50000	-3.6694109439849854e-07	-0x1.8a00000000000p-22	-197	536870912	normal	159
4278	b4c6	b4c60000	-3.688037395477295e-07	-0x1.8c00000000000p-22	-99	268435456	normal	66
4279	b4c7	b4c70000	-3.7066638469696045e-07	-0x1.8e00000000000p-22	-199	536870912	normal	120
4280	b4c8	b4c80000	-3.725290298461914e-07	-0x1.9000000000000p-22	-25	67108864	normal	111
4281	b4c9	b4c90000	-3.7439167499542236e-07	-0x1.9200000000000p-22	-201	536870912	normal	52
4282	b4ca	b4ca0000	-3.762543201446533e-07	-0x1.9400000000000p-22	-101	268435456	normal	109
4283	b4cb	b4cb0000	-3.781169652938843e-07	-0x1.9600000000000p-22	-203	536870912	normal	119
4284	b4cc	b4cc0000	-3.7997961044311523e-07	-0x1.9800000000000p-22	-51	134217728	normal	51
4285	b4cd	b4cd0000	-3.818422555923462e-07	-0x1.9a00000000000p-22	-205	536870912	normal	114
4286	b4ce	b4ce0000	-3.8370490074157715e-07	-0x1.9c00000000000p-22	-103	268435456	normal	103
4287	b4cf	b4cf0000	-3.855675458908081e-07	-0x1.9e00000000000p-22	-207	536870912	normal	52
4288	b4d0	b4d00000	-3.8743019104003906e-07	-0x1.a000000000000p-22	-13	33554432	normal	114
4289	b4d1	b4d10000	-3.8929283618927e-07	-0x1.a200000000000p-22	-209	536870912	normal	119
4290	b4d2	b4d20000	-3.91155481338501e-07	-0x1.a400000000000p-22	-105	268435456	normal	68
4291	b4d3	b4d30000	-3.9301812648773193e-07	-0x1.a600000000000p-22	-211	536870912	normal	112
4292	b4d4	b4d40000	-3.948807716369629e-07	-0x1.a800000000000p-22	-53	134217728	normal	117
4293	b4d5	b4d50000	-3.9674341678619385e-07	-0x1.aa00000000000p-22	-213	536870912	normal	56
4294	b4d6	b4d60000	-3.986060619354248e-07	-0x1.ac00000000000p-22	-107	268435456	normal	95
4295	b4d7	b4d70000	-4.0046870708465576e-07	-0x1.ae00000000000p-22	-215	536870912	normal	112
4296	b4d8	b4d80000	-4.023313522338867e-07	-0x1.b000000000000p-22	-27	67108864	normal	51
4297	b4d9	b4d90000	-4.041939973831177e-07	-0x1.b200000000000p-22	-217	536870912	normal	127
4298	b4da	b4da0000	-4.0605664253234863e-07	-0x1.b400000000000p-22	-109	268435456	normal	81
4299	b4db	b4db0000	-4.079192876815796e-07	-0x1.b600000000000p-22	-219	536870912	normal	66
4300	b4dc	b4dc0000	-4.0978193283081055e-07	-0x1.b800000000000p-22	-55	134217728	normal	103
4301	b4dd	b4dd0000	-4.116445779800415e-07	-0x1.ba00000000000p-22	-221	536870912	normal	112
4302	b4de	b4de0000	-4.1350722312927246e-07	-0x1.bc00000000000p-22	-111	268435456	normal	49
4303	b4df	b4df0000	-4.153698682785034e-07	-0x1.be00000000000p-22	-223	536870912	normal	125
4304	b4e0	b4e00000	-4.172325134277344e-07	-0x1.c000000000000p-22	-7	16777216	normal	92
4305	b4e1	b4e10000	-4.1909515857696533e-07	-0x1.c200000000000p-22	-225	536870912	normal	69
4306	b4e2	b4e20000	-4.209578037261963e-07	-0x1.c400000000000p-22	-113	268435456	normal	115
4307	b4e3	b4e30000	-4.2282044887542725e-07	-0x1.c600000000000p-22	-227	536870912	normal	115
4308	b4e4	b4e40000	-4.246830940246582e-07	-0x1.c800000000000p-22	-57	134217728	normal	60
4309	b4e5	b4e50000	-4.2654573917388916e-07	-0x1.ca00000000000p-22	-229	536870912	normal	105
4310	b4e6	b4e60000	-4.284083843231201e-07	-0x1.cc00000000000p-22	-115	268435456	normal	105
4311	b4e7	b4e70000	-4.302710294723511e-07	-0x1.ce00000000000p-22	-231	536870912	normal	62
4312	b4e8	b4e80000	-4.3213367462158203e-07	-0x1.d000000000000p-22	-29	67108864	normal	100
4313	b4e9	b4e90000	-4.33996319770813e-07	-0x1.d200000000000p-22	-233	536870912	normal	118
4314	b4ea	b4ea0000	-4.3585896492004395e-07	-0x1.d400000000000p-22	-117	268435456	normal	131
4315	b4eb	b4eb0000	-4.377216100692749e-07	-0x1.d600000000000p-22	-235	536870912	normal	104
4316	b4ec	b4ec0000	-4.3958425521850586e-07	-0x1.d800000000000p-22	-59	134217728	normal	63
4317	b4ed	b4ed0000	-4.414469003677368e-07	-0x1.da00000000000p-22	-237	536870912	normal	91
4318	b4ee	b4ee0000	-4.4330954551696777e-07	-0x1.dc00000000000p-22	-119	268435456	normal	103
4319	b4ef	b4ef0000	-4.4517219066619873e-07	-0x1.de00000000000p-22	-239	536870912	normal	66
4320	b4f0	b4f00000	-4.470348358154297e-07	-0x1.e000000000000p-22	-15	33554432	normal	91
4321	b4f1	b4f10000	-4.4889748096466064e-07	-0x1.e200000000000p-22	-241	536870912	normal	121
4322	b4f2	b4f20000	-4.507601261138916e-07	-0x1.e400000000000p-22	-121	268435456	normal	68
4323	b4f3	b4f30000	-4.5262277126312256e-07	-0x1.e600000000000p-22	-243	536870912	normal	122
4324	b4f4	b4f40000	-4.544854164123535e-07	-0x1.e800000000000p-22	-61	134217728	normal	55
4325	b4f5	b4f50000	-4.5634806156158447e-07	-0x1.ea00000000000p-22	-245	536870912	normal	118
4326	b4f6	b4f60000	-4.5821070671081543e-07	-0x1.ec00000000000p-22	-123	268435456	normal	110
4327	b4f7	b4f70000	-4.600733518600464e-07	-0x1.ee00000000000p-22	-247	536870912	normal	53
4328	b4f8	b4f80000	-4.6193599700927734e-07	-0x1.f000000000000p-22	-31	67108864	normal	98
4329	b4f9	b4f90000	-4.637986421585083e-07	-0x1.f200000000000p-22	-249	536870912	normal	106
4330	b4fa	b4fa0000	-4.6566128730773926e-07	-0x1.f400000000000p-22	-125	268435456	normal	49
4331	b4fb	b4fb0000	-4.675239324569702e-07	-0x1.f600000000000p-22	-251	536870912	normal	115
4332	b4fc	b4fc0000	-4.6938657760620117e-07	-0x1.f800000000000p-22	-63	134217728	normal	58
4333	b4fd	b4fd0000	-4.7124922275543213e-07	-0x1.fa00000000000p-22	-253	536870912	normal	160
4334	b4fe	b4fe0000	-4.731118679046631e-07	-0x1.fc00000000000p-22	-127	268435456	normal	60
4335	b4ff	b4ff0000	-4.7497451305389404e-07	-0x1.fe00000000000p-22	-255	536870912	normal	112
4336	b500	b5000000	-4.76837158203125e-07	-0x1.0000000000000p-21	-1	2097152	normal	141
4337	b501	b5010000	-4.805624485015869e-07	-0x1.0200000000000p-21	-129	268435456	normal	202
4338	b502	b5020000	-4.842877388000488e-07	-0x1.0400000000000p-21	-65	134217728	normal	162
4339	b503	b5030000	-4.880130290985107e-07	-0x1.0600000000000p-21	-131	268435456	normal	155
4340	b504	b5040000	-4.917383193969727e-07	-0x1.0800000000000p-21	-33	67108864	normal	199
4341	b505	b5050000	-4.954636096954346e-07	-0x1.0a00000000000p-21	-133	268435456	normal	153
4342	b506	b5060000	-4.991888999938965e-07	-0x1.0c00000000000p-21	-67	134217728	normal	182
4343	b507	b5070000	-5.029141902923584e-07	-0x1.0e00000000000p-21	-135	268435456	normal	202
4344	b508	b5080000	-5.066394805908203e-07	-0x1.1000000000000p-21	-17	33554432	normal	173
4345	b509	b5090000	-5.103647708892822e-07	-0x1.1200000000000p-21	-137	268435456	normal	170
4346	b50a	b50a0000	-5.140900611877441e-07	-0x1.1400000000000p-21	-69	134217728	normal	196
4347	b50b	b50b0000	-5.178153514862061e-07	-0x1.1600000000000p-21	-139	268435456	normal	164
4348	b50c	b50c0000	-5.21540641784668e-07	-0x1.1800000000000p-21	-35	67108864	normal	170
4349	b50d	b50d0000	-5.252659320831299e-07	-0x1.1a00000000000p-21	-141	268435456	normal	191
4350	b50e	b50e0000	-5.289912223815918e-07	-0x1.1c00000000000p-21	-71	134217728	normal	159
4351	b50f	b50f0000	-5.327165126800537e-07	-0x1.1e00000000000p-21	-143	268435456	normal	153
4352	b510	b5100000	-5.364418029785156e-07	-0x1.2000000000000p-21	-9	16777216	normal	207
4353	b511	b5110000	-5.401670932769775e-07	-0x1.2200000000000p-21	-145	268435456	normal	157
4354	b512	b5120000	-5.438923835754395e-07	-0x1.2400000000000p-21	-73	134217728	normal	192
4355	b513	b5130000	-5.476176738739014e-07	-0x1.2600000000000p-21	-147	268435456	normal	207
4356	b514	b5140000	-5.513429641723633e-07	-0x1.2800000000000p-21	-37	67108864	normal	193
4357	b515	b5150000	-5.550682544708252e-07	-0x1.2a00000000000p-21	-149	268435456	normal	149
4358	b516	b5160000	-5.587935447692871e-07	-0x1.2c00000000000p-21	-75	134217728	normal	157
4359	b517	b5170000	-5.62518835067749e-07	-0x1.2e00000000000p-21	-151	268435456	normal	223
4360	b518	b5180000	-5.662441253662109e-07	-0x1.3000000000000p-21	-19	33554432	normal	165
4361	b519	b5190000	-5.699694156646729e-07	-0x1.3200000000000p-21	-153	268435456	normal	174
4362	b51a	b51a0000	-5.736947059631348e-07	-0x1.3400000000000p-21	-77	134217728	normal	210
4363	b51b	b51b0000	-5.774199962615967e-07	-0x1.3600000000000p-21	-155	268435456	normal	158
4364	b51c	b51c0000	-5.811452865600586e-07	-0x1.3800000000000p-21	-39	67108864	normal	141
4365	b51d	b51d0000	-5.848705768585205e-07	-0x1.3a00000000000p-21	-157	268435456	normal	235
4366	b51e	b51e0000	-5.885958671569824e-07	-0x1.3c00000000000p-21	-79	134217728	normal	189
4367	b51f	b51f0000	-5.923211574554443e-07	-0x1.3e00000000000p-21	-159	268435456	normal	154
4368	b520	b5200000	-5.960464477539062e-07	-0x1.4000000000000p-21	-5	8388608	normal	184
4369	b521	b5210000	-5.997717380523682e-07	-0x1.4200000000000p-21	-161	268435456	normal	243
4370	b522	b5220000	-6.034970283508301e-07	-0x1.4400000000000p-21	-81	134217728	normal	199
4371	b523	b5230000	-6.07222318649292e-07	-0x1.4600000000000p-21	-163	268435456	normal	173
4372	b524	b5240000	-6.109476089477539e-07	-0x1.4800000000000p-21	-41	67108864	normal	185
4373	b525	b5250000	-6.146728992462158e-07	-0x1.4a00000000000p-21	-165	268435456	normal	213
4374	b526	b5260000	-6.183981895446777e-07	-0x1.4c00000000000p-21	-83	134217728	normal	150
4375	b527	b5270000	-6.221234798431396e-07	-0x1.4e00000000000p-21	-167	268435456	normal	152
4376	b528	b5280000	-6.258487701416016e-07	-0x1.5000000000000p-21	-21	33554432	normal	206
4377	b529	b5290000	-6.295740604400635e-07	-0x1.5200000000000p-21	-169	268435456	normal	161
4378	b52a	b52a0000	-6.332993507385254e-07	-0x1.5400000000000p-21	-85	134217728	normal	188
4379	b52b	b52b0000	-6.370246410369873e-07	-0x1.5600000000000p-21	-171	268435456	normal	151
4380	b52c	b52c0000	-6.407499313354492e-07	-0x1.5800000000000p-21	-43	67108864	normal	225
4381	b52d	b52d0000	-6.444752216339111e-07	-0x1.5a00000000000p-21	-173	268435456	normal	165
4382	b52e	b52e0000	-6.48200511932373e-07	-0x1.5c00000000000p-21	-87	134217728	normal	175
4383	b52f	b52f0000	-6.51925802230835e-07	-0x1.5e00000000000p-21	-175	268435456	normal	215
4384	b530	b5300000	-6.556510925292969e-07	-0x1.6000000000000p-21	-11	16777216	normal	154
4385	b531	b5310000	-6.593763828277588e-07	-0x1.6200000000000p-21	-177	268435456	normal	156
4386	b532	b5320000	-6.631016731262207e-07	-0x1.6400000000000p-21	-89	134217728	normal	217
4387	b533	b5330000	-6.668269634246826e-07	-0x1.6600000000000p-21	-179	268435456	normal	162
4388	b534	b5340000	-6.705522537231445e-07	-0x1.6800000000000p-21	-45	67108864	normal	172
4389	b535	b5350000	-6.742775440216064e-07	-0x1.6a00000000000p-21	-181	268435456	normal	246
4390	b536	b5360000	-6.780028343200684e-07	-0x1.6c00000000000p-21	-91	134217728	normal	145
4391	b537	b5370000	-6.817281246185303e-07	-0x1.6e00000000000p-21	-183	268435456	normal	160
4392	b538	b5380000	-6.854534149169922e-07	-0x1.7000000000000p-21	-23	33554432	normal	186
4393	b539	b5390000	-6.891787052154541e-07	-0x1.7200000000000p-21	-185	268435456	normal	174
4394	b53a	b53a0000	-6.92903995513916e-07	-0x1.7400000000000p-21	-93	134217728	normal	147
4395	b53b	b53b0000	-6.966292858123779e-07	-0x1.7600000000000p-21	-187	268435456	normal	224
4396	b53c	b53c0000	-7.003545761108398e-07	-0x1.7800000000000p-21	-47	67108864	normal	160
4397	b53d	b53d0000	-7.040798664093018e-07	-0x1.7a00000000000p-21	-189	268435456	normal	177
4398	b53e	b53e0000	-7.078051567077637e-07	-0x1.7c00000000000p-21	-95	134217728	normal	219
4399	b53f	b53f0000	-7.115304470062256e-07	-0x1.7e00000000000p-21	-191	268435456	normal	114
4400	b540	b5400000	-7.152557373046875e-07	-0x1.8000000000000p-21	-3	4194304	normal	221
4401	b541	b5410000	-7.189810276031494e-07	-0x1.8200000000000p-21	-193	268435456	normal	219
4402	b542	b5420000	-7.227063179016113e-07	-0x1.8400000000000p-21	-97	134217728	normal	101
4403	b543	b5430000	-7.264316082000732e-07	-0x1.8600000000000p-21	-195	268435456	normal	219
4404	b544	b5440000	-7.301568984985352e-07	-0x1.8800000000000p-21	-49	67108864	normal	117
4405	b545	b5450000	-7.338821887969971e-07	-0x1.8a00000000000p-21	-197	268435456	normal	317
4406	b546	b5460000	-7.37607479095459e-07	-0x1.8c00000000000p-21	-99	134217728	normal	110
4407	b547	b5470000	-7.413327693939209e-07	-0x1.8e00000000000p-21	-199	268435456	normal	220
4408	b548	b5480000	-7.450580596923828e-07	-0x1.9000000000000p-21	-25	33554432	normal	218
4409	b549	b5490000	-7.487833499908447e-07	-0x1.9200000000000p-21	-201	268435456	normal	129
4410	b54a	b54a0000	-7.525086402893066e-07	-0x1.9400000000000p-21	-101	134217728	normal	205
4411	b54b	b54b0000	-7.562339305877686e-07	-0x1.9600000000000p-21	-203	268435456	normal	195
4412	b54c	b54c0000	-7.599592208862305e-07	-0x1.9800000000000p-21	-51	67108864	normal	132
4413	b54d	b54d0000	-7.636845111846924e-07	-0x1.9a00000000000p-21	-205	268435456	normal	179
4414	b54e	b54e0000	-7.674098014831543e-07	-0x1.9c00000000000p-21	-103	134217728	normal	226
4415	b54f	b54f0000	-7.711350917816162e-07	-0x1.9e00000000000p-21	-207	268435456	normal	101
4416	b550	b5500000	-7.748603820800781e-07	-0x1.a000000000000p-21	-13	16777216	normal	225
4417	b551	b5510000	-7.7858567237854e-07	-0x1.a200000000000p-21	-209	268435456	normal	222
4418	b552	b5520000	-7.82310962677002e-07	-0x1.a400000000000p-21	-105	134217728	normal	135
4419	b553	b5530000	-7.860362529754639e-07	-0x1.a600000000000p-21	-211	268435456	normal	192
4420	b554	b5540000	-7.897615432739258e-07	-0x1.a800000000000p-21	-53	67108864	normal	236
4421	b555	b5550000	-7.934868335723877e-07	-0x1.aa00000000000p-21	-213	268435456	normal	112
4422	b556	b5560000	-7.972121238708496e-07	-0x1.ac00000000000p-21	-107	134217728	normal	215
4423	b557	b5570000	-8.009374141693115e-07	-0x1.ae00000000000p-21	-215	268435456	normal	219
4424	b558	b5580000	-8.046627044677734e-07	-0x1.b000000000000p-21	-27	33554432	normal	102
4425	b559	b5590000	-8.083879947662354e-07	-0x1.b200000000000p-21	-217	268435456	normal	221
4426	b55a	b55a0000	-8.121132850646973e-07	-0x1.b400000000000p-21	-109	134217728	normal	197
4427	b55b	b55b0000	-8.158385753631592e-07	-0x1.b600000000000p-21	-219	268435456	normal	123
4428	b55c	b55c0000	-8.195638656616211e-07	-0x1.b800000000000p-21	-55	67108864	normal	228
4429	b55d	b55d0000	-8.23289155960083e-07	-0x1.ba00000000000p-21	-221	268435456	normal	207
4430	b55e	b55e0000	-8.270144462585449e-07	-0x1.bc00000000000p-21	-111	134217728	normal	114
4431	b55f	b55f0000	-8.307397365570068e-07	-0x1.be00000000000p-21	-223	268435456	normal	210
4432	b560	b5600000	-8.344650268554688e-07	-0x1.c000000000000p-21	-7	8388608	normal	197
4433	b561	b5610000	-8.381903171539307e-07	-0x1.c200000000000p-21	-225	268435456	normal	116
4434	b562	b5620000	-8.419156074523926e-07	-0x1.c400000000000p-21	-113	134217728	normal	214
4435	b563	b5630000	-8.456408977508545e-07	-0x1.c600000000000p-21	-227	268435456	normal	188
4436	b564	b5640000	-8.493661880493164e-07	-0x1.c800000000000p-21	-57	67108864	normal	92
4437	b565	b5650000	-8.530914783477783e-07	-0x1.ca00000000000p-21	-229	268435456	normal	197
4438	b566	b5660000	-8.568167686462402e-07	-0x1.cc00000000000p-21	-115	134217728	normal	205
4439	b567	b5670000	-8.605420589447021e-07	-0x1.ce00000000000p-21	-231	268435456	normal	131
4440	b568	b5680000	-8.642673492431641e-07	-0x1.d000000000000p-21	-29	33554432	normal	202
4441	b569	b5690000	-8.67992639541626e-07	-0x1.d200000000000p-21	-233	268435456	normal	208
4442	b56a	b56a0000	-8.717179298400879e-07	-0x1.d400000000000p-21	-117	134217728	normal	219
4443	b56b	b56b0000	-8.754432201385498e-07	-0x1.d600000000000p-21	-235	268435456	normal	232
4444	b56c	b56c0000	-8.791685104370117e-07	-0x1.d800000000000p-21	-59	67108864	normal	100
4445	b56d	b56d0000	-8.828938007354736e-07	-0x1.da00000000000p-21	-237	268435456	normal	207
4446	b56e	b56e0000	-8.866190910339355e-07	-0x1.dc00000000000p-21	-119	134217728	normal	244
4447	b56f	b56f0000	-8.903443813323975e-07	-0x1.de00000000000p-21	-239	268435456	normal	116
4448	b570	b5700000	-8.940696716308594e-07	-0x1.e000000000000p-21	-15	16777216	normal	220
4449	b571	b5710000	-8.977949619293213e-07	-0x1.e200000000000p-21	-241	268435456	normal	208
4450	b572	b5720000	-9.015202522277832e-07	-0x1.e400000000000p-21	-121	134217728	normal	125
4451	b573	b5730000	-9.052455425262451e-07	-0x1.e600000000000p-21	-243	268435456	normal	203
4452	b574	b5740000	-9.08970832824707e-07	-0x1.e800000000000p-21	-61	67108864	normal	94
4453	b575	b5750000	-9.126961231231689e-07	-0x1.ea00000000000p-21	-245	268435456	normal	192
4454	b576	b5760000	-9.164214134216309e-07	-0x1.ec00000000000p-21	-123	134217728	normal	177
4455	b577	b5770000	-9.201467037200928e-07	-0x1.ee00000000000p-21	-247	268435456	normal	104
4456	b578	b5780000	-9.238719940185547e-07	-0x1.f000000000000p-21	-31	33554432	normal	185
4457	b579	b5790000	-9.275972843170166e-07	-0x1.f200000000000p-21	-249	268435456	normal	206
4458	b57a	b57a0000	-9.313225746154785e-07	-0x1.f400000000000p-21	-125	134217728	normal	120
4459	b57b	b57b0000	-9.350478649139404e-07	-0x1.f600000000000p-21	-251	268435456	normal	209
4460	b57c	b57c0000	-9.387731552124023e-07	-0x1.f800000000000p-21	-63	67108864	normal	94
4461	b57d	b57d0000	-9.424984455108643e-07	-0x1.fa00000000000p-21	-253	268435456	normal	308
4462	b57e	b57e0000	-9.462237358093262e-07	-0x1.fc00000000000p-21	-127	134217728	normal	105
4463	b57f	b57f0000	-9.499490261077881e-07	-0x1.fe00000000000p-21	-255	268435456	normal	220
4464	b580	b5800000	-9.5367431640625e-07	-0x1.0000000000000p-20	-1	1048576	normal	255
4465	b581	b5810000	-9.611248970031738e-07	-0x1.0200000000000p-20	-129	134217728	normal	436
4466	b582	b5820000	-9.685754776000977e-07	-0x1.0400000000000p-20	-65	67108864	normal	311
4467	b583	b5830000	-9.760260581970215e-07	-0x1.0600000000000p-20	-131	134217728	normal	304
4468	b584	b5840000	-9.834766387939453e-07	-0x1.0800000000000p-20	-33	33554432	normal	418
4469	b585	b5850000	-9.909272193908691e-07	-0x1.0a00000000000p-20	-133	134217728	normal	313
4470	b586	b5860000	-9.98377799987793e-07	-0x1.0c00000000000p-20	-67	67108864	normal	327
4471	b587	b5870000	-1.0058283805847168e-06	-0x1.0e00000000000p-20	-135	134217728	normal	424
4472	b588	b5880000	-1.0132789611816406e-06	-0x1.1000000000000p-20	-17	16777216	normal	312
4473	b589	b5890000	-1.0207295417785645e-06	-0x1.1200000000000p-20	-137	134217728	normal	323
4474	b58a	b58a0000	-1.0281801223754883e-06	-0x1.1400000000000p-20	-69	67108864	normal	421
4475	b58b	b58b0000	-1.0356307029724121e-06	-0x1.1600000000000p-20	-139	134217728	normal	317
4476	b58c	b58c0000	-1.043081283569336e-06	-0x1.1800000000000p-20	-35	33554432	normal	303
4477	b58d	b58d0000	-1.0505318641662598e-06	-0x1.1a00000000000p-20	-141	134217728	normal	394
4478	b58e	b58e0000	-1.0579824447631836e-06	-0x1.1c00000000000p-20	-71	67108864	normal	325
4479	b58f	b58f0000	-1.0654330253601074e-06	-0x1.1e00000000000p-20	-143	134217728	normal	321
4480	b590	b5900000	-1.0728836059570312e-06	-0x1.2000000000000p-20	-9	8388608	normal	428
4481	b591	b5910000	-1.080334186553955e-06	-0x1.2200000000000p-20	-145	134217728	normal	333
4482	b592	b5920000	-1.087784767150879e-06	-0x1.2400000000000p-20	-73	67108864	normal	321
4483	b593	b5930000	-1.0952353477478027e-06	-0x1.2600000000000p-20	-147	134217728	normal	400
4484	b594	b5940000	-1.1026859283447266e-06	-0x1.2800000000000p-20	-37	33554432	normal	327
4485	b595	b5950000	-1.1101365089416504e-06	-0x1.2a00000000000p-20	-149	134217728	normal	311
4486	b596	b5960000	-1.1175870895385742e-06	-0x1.2c00000000000p-20	-75	67108864	normal	324
4487	b597	b5970000	-1.125037670135498e-06	-0x1.2e00000000000p-20	-151	134217728	normal	391
4488	b598	b5980000	-1.1324882507324219e-06	-0x1.3000000000000p-20	-19	16777216	normal	331
4489	b599	b5990000	-1.1399388313293457e-06	-0x1.3200000000000p-20	-153	134217728	normal	335
4490	b59a	b59a0000	-1.1473894119262695e-06	-0x1.3400000000000p-20	-77	67108864	normal	375
4491	b59b	b59b0000	-1.1548399925231934e-06	-0x1.3600000000000p-20	-155	134217728	normal	308
4492	b59c	b59c0000	-1.1622905731201172e-06	-0x1.3800000000000p-20	-39	33554432	normal	329
4493	b59d	b59d0000	-1.169741153717041e-06	-0x1.3a00000000000p-20	-157	134217728	normal	417
4494	b59e	b59e0000	-1.1771917343139648e-06	-0x1.3c00000000000p-20	-79	67108864	normal	279
4495	b59f	b59f0000	-1.1846423149108887e-06	-0x1.3e00000000000p-20	-159	134217728	normal	291
4496	b5a0	b5a00000	-1.1920928955078125e-06	-0x1.4000000000000p-20	-5	4194304	normal	416
4497	b5a1	b5a10000	-1.1995434761047363e-06	-0x1.4200000000000p-20	-161	134217728	normal	416
4498	b5a2	b5a20000	-1.2069940567016602e-06	-0x1.4400000000000p-20	-81	67108864	normal	435
4499	b5a3	b5a30000	-1.214444637298584e-06	-0x1.4600000000000p-20	-163	134217728	normal	305
4500	b5a4	b5a40000	-1.2218952178955078e-06	-0x1.4800000000000p-20	-41	33554432	normal	311
4501	b5a5	b5a50000	-1.2293457984924316e-06	-0x1.4a00000000000p-20	-165	134217728	normal	408
4502	b5a6	b5a60000	-1.2367963790893555e-06	-0x1.4c00000000000p-20	-83	67108864	normal	305
4503	b5a7	b5a70000	-1.2442469596862793e-06	-0x1.4e00000000000p-20	-167	134217728	normal	314
4504	b5a8	b5a80000	-1.2516975402832031e-06	-0x1.5000000000000p-20	-21	16777216	normal	375
4505	b5a9	b5a90000	-1.259148120880127e-06	-0x1.5200000000000p-20	-169	134217728	normal	293
4506	b5aa	b5aa0000	-1.2665987014770508e-06	-0x1.5400000000000p-20	-85	67108864	normal	310
4507	b5ab	b5ab0000	-1.2740492820739746e-06	-0x1.5600000000000p-20	-171	134217728	normal	278
4508	b5ac	b5ac0000	-1.2814998626708984e-06	-0x1.5800000000000p-20	-43	33554432	normal	428
4509	b5ad	b5ad0000	-1.2889504432678223e-06	-0x1.5a00000000000p-20	-173	134217728	normal	327
4510	b5ae	b5ae0000	-1.296401023864746e-06	-0x1.5c00000000000p-20	-87	67108864	normal	323
4511	b5af	b5af0000	-1.30385160446167e-06	-0x1.5e00000000000p-20	-175	134217728	normal	402
4512	b5b0	b5b00000	-1.3113021850585938e-06	-0x1.6000000000000p-20	-11	8388608	normal	311
4513	b5b1	b5b10000	-1.3187527656555176e-06	-0x1.6200000000000p-20	-177	134217728	normal	321
4514	b5b2	b5b20000	-1.3262033462524414e-06	-0x1.6400000000000p-20	-89	67108864	normal	395
4515	b5b3	b5b30000	-1.3336539268493652e-06	-0x1.6600000000000p-20	-179	134217728	normal	336
4516	b5b4	b5b40000	-1.341104507446289e-06	-0x1.6800000000000p-20	-45	33554432	normal	342
4517	b5b5	b5b50000	-1.3485550880432129e-06	-0x1.6a00000000000p-20	-181	134217728	normal	387
4518	b5b6	b5b60000	-1.3560056686401367e-06	-0x1.6c00000000000p-20	-91	67108864	normal	288
4519	b5b7	b5b70000	-1.3634562492370605e-06	-0x1.6e00000000000p-20	-183	134217728	normal	332
4520	b5b8	b5b80000	-1.3709068298339844e-06	-0x1.7000000000000p-20	-23	16777216	normal	396
4521	b5b9	b5b90000	-1.3783574104309082e-06	-0x1.7200000000000p-20	-185	134217728	normal	323
4522	b5ba	b5ba0000	-1.385807991027832e-06	-0x1.7400000000000p-20	-93	67108864	normal	305
4523	b5bb	b5bb0000	-1.3932585716247559e-06	-0x1.7600000000000p-20	-187	134217728	normal	426
4524	b5bc	b5bc0000	-1.4007091522216797e-06	-0x1.7800000000000p-20	-47	33554432	normal	296
4525	b5bd	b5bd0000	-1.4081597328186035e-06	-0x1.7a00000000000p-20	-189	134217728	normal	338
4526	b5be	b5be0000	-1.4156103134155273e-06	-0x1.7c00000000000p-20	-95	67108864	normal	406
4527	b5bf	b5bf0000	-1.4230608940124512e-06	-0x1.7e00000000000p-20	-191	134217728	normal	216
4528	b5c0	b5c00000	-1.430511474609375e-06	-0x1.8000000000000p-20	-3	2097152	normal	427
4529	b5c1	b5c10000	-1.4379620552062988e-06	-0x1.8200000000000p-20	-193	134217728	normal	421
4530	b5c2	b5c20000	-1.4454126358032227e-06	-0x1.8400000000000p-20	-97	67108864	normal	239
4531	b5c3	b5c30000	-1.4528632164001465e-06	-0x1.8600000000000p-20	-195	134217728	normal	371
4532	b5c4	b5c40000	-1.4603137969970703e-06	-0x1.8800000000000p-20	-49	33554432	normal	222
4533	b5c5	b5c50000	-1.4677643775939941e-06	-0x1.8a00000000000p-20	-197	134217728	normal	585
4534	b5c6	b5c60000	-1.475214958190918e-06	-0x1.8c00000000000p-20	-99	67108864	normal	247
4535	b5c7	b5c70000	-1.4826655387878418e-06	-0x1.8e00000000000p-20	-199	134217728	normal	412
4536	b5c8	b5c80000	-1.4901161193847656e-06	-0x1.9000000000000p-20	-25	16777216	normal	362
4537	b5c9	b5c90000	-1.4975666999816895e-06	-0x1.9200000000000p-20	-201	134217728	normal	227
4538	b5ca	b5ca0000	-1.5050172805786133e-06	-0x1.9400000000000p-20	-101	67108864	normal	396
4539	b5cb	b5cb0000	-1.5124678611755371e-06	-0x1.9600000000000p-20	-203	134217728	normal	405
4540	b5cc	b5cc0000	-1.519918441772461e-06	-0x1.9800000000000p-20	-51	33554432	normal	242
4541	b5cd	b5cd0000	-1.5273690223693848e-06	-0x1.9a00000000000p-20	-205	134217728	normal	377
4542	b5ce	b5ce0000	-1.5348196029663086e-06	-0x1.9c00000000000p-20	-103	67108864	normal	393
4543	b5cf	b5cf0000	-1.5422701835632324e-06	-0x1.9e00000000000p-20	-207	134217728	normal	243
4544	b5d0	b5d00000	-1.5497207641601562e-06	-0x1.a000000000000p-20	-13	8388608	normal	361
4545	b5d1	b5d10000	-1.55717134475708e-06	-0x1.a200000000000p-20	-209	134217728	normal	412
4546	b5d2	b5d20000	-1.564621925354004e-06	-0x1.a400000000000p-20	-105	67108864	normal	235
4547	b5d3	b5d30000	-1.5720725059509277e-06	-0x1.a600000000000p-20	-211	134217728	normal	411
4548	b5d4	b5d40000	-1.5795230865478516e-06	-0x1.a800000000000p-20	-53	33554432	normal	389
4549	b5d5	b5d50000	-1.5869736671447754e-06	-0x1.aa00000000000p-20	-213	134217728	normal	241
4550	b5d6	b5d60000	-1.5944242477416992e-06	-0x1.ac00000000000p-20	-107	67108864	normal	418
4551	b5d7	b5d70000	-1.601874828338623e-06	-0x1.ae00000000000p-20	-215	134217728	normal	400
4552	b5d8	b5d80000	-1.6093254089355469e-06	-0x1.b000000000000p-20	-27	16777216	normal	250
4553	b5d9	b5d90000	-1.6167759895324707e-06	-0x1.b200000000000p-20	-217	134217728	normal	389
4554	b5da	b5da0000	-1.6242265701293945e-06	-0x1.b400000000000p-20	-109	67108864	normal	380
4555	b5db	b5db0000	-1.6316771507263184e-06	-0x1.b600000000000p-20	-219	134217728	normal	234
4556	b5dc	b5dc0000	-1.6391277313232422e-06	-0x1.b800000000000p-20	-55	33554432	normal	395
4557	b5dd	b5dd0000	-1.646578311920166e-06	-0x1.ba00000000000p-20	-221	134217728	normal	410
4558	b5de	b5de0000	-1.6540288925170898e-06	-0x1.bc00000000000p-20	-111	67108864	normal	204
4559	b5df	b5df0000	-1.6614794731140137e-06	-0x1.be00000000000p-20	-223	134217728	normal	386
4560	b5e0	b5e00000	-1.6689300537109375e-06	-0x1.c000000000000p-20	-7	4194304	normal	371
4561	b5e1	b5e10000	-1.6763806343078613e-06	-0x1.c200000000000p-20	-225	134217728	normal	228
4562	b5e2	b5e20000	-1.6838312149047852e-06	-0x1.c400000000000p-20	-113	67108864	normal	392
4563	b5e3	b5e30000	-1.691281795501709e-06	-0x1.c600000000000p-20	-227	134217728	normal	393
4564	b5e4	b5e40000	-1.6987323760986328e-06	-0x1.c800000000000p-20	-57	33554432	normal	229
4565	b5e5	b5e50000	-1.7061829566955566e-06	-0x1.ca00000000000p-20	-229	134217728	normal	377
4566	b5e6	b5e60000	-1.7136335372924805e-06	-0x1.cc00000000000p-20	-115	67108864	normal	387
4567	b5e7	b5e70000	-1.7210841178894043e-06	-0x1.ce00000000000p-20	-231	134217728	normal	222
4568	b5e8	b5e80000	-1.7285346984863281e-06	-0x1.d000000000000p-20	-29	16777216	normal	396
4569	b5e9	b5e90000	-1.735985279083252e-06	-0x1.d200000000000p-20	-233	134217728	normal	403
4570	b5ea	b5ea0000	-1.7434358596801758e-06	-0x1.d400000000000p-20	-117	67108864	normal	344
4571	b5eb	b5eb0000	-1.7508864402770996e-06	-0x1.d600000000000p-20	-235	134217728	normal	372
4572	b5ec	b5ec0000	-1.7583370208740234e-06	-0x1.d800000000000p-20	-59	33554432	normal	213
4573	b5ed	b5ed0000	-1.7657876014709473e-06	-0x1.da00000000000p-20	-237	134217728	normal	397
4574	b5ee	b5ee0000	-1.773238182067871e-06	-0x1.dc00000000000p-20	-119	67108864	normal	405
4575	b5ef	b5ef0000	-1.780688762664795e-06	-0x1.de00000000000p-20	-239	134217728	normal	205
4576	b5f0	b5f00000	-1.7881393432617188e-06	-0x1.e000000000000p-20	-15	8388608	normal	405
4577	b5f1	b5f10000	-1.7955899238586426e-06	-0x1.e200000000000p-20	-241	134217728	normal	389
4578	b5f2	b5f20000	-1.8030405044555664e-06	-0x1.e400000000000p-20	-121	67108864	normal	235
4579	b5f3	b5f30000	-1.8104910850524902e-06	-0x1.e600000000000p-20	-243	134217728	normal	397
4580	b5f4	b5f40000	-1.817941665649414e-06	-0x1.e800000000000p-20	-61	33554432	normal	221
4581	b5f5	b5f50000	-1.8253922462463379e-06	-0x1.ea00000000000p-20	-245	134217728	normal	369
4582	b5f6	b5f60000	-1.8328428268432617e-06	-0x1.ec00000000000p-20	-123	67108864	normal	379
4583	b5f7	b5f70000	-1.8402934074401855e-06	-0x1.ee00000000000p-20	-247	134217728	normal	214
4584	b5f8	b5f80000	-1.8477439880371094e-06	-0x1.f000000000000p-20	-31	16777216	normal	354
4585	b5f9	b5f90000	-1.8551945686340332e-06	-0x1.f200000000000p-20	-249	134217728	normal	343
4586	b5fa	b5fa0000	-1.862645149230957e-06	-0x1.f400000000000p-20	-125	67108864	normal	235
4587	b5fb	b5fb0000	-1.8700957298278809e-06	-0x1.f600000000000p-20	-251	134217728	normal	395
4588	b5fc	b5fc0000	-1.8775463104248047e-06	-0x1.f800000000000p-20	-63	33554432	normal	239
4589	b5fd	b5fd0000	-1.8849968910217285e-06	-0x1.fa00000000000p-20	-253	134217728	normal	521
4590	b5fe	b5fe0000	-1.8924474716186523e-06	-0x1.fc00000000000p-20	-127	67108864	normal	220
4591	b5ff	b5ff0000	-1.8998980522155762e-06	-0x1.fe00000000000p-20	-255	134217728	normal	390
4592	b600	b6000000	-1.9073486328125e-06	-0x1.0000000000000p-19	-1	524288	normal	513
4593	b601	b6010000	-1.9222497940063477e-06	-0x1.0200000000000p-19	-129	67108864	normal	731
4594	b602	b6020000	-1.9371509552001953e-06	-0x1.0400000000000p-19	-65	33554432	normal	580
4595	b603	b6030000	-1.952052116394043e-06	-0x1.0600000000000p-19	-131	67108864	normal	598
4596	b604	b6040000	-1.9669532775878906e-06	-0x1.0800000000000p-19	-33	16777216	normal	733
4597	b605	b6050000	-1.9818544387817383e-06	-0x1.0a00000000000p-19	-133	67108864	normal	581
4598	b606	b6060000	-1.996755599975586e-06	-0x1.0c00000000000p-19	-67	33554432	normal	605
4599	b607	b6070000	-2.0116567611694336e-06	-0x1.0e00000000000p-19	-135	67108864	normal	782
4600	b608	b6080000	-2.0265579223632812e-06	-0x1.1000000000000p-19	-17	8388608	normal	592
4601	b609	b6090000	-2.041459083557129e-06	-0x1.1200000000000p-19	-137	67108864	normal	624
4602	b60a	b60a0000	-2.0563602447509766e-06	-0x1.1400000000000p-19	-69	33554432	normal	727
4603	b60b	b60b0000	-2.0712614059448242e-06	-0x1.1600000000000p-19	-139	67108864	normal	569
4604	b60c	b60c0000	-2.086162567138672e-06	-0x1.1800000000000p-19	-35	16777216	normal	599
4605	b60d	b60d0000	-2.1010637283325195e-06	-0x1.1a00000000000p-19	-141	67108864	normal	740
4606	b60e	b60e0000	-2.115964889526367e-06	-0x1.1c00000000000p-19	-71	33554432	normal	620
4607	b60f	b60f0000	-2.130866050720215e-06	-0x1.1e00000000000p-19	-143	67108864	normal	597
4608	b610	b6100000	-2.1457672119140625e-06	-0x1.2000000000000p-19	-9	4194304	normal	740
4609	b611	b6110000	-2.16066837310791e-06	-0x1.2200000000000p-19	-145	67108864	normal	580
4610	b612	b6120000	-2.175569534301758e-06	-0x1.2400000000000p-19	-73	33554432	normal	565
4611	b613	b6130000	-2.1904706954956055e-06	-0x1.2600000000000p-19	-147	67108864	normal	705
4612	b614	b6140000	-2.205371856689453e-06	-0x1.2800000000000p-19	-37	16777216	normal	586
4613	b615	b6150000	-2.2202730178833008e-06	-0x1.2a00000000000p-19	-149	67108864	normal	589
4614	b616	b6160000	-2.2351741790771484e-06	-0x1.2c00000000000p-19	-75	33554432	normal	568
4615	b617	b6170000	-2.250075340270996e-06	-0x1.2e00000000000p-19	-151	67108864	normal	706
4616	b618	b6180000	-2.2649765014648438e-06	-0x1.3000000000000p-19	-19	8388608	normal	594
4617	b619	b6190000	-2.2798776626586914e-06	-0x1.3200000000000p-19	-153	67108864	normal	614
4618	b61a	b61a0000	-2.294778823852539e-06	-0x1.3400000000000p-19	-77	33554432	normal	683
4619	b61b	b61b0000	-2.3096799850463867e-06	-0x1.3600000000000p-19	-155	67108864	normal	588
4620	b61c	b61c0000	-2.3245811462402344e-06	-0x1.3800000000000p-19	-39	16777216	normal	554
4621	b61d	b61d0000	-2.339482307434082e-06	-0x1.3a00000000000p-19	-157	67108864	normal	712
4622	b61e	b61e0000	-2.3543834686279297e-06	-0x1.3c00000000000p-19	-79	33554432	normal	596
4623	b61f	b61f0000	-2.3692846298217773e-06	-0x1.3e00000000000p-19	-159	67108864	normal	599
4624	b620	b6200000	-2.384185791015625e-06	-0x1.4000000000000p-19	-5	2097152	normal	679
4625	b621	b6210000	-2.3990869522094727e-06	-0x1.4200000000000p-19	-161	67108864	normal	712
4626	b622	b6220000	-2.4139881134033203e-06	-0x1.4400000000000p-19	-81	33554432	normal	703
4627	b623	b6230000	-2.428889274597168e-06	-0x1.4600000000000p-19	-163	67108864	normal	577
4628	b624	b6240000	-2.4437904357910156e-06	-0x1.4800000000000p-19	-41	16777216	normal	599
4629	b625	b6250000	-2.4586915969848633e-06	-0x1.4a00000000000p-19	-165	67108864	normal	689
4630	b626	b6260000	-2.473592758178711e-06	-0x1.4c00000000000p-19	-83	33554432	normal	560
4631	b627	b6270000	-2.4884939193725586e-06	-0x1.4e00000000000p-19	-167	67108864	normal	558
4632	b628	b6280000	-2.5033950805664062e-06	-0x1.5000000000000p-19	-21	8388608	normal	662
4633	b629	b6290000	-2.518296241760254e-06	-0x1.5200000000000p-19	-169	67108864	normal	553
4634	b62a	b62a0000	-2.5331974029541016e-06	-0x1.5400000000000p-19	-85	33554432	normal	559
4635	b62b	b62b0000	-2.5480985641479492e-06	-0x1.5600000000000p-19	-171	67108864	normal	594
4636	b62c	b62c0000	-2.562999725341797e-06	-0x1.5800000000000p-19	-43	16777216	normal	700
4637	b62d	b62d0000	-2.5779008865356445e-06	-0x1.5a00000000000p-19	-173	67108864	normal	557
4638	b62e	b62e0000	-2.592802047729492e-06	-0x1.5c00000000000p-19	-87	33554432	normal	565
4639	b62f	b62f0000	-2.60770320892334e-06	-0x1.5e00000000000p-19	-175	67108864	normal	696
4640	b630	b6300000	-2.6226043701171875e-06	-0x1.6000000000000p-19	-11	4194304	normal	593
4641	b631	b6310000	-2.637505531311035e-06	-0x1.6200000000000p-19	-177	67108864	normal	598
4642	b632	b6320000	-2.652406692504883e-06	-0x1.6400000000000p-19	-89	33554432	normal	694
4643	b633	b6330000	-2.6673078536987305e-06	-0x1.6600000000000p-19	-179	67108864	normal	559
4644	b634	b6340000	-2.682209014892578e-06	-0x1.6800000000000p-19	-45	16777216	normal	582
4645	b635	b6350000	-2.6971101760864258e-06	-0x1.6a00000000000p-19	-181	67108864	normal	669
4646	b636	b6360000	-2.7120113372802734e-06	-0x1.6c00000000000p-19	-91	33554432	normal	551
4647	b637	b6370000	-2.726912498474121e-06	-0x1.6e00000000000p-19	-183	67108864	normal	564
4648	b638	b6380000	-2.7418136596679688e-06	-0x1.7000000000000p-19	-23	8388608	normal	665
4649	b639	b6390000	-2.7567148208618164e-06	-0x1.7200000000000p-19	-185	67108864	normal	598
4650	b63a	b63a0000	-2.771615982055664e-06	-0x1.7400000000000p-19	-93	33554432	normal	564
4651	b63b	b63b0000	-2.7865171432495117e-06	-0x1.7600000000000p-19	-187	67108864	normal	676
4652	b63c	b63c0000	-2.8014183044433594e-06	-0x1.7800000000000p-19	-47	16777216	normal	584
4653	b63d	b63d0000	-2.816319465637207e-06	-0x1.7a00000000000p-19	-189	67108864	normal	620
4654	b63e	b63e0000	-2.8312206268310547e-06	-0x1.7c00000000000p-19	-95	33554432	normal	649
4655	b63f	b63f0000	-2.8461217880249023e-06	-0x1.7e00000000000p-19	-191	67108864	normal	438
4656	b640	b6400000	-2.86102294921875e-06	-0x1.8000000000000p-19	-3	1048576	normal	643
4657	b641	b6410000	-2.8759241104125977e-06	-0x1.8200000000000p-19	-193	67108864	normal	653
4658	b642	b6420000	-2.8908252716064453e-06	-0x1.8400000000000p-19	-97	33554432	normal	434
4659	b643	b6430000	-2.905726432800293e-06	-0x1.8600000000000p-19	-195	67108864	normal	647
4660	b644	b6440000	-2.9206275939941406e-06	-0x1.8800000000000p-19	-49	16777216	normal	467
4661	b645	b6450000	-2.9355287551879883e-06	-0x1.8a00000000000p-19	-197	67108864	normal	882
4662	b646	b6460000	-2.950429916381836e-06	-0x1.8c00000000000p-19	-99	33554432	normal	435
4663	b647	b6470000	-2.9653310775756836e-06	-0x1.8e00000000000p-19	-199	67108864	normal	685
4664	b648	b6480000	-2.9802322387695312e-06	-0x1.9000000000000p-19	-25	8388608	normal	634
4665	b649	b6490000	-2.995133399963379e-06	-0x1.9200000000000p-19	-201	67108864	normal	446
4666	b64a	b64a0000	-3.0100345611572266e-06	-0x1.9400000000000p-19	-101	33554432	normal	636
4667	b64b	b64b0000	-3.0249357223510742e-06	-0x1.9600000000000p-19	-203	67108864	normal	670
4668	b64c	b64c0000	-3.039836883544922e-06	-0x1.9800000000000p-19	-51	16777216	normal	416
4669	b64d	b64d0000	-3.0547380447387695e-06	-0x1.9a00000000000p-19	-205	67108864	normal	685
4670	b64e	b64e0000	-3.069639205932617e-06	-0x1.9c00000000000p-19	-103	33554432	normal	635
4671	b64f	b64f0000	-3.084540367126465e-06	-0x1.9e00000000000p-19	-207	67108864	normal	518
4672	b650	b6500000	-3.0994415283203125e-06	-0x1.a000000000000p-19	-13	4194304	normal	661
4673	b651	b6510000	-3.11434268951416e-06	-0x1.a200000000000p-19	-209	67108864	normal	659
4674	b652	b6520000	-3.129243850708008e-06	-0x1.a400000000000p-19	-105	33554432	normal	468
4675	b653	b6530000	-3.1441450119018555e-06	-0x1.a600000000000p-19	-211	67108864	normal	620
4676	b654	b6540000	-3.159046173095703e-06	-0x1.a800000000000p-19	-53	16777216	normal	650
4677	b655	b6550000	-3.1739473342895508e-06	-0x1.aa00000000000p-19	-213	67108864	normal	479
4678	b656	b6560000	-3.1888484954833984e-06	-0x1.ac00000000000p-19	-107	33554432	normal	599
4679	b657	b6570000	-3.203749656677246e-06	-0x1.ae00000000000p-19	-215	67108864	normal	677
4680	b658	b6580000	-3.2186508178710938e-06	-0x1.b000000000000p-19	-27	8388608	normal	465
4681	b659	b6590000	-3.2335519790649414e-06	-0x1.b200000000000p-19	-217	67108864	normal	607
4682	b65a	b65a0000	-3.248453140258789e-06	-0x1.b400000000000p-19	-109	33554432	normal	596
4683	b65b	b65b0000	-3.2633543014526367e-06	-0x1.b600000000000p-19	-219	67108864	normal	475
4684	b65c	b65c0000	-3.2782554626464844e-06	-0x1.b800000000000p-19	-55	16777216	normal	640
4685	b65d	b65d0000	-3.293156623840332e-06	-0x1.ba00000000000p-19	-221	67108864	normal	642
4686	b65e	b65e0000	-3.3080577850341797e-06	-0x1.bc00000000000p-19	-111	33554432	normal	432
4687	b65f	b65f0000	-3.3229589462280273e-06	-0x1.be00000000000p-19	-223	67108864	normal	600
4688	b660	b6600000	-3.337860107421875e-06	-0x1.c000000000000p-19	-7	2097152	normal	663
4689	b661	b6610000	-3.3527612686157227e-06	-0x1.c200000000000p-19	-225	67108864	normal	459
4690	b662	b6620000	-3.3676624298095703e-06	-0x1.c400000000000p-19	-113	33554432	normal	627
4691	b663	b6630000	-3.382563591003418e-06	-0x1.c600000000000p-19	-227	67108864	normal	587
4692	b664	b6640000	-3.3974647521972656e-06	-0x1.c800000000000p-19	-57	16777216	normal	430
4693	b665	b6650000	-3.4123659133911133e-06	-0x1.ca00000000000p-19	-229	67108864	normal	653
4694	b666	b6660000	-3.427267074584961e-06	-0x1.cc00000000000p-19	-115	33554432	normal	605
4695	b667	b6670000	-3.4421682357788086e-06	-0x1.ce00000000000p-19	-231	67108864	normal	490
4696	b668	b6680000	-3.4570693969726562e-06	-0x1.d000000000000p-19	-29	8388608	normal	609
4697	b669	b6690000	-3.471970558166504e-06	-0x1.d200000000000p-19	-233	67108864	normal	628
4698	b66a	b66a0000	-3.4868717193603516e-06	-0x1.d400000000000p-19	-117	33554432	normal	611
4699	b66b	b66b0000	-3.5017728805541992e-06	-0x1.d600000000000p-19	-235	67108864	normal	661
4700	b66c	b66c0000	-3.516674041748047e-06	-0x1.d800000000000p-19	-59	16777216	normal	463
4701	b66d	b66d0000	-3.5315752029418945e-06	-0x1.da00000000000p-19	-237	67108864	normal	629
4702	b66e	b66e0000	-3.546476364135742e-06	-0x1.dc00000000000p-19	-119	33554432	normal	629
4703	b66f	b66f0000	-3.56137752532959e-06	-0x1.de00000000000p-19	-239	67108864	normal	465
4704	b670	b6700000	-3.5762786865234375e-06	-0x1.e000000000000p-19	-15	4194304	normal	554
4705	b671	b6710000	-3.591179847717285e-06	-0x1.e200000000000p-19	-241	67108864	normal	636
4706	b672	b6720000	-3.606081008911133e-06	-0x1.e400000000000p-19	-121	33554432	normal	478
4707	b673	b6730000	-3.6209821701049805e-06	-0x1.e600000000000p-19	-243	67108864	normal	547
4708	b674	b6740000	-3.635883331298828e-06	-0x1.e800000000000p-19	-61	16777216	normal	457
4709	b675	b6750000	-3.6507844924926758e-06	-0x1.ea00000000000p-19	-245	67108864	normal	566
4710	b676	b6760000	-3.6656856536865234e-06	-0x1.ec00000000000p-19	-123	33554432	normal	609
4711	b677	b6770000	-3.680586814880371e-06	-0x1.ee00000000000p-19	-247	67108864	normal	452
4712	b678	b6780000	-3.6954879760742188e-06	-0x1.f000000000000p-19	-31	8388608	normal	596
4713	b679	b6790000	-3.7103891372680664e-06	-0x1.f200000000000p-19	-249	67108864	normal	581
4714	b67a	b67a0000	-3.725290298461914e-06	-0x1.f400000000000p-19	-125	33554432	normal	453
4715	b67b	b67b0000	-3.7401914596557617e-06	-0x1.f600000000000p-19	-251	67108864	normal	580
4716	b67c	b67c0000	-3.7550926208496094e-06	-0x1.f800000000000p-19	-63	16777216	normal	460
4717	b67d	b67d0000	-3.769993782043457e-06	-0x1.fa00000000000p-19	-253	67108864	normal	695
4718	b67e	b67e0000	-3.7848949432373047e-06	-0x1.fc00000000000p-19	-127	33554432	normal	415
4719	b67f	b67f0000	-3.7997961044311523e-06	-0x1.fe00000000000p-19	-255	67108864	normal	593
4720	b680	b6800000	-3.814697265625e-06	-0x1.0000000000000p-18	-1	262144	normal	805
4721	b681	b6810000	-3.844499588012695e-06	-0x1.0200000000000p-18	-129	33554432	normal	1117
4722	b682	b6820000	-3.874301910400391e-06	-0x1.0400000000000p-18	-65	16777216	normal	1059
4723	b683	b6830000	-3.904104232788086e-06	-0x1.0600000000000p-18	-131	33554432	normal	1088
4724	b684	b6840000	-3.933906555175781e-06	-0x1.0800000000000p-18	-33	8388608	normal	1146
4725	b685	b6850000	-3.9637088775634766e-06	-0x1.0a00000000000p-18	-133	33554432	normal	1063
4726	b686	b6860000	-3.993511199951172e-06	-0x1.0c00000000000p-18	-67	16777216	normal	1045
4727	b687	b6870000	-4.023313522338867e-06	-0x1.0e00000000000p-18	-135	33554432	normal	1114
4728	b688	b6880000	-4.0531158447265625e-06	-0x1.1000000000000p-18	-17	4194304	normal	989
4729	b689	b6890000	-4.082918167114258e-06	-0x1.1200000000000p-18	-137	33554432	normal	1022
4730	b68a	b68a0000	-4.112720489501953e-06	-0x1.1400000000000p-18	-69	16777216	normal	1149
4731	b68b	b68b0000	-4.1425228118896484e-06	-0x1.1600000000000p-18	-139	33554432	normal	1017
4732	b68c	b68c0000	-4.172325134277344e-06	-0x1.1800000000000p-18	-35	8388608	normal	1031
4733	b68d	b68d0000	-4.202127456665039e-06	-0x1.1a00000000000p-18	-141	33554432	normal	1175
4734	b68e	b68e0000	-4.231929779052734e-06	-0x1.1c00000000000p-18	-71	16777216	normal	1037
4735	b68f	b68f0000	-4.26173210144043e-06	-0x1.1e00000000000p-18	-143	33554432	normal	947
4736	b690	b6900000	-4.291534423828125e-06	-0x1.2000000000000p-18	-9	2097152	normal	1143
4737	b691	b6910000	-4.32133674621582e-06	-0x1.2200000000000p-18	-145	33554432	normal	948
4738	b692	b6920000	-4.351139068603516e-06	-0x1.2400000000000p-18	-73	16777216	normal	1006
4739	b693	b6930000	-4.380941390991211e-06	-0x1.2600000000000p-18	-147	33554432	normal	1031
4740	b694	b6940000	-4.410743713378906e-06	-0x1.2800000000000p-18	-37	8388608	normal	1033
4741	b695	b6950000	-4.4405460357666016e-06	-0x1.2a00000000000p-18	-149	33554432	normal	960
4742	b696	b6960000	-4.470348358154297e-06	-0x1.2c00000000000p-18	-75	16777216	normal	951
4743	b697	b6970000	-4.500150680541992e-06	-0x1.2e00000000000p-18	-151	33554432	normal	1018
4744	b698	b6980000	-4.5299530029296875e-06	-0x1.3000000000000p-18	-19	4194304	normal	945
4745	b699	b6990000	-4.559755325317383e-06	-0x1.3200000000000p-18	-153	33554432	normal	960
4746	b69a	b69a0000	-4.589557647705078e-06	-0x1.3400000000000p-18	-77	16777216	normal	1104
4747	b69b	b69b0000	-4.6193599700927734e-06	-0x1.3600000000000p-18	-155	33554432	normal	982
4748	b69c	b69c0000	-4.649162292480469e-06	-0x1.3800000000000p-18	-39	8388608	normal	975
4749	b69d	b69d0000	-4.678964614868164e-06	-0x1.3a00000000000p-18	-157	33554432	normal	981
4750	b69e	b69e0000	-4.708766937255859e-06	-0x1.3c00000000000p-18	-79	16777216	normal	981
4751	b69f	b69f0000	-4.738569259643555e-06	-0x1.3e00000000000p-18	-159	33554432	normal	1000
4752	b6a0	b6a00000	-4.76837158203125e-06	-0x1.4000000000000p-18	-5	1048576	normal	1029
4753	b6a1	b6a10000	-4.798173904418945e-06	-0x1.4200000000000p-18	-161	33554432	normal	1055
4754	b6a2	b6a20000	-4.827976226806641e-06	-0x1.4400000000000p-18	-81	16777216	normal	1016
4755	b6a3	b6a30000	-4.857778549194336e-06	-0x1.4600000000000p-18	-163	33554432	normal	917
4756	b6a4	b6a40000	-4.887580871582031e-06	-0x1.4800000000000p-18	-41	8388608	normal	936
4757	b6a5	b6a50000	-4.9173831939697266e-06	-0x1.4a00000000000p-18	-165	33554432	normal	1008
4758	b6a6	b6a60000	-4.947185516357422e-06	-0x1.4c00000000000p-18	-83	16777216	normal	992
4759	b6a7	b6a70000	-4.976987838745117e-06	-0x1.4e00000000000p-18	-167	33554432	normal	1054
4760	b6a8	b6a80000	-5.0067901611328125e-06	-0x1.5000000000000p-18	-21	4194304	normal	1028
4761	b6a9	b6a90000	-5.036592483520508e-06	-0x1.5200000000000p-18	-169	33554432	normal	1020
4762	b6aa	b6aa0000	-5.066394805908203e-06	-0x1.5400000000000p-18	-85	16777216	normal	1023
4763	b6ab	b6ab0000	-5.0961971282958984e-06	-0x1.5600000000000p-18	-171	33554432	normal	903
4764	b6ac	b6ac0000	-5.125999450683594e-06	-0x1.5800000000000p-18	-43	8388608	normal	1028
4765	b6ad	b6ad0000	-5.155801773071289e-06	-0x1.5a00000000000p-18	-173	33554432	normal	967
4766	b6ae	b6ae0000	-5.185604095458984e-06	-0x1.5c00000000000p-18	-87	16777216	normal	934
4767	b6af	b6af0000	-5.21540641784668e-06	-0x1.5e00000000000p-18	-175	33554432	normal	942
4768	b6b0	b6b00000	-5.245208740234375e-06	-0x1.6000000000000p-18	-11	2097152	normal	912
4769	b6b1	b6b10000	-5.27501106262207e-06	-0x1.6200000000000p-18	-177	33554432	normal	958
4770	b6b2	b6b20000	-5.304813385009766e-06	-0x1.6400000000000p-18	-89	16777216	normal	995
4771	b6b3	b6b30000	-5.334615707397461e-06	-0x1.6600000000000p-18	-179	33554432	normal	917
4772	b6b4	b6b40000	-5.364418029785156e-06	-0x1.6800000000000p-18	-45	8388608	normal	954
4773	b6b5	b6b50000	-5.3942203521728516e-06	-0x1.6a00000000000p-18	-181	33554432	normal	996
4774	b6b6	b6b60000	-5.424022674560547e-06	-0x1.6c00000000000p-18	-91	16777216	normal	933
4775	b6b7	b6b70000	-5.453824996948242e-06	-0x1.6e00000000000p-18	-183	33554432	normal	953
4776	b6b8	b6b80000	-5.4836273193359375e-06	-0x1.7000000000000p-18	-23	4194304	normal	971
4777	b6b9	b6b90000	-5.513429641723633e-06	-0x1.7200000000000p-18	-185	33554432	normal	961
4778	b6ba	b6ba0000	-5.543231964111328e-06	-0x1.7400000000000p-18	-93	16777216	normal	940
4779	b6bb	b6bb0000	-5.5730342864990234e-06	-0x1.7600000000000p-18	-187	33554432	normal	1039
4780	b6bc	b6bc0000	-5.602836608886719e-06	-0x1.7800000000000p-18	-47	8388608	normal	959
4781	b6bd	b6bd0000	-5.632638931274414e-06	-0x1.7a00000000000p-18	-189	33554432	normal	934
4782	b6be	b6be0000	-5.662441253662109e-06	-0x1.7c00000000000p-18	-95	16777216	normal	976
4783	b6bf	b6bf0000	-5.692243576049805e-06	-0x1.7e00000000000p-18	-191	33554432	normal	919
4784	b6c0	b6c00000	-5.7220458984375e-06	-0x1.8000000000000p-18	-3	524288	normal	969
4785	b6c1	b6c10000	-5.751848220825195e-06	-0x1.8200000000000p-18	-193	33554432	normal	888
4786	b6c2	b6c20000	-5.781650543212891e-06	-0x1.8400000000000p-18	-97	16777216	normal	881
4787	b6c3	b6c30000	-5.811452865600586e-06	-0x1.8600000000000p-18	-195	33554432	normal	1035
4788	b6c4	b6c40000	-5.841255187988281e-06	-0x1.8800000000000p-18	-49	8388608	normal	947
4789	b6c5	b6c50000	-5.8710575103759766e-06	-0x1.8a00000000000p-18	-197	33554432	normal	1062
4790	b6c6	b6c60000	-5.900859832763672e-06	-0x1.8c00000000000p-18	-99	16777216	normal	908
4791	b6c7	b6c70000	-5.930662155151367e-06	-0x1.8e00000000000p-18	-199	33554432	normal	956
4792	b6c8	b6c80000	-5.9604644775390625e-06	-0x1.9000000000000p-18	-25	4194304	normal	978
4793	b6c9	b6c90000	-5.990266799926758e-06	-0x1.9200000000000p-18	-201	33554432	normal	855
4794	b6ca	b6ca0000	-6.020069122314453e-06	-0x1.9400000000000p-18	-101	16777216	normal	967
4795	b6cb	b6cb0000	-6.0498714447021484e-06	-0x1.9600000000000p-18	-203	33554432	normal	941
4796	b6cc	b6cc0000	-6.079673767089844e-06	-0x1.9800000000000p-18	-51	8388608	normal	946
4797	b6cd	b6cd0000	-6.109476089477539e-06	-0x1.9a00000000000p-18	-205	33554432	normal	950
4798	b6ce	b6ce0000	-6.139278411865234e-06	-0x1.9c00000000000p-18	-103	16777216	normal	925
4799	b6cf	b6cf0000	-6.16908073425293e-06	-0x1.9e00000000000p-18	-207	33554432	normal	920
4800	b6d0	b6d00000	-6.198883056640625e-06	-0x1.a000000000000p-18	-13	2097152	normal	959
4801	b6d1	b6d10000	-6.22868537902832e-06	-0x1.a200000000000p-18	-209	33554432	normal	955
4802	b6d2	b6d20000	-6.258487701416016e-06	-0x1.a400000000000p-18	-105	16777216	normal	921
4803	b6d3	b6d30000	-6.288290023803711e-06	-0x1.a600000000000p-18	-211	33554432	normal	932
4804	b6d4	b6d40000	-6.318092346191406e-06	-0x1.a800000000000p-18	-53	8388608	normal	915
4805	b6d5	b6d50000	-6.3478946685791016e-06	-0x1.aa00000000000p-18	-213	33554432	normal	936
4806	b6d6	b6d60000	-6.377696990966797e-06	-0x1.ac00000000000p-18	-107	16777216	normal	916
4807	b6d7	b6d70000	-6.407499313354492e-06	-0x1.ae00000000000p-18	-215	33554432	normal	967
4808	b6d8	b6d80000	-6.4373016357421875e-06	-0x1.b000000000000p-18	-27	4194304	normal	912
4809	b6d9	b6d90000	-6.467103958129883e-06	-0x1.b200000000000p-18	-217	33554432	normal	993
4810	b6da	b6da0000	-6.496906280517578e-06	-0x1.b400000000000p-18	-109	16777216	normal	909
4811	b6db	b6db0000	-6.5267086029052734e-06	-0x1.b600000000000p-18	-219	33554432	normal	857
4812	b6dc	b6dc0000	-6.556510925292969e-06	-0x1.b800000000000p-18	-55	8388608	normal	898
4813	b6dd	b6dd0000	-6.586313247680664e-06	-0x1.ba00000000000p-18	-221	33554432	normal	898
4814	b6de	b6de0000	-6.616115570068359e-06	-0x1.bc00000000000p-18	-111	16777216	normal	904
4815	b6df	b6df0000	-6.645917892456055e-06	-0x1.be00000000000p-18	-223	33554432	normal	928
4816	b6e0	b6e00000	-6.67572021484375e-06	-0x1.c000000000000p-18	-7	1048576	normal	907
4817	b6e1	b6e10000	-6.705522537231445e-06	-0x1.c200000000000p-18	-225	33554432	normal	896
4818	b6e2	b6e20000	-6.735324859619141e-06	-0x1.c400000000000p-18	-113	16777216	normal	965
4819	b6e3	b6e30000	-6.765127182006836e-06	-0x1.c600000000000p-18	-227	33554432	normal	905
4820	b6e4	b6e40000	-6.794929504394531e-06	-0x1.c800000000000p-18	-57	8388608	normal	868
4821	b6e5	b6e50000	-6.8247318267822266e-06	-0x1.ca00000000000p-18	-229	33554432	normal	956
4822	b6e6	b6e60000	-6.854534149169922e-06	-0x1.cc00000000000p-18	-115	16777216	normal	992
4823	b6e7	b6e70000	-6.884336471557617e-06	-0x1.ce00000000000p-18	-231	33554432	normal	880
4824	b6e8	b6e80000	-6.9141387939453125e-06	-0x1.d000000000000p-18	-29	4194304	normal	865
4825	b6e9	b6e90000	-6.943941116333008e-06	-0x1.d200000000000p-18	-233	33554432	normal	973
4826	b6ea	b6ea0000	-6.973743438720703e-06	-0x1.d400000000000p-18	-117	16777216	normal	898
4827	b6eb	b6eb0000	-7.0035457611083984e-06	-0x1.d600000000000p-18	-235	33554432	normal	882
4828	b6ec	b6ec0000	-7.033348083496094e-06	-0x1.d800000000000p-18	-59	8388608	normal	870
4829	b6ed	b6ed0000	-7.063150405883789e-06	-0x1.da00000000000p-18	-237	33554432	normal	925
4830	b6ee	b6ee0000	-7.092952728271484e-06	-0x1.dc00000000000p-18	-119	16777216	normal	905
4831	b6ef	b6ef0000	-7.12275505065918e-06	-0x1.de00000000000p-18	-239	33554432	normal	894
4832	b6f0	b6f00000	-7.152557373046875e-06	-0x1.e000000000000p-18	-15	2097152	normal	881
4833	b6f1	b6f10000	-7.18235969543457e-06	-0x1.e200000000000p-18	-241	33554432	normal	892
4834	b6f2	b6f20000	-7.212162017822266e-06	-0x1.e400000000000p-18	-121	16777216	normal	942
4835	b6f3	b6f30000	-7.241964340209961e-06	-0x1.e600000000000p-18	-243	33554432	normal	901
4836	b6f4	b6f40000	-7.271766662597656e-06	-0x1.e800000000000p-18	-61	8388608	normal	900
4837	b6f5	b6f50000	-7.3015689849853516e-06	-0x1.ea00000000000p-18	-245	33554432	normal	935
4838	b6f6	b6f60000	-7.331371307373047e-06	-0x1.ec00000000000p-18	-123	16777216	normal	863
4839	b6f7	b6f70000	-7.361173629760742e-06	-0x1.ee00000000000p-18	-247	33554432	normal	892
4840	b6f8	b6f80000	-7.3909759521484375e-06	-0x1.f000000000000p-18	-31	4194304	normal	939
4841	b6f9	b6f90000	-7.420778274536133e-06	-0x1.f200000000000p-18	-249	33554432	normal	886
4842	b6fa	b6fa0000	-7.450580596923828e-06	-0x1.f400000000000p-18	-125	16777216	normal	883
4843	b6fb	b6fb0000	-7.4803829193115234e-06	-0x1.f600000000000p-18	-251	33554432	normal	883
4844	b6fc	b6fc0000	-7.510185241699219e-06	-0x1.f800000000000p-18	-63	8388608	normal	942
4845	b6fd	b6fd0000	-7.539987564086914e-06	-0x1.fa00000000000p-18	-253	33554432	normal	943
4846	b6fe	b6fe0000	-7.569789886474609e-06	-0x1.fc00000000000p-18	-127	16777216	normal	856
4847	b6ff	b6ff0000	-7.599592208862305e-06	-0x1.fe00000000000p-18	-255	33554432	normal	909
4848	b700	b7000000	-7.62939453125e-06	-0x1.0000000000000p-17	-1	131072	normal	1403
4849	b701	b7010000	-7.68899917602539e-06	-0x1.0200000000000p-17	-129	16777216	normal	1815
4850	b702	b7020000	-7.748603820800781e-06	-0x1.0400000000000p-17	-65	8388608	normal	1766
4851	b703	b7030000	-7.808208465576172e-06	-0x1.0600000000000p-17	-131	16777216	normal	1800
4852	b704	b7040000	-7.867813110351562e-06	-0x1.0800000000000p-17	-33	4194304	normal	1794
4853	b705	b7050000	-7.927417755126953e-06	-0x1.0a00000000000p-17	-133	16777216	normal	1729
4854	b706	b7060000	-7.987022399902344e-06	-0x1.0c00000000000p-17	-67	8388608	normal	1775
4855	b707	b7070000	-8.046627044677734e-06	-0x1.0e00000000000p-17	-135	16777216	normal	1778
4856	b708	b7080000	-8.106231689453125e-06	-0x1.1000000000000p-17	-17	2097152	normal	1704
4857	b709	b7090000	-8.165836334228516e-06	-0x1.1200000000000p-17	-137	16777216	normal	1839
4858	b70a	b70a0000	-8.225440979003906e-06	-0x1.1400000000000p-17	-69	8388608	normal	1834
4859	b70b	b70b0000	-8.285045623779297e-06	-0x1.1600000000000p-17	-139	16777216	normal	1732
4860	b70c	b70c0000	-8.344650268554688e-06	-0x1.1800000000000p-17	-35	4194304	normal	1752
4861	b70d	b70d0000	-8.404254913330078e-06	-0x1.1a00000000000p-17	-141	16777216	normal	1857
4862	b70e	b70e0000	-8.463859558105469e-06	-0x1.1c00000000000p-17	-71	8388608	normal	1779
4863	b70f	b70f0000	-8.52346420288086e-06	-0x1.1e00000000000p-17	-143	16777216	normal	1817
4864	b710	b7100000	-8.58306884765625e-06	-0x1.2000000000000p-17	-9	1048576	normal	1827
4865	b711	b7110000	-8.64267349243164e-06	-0x1.2200000000000p-17	-145	16777216	normal	1806
4866	b712	b7120000	-8.702278137207031e-06	-0x1.2400000000000p-17	-73	8388608	normal	1755
4867	b713	b7130000	-8.761882781982422e-06	-0x1.2600000000000p-17	-147	16777216	normal	1759
4868	b714	b7140000	-8.821487426757812e-06	-0x1.2800000000000p-17	-37	4194304	normal	1879
4869	b715	b7150000	-8.881092071533203e-06	-0x1.2a00000000000p-17	-149	16777216	normal	1775
4870	b716	b7160000	-8.940696716308594e-06	-0x1.2c00000000000p-17	-75	8388608	normal	1806
4871	b717	b7170000	-9.000301361083984e-06	-0x1.2e00000000000p-17	-151	16777216	normal	1752
4872	b718	b7180000	-9.059906005859375e-06	-0x1.3000000000000p-17	-19	2097152	normal	1785
4873	b719	b7190000	-9.119510650634766e-06	-0x1.3200000000000p-17	-153	16777216	normal	1756
4874	b71a	b71a0000	-9.179115295410156e-06	-0x1.3400000000000p-17	-77	8388608	normal	1777
4875	b71b	b71b0000	-9.238719940185547e-06	-0x1.3600000000000p-17	-155	16777216	normal	1811
4876	b71c	b71c0000	-9.298324584960938e-06	-0x1.3800000000000p-17	-39	4194304	normal	1750
4877	b71d	b71d0000	-9.357929229736328e-06	-0x1.3a00000000000p-17	-157	16777216	normal	1770
4878	b71e	b71e0000	-9.417533874511719e-06	-0x1.3c00000000000p-17	-79	8388608	normal	1787
4879	b71f	b71f0000	-9.47713851928711e-06	-0x1.3e00000000000p-17	-159	16777216	normal	1741
4880	b720	b7200000	-9.5367431640625e-06	-0x1.4000000000000p-17	-5	524288	normal	1784
4881	b721	b7210000	-9.59634780883789e-06	-0x1.4200000000000p-17	-161	16777216	normal	1756
4882	b722	b7220000	-9.655952453613281e-06	-0x1.4400000000000p-17	-81	8388608	normal	1831
4883	b723	b7230000	-9.715557098388672e-06	-0x1.4600000000000p-17	-163	16777216	normal	1773
4884	b724	b7240000	-9.775161743164062e-06	-0x1.4800000000000p-17	-41	4194304	normal	1747
4885	b725	b7250000	-9.834766387939453e-06	-0x1.4a00000000000p-17	-165	16777216	normal	1824
4886	b726	b7260000	-9.894371032714844e-06	-0x1.4c00000000000p-17	-83	8388608	normal	1810
4887	b727	b7270000	-9.953975677490234e-06	-0x1.4e00000000000p-17	-167	16777216	normal	1777
4888	b728	b7280000	-1.0013580322265625e-05	-0x1.5000000000000p-17	-21	2097152	normal	1808
4889	b729	b7290000	-1.0073184967041016e-05	-0x1.5200000000000p-17	-169	16777216	normal	1785
4890	b72a	b72a0000	-1.0132789611816406e-05	-0x1.5400000000000p-17	-85	8388608	normal	1697
4891	b72b	b72b0000	-1.0192394256591797e-05	-0x1.5600000000000p-17	-171	16777216	normal	1804
4892	b72c	b72c0000	-1.0251998901367188e-05	-0x1.5800000000000p-17	-43	4194304	normal	1701
4893	b72d	b72d0000	-1.0311603546142578e-05	-0x1.5a00000000000p-17	-173	16777216	normal	1768
4894	b72e	b72e0000	-1.0371208190917969e-05	-0x1.5c00000000000p-17	-87	8388608	normal	1797
4895	b72f	b72f0000	-1.043081283569336e-05	-0x1.5e00000000000p-17	-175	16777216	normal	1786
4896	b730	b7300000	-1.049041748046875e-05	-0x1.6000000000000p-17	-11	1048576	normal	1742
4897	b731	b7310000	-1.055002212524414e-05	-0x1.6200000000000p-17	-177	16777216	normal	1821
4898	b732	b7320000	-1.0609626770019531e-05	-0x1.6400000000000p-17	-89	8388608	normal	1793
4899	b733	b7330000	-1.0669231414794922e-05	-0x1.6600000000000p-17	-179	16777216	normal	1724
4900	b734	b7340000	-1.0728836059570312e-05	-0x1.6800000000000p-17	-45	4194304	normal	1810
4901	b735	b7350000	-1.0788440704345703e-05	-0x1.6a00000000000p-17	-181	16777216	normal	1781
4902	b736	b7360000	-1.0848045349121094e-05	-0x1.6c00000000000p-17	-91	8388608	normal	1797
4903	b737	b7370000	-1.0907649993896484e-05	-0x1.6e00000000000p-17	-183	16777216	normal	1773
4904	b738	b7380000	-1.0967254638671875e-05	-0x1.7000000000000p-17	-23	2097152	normal	1736
4905	b739	b7390000	-1.1026859283447266e-05	-0x1.7200000000000p-17	-185	16777216	normal	1694
4906	b73a	b73a0000	-1.1086463928222656e-05	-0x1.7400000000000p-17	-93	8388608	normal	1799
4907	b73b	b73b0000	-1.1146068572998047e-05	-0x1.7600000000000p-17	-187	16777216	normal	1768
4908	b73c	b73c0000	-1.1205673217773438e-05	-0x1.7800000000000p-17	-47	4194304	normal	1744
4909	b73d	b73d0000	-1.1265277862548828e-05	-0x1.7a00000000000p-17	-189	16777216	normal	1752
4910	b73e	b73e0000	-1.1324882507324219e-05	-0x1.7c00000000000p-17	-95	8388608	normal	1786
4911	b73f	b73f0000	-1.138448715209961e-05	-0x1.7e00000000000p-17	-191	16777216	normal	1778
4912	b740	b7400000	-1.1444091796875e-05	-0x1.8000000000000p-17	-3	262144	normal	1820
4913	b741	b7410000	-1.150369644165039e-05	-0x1.8200000000000p-17	-193	16777216	normal	1728
4914	b742	b7420000	-1.1563301086425781e-05	-0x1.8400000000000p-17	-97	8388608	normal	1703
4915	b743	b7430000	-1.1622905731201172e-05	-0x1.8600000000000p-17	-195	16777216	normal	1788
4916	b744	b7440000	-1.1682510375976562e-05	-0x1.8800000000000p-17	-49	4194304	normal	1717
4917	b745	b7450000	-1.1742115020751953e-05	-0x1.8a00000000000p-17	-197	16777216	normal	1822
4918	b746	b7460000	-1.1801719665527344e-05	-0x1.8c00000000000p-17	-99	8388608	normal	1735
4919	b747	b7470000	-1.1861324310302734e-05	-0x1.8e00000000000p-17	-199	16777216	normal	1745
4920	b748	b7480000	-1.1920928955078125e-05	-0x1.9000000000000p-17	-25	2097152	normal	1761
4921	b749	b7490000	-1.1980533599853516e-05	-0x1.9200000000000p-17	-201	16777216	normal	1708
4922	b74a	b74a0000	-1.2040138244628906e-05	-0x1.9400000000000p-17	-101	8388608	normal	1814
4923	b74b	b74b0000	-1.2099742889404297e-05	-0x1.9600000000000p-17	-203	16777216	normal	1669
4924	b74c	b74c0000	-1.2159347534179688e-05	-0x1.9800000000000p-17	-51	4194304	normal	1776
4925	b74d	b74d0000	-1.2218952178955078e-05	-0x1.9a00000000000p-17	-205	16777216	normal	1790
4926	b74e	b74e0000	-1.2278556823730469e-05	-0x1.9c00000000000p-17	-103	8388608	normal	1775
4927	b74f	b74f0000	-1.233816146850586e-05	-0x1.9e00000000000p-17	-207	16777216	normal	1767
4928	b750	b7500000	-1.239776611328125e-05	-0x1.a000000000000p-17	-13	1048576	normal	1725
4929	b751	b7510000	-1.245737075805664e-05	-0x1.a200000000000p-17	-209	16777216	normal	1755
4930	b752	b7520000	-1.2516975402832031e-05	-0x1.a400000000000p-17	-105	8388608	normal	1806
4931	b753	b7530000	-1.2576580047607422e-05	-0x1.a600000000000p-17	-211	16777216	normal	1750
4932	b754	b7540000	-1.2636184692382812e-05	-0x1.a800000000000p-17	-53	4194304	normal	1774
4933	b755	b7550000	-1.2695789337158203e-05	-0x1.aa00000000000p-17	-213	16777216	normal	1795
4934	b756	b7560000	-1.2755393981933594e-05	-0x1.ac00000000000p-17	-107	8388608	normal	1740
4935	b757	b7570000	-1.2814998626708984e-05	-0x1.ae00000000000p-17	-215	16777216	normal	1879
4936	b758	b7580000	-1.2874603271484375e-05	-0x1.b000000000000p-17	-27	2097152	normal	1765
4937	b759	b7590000	-1.2934207916259766e-05	-0x1.b200000000000p-17	-217	16777216	normal	1762
4938	b75a	b75a0000	-1.2993812561035156e-05	-0x1.b400000000000p-17	-109	8388608	normal	1791
4939	b75b	b75b0000	-1.3053417205810547e-05	-0x1.b600000000000p-17	-219	16777216	normal	1770
4940	b75c	b75c0000	-1.3113021850585938e-05	-0x1.b800000000000p-17	-55	4194304	normal	1773
4941	b75d	b75d0000	-1.3172626495361328e-05	-0x1.ba00000000000p-17	-221	16777216	normal	1766
4942	b75e	b75e0000	-1.3232231140136719e-05	-0x1.bc00000000000p-17	-111	8388608	normal	1784
4943	b75f	b75f0000	-1.329183578491211e-05	-0x1.be00000000000p-17	-223	16777216	normal	1758
4944	b760	b7600000	-1.33514404296875e-05	-0x1.c000000000000p-17	-7	524288	normal	1775
4945	b761	b7610000	-1.341104507446289e-05	-0x1.c200000000000p-17	-225	16777216	normal	1780
4946	b762	b7620000	-1.3470649719238281e-05	-0x1.c400000000000p-17	-113	8388608	normal	1755
4947	b763	b7630000	-1.3530254364013672e-05	-0x1.c600000000000p-17	-227	16777216	normal	1770
4948	b764	b7640000	-1.3589859008789062e-05	-0x1.c800000000000p-17	-57	4194304	normal	1739
4949	b765	b7650000	-1.3649463653564453e-05	-0x1.ca00000000000p-17	-229	16777216	normal	1792
4950	b766	b7660000	-1.3709068298339844e-05	-0x1.cc00000000000p-17	-115	8388608	normal	1798
4951	b767	b7670000	-1.3768672943115234e-05	-0x1.ce00000000000p-17	-231	16777216	normal	1803
4952	b768	b7680000	-1.3828277587890625e-05	-0x1.d000000000000p-17	-29	2097152	normal	1812
4953	b769	b7690000	-1.3887882232666016e-05	-0x1.d200000000000p-17	-233	16777216	normal	1782
4954	b76a	b76a0000	-1.3947486877441406e-05	-0x1.d400000000000p-17	-117	8388608	normal	1736
4955	b76b	b76b0000	-1.4007091522216797e-05	-0x1.d600000000000p-17	-235	16777216	normal	1849
4956	b76c	b76c0000	-1.4066696166992188e-05	-0x1.d800000000000p-17	-59	4194304	normal	1835
4957	b76d	b76d0000	-1.4126300811767578e-05	-0x1.da00000000000p-17	-237	16777216	normal	1763
4958	b76e	b76e0000	-1.4185905456542969e-05	-0x1.dc00000000000p-17	-119	8388608	normal	1772
4959	b76f	b76f0000	-1.424551010131836e-05	-0x1.de00000000000p-17	-239	16777216	normal	1780
4960	b770	b7700000	-1.430511474609375e-05	-0x1.e000000000000p-17	-15	1048576	normal	1810
4961	b771	b7710000	-1.436471939086914e-05	-0x1.e200000000000p-17	-241	16777216	normal	1763
4962	b772	b7720000	-1.4424324035644531e-05	-0x1.e400000000000p-17	-121	8388608	normal	1775
4963	b773	b7730000	-1.4483928680419922e-05	-0x1.e600000000000p-17	-243	16777216	normal	1694
4964	b774	b7740000	-1.4543533325195312e-05	-0x1.e800000000000p-17	-61	4194304	normal	1774
4965	b775	b7750000	-1.4603137969970703e-05	-0x1.ea00000000000p-17	-245	16777216	normal	1755
4966	b776	b7760000	-1.4662742614746094e-05	-0x1.ec00000000000p-17	-123	8388608	normal	1731
4967	b777	b7770000	-1.4722347259521484e-05	-0x1.ee00000000000p-17	-247	16777216	normal	1750
4968	b778	b7780000	-1.4781951904296875e-05	-0x1.f000000000000p-17	-31	2097152	normal	1782
4969	b779	b7790000	-1.4841556549072266e-05	-0x1.f200000000000p-17	-249	16777216	normal	1699
4970	b77a	b77a0000	-1.4901161193847656e-05	-0x1.f400000000000p-17	-125	8388608	normal	1749
4971	b77b	b77b0000	-1.4960765838623047e-05	-0x1.f600000000000p-17	-251	16777216	normal	1876
4972	b77c	b77c0000	-1.5020370483398438e-05	-0x1.f800000000000p-17	-63	4194304	normal	1717
4973	b77d	b77d0000	-1.5079975128173828e-05	-0x1.fa00000000000p-17	-253	16777216	normal	1746
4974	b77e	b77e0000	-1.5139579772949219e-05	-0x1.fc00000000000p-17	-127	8388608	normal	1777
4975	b77f	b77f0000	-1.519918441772461e-05	-0x1.fe00000000000p-17	-255	16777216	normal	1789
4976	b780	b7800000	-1.52587890625e-05	-0x1.0000000000000p-16	-1	65536	normal	2663
4977	b781	b7810000	-1.537799835205078e-05	-0x1.0200000000000p-16	-129	8388608	normal	3524
4978	b782	b7820000	-1.5497207641601562e-05	-0x1.0400000000000p-16	-65	4194304	normal	3487
4979	b783	b7830000	-1.5616416931152344e-05	-0x1.0600000000000p-16	-131	8388608	normal	3480
4980	b784	b7840000	-1.5735626220703125e-05	-0x1.0800000000000p-16	-33	2097152	normal	3567
4981	b785	b7850000	-1.5854835510253906e-05	-0x1.0a00000000000p-16	-133	8388608	normal	3538
4982	b786	b7860000	-1.5974044799804688e-05	-0x1.0c00000000000p-16	-67	4194304	normal	3507
4983	b787	b7870000	-1.609325408935547e-05	-0x1.0e00000000000p-16	-135	8388608	normal	3594
4984	b788	b7880000	-1.621246337890625e-05	-0x1.1000000000000p-16	-17	1048576	normal	3476
4985	b789	b7890000	-1.633167266845703e-05	-0x1.1200000000000p-16	-137	8388608	normal	3542
4986	b78a	b78a0000	-1.6450881958007812e-05	-0x1.1400000000000p-16	-69	4194304	normal	3533
4987	b78b	b78b0000	-1.6570091247558594e-05	-0x1.1600000000000p-16	-139	8388608	normal	3448
4988	b78c	b78c0000	-1.6689300537109375e-05	-0x1.1800000000000p-16	-35	2097152	normal	3416
4989	b78d	b78d0000	-1.6808509826660156e-05	-0x1.1a00000000000p-16	-141	8388608	normal	3455
4990	b78e	b78e0000	-1.6927719116210938e-05	-0x1.1c00000000000p-16	-71	4194304	normal	3524
4991	b78f	b78f0000	-1.704692840576172e-05	-0x1.1e00000000000p-16	-143	8388608	normal	3558
4992	b790	b7900000	-1.71661376953125e-05	-0x1.2000000000000p-16	-9	524288	normal	3585
4993	b791	b7910000	-1.728534698486328e-05	-0x1.2200000000000p-16	-145	8388608	normal	3595
4994	b792	b7920000	-1.7404556274414062e-05	-0x1.2400000000000p-16	-73	4194304	normal	3614
4995	b793	b7930000	-1.7523765563964844e-05	-0x1.2600000000000p-16	-147	8388608	normal	3640
4996	b794	b7940000	-1.7642974853515625e-05	-0x1.2800000000000p-16	-37	2097152	normal	3508
4997	b795	b7950000	-1.7762184143066406e-05	-0x1.2a00000000000p-16	-149	8388608	normal	3565
4998	b796	b7960000	-1.7881393432617188e-05	-0x1.2c00000000000p-16	-75	4194304	normal	3533
4999	b797	b7970000	-1.800060272216797e-05	-0x1.2e00000000000p-16	-151	8388608	normal	3576
5000	b798	b7980000	-1.811981201171875e-05	-0x1.3000000000000p-16	-19	1048576	normal	3642
5001	b799	b7990000	-1.823902130126953e-05	-0x1.3200000000000p-16	-153	8388608	normal	3557
5002	b79a	b79a0000	-1.8358230590820312e-05	-0x1.3400000000000p-16	-77	4194304	normal	3580
5003	b79b	b79b0000	-1.8477439880371094e-05	-0x1.3600000000000p-16	-155	8388608	normal	3572
5004	b79c	b79c0000	-1.8596649169921875e-05	-0x1.3800000000000p-16	-39	2097152	normal	3491
5005	b79d	b79d0000	-1.8715858459472656e-05	-0x1.3a00000000000p-16	-157	8388608	normal	3554
5006	b79e	b79e0000	-1.8835067749023438e-05	-0x1.3c00000000000p-16	-79	4194304	normal	3596
5007	b79f	b79f0000	-1.895427703857422e-05	-0x1.3e00000000000p-16	-159	8388608	normal	3611
5008	b7a0	b7a00000	-1.9073486328125e-05	-0x1.4000000000000p-16	-5	262144	normal	3563
5009	b7a1	b7a10000	-1.919269561767578e-05	-0x1.4200000000000p-16	-161	8388608	normal	3535
5010	b7a2	b7a20000	-1.9311904907226562e-05	-0x1.4400000000000p-16	-81	4194304	normal	3472
5011	b7a3	b7a30000	-1.9431114196777344e-05	-0x1.4600000000000p-16	-163	8388608	normal	3592
5012	b7a4	b7a40000	-1.9550323486328125e-05	-0x1.4800000000000p-16	-41	2097152	normal	3543
5013	b7a5	b7a50000	-1.9669532775878906e-05	-0x1.4a00000000000p-16	-165	8388608	normal	3543
5014	b7a6	b7a60000	-1.9788742065429688e-05	-0x1.4c00000000000p-16	-83	4194304	normal	3574
5015	b7a7	b7a70000	-1.990795135498047e-05	-0x1.4e00000000000p-16	-167	8388608	normal	3649
5016	b7a8	b7a80000	-2.002716064453125e-05	-0x1.5000000000000p-16	-21	1048576	normal	3435
5017	b7a9	b7a90000	-2.014636993408203e-05	-0x1.5200000000000p-16	-169	8388608	normal	3546
5018	b7aa	b7aa0000	-2.0265579223632812e-05	-0x1.5400000000000p-16	-85	4194304	normal	3534
5019	b7ab	b7ab0000	-2.0384788513183594e-05	-0x1.5600000000000p-16	-171	8388608	normal	3569
5020	b7ac	b7ac0000	-2.0503997802734375e-05	-0x1.5800000000000p-16	-43	2097152	normal	3546
5021	b7ad	b7ad0000	-2.0623207092285156e-05	-0x1.5a00000000000p-16	-173	8388608	normal	3518
5022	b7ae	b7ae0000	-2.0742416381835938e-05	-0x1.5c00000000000p-16	-87	4194304	normal	3600
5023	b7af	b7af0000	-2.086162567138672e-05	-0x1.5e00000000000p-16	-175	8388608	normal	3440
5024	b7b0	b7b00000	-2.09808349609375e-05	-0x1.6000000000000p-16	-11	524288	normal	3485
5025	b7b1	b7b10000	-2.110004425048828e-05	-0x1.6200000000000p-16	-177	8388608	normal	3491
5026	b7b2	b7b20000	-2.1219253540039062e-05	-0x1.6400000000000p-16	-89	4194304	normal	3484
5027	b7b3	b7b30000	-2.1338462829589844e-05	-0x1.6600000000000p-16	-179	8388608	normal	3633
5028	b7b4	b7b40000	-2.1457672119140625e-05	-0x1.6800000000000p-16	-45	2097152	normal	3578
5029	b7b5	b7b50000	-2.1576881408691406e-05	-0x1.6a00000000000p-16	-181	8388608	normal	3425
5030	b7b6	b7b60000	-2.1696090698242188e-05	-0x1.6c00000000000p-16	-91	4194304	normal	3651
5031	b7b7	b7b70000	-2.181529998779297e-05	-0x1.6e00000000000p-16	-183	8388608	normal	3538
5032	b7b8	b7b80000	-2.193450927734375e-05	-0x1.7000000000000p-16	-23	1048576	normal	3584
5033	b7b9	b7b90000	-2.205371856689453e-05	-0x1.7200000000000p-16	-185	8388608	normal	3447
5034	b7ba	b7ba0000	-2.2172927856445312e-05	-0x1.7400000000000p-16	-93	4194304	normal	3555
5035	b7bb	b7bb0000	-2.2292137145996094e-05	-0x1.7600000000000p-16	-187	8388608	normal	3484
5036	b7bc	b7bc0000	-2.2411346435546875e-05	-0x1.7800000000000p-16	-47	2097152	normal	3538
5037	b7bd	b7bd0000	-2.2530555725097656e-05	-0x1.7a00000000000p-16	-189	8388608	normal	3524
5038	b7be	b7be0000	-2.2649765014648438e-05	-0x1.7c00000000000p-16	-95	4194304	normal	3476
5039	b7bf	b7bf0000	-2.276897430419922e-05	-0x1.7e00000000000p-16	-191	8388608	normal	3518
5040	b7c0	b7c00000	-2.288818359375e-05	-0x1.8000000000000p-16	-3	131072	normal	3538
5041	b7c1	b7c10000	-2.300739288330078e-05	-0x1.8200000000000p-16	-193	8388608	normal	3531
5042	b7c2	b7c20000	-2.3126602172851562e-05	-0x1.8400000000000p-16	-97	4194304	normal	3573
5043	b7c3	b7c30000	-2.3245811462402344e-05	-0x1.8600000000000p-16	-195	8388608	normal	3547
5044	b7c4	b7c40000	-2.3365020751953125e-05	-0x1.8800000000000p-16	-49	2097152	normal	3615
5045	b7c5	b7c50000	-2.3484230041503906e-05	-0x1.8a00000000000p-16	-197	8388608	normal	3400
5046	b7c6	b7c60000	-2.3603439331054688e-05	-0x1.8c00000000000p-16	-99	4194304	normal	3609
5047	b7c7	b7c70000	-2.372264862060547e-05	-0x1.8e00000000000p-16	-199	8388608	normal	3616
5048	b7c8	b7c80000	-2.384185791015625e-05	-0x1.9000000000000p-16	-25	1048576	normal	3586
5049	b7c9	b7c90000	-2.396106719970703e-05	-0x1.9200000000000p-16	-201	8388608	normal	3502
5050	b7ca	b7ca0000	-2.4080276489257812e-05	-0x1.9400000000000p-16	-101	4194304	normal	3662
5051	b7cb	b7cb0000	-2.4199485778808594e-05	-0x1.9600000000000p-16	-203	8388608	normal	3489
5052	b7cc	b7cc0000	-2.4318695068359375e-05	-0x1.9800000000000p-16	-51	2097152	normal	3516
5053	b7cd	b7cd0000	-2.4437904357910156e-05	-0x1.9a00000000000p-16	-205	8388608	normal	3539
5054	b7ce	b7ce0000	-2.4557113647460938e-05	-0x1.9c00000000000p-16	-103	4194304	normal	3545
5055	b7cf	b7cf0000	-2.467632293701172e-05	-0x1.9e00000000000p-16	-207	8388608	normal	3578
5056	b7d0	b7d00000	-2.47955322265625e-05	-0x1.a000000000000p-16	-13	524288	normal	3485
5057	b7d1	b7d10000	-2.491474151611328e-05	-0x1.a200000000000p-16	-209	8388608	normal	3492
5058	b7d2	b7d20000	-2.5033950805664062e-05	-0x1.a400000000000p-16	-105	4194304	normal	3558
5059	b7d3	b7d30000	-2.5153160095214844e-05	-0x1.a600000000000p-16	-211	8388608	normal	3538
5060	b7d4	b7d40000	-2.5272369384765625e-05	-0x1.a800000000000p-16	-53	2097152	normal	3576
5061	b7d5	b7d50000	-2.5391578674316406e-05	-0x1.aa00000000000p-16	-213	8388608	normal	3650
5062	b7d6	b7d60000	-2.5510787963867188e-05	-0x1.ac00000000000p-16	-107	4194304	normal	3588
5063	b7d7	b7d70000	-2.562999725341797e-05	-0x1.ae00000000000p-16	-215	8388608	normal	3397
5064	b7d8	b7d80000	-2.574920654296875e-05	-0x1.b000000000000p-16	-27	1048576	normal	3499
5065	b7d9	b7d90000	-2.586841583251953e-05	-0x1.b200000000000p-16	-217	8388608	normal	3632
5066	b7da	b7da0000	-2.5987625122070312e-05	-0x1.b400000000000p-16	-109	4194304	normal	3561
5067	b7db	b7db0000	-2.6106834411621094e-05	-0x1.b600000000000p-16	-219	8388608	normal	3626
5068	b7dc	b7dc0000	-2.6226043701171875e-05	-0x1.b800000000000p-16	-55	2097152	normal	3523
5069	b7dd	b7dd0000	-2.6345252990722656e-05	-0x1.ba00000000000p-16	-221	8388608	normal	3536
5070	b7de	b7de0000	-2.6464462280273438e-05	-0x1.bc00000000000p-16	-111	4194304	normal	3624
5071	b7df	b7df0000	-2.658367156982422e-05	-0x1.be00000000000p-16	-223	8388608	normal	3498
5072	b7e0	b7e00000	-2.6702880859375e-05	-0x1.c000000000000p-16	-7	262144	normal	3492
5073	b7e1	b7e10000	-2.682209014892578e-05	-0x1.c200000000000p-16	-225	8388608	normal	3534
5074	b7e2	b7e20000	-2.6941299438476562e-05	-0x1.c400000000000p-16	-113	4194304	normal	3524
5075	b7e3	b7e30000	-2.7060508728027344e-05	-0x1.c600000000000p-16	-227	8388608	normal	3554
5076	b7e4	b7e40000	-2.7179718017578125e-05	-0x1.c800000000000p-16	-57	2097152	normal	3472
5077	b7e5	b7e50000	-2.7298927307128906e-05	-0x1.ca00000000000p-16	-229	8388608	normal	3573
5078	b7e6	b7e60000	-2.7418136596679688e-05	-0x1.cc00000000000p-16	-115	4194304	normal	3605
5079	b7e7	b7e70000	-2.753734588623047e-05	-0x1.ce00000000000p-16	-231	8388608	normal	3405
5080	b7e8	b7e80000	-2.765655517578125e-05	-0x1.d000000000000p-16	-29	1048576	normal	3474
5081	b7e9	b7e90000	-2.777576446533203e-05	-0x1.d200000000000p-16	-233	8388608	normal	3562
5082	b7ea	b7ea0000	-2.7894973754882812e-05	-0x1.d400000000000p-16	-117	4194304	normal	3449
5083	b7eb	b7eb0000	-2.8014183044433594e-05	-0x1.d600000000000p-16	-235	8388608	normal	3599
5084	b7ec	b7ec0000	-2.8133392333984375e-05	-0x1.d800000000000p-16	-59	2097152	normal	3508
5085	b7ed	b7ed0000	-2.8252601623535156e-05	-0x1.da00000000000p-16	-237	8388608	normal	3521
5086	b7ee	b7ee0000	-2.8371810913085938e-05	-0x1.dc00000000000p-16	-119	4194304	normal	3481
5087	b7ef	b7ef0000	-2.849102020263672e-05	-0x1.de00000000000p-16	-239	8388608	normal	3387
5088	b7f0	b7f00000	-2.86102294921875e-05	-0x1.e000000000000p-16	-15	524288	normal	3449
5089	b7f1	b7f10000	-2.872943878173828e-05	-0x1.e200000000000p-16	-241	8388608	normal	3618
5090	b7f2	b7f20000	-2.8848648071289062e-05	-0x1.e400000000000p-16	-121	4194304	normal	3481
5091	b7f3	b7f30000	-2.8967857360839844e-05	-0x1.e600000000000p-16	-243	8388608	normal	3498
5092	b7f4	b7f40000	-2.9087066650390625e-05	-0x1.e800000000000p-16	-61	2097152	normal	3402
5093	b7f5	b7f50000	-2.9206275939941406e-05	-0x1.ea00000000000p-16	-245	8388608	normal	3526
5094	b7f6	b7f60000	-2.9325485229492188e-05	-0x1.ec00000000000p-16	-123	4194304	normal	3552
5095	b7f7	b7f70000	-2.944469451904297e-05	-0x1.ee00000000000p-16	-247	8388608	normal	3358
5096	b7f8	b7f80000	-2.956390380859375e-05	-0x1.f000000000000p-16	-31	1048576	normal	3506
5097	b7f9	b7f90000	-2.968311309814453e-05	-0x1.f200000000000p-16	-249	8388608	normal	3415
5098	b7fa	b7fa0000	-2.9802322387695312e-05	-0x1.f400000000000p-16	-125	4194304	normal	3508
5099	b7fb	b7fb0000	-2.9921531677246094e-05	-0x1.f600000000000p-16	-251	8388608	normal	3463
5100	b7fc	b7fc0000	-3.0040740966796875e-05	-0x1.f800000000000p-16	-63	2097152	normal	3513
5101	b7fd	b7fd0000	-3.0159950256347656e-05	-0x1.fa00000000000p-16	-253	8388608	normal	3603
5102	b7fe	b7fe0000	-3.0279159545898438e-05	-0x1.fc00000000000p-16	-127	4194304	normal	3549
5103	b7ff	b7ff0000	-3.039836883544922e-05	-0x1.fe00000000000p-16	-255	8388608	normal	3489
5104	b800	b8000000	-3.0517578125e-05	-0x1.0000000000000p-15	-1	32768	normal	5269
5105	b801	b8010000	-3.075599670410156e-05	-0x1.0200000000000p-15	-129	4194304	normal	7035
5106	b802	b8020000	-3.0994415283203125e-05	-0x1.0400000000000p-15	-65	2097152	normal	7187
5107	b803	b8030000	-3.123283386230469e-05	-0x1.0600000000000p-15	-131	4194304	normal	7115
5108	b804	b8040000	-3.147125244140625e-05	-0x1.0800000000000p-15	-33	1048576	normal	7049
5109	b805	b8050000	-3.170967102050781e-05	-0x1.0a00000000000p-15	-133	4194304	normal	7107
5110	b806	b8060000	-3.1948089599609375e-05	-0x1.0c00000000000p-15	-67	2097152	normal	7051
5111	b807	b8070000	-3.218650817871094e-05	-0x1.0e00000000000p-15	-135	4194304	normal	6915
5112	b808	b8080000	-3.24249267578125e-05	-0x1.1000000000000p-15	-17	524288	normal	6997
5113	b809	b8090000	-3.266334533691406e-05	-0x1.1200000000000p-15	-137	4194304	normal	6982
5114	b80a	b80a0000	-3.2901763916015625e-05	-0x1.1400000000000p-15	-69	2097152	normal	6921
5115	b80b	b80b0000	-3.314018249511719e-05	-0x1.1600000000000p-15	-139	4194304	normal	7063
5116	b80c	b80c0000	-3.337860107421875e-05	-0x1.1800000000000p-15	-35	1048576	normal	7043
5117	b80d	b80d0000	-3.361701965332031e-05	-0x1.1a00000000000p-15	-141	4194304	normal	7118
5118	b80e	b80e0000	-3.3855438232421875e-05	-0x1.1c00000000000p-15	-71	2097152	normal	7065
5119	b80f	b80f0000	-3.409385681152344e-05	-0x1.1e00000000000p-15	-143	4194304	normal	7177
5120	b810	b8100000	-3.4332275390625e-05	-0x1.2000000000000p-15	-9	262144	normal	7038
5121	b811	b8110000	-3.457069396972656e-05	-0x1.2200000000000p-15	-145	4194304	normal	7160
5122	b812	b8120000	-3.4809112548828125e-05	-0x1.2400000000000p-15	-73	2097152	normal	7073
5123	b813	b8130000	-3.504753112792969e-05	-0x1.2600000000000p-15	-147	4194304	normal	7092
5124	b814	b8140000	-3.528594970703125e-05	-0x1.2800000000000p-15	-37	1048576	normal	7111
5125	b815	b8150000	-3.552436828613281e-05	-0x1.2a00000000000p-15	-149	4194304	normal	7204
5126	b816	b8160000	-3.5762786865234375e-05	-0x1.2c00000000000p-15	-75	2097152	normal	6872
5127	b817	b8170000	-3.600120544433594e-05	-0x1.2e00000000000p-15	-151	4194304	normal	7016
5128	b818	b8180000	-3.62396240234375e-05	-0x1.3000000000000p-15	-19	524288	normal	7101
5129	b819	b8190000	-3.647804260253906e-05	-0x1.3200000000000p-15	-153	4194304	normal	6981
5130	b81a	b81a0000	-3.6716461181640625e-05	-0x1.3400000000000p-15	-77	2097152	normal	6989
5131	b81b	b81b0000	-3.695487976074219e-05	-0x1.3600000000000p-15	-155	4194304	normal	7036
5132	b81c	b81c0000	-3.719329833984375e-05	-0x1.3800000000000p-15	-39	1048576	normal	6991
5133	b81d	b81d0000	-3.743171691894531e-05	-0x1.3a00000000000p-15	-157	4194304	normal	7031
5134	b81e	b81e0000	-3.7670135498046875e-05	-0x1.3c00000000000p-15	-79	2097152	normal	7065
5135	b81f	b81f0000	-3.790855407714844e-05	-0x1.3e00000000000p-15	-159	4194304	normal	7062
5136	b820	b8200000	-3.814697265625e-05	-0x1.4000000000000p-15	-5	131072	normal	7045
5137	b821	b8210000	-3.838539123535156e-05	-0x1.4200000000000p-15	-161	4194304	normal	7285
5138	b822	b8220000	-3.8623809814453125e-05	-0x1.4400000000000p-15	-81	2097152	normal	6998
5139	b823	b8230000	-3.886222839355469e-05	-0x1.4600000000000p-15	-163	4194304	normal	6969
5140	b824	b8240000	-3.910064697265625e-05	-0x1.4800000000000p-15	-41	1048576	normal	7214
5141	b825	b8250000	-3.933906555175781e-05	-0x1.4a00000000000p-15	-165	4194304	normal	7099
5142	b826	b8260000	-3.9577484130859375e-05	-0x1.4c00000000000p-15	-83	2097152	normal	6861
5143	b827	b8270000	-3.981590270996094e-05	-0x1.4e00000000000p-15	-167	4194304	normal	7160
5144	b828	b8280000	-4.00543212890625e-05	-0x1.5000000000000p-15	-21	524288	normal	6937
5145	b829	b8290000	-4.029273986816406e-05	-0x1.5200000000000p-15	-169	4194304	normal	7138
5146	b82a	b82a0000	-4.0531158447265625e-05	-0x1.5400000000000p-15	-85	2097152	normal	7134
5147	b82b	b82b0000	-4.076957702636719e-05	-0x1.5600000000000p-15	-171	4194304	normal	7055
5148	b82c	b82c0000	-4.100799560546875e-05	-0x1.5800000000000p-15	-43	1048576	normal	7179
5149	b82d	b82d0000	-4.124641418457031e-05	-0x1.5a00000000000p-15	-173	4194304	normal	6993
5150	b82e	b82e0000	-4.1484832763671875e-05	-0x1.5c00000000000p-15	-87	2097152	normal	7054
5151	b82f	b82f0000	-4.172325134277344e-05	-0x1.5e00000000000p-15	-175	4194304	normal	7055
5152	b830	b8300000	-4.1961669921875e-05	-0x1.6000000000000p-15	-11	262144	normal	7046
5153	b831	b8310000	-4.220008850097656e-05	-0x1.6200000000000p-15	-177	4194304	normal	7177
5154	b832	b8320000	-4.2438507080078125e-05	-0x1.6400000000000p-15	-89	2097152	normal	6997
5155	b833	b8330000	-4.267692565917969e-05	-0x1.6600000000000p-15	-179	4194304	normal	7242
5156	b834	b8340000	-4.291534423828125e-05	-0x1.6800000000000p-15	-45	1048576	normal	6986
5157	b835	b8350000	-4.315376281738281e-05	-0x1.6a00000000000p-15	-181	4194304	normal	7036
5158	b836	b8360000	-4.3392181396484375e-05	-0x1.6c00000000000p-15	-91	2097152	normal	7065
5159	b837	b8370000	-4.363059997558594e-05	-0x1.6e00000000000p-15	-183	4194304	normal	7095
5160	b838	b8380000	-4.38690185546875e-05	-0x1.7000000000000p-15	-23	524288	normal	6961
5161	b839	b8390000	-4.410743713378906e-05	-0x1.7200000000000p-15	-185	4194304	normal	7085
5162	b83a	b83a0000	-4.4345855712890625e-05	-0x1.7400000000000p-15	-93	2097152	normal	7034
5163	b83b	b83b0000	-4.458427429199219e-05	-0x1.7600000000000p-15	-187	4194304	normal	6969
5164	b83c	b83c0000	-4.482269287109375e-05	-0x1.7800000000000p-15	-47	1048576	normal	7084
5165	b83d	b83d0000	-4.506111145019531e-05	-0x1.7a00000000000p-15	-189	4194304	normal	6975
5166	b83e	b83e0000	-4.5299530029296875e-05	-0x1.7c00000000000p-15	-95	2097152	normal	7015
5167	b83f	b83f0000	-4.553794860839844e-05	-0x1.7e00000000000p-15	-191	4194304	normal	6902
5168	b840	b8400000	-4.57763671875e-05	-0x1.8000000000000p-15	-3	65536	normal	6989
5169	b841	b8410000	-4.601478576660156e-05	-0x1.8200000000000p-15	-193	4194304	normal	7102
5170	b842	b8420000	-4.6253204345703125e-05	-0x1.8400000000000p-15	-97	2097152	normal	7004
5171	b843	b8430000	-4.649162292480469e-05	-0x1.8600000000000p-15	-195	4194304	normal	7057
5172	b844	b8440000	-4.673004150390625e-05	-0x1.8800000000000p-15	-49	1048576	normal	6975
5173	b845	b8450000	-4.696846008300781e-05	-0x1.8a00000000000p-15	-197	4194304	normal	6982
5174	b846	b8460000	-4.7206878662109375e-05	-0x1.8c00000000000p-15	-99	2097152	normal	7069
5175	b847	b8470000	-4.744529724121094e-05	-0x1.8e00000000000p-15	-199	4194304	normal	7072
5176	b848	b8480000	-4.76837158203125e-05	-0x1.9000000000000p-15	-25	524288	normal	7027
5177	b849	b8490000	-4.792213439941406e-05	-0x1.9200000000000p-15	-201	4194304	normal	7096
5178	b84a	b84a0000	-4.8160552978515625e-05	-0x1.9400000000000p-15	-101	2097152	normal	7109
5179	b84b	b84b0000	-4.839897155761719e-05	-0x1.9600000000000p-15	-203	4194304	normal	7040
5180	b84c	b84c0000	-4.863739013671875e-05	-0x1.9800000000000p-15	-51	1048576	normal	6986
5181	b84d	b84d0000	-4.887580871582031e-05	-0x1.9a00000000000p-15	-205	4194304	normal	7081
5182	b84e	b84e0000	-4.9114227294921875e-05	-0x1.9c00000000000p-15	-103	2097152	normal	7107
5183	b84f	b84f0000	-4.935264587402344e-05	-0x1.9e00000000000p-15	-207	4194304	normal	6940
5184	b850	b8500000	-4.9591064453125e-05	-0x1.a000000000000p-15	-13	262144	normal	7046
5185	b851	b8510000	-4.982948303222656e-05	-0x1.a200000000000p-15	-209	4194304	normal	7195
5186	b852	b8520000	-5.0067901611328125e-05	-0x1.a400000000000p-15	-105	2097152	normal	6987
5187	b853	b8530000	-5.030632019042969e-05	-0x1.a600000000000p-15	-211	4194304	normal	7062
5188	b854	b8540000	-5.054473876953125e-05	-0x1.a800000000000p-15	-53	1048576	normal	7026
5189	b855	b8550000	-5.078315734863281e-05	-0x1.aa00000000000p-15	-213	4194304	normal	7060
5190	b856	b8560000	-5.1021575927734375e-05	-0x1.ac00000000000p-15	-107	2097152	normal	7162
5191	b857	b8570000	-5.125999450683594e-05	-0x1.ae00000000000p-15	-215	4194304	normal	7180
5192	b858	b8580000	-5.14984130859375e-05	-0x1.b000000000000p-15	-27	524288	normal	7044
5193	b859	b8590000	-5.173683166503906e-05	-0x1.b200000000000p-15	-217	4194304	normal	7114
5194	b85a	b85a0000	-5.1975250244140625e-05	-0x1.b400000000000p-15	-109	2097152	normal	7037
5195	b85b	b85b0000	-5.221366882324219e-05	-0x1.b600000000000p-15	-219	4194304	normal	7161
5196	b85c	b85c0000	-5.245208740234375e-05	-0x1.b800000000000p-15	-55	1048576	normal	7132
5197	b85d	b85d0000	-5.269050598144531e-05	-0x1.ba00000000000p-15	-221	4194304	normal	7082
5198	b85e	b85e0000	-5.2928924560546875e-05	-0x1.bc00000000000p-15	-111	2097152	normal	7035
5199	b85f	b85f0000	-5.316734313964844e-05	-0x1.be00000000000p-15	-223	4194304	normal	7024
5200	b860	b8600000	-5.340576171875e-05	-0x1.c000000000000p-15	-7	131072	normal	7093
5201	b861	b8610000	-5.364418029785156e-05	-0x1.c200000000000p-15	-225	4194304	normal	7077
5202	b862	b8620000	-5.3882598876953125e-05	-0x1.c400000000000p-15	-113	2097152	normal	7016
5203	b863	b8630000	-5.412101745605469e-05	-0x1.c600000000000p-15	-227	4194304	normal	7053
5204	b864	b8640000	-5.435943603515625e-05	-0x1.c800000000000p-15	-57	1048576	normal	7173
5205	b865	b8650000	-5.459785461425781e-05	-0x1.ca00000000000p-15	-229	4194304	normal	7177
5206	b866	b8660000	-5.4836273193359375e-05	-0x1.cc00000000000p-15	-115	2097152	normal	7064
5207	b867	b8670000	-5.507469177246094e-05	-0x1.ce00000000000p-15	-231	4194304	normal	7018
5208	b868	b8680000	-5.53131103515625e-05	-0x1.d000000000000p-15	-29	524288	normal	7149
5209	b869	b8690000	-5.555152893066406e-05	-0x1.d200000000000p-15	-233	4194304	normal	7025
5210	b86a	b86a0000	-5.5789947509765625e-05	-0x1.d400000000000p-15	-117	2097152	normal	7049
5211	b86b	b86b0000	-5.602836608886719e-05	-0x1.d600000000000p-15	-235	4194304	normal	7191
5212	b86c	b86c0000	-5.626678466796875e-05	-0x1.d800000000000p-15	-59	1048576	normal	6933
5213	b86d	b86d0000	-5.650520324707031e-05	-0x1.da00000000000p-15	-237	4194304	normal	7090
5214	b86e	b86e0000	-5.6743621826171875e-05	-0x1.dc00000000000p-15	-119	2097152	normal	7058
5215	b86f	b86f0000	-5.698204040527344e-05	-0x1.de00000000000p-15	-239	4194304	normal	7016
5216	b870	b8700000	-5.7220458984375e-05	-0x1.e000000000000p-15	-15	262144	normal	7171
5217	b871	b8710000	-5.745887756347656e-05	-0x1.e200000000000p-15	-241	4194304	normal	6947
5218	b872	b8720000	-5.7697296142578125e-05	-0x1.e400000000000p-15	-121	2097152	normal	7109
5219	b873	b8730000	-5.793571472167969e-05	-0x1.e600000000000p-15	-243	4194304	normal	7085
5220	b874	b8740000	-5.817413330078125e-05	-0x1.e800000000000p-15	-61	1048576	normal	7115
5221	b875	b8750000	-5.841255187988281e-05	-0x1.ea00000000000p-15	-245	4194304	normal	7121
5222	b876	b8760000	-5.8650970458984375e-05	-0x1.ec00000000000p-15	-123	2097152	normal	7041
5223	b877	b8770000	-5.888938903808594e-05	-0x1.ee00000000000p-15	-247	4194304	normal	6961
5224	b878	b8780000	-5.91278076171875e-05	-0x1.f000000000000p-15	-31	524288	normal	7067
5225	b879	b8790000	-5.936622619628906e-05	-0x1.f200000000000p-15	-249	4194304	normal	7090
5226	b87a	b87a0000	-5.9604644775390625e-05	-0x1.f400000000000p-15	-125	2097152	normal	6933
5227	b87b	b87b0000	-5.984306335449219e-05	-0x1.f600000000000p-15	-251	4194304	normal	7132
5228	b87c	b87c0000	-6.008148193359375e-05	-0x1.f800000000000p-15	-63	1048576	normal	7056
5229	b87d	b87d0000	-6.031990051269531e-05	-0x1.fa00000000000p-15	-253	4194304	normal	6957
5230	b87e	b87e0000	-6.0558319091796875e-05	-0x1.fc00000000000p-15	-127	2097152	normal	6967
5231	b87f	b87f0000	-6.079673767089844e-05	-0x1.fe00000000000p-15	-255	4194304	normal	7074
5232	b880	b8800000	-6.103515625e-05	-0x1.0000000000000p-14	-1	16384	normal	10813
5233	b881	b8810000	-6.151199340820312e-05	-0x1.0200000000000p-14	-129	2097152	normal	14165
5234	b882	b8820000	-6.198883056640625e-05	-0x1.0400000000000p-14	-65	1048576	normal	14131
5235	b883	b8830000	-6.246566772460938e-05	-0x1.0600000000000p-14	-131	2097152	normal	14196
5236	b884	b8840000	-6.29425048828125e-05	-0x1.0800000000000p-14	-33	524288	normal	14054
5237	b885	b8850000	-6.341934204101562e-05	-0x1.0a00000000000p-14	-133	2097152	normal	14185
5238	b886	b8860000	-6.389617919921875e-05	-0x1.0c00000000000p-14	-67	1048576	normal	14166
5239	b887	b8870000	-6.437301635742188e-05	-0x1.0e00000000000p-14	-135	2097152	normal	14003
5240	b888	b8880000	-6.4849853515625e-05	-0x1.1000000000000p-14	-17	262144	normal	14164
5241	b889	b8890000	-6.532669067382812e-05	-0x1.1200000000000p-14	-137	2097152	normal	14077
5242	b88a	b88a0000	-6.580352783203125e-05	-0x1.1400000000000p-14	-69	1048576	normal	14173
5243	b88b	b88b0000	-6.628036499023438e-05	-0x1.1600000000000p-14	-139	2097152	normal	14085
5244	b88c	b88c0000	-6.67572021484375e-05	-0x1.1800000000000p-14	-35	524288	normal	14268
5245	b88d	b88d0000	-6.723403930664062e-05	-0x1.1a00000000000p-14	-141	2097152	normal	13808
5246	b88e	b88e0000	-6.771087646484375e-05	-0x1.1c00000000000p-14	-71	1048576	normal	14112
5247	b88f	b88f0000	-6.818771362304688e-05	-0x1.1e00000000000p-14	-143	2097152	normal	14226
5248	b890	b8900000	-6.866455078125e-05	-0x1.2000000000000p-14	-9	131072	normal	14164
5249	b891	b8910000	-6.914138793945312e-05	-0x1.2200000000000p-14	-145	2097152	normal	13981
5250	b892	b8920000	-6.961822509765625e-05	-0x1.2400000000000p-14	-73	1048576	normal	14011
5251	b893	b8930000	-7.009506225585938e-05	-0x1.2600000000000p-14	-147	2097152	normal	13979
5252	b894	b8940000	-7.05718994140625e-05	-0x1.2800000000000p-14	-37	524288	normal	14045
5253	b895	b8950000	-7.104873657226562e-05	-0x1.2a00000000000p-14	-149	2097152	normal	13896
5254	b896	b8960000	-7.152557373046875e-05	-0x1.2c00000000000p-14	-75	1048576	normal	14138
5255	b897	b8970000	-7.200241088867188e-05	-0x1.2e00000000000p-14	-151	2097152	normal	14007
5256	b898	b8980000	-7.2479248046875e-05	-0x1.3000000000000p-14	-19	262144	normal	13988
5257	b899	b8990000	-7.295608520507812e-05	-0x1.3200000000000p-14	-153	2097152	normal	13934
5258	b89a	b89a0000	-7.343292236328125e-05	-0x1.3400000000000p-14	-77	1048576	normal	13979
5259	b89b	b89b0000	-7.390975952148438e-05	-0x1.3600000000000p-14	-155	2097152	normal	13957
5260	b89c	b89c0000	-7.43865966796875e-05	-0x1.3800000000000p-14	-39	524288	normal	14184
5261	b89d	b89d0000	-7.486343383789062e-05	-0x1.3a00000000000p-14	-157	2097152	normal	14072
5262	b89e	b89e0000	-7.534027099609375e-05	-0x1.3c00000000000p-14	-79	1048576	normal	13999
5263	b89f	b89f0000	-7.581710815429688e-05	-0x1.3e00000000000p-14	-159	2097152	normal	13992
5264	b8a0	b8a00000	-7.62939453125e-05	-0x1.4000000000000p-14	-5	65536	normal	14071
5265	b8a1	b8a10000	-7.677078247070312e-05	-0x1.4200000000000p-14	-161	2097152	normal	14082
5266	b8a2	b8a20000	-7.724761962890625e-05	-0x1.4400000000000p-14	-81	1048576	normal	14011
5267	b8a3	b8a30000	-7.772445678710938e-05	-0x1.4600000000000p-14	-163	2097152	normal	14113
5268	b8a4	b8a40000	-7.82012939453125e-05	-0x1.4800000000000p-14	-41	524288	normal	14022
5269	b8a5	b8a50000	-7.867813110351562e-05	-0x1.4a00000000000p-14	-165	2097152	normal	14007
5270	b8a6	b8a60000	-7.915496826171875e-05	-0x1.4c00000000000p-14	-83	1048576	normal	14101
5271	b8a7	b8a70000	-7.963180541992188e-05	-0x1.4e00000000000p-14	-167	2097152	normal	14054
5272	b8a8	b8a80000	-8.0108642578125e-05	-0x1.5000000000000p-14	-21	262144	normal	13994
5273	b8a9	b8a90000	-8.058547973632812e-05	-0x1.5200000000000p-14	-169	2097152	normal	14096
5274	b8aa	b8aa0000	-8.106231689453125e-05	-0x1.5400000000000p-14	-85	1048576	normal	14066
5275	b8ab	b8ab0000	-8.153915405273438e-05	-0x1.5600000000000p-14	-171	2097152	normal	14132
5276	b8ac	b8ac0000	-8.20159912109375e-05	-0x1.5800000000000p-14	-43	524288	normal	14024
5277	b8ad	b8ad0000	-8.249282836914062e-05	-0x1.5a00000000000p-14	-173	2097152	normal	14051
5278	b8ae	b8ae0000	-8.296966552734375e-05	-0x1.5c00000000000p-14	-87	1048576	normal	13798
5279	b8af	b8af0000	-8.344650268554688e-05	-0x1.5e00000000000p-14	-175	2097152	normal	14162
5280	b8b0	b8b00000	-8.392333984375e-05	-0x1.6000000000000p-14	-11	131072	normal	14217
5281	b8b1	b8b10000	-8.440017700195312e-05	-0x1.6200000000000p-14	-177	2097152	normal	14072
5282	b8b2	b8b20000	-8.487701416015625e-05	-0x1.6400000000000p-14	-89	1048576	normal	14170
5283	b8b3	b8b30000	-8.535385131835938e-05	-0x1.6600000000000p-14	-179	2097152	normal	13960
5284	b8b4	b8b40000	-8.58306884765625e-05	-0x1.6800000000000p-14	-45	524288	normal	14001
5285	b8b5	b8b50000	-8.630752563476562e-05	-0x1.6a00000000000p-14	-181	2097152	normal	14129
5286	b8b6	b8b60000	-8.678436279296875e-05	-0x1.6c00000000000p-14	-91	1048576	normal	13992
5287	b8b7	b8b70000	-8.726119995117188e-05	-0x1.6e00000000000p-14	-183	2097152	normal	14016
5288	b8b8	b8b80000	-8.7738037109375e-05	-0x1.7000000000000p-14	-23	262144	normal	13957
5289	b8b9	b8b90000	-8.821487426757812e-05	-0x1.7200000000000p-14	-185	2097152	normal	14119
5290	b8ba	b8ba0000	-8.869171142578125e-05	-0x1.7400000000000p-14	-93	1048576	normal	14189
5291	b8bb	b8bb0000	-8.916854858398438e-05	-0x1.7600000000000p-14	-187	2097152	normal	14137
5292	b8bc	b8bc0000	-8.96453857421875e-05	-0x1.7800000000000p-14	-47	524288	normal	14282
5293	b8bd	b8bd0000	-9.012222290039062e-05	-0x1.7a00000000000p-14	-189	2097152	normal	14164
5294	b8be	b8be0000	-9.059906005859375e-05	-0x1.7c00000000000p-14	-95	1048576	normal	13908
5295	b8bf	b8bf0000	-9.107589721679688e-05	-0x1.7e00000000000p-14	-191	2097152	normal	13934
5296	b8c0	b8c00000	-9.1552734375e-05	-0x1.8000000000000p-14	-3	32768	normal	14022
5297	b8c1	b8c10000	-9.202957153320312e-05	-0x1.8200000000000p-14	-193	2097152	normal	14085
5298	b8c2	b8c20000	-9.250640869140625e-05	-0x1.8400000000000p-14	-97	1048576	normal	14231
5299	b8c3	b8c30000	-9.298324584960938e-05	-0x1.8600000000000p-14	-195	2097152	normal	14125
5300	b8c4	b8c40000	-9.34600830078125e-05	-0x1.8800000000000p-14	-49	524288	normal	14184
5301	b8c5	b8c50000	-9.393692016601562e-05	-0x1.8a00000000000p-14	-197	2097152	normal	13987
5302	b8c6	b8c60000	-9.441375732421875e-05	-0x1.8c00000000000p-14	-99	1048576	normal	14232
5303	b8c7	b8c70000	-9.489059448242188e-05	-0x1.8e00000000000p-14	-199	2097152	normal	14287
5304	b8c8	b8c80000	-9.5367431640625e-05	-0x1.9000000000000p-14	-25	262144	normal	13936
5305	b8c9	b8c90000	-9.584426879882812e-05	-0x1.9200000000000p-14	-201	2097152	normal	14193
5306	b8ca	b8ca0000	-9.632110595703125e-05	-0x1.9400000000000p-14	-101	1048576	normal	14164
5307	b8cb	b8cb0000	-9.679794311523438e-05	-0x1.9600000000000p-14	-203	2097152	normal	13938
5308	b8cc	b8cc0000	-9.72747802734375e-05	-0x1.9800000000000p-14	-51	524288	normal	13938
5309	b8cd	b8cd0000	-9.775161743164062e-05	-0x1.9a00000000000p-14	-205	2097152	normal	14163
5310	b8ce	b8ce0000	-9.822845458984375e-05	-0x1.9c00000000000p-14	-103	1048576	normal	14338
5311	b8cf	b8cf0000	-9.870529174804688e-05	-0x1.9e00000000000p-14	-207	2097152	normal	13861
5312	b8d0	b8d00000	-9.918212890625e-05	-0x1.a000000000000p-14	-13	131072	normal	14087
5313	b8d1	b8d10000	-9.965896606445312e-05	-0x1.a200000000000p-14	-209	2097152	normal	14208
5314	b8d2	b8d20000	-0.00010013580322265625	-0x1.a400000000000p-14	-105	1048576	normal	14083
5315	b8d3	b8d30000	-0.00010061264038085938	-0x1.a600000000000p-14	-211	2097152	normal	13999
5316	b8d4	b8d40000	-0.0001010894775390625	-0x1.a800000000000p-14	-53	524288	normal	14057
5317	b8d5	b8d50000	-0.00010156631469726562	-0x1.aa00000000000p-14	-213	2097152	normal	14143
5318	b8d6	b8d60000	-0.00010204315185546875	-0x1.ac00000000000p-14	-107	1048576	normal	13956
5319	b8d7	b8d70000	-0.00010251998901367188	-0x1.ae00000000000p-14	-215	2097152	normal	14253
5320	b8d8	b8d80000	-0.000102996826171875	-0x1.b000000000000p-14	-27	262144	normal	14150
5321	b8d9	b8d90000	-0.00010347366333007812	-0x1.b200000000000p-14	-217	2097152	normal	14085
5322	b8da	b8da0000	-0.00010395050048828125	-0x1.b400000000000p-14	-109	1048576	normal	14193
5323	b8db	b8db0000	-0.00010442733764648438	-0x1.b600000000000p-14	-219	2097152	normal	13991
5324	b8dc	b8dc0000	-0.0001049041748046875	-0x1.b800000000000p-14	-55	524288	normal	14338
5325	b8dd	b8dd0000	-0.00010538101196289062	-0x1.ba00000000000p-14	-221	2097152	normal	13969
5326	b8de	b8de0000	-0.00010585784912109375	-0x1.bc00000000000p-14	-111	1048576	normal	14118
5327	b8df	b8df0000	-0.00010633468627929688	-0x1.be00000000000p-14	-223	2097152	normal	14093
5328	b8e0	b8e00000	-0.0001068115234375	-0x1.c000000000000p-14	-7	65536	normal	13962
5329	b8e1	b8e10000	-0.00010728836059570312	-0x1.c200000000000p-14	-225	2097152	normal	14039
5330	b8e2	b8e20000	-0.00010776519775390625	-0x1.c400000000000p-14	-113	1048576	normal	14099
5331	b8e3	b8e30000	-0.00010824203491210938	-0x1.c600000000000p-14	-227	2097152	normal	13984
5332	b8e4	b8e40000	-0.0001087188720703125	-0x1.c800000000000p-14	-57	524288	normal	13983
5333	b8e5	b8e50000	-0.00010919570922851562	-0x1.ca00000000000p-14	-229	2097152	normal	13980
5334	b8e6	b8e60000	-0.00010967254638671875	-0x1.cc00000000000p-14	-115	1048576	normal	14297
5335	b8e7	b8e70000	-0.00011014938354492188	-0x1.ce00000000000p-14	-231	2097152	normal	14070
5336	b8e8	b8e80000	-0.000110626220703125	-0x1.d000000000000p-14	-29	262144	normal	13980
5337	b8e9	b8e90000	-0.00011110305786132812	-0x1.d200000000000p-14	-233	2097152	normal	14132
5338	b8ea	b8ea0000	-0.00011157989501953125	-0x1.d400000000000p-14	-117	1048576	normal	14082
5339	b8eb	b8eb0000	-0.00011205673217773438	-0x1.d600000000000p-14	-235	2097152	normal	14151
5340	b8ec	b8ec0000	-0.0001125335693359375	-0x1.d800000000000p-14	-59	524288	normal	14128
5341	b8ed	b8ed0000	-0.00011301040649414062	-0x1.da00000000000p-14	-237	2097152	normal	14083
5342	b8ee	b8ee0000	-0.00011348724365234375	-0x1.dc00000000000p-14	-119	1048576	normal	14092
5343	b8ef	b8ef0000	-0.00011396408081054688	-0x1.de00000000000p-14	-239	2097152	normal	13883
5344	b8f0	b8f00000	-0.00011444091796875	-0x1.e000000000000p-14	-15	131072	normal	14088
5345	b8f1	b8f10000	-0.00011491775512695312	-0x1.e200000000000p-14	-241	2097152	normal	14348
5346	b8f2	b8f20000	-0.00011539459228515625	-0x1.e400000000000p-14	-121	1048576	normal	13951
5347	b8f3	b8f30000	-0.00011587142944335938	-0x1.e600000000000p-14	-243	2097152	normal	14121
5348	b8f4	b8f40000	-0.0001163482666015625	-0x1.e800000000000p-14	-61	524288	normal	14130
5349	b8f5	b8f50000	-0.00011682510375976562	-0x1.ea00000000000p-14	-245	2097152	normal	14020
5350	b8f6	b8f60000	-0.00011730194091796875	-0x1.ec00000000000p-14	-123	1048576	normal	14047
5351	b8f7	b8f70000	-0.00011777877807617188	-0x1.ee00000000000p-14	-247	2097152	normal	14109
5352	b8f8	b8f80000	-0.000118255615234375	-0x1.f000000000000p-14	-31	262144	normal	13936
5353	b8f9	b8f90000	-0.00011873245239257812	-0x1.f200000000000p-14	-249	2097152	normal	14467
5354	b8fa	b8fa0000	-0.00011920928955078125	-0x1.f400000000000p-14	-125	1048576	normal	14155
5355	b8fb	b8fb0000	-0.00011968612670898438	-0x1.f600000000000p-14	-251	2097152	normal	13991
5356	b8fc	b8fc0000	-0.0001201629638671875	-0x1.f800000000000p-14	-63	524288	normal	13967
5357	b8fd	b8fd0000	-0.00012063980102539062	-0x1.fa00000000000p-14	-253	2097152	normal	14008
5358	b8fe	b8fe0000	-0.00012111663818359375	-0x1.fc00000000000p-14	-127	1048576	normal	13988
5359	b8ff	b8ff0000	-0.00012159347534179688	-0x1.fe00000000000p-14	-255	2097152	normal	14108
5360	b900	b9000000	-0.0001220703125	-0x1.0000000000000p-13	-1	8192	normal	21236
5361	b901	b9010000	-0.00012302398681640625	-0x1.0200000000000p-13	-129	1048576	normal	28094
5362	b902	b9020000	-0.0001239776611328125	-0x1.0400000000000p-13	-65	524288	normal	28018
5363	b903	b9030000	-0.00012493133544921875	-0x1.0600000000000p-13	-131	1048576	normal	28027
5364	b904	b9040000	-0.000125885009765625	-0x1.0800000000000p-13	-33	262144	normal	27936
5365	b905	b9050000	-0.00012683868408203125	-0x1.0a00000000000p-13	-133	1048576	normal	28101
5366	b906	b9060000	-0.0001277923583984375	-0x1.0c00000000000p-13	-67	524288	normal	27968
5367	b907	b9070000	-0.00012874603271484375	-0x1.0e00000000000p-13	-135	1048576	normal	28066
5368	b908	b9080000	-0.00012969970703125	-0x1.1000000000000p-13	-17	131072	normal	28200
5369	b909	b9090000	-0.00013065338134765625	-0x1.1200000000000p-13	-137	1048576	normal	28059
5370	b90a	b90a0000	-0.0001316070556640625	-0x1.1400000000000p-13	-69	524288	normal	28399
5371	b90b	b90b0000	-0.00013256072998046875	-0x1.1600000000000p-13	-139	1048576	normal	28336
5372	b90c	b90c0000	-0.000133514404296875	-0x1.1800000000000p-13	-35	262144	normal	28154
5373	b90d	b90d0000	-0.00013446807861328125	-0x1.1a00000000000p-13	-141	1048576	normal	28226
5374	b90e	b90e0000	-0.0001354217529296875	-0x1.1c00000000000p-13	-71	524288	normal	27982
5375	b90f	b90f0000	-0.00013637542724609375	-0x1.1e00000000000p-13	-143	1048576	normal	28452
5376	b910	b9100000	-0.0001373291015625	-0x1.2000000000000p-13	-9	65536	normal	28154
5377	b911	b9110000	-0.00013828277587890625	-0x1.2200000000000p-13	-145	1048576	normal	27842
5378	b912	b9120000	-0.0001392364501953125	-0x1.2400000000000p-13	-73	524288	normal	28307
5379	b913	b9130000	-0.00014019012451171875	-0x1.2600000000000p-13	-147	1048576	normal	27925
5380	b914	b9140000	-0.000141143798828125	-0x1.2800000000000p-13	-37	262144	normal	28030
5381	b915	b9150000	-0.00014209747314453125	-0x1.2a00000000000p-13	-149	1048576	normal	28352
5382	b916	b9160000	-0.0001430511474609375	-0x1.2c00000000000p-13	-75	524288	normal	27995
5383	b917	b9170000	-0.00014400482177734375	-0x1.2e00000000000p-13	-151	1048576	normal	28131
5384	b918	b9180000	-0.00014495849609375	-0x1.3000000000000p-13	-19	131072	normal	28103
5385	b919	b9190000	-0.00014591217041015625	-0x1.3200000000000p-13	-153	1048576	normal	28002
5386	b91a	b91a0000	-0.0001468658447265625	-0x1.3400000000000p-13	-77	524288	normal	27909
5387	b91b	b91b0000	-0.00014781951904296875	-0x1.3600000000000p-13	-155	1048576	normal	28155
5388	b91c	b91c0000	-0.000148773193359375	-0x1.3800000000000p-13	-39	262144	normal	28162
5389	b91d	b91d0000	-0.00014972686767578125	-0x1.3a00000000000p-13	-157	1048576	normal	27926
5390	b91e	b91e0000	-0.0001506805419921875	-0x1.3c00000000000p-13	-79	524288	normal	27930
5391	b91f	b91f0000	-0.00015163421630859375	-0x1.3e00000000000p-13	-159	1048576	normal	28072
5392	b920	b9200000	-0.000152587890625	-0x1.4000000000000p-13	-5	32768	normal	28182
5393	b921	b9210000	-0.00015354156494140625	-0x1.4200000000000p-13	-161	1048576	normal	28304
5394	b922	b9220000	-0.0001544952392578125	-0x1.4400000000000p-13	-81	524288	normal	27943
5395	b923	b9230000	-0.00015544891357421875	-0x1.4600000000000p-13	-163	1048576	normal	28353
5396	b924	b9240000	-0.000156402587890625	-0x1.4800000000000p-13	-41	262144	normal	28397
5397	b925	b9250000	-0.00015735626220703125	-0x1.4a00000000000p-13	-165	1048576	normal	27705
5398	b926	b9260000	-0.0001583099365234375	-0x1.4c00000000000p-13	-83	524288	normal	28289
5399	b927	b9270000	-0.00015926361083984375	-0x1.4e00000000000p-13	-167	1048576	normal	28258
5400	b928	b9280000	-0.00016021728515625	-0x1.5000000000000p-13	-21	131072	normal	28246
5401	b929	b9290000	-0.00016117095947265625	-0x1.5200000000000p-13	-169	1048576	normal	28336
5402	b92a	b92a0000	-0.0001621246337890625	-0x1.5400000000000p-13	-85	524288	normal	28202
5403	b92b	b92b0000	-0.00016307830810546875	-0x1.5600000000000p-13	-171	1048576	normal	28195
5404	b92c	b92c0000	-0.000164031982421875	-0x1.5800000000000p-13	-43	262144	normal	28013
5405	b92d	b92d0000	-0.00016498565673828125	-0x1.5a00000000000p-13	-173	1048576	normal	28235
5406	b92e	b92e0000	-0.0001659393310546875	-0x1.5c00000000000p-13	-87	524288	normal	28054
5407	b92f	b92f0000	-0.00016689300537109375	-0x1.5e00000000000p-13	-175	1048576	normal	28209
5408	b930	b9300000	-0.0001678466796875	-0x1.6000000000000p-13	-11	65536	normal	28168
5409	b931	b9310000	-0.00016880035400390625	-0x1.6200000000000p-13	-177	1048576	normal	27901
5410	b932	b9320000	-0.0001697540283203125	-0x1.6400000000000p-13	-89	524288	normal	28090
5411	b933	b9330000	-0.00017070770263671875	-0x1.6600000000000p-13	-179	1048576	normal	28089
5412	b934	b9340000	-0.000171661376953125	-0x1.6800000000000p-13	-45	262144	normal	28426
5413	b935	b9350000	-0.00017261505126953125	-0x1.6a00000000000p-13	-181	1048576	normal	28139
5414	b936	b9360000	-0.0001735687255859375	-0x1.6c00000000000p-13	-91	524288	normal	27771
5415	b937	b9370000	-0.00017452239990234375	-0x1.6e00000000000p-13	-183	1048576	normal	28075
5416	b938	b9380000	-0.00017547607421875	-0x1.7000000000000p-13	-23	131072	normal	28241
5417	b939	b9390000	-0.00017642974853515625	-0x1.7200000000000p-13	-185	1048576	normal	28376
5418	b93a	b93a0000	-0.0001773834228515625	-0x1.7400000000000p-13	-93	524288	normal	28118
5419	b93b	b93b0000	-0.00017833709716796875	-0x1.7600000000000p-13	-187	1048576	normal	28249
5420	b93c	b93c0000	-0.000179290771484375	-0x1.7800000000000p-13	-47	262144	normal	28137
5421	b93d	b93d0000	-0.00018024444580078125	-0x1.7a00000000000p-13	-189	1048576	normal	27881
5422	b93e	b93e0000	-0.0001811981201171875	-0x1.7c00000000000p-13	-95	524288	normal	28055
5423	b93f	b93f0000	-0.00018215179443359375	-0x1.7e00000000000p-13	-191	1048576	normal	28214
5424	b940	b9400000	-0.00018310546875	-0x1.8000000000000p-13	-3	16384	normal	28180
5425	b941	b9410000	-0.00018405914306640625	-0x1.8200000000000p-13	-193	1048576	normal	27873
5426	b942	b9420000	-0.0001850128173828125	-0x1.8400000000000p-13	-97	524288	normal	28150
5427	b943	b9430000	-0.00018596649169921875	-0x1.8600000000000p-13	-195	1048576	normal	28247
5428	b944	b9440000	-0.000186920166015625	-0x1.8800000000000p-13	-49	262144	normal	28248
5429	b945	b9450000	-0.00018787384033203125	-0x1.8a00000000000p-13	-197	1048576	normal	28085
5430	b946	b9460000	-0.0001888275146484375	-0x1.8c00000000000p-13	-99	524288	normal	27966
5431	b947	b9470000	-0.00018978118896484375	-0x1.8e00000000000p-13	-199	1048576	normal	28248
5432	b948	b9480000	-0.00019073486328125	-0x1.9000000000000p-13	-25	131072	normal	28004
5433	b949	b9490000	-0.00019168853759765625	-0x1.9200000000000p-13	-201	1048576	normal	27907
5434	b94a	b94a0000	-0.0001926422119140625	-0x1.9400000000000p-13	-101	524288	normal	28146
5435	b94b	b94b0000	-0.00019359588623046875	-0x1.9600000000000p-13	-203	1048576	normal	27942
5436	b94c	b94c0000	-0.000194549560546875	-0x1.9800000000000p-13	-51	262144	normal	28398
5437	b94d	b94d0000	-0.00019550323486328125	-0x1.9a00000000000p-13	-205	1048576	normal	27879
5438	b94e	b94e0000	-0.0001964569091796875	-0x1.9c00000000000p-13	-103	524288	normal	28365
5439	b94f	b94f0000	-0.00019741058349609375	-0x1.9e00000000000p-13	-207	1048576	normal	28007
5440	b950	b9500000	-0.0001983642578125	-0x1.a000000000000p-13	-13	65536	normal	28133
5441	b951	b9510000	-0.00019931793212890625	-0x1.a200000000000p-13	-209	1048576	normal	28238
5442	b952	b9520000	-0.0002002716064453125	-0x1.a400000000000p-13	-105	524288	normal	28137
5443	b953	b9530000	-0.00020122528076171875	-0x1.a600000000000p-13	-211	1048576	normal	28264
5444	b954	b9540000	-0.000202178955078125	-0x1.a800000000000p-13	-53	262144	normal	28082
5445	b955	b9550000	-0.00020313262939453125	-0x1.aa00000000000p-13	-213	1048576	normal	28181
5446	b956	b9560000	-0.0002040863037109375	-0x1.ac00000000000p-13	-107	524288	normal	28045
5447	b957	b9570000	-0.00020503997802734375	-0x1.ae00000000000p-13	-215	1048576	normal	28011
5448	b958	b9580000	-0.00020599365234375	-0x1.b000000000000p-13	-27	131072	normal	28234
5449	b959	b9590000	-0.00020694732666015625	-0x1.b200000000000p-13	-217	1048576	normal	28118
5450	b95a	b95a0000	-0.0002079010009765625	-0x1.b400000000000p-13	-109	524288	normal	28011
5451	b95b	b95b0000	-0.00020885467529296875	-0x1.b600000000000p-13	-219	1048576	normal	28214
5452	b95c	b95c0000	-0.000209808349609375	-0x1.b800000000000p-13	-55	262144	normal	28342
5453	b95d	b95d0000	-0.00021076202392578125	-0x1.ba00000000000p-13	-221	1048576	normal	28151
5454	b95e	b95e0000	-0.0002117156982421875	-0x1.bc00000000000p-13	-111	524288	normal	27886
5455	b95f	b95f0000	-0.00021266937255859375	-0x1.be00000000000p-13	-223	1048576	normal	28103
5456	b960	b9600000	-0.000213623046875	-0x1.c000000000000p-13	-7	32768	normal	28042
5457	b961	b9610000	-0.00021457672119140625	-0x1.c200000000000p-13	-225	1048576	normal	27990
5458	b962	b9620000	-0.0002155303955078125	-0x1.c400000000000p-13	-113	524288	normal	28129
5459	b963	b9630000	-0.00021648406982421875	-0x1.c600000000000p-13	-227	1048576	normal	28148
5460	b964	b9640000	-0.000217437744140625	-0x1.c800000000000p-13	-57	262144	normal	28251
5461	b965	b9650000	-0.00021839141845703125	-0x1.ca00000000000p-13	-229	1048576	normal	27973
5462	b966	b9660000	-0.0002193450927734375	-0x1.cc00000000000p-13	-115	524288	normal	28104
5463	b967	b9670000	-0.00022029876708984375	-0x1.ce00000000000p-13	-231	1048576	normal	27984
5464	b968	b9680000	-0.00022125244140625	-0x1.d000000000000p-13	-29	131072	normal	28288
5465	b969	b9690000	-0.00022220611572265625	-0x1.d200000000000p-13	-233	1048576	normal	28390
5466	b96a	b96a0000	-0.0002231597900390625	-0x1.d400000000000p-13	-117	524288	normal	28106
5467	b96b	b96b0000	-0.00022411346435546875	-0x1.d600000000000p-13	-235	1048576	normal	28234
5468	b96c	b96c0000	-0.000225067138671875	-0x1.d800000000000p-13	-59	262144	normal	27797
5469	b96d	b96d0000	-0.00022602081298828125	-0x1.da00000000000p-13	-237	1048576	normal	27849
5470	b96e	b96e0000	-0.0002269744873046875	-0x1.dc00000000000p-13	-119	524288	normal	27970
5471	b96f	b96f0000	-0.00022792816162109375	-0x1.de00000000000p-13	-239	1048576	normal	28176
5472	b970	b9700000	-0.0002288818359375	-0x1.e000000000000p-13	-15	65536	normal	28171
5473	b971	b9710000	-0.00022983551025390625	-0x1.e200000000000p-13	-241	1048576	normal	28420
5474	b972	b9720000	-0.0002307891845703125	-0x1.e400000000000p-13	-121	524288	normal	28110
5475	b973	b9730000	-0.00023174285888671875	-0x1.e600000000000p-13	-243	1048576	normal	27884
5476	b974	b9740000	-0.000232696533203125	-0x1.e800000000000p-13	-61	262144	normal	28168
5477	b975	b9750000	-0.00023365020751953125	-0x1.ea00000000000p-13	-245	1048576	normal	28056
5478	b976	b9760000	-0.0002346038818359375	-0x1.ec00000000000p-13	-123	524288	normal	28164
5479	b977	b9770000	-0.00023555755615234375	-0x1.ee00000000000p-13	-247	1048576	normal	28537
5480	b978	b9780000	-0.00023651123046875	-0x1.f000000000000p-13	-31	131072	normal	28195
5481	b979	b9790000	-0.00023746490478515625	-0x1.f200000000000p-13	-249	1048576	normal	28427
5482	b97a	b97a0000	-0.0002384185791015625	-0x1.f400000000000p-13	-125	524288	normal	28132
5483	b97b	b97b0000	-0.00023937225341796875	-0x1.f600000000000p-13	-251	1048576	normal	28137
5484	b97c	b97c0000	-0.000240325927734375	-0x1.f800000000000p-13	-63	262144	normal	28161
5485	b97d	b97d0000	-0.00024127960205078125	-0x1.fa00000000000p-13	-253	1048576	normal	28581
5486	b97e	b97e0000	-0.0002422332763671875	-0x1.fc00000000000p-13	-127	524288	normal	28062
5487	b97f	b97f0000	-0.00024318695068359375	-0x1.fe00000000000p-13	-255	1048576	normal	28265
5488	b980	b9800000	-0.000244140625	-0x1.0000000000000p-12	-1	4096	normal	41881
5489	b981	b9810000	-0.0002460479736328125	-0x1.0200000000000p-12	-129	524288	normal	56447
5490	b982	b9820000	-0.000247955322265625	-0x1.0400000000000p-12	-65	262144	normal	56068
5491	b983	b9830000	-0.0002498626708984375	-0x1.0600000000000p-12	-131	524288	normal	56713
5492	b984	b9840000	-0.00025177001953125	-0x1.0800000000000p-12	-33	131072	normal	56294
5493	b985	b9850000	-0.0002536773681640625	-0x1.0a00000000000p-12	-133	524288	normal	56285
5494	b986	b9860000	-0.000255584716796875	-0x1.0c00000000000p-12	-67	262144	normal	56210
5495	b987	b9870000	-0.0002574920654296875	-0x1.0e00000000000p-12	-135	524288	normal	56132
5496	b988	b9880000	-0.0002593994140625	-0x1.1000000000000p-12	-17	65536	normal	56188
5497	b989	b9890000	-0.0002613067626953125	-0x1.1200000000000p-12	-137	524288	normal	56195
5498	b98a	b98a0000	-0.000263214111328125	-0x1.1400000000000p-12	-69	262144	normal	56103
5499	b98b	b98b0000	-0.0002651214599609375	-0x1.1600000000000p-12	-139	524288	normal	56224
5500	b98c	b98c0000	-0.00026702880859375	-0x1.1800000000000p-12	-35	131072	normal	56199
5501	b98d	b98d0000	-0.0002689361572265625	-0x1.1a00000000000p-12	-141	524288	normal	56457
5502	b98e	b98e0000	-0.000270843505859375	-0x1.1c00000000000p-12	-71	262144	normal	56186
5503	b98f	b98f0000	-0.0002727508544921875	-0x1.1e00000000000p-12	-143	524288	normal	56355
5504	b990	b9900000	-0.000274658203125	-0x1.2000000000000p-12	-9	32768	normal	56225
5505	b991	b9910000	-0.0002765655517578125	-0x1.2200000000000p-12	-145	524288	normal	56710
5506	b992	b9920000	-0.000278472900390625	-0x1.2400000000000p-12	-73	262144	normal	56288
5507	b993	b9930000	-0.0002803802490234375	-0x1.2600000000000p-12	-147	524288	normal	56573
5508	b994	b9940000	-0.00028228759765625	-0x1.2800000000000p-12	-37	131072	normal	56416
5509	b995	b9950000	-0.0002841949462890625	-0x1.2a00000000000p-12	-149	524288	normal	56057
5510	b996	b9960000	-0.000286102294921875	-0x1.2c00000000000p-12	-75	262144	normal	55927
5511	b997	b9970000	-0.0002880096435546875	-0x1.2e00000000000p-12	-151	524288	normal	56310
5512	b998	b9980000	-0.0002899169921875	-0x1.3000000000000p-12	-19	65536	normal	56597
5513	b999	b9990000	-0.0002918243408203125	-0x1.3200000000000p-12	-153	524288	normal	56878
5514	b99a	b99a0000	-0.000293731689453125	-0x1.3400000000000p-12	-77	262144	normal	56675
5515	b99b	b99b0000	-0.0002956390380859375	-0x1.3600000000000p-12	-155	524288	normal	56695
5516	b99c	b99c0000	-0.00029754638671875	-0x1.3800000000000p-12	-39	131072	normal	56597
5517	b99d	b99d0000	-0.0002994537353515625	-0x1.3a00000000000p-12	-157	524288	normal	56640
5518	b99e	b99e0000	-0.000301361083984375	-0x1.3c00000000000p-12	-79	262144	normal	56229
5519	b99f	b99f0000	-0.0003032684326171875	-0x1.3e00000000000p-12	-159	524288	normal	56055
5520	b9a0	b9a00000	-0.00030517578125	-0x1.4000000000000p-12	-5	16384	normal	56174
5521	b9a1	b9a10000	-0.0003070831298828125	-0x1.4200000000000p-12	-161	524288	normal	56061
5522	b9a2	b9a20000	-0.000308990478515625	-0x1.4400000000000p-12	-81	262144	normal	56321
5523	b9a3	b9a30000	-0.0003108978271484375	-0x1.4600000000000p-12	-163	524288	normal	56222
5524	b9a4	b9a40000	-0.00031280517578125	-0x1.4800000000000p-12	-41	131072	normal	56300
5525	b9a5	b9a50000	-0.0003147125244140625	-0x1.4a00000000000p-12	-165	524288	normal	56247
5526	b9a6	b9a60000	-0.000316619873046875	-0x1.4c00000000000p-12	-83	262144	normal	55893
5527	b9a7	b9a70000	-0.0003185272216796875	-0x1.4e00000000000p-12	-167	524288	normal	56428
5528	b9a8	b9a80000	-0.0003204345703125	-0x1.5000000000000p-12	-21	65536	normal	56127
5529	b9a9	b9a90000	-0.0003223419189453125	-0x1.5200000000000p-12	-169	524288	normal	56488
5530	b9aa	b9aa0000	-0.000324249267578125	-0x1.5400000000000p-12	-85	262144	normal	56215
5531	b9ab	b9ab0000	-0.0003261566162109375	-0x1.5600000000000p-12	-171	524288	normal	56455
5532	b9ac	b9ac0000	-0.00032806396484375	-0x1.5800000000000p-12	-43	131072	normal	56582
5533	b9ad	b9ad0000	-0.0003299713134765625	-0x1.5a00000000000p-12	-173	524288	normal	55948
5534	b9ae	b9ae0000	-0.000331878662109375	-0x1.5c00000000000p-12	-87	262144	normal	56446
5535	b9af	b9af0000	-0.0003337860107421875	-0x1.5e00000000000p-12	-175	524288	normal	56289
5536	b9b0	b9b00000	-0.000335693359375	-0x1.6000000000000p-12	-11	32768	normal	56521
5537	b9b1	b9b10000	-0.0003376007080078125	-0x1.6200000000000p-12	-177	524288	normal	55818
5538	b9b2	b9b20000	-0.000339508056640625	-0x1.6400000000000p-12	-89	262144	normal	56250
5539	b9b3	b9b30000	-0.0003414154052734375	-0x1.6600000000000p-12	-179	524288	normal	56186
5540	b9b4	b9b40000	-0.00034332275390625	-0x1.6800000000000p-12	-45	131072	normal	56230
5541	b9b5	b9b50000	-0.0003452301025390625	-0x1.6a00000000000p-12	-181	524288	normal	56508
5542	b9b6	b9b60000	-0.000347137451171875	-0x1.6c00000000000p-12	-91	262144	normal	56180
5543	b9b7	b9b70000	-0.0003490447998046875	-0x1.6e00000000000p-12	-183	524288	normal	55939
5544	b9b8	b9b80000	-0.0003509521484375	-0x1.7000000000000p-12	-23	65536	normal	56246
5545	b9b9	b9b90000	-0.0003528594970703125	-0x1.7200000000000p-12	-185	524288	normal	56190
5546	b9ba	b9ba0000	-0.000354766845703125	-0x1.7400000000000p-12	-93	262144	normal	55924
5547	b9bb	b9bb0000	-0.0003566741943359375	-0x1.7600000000000p-12	-187	524288	normal	56387
5548	b9bc	b9bc0000	-0.00035858154296875	-0x1.7800000000000p-12	-47	131072	normal	56514
5549	b9bd	b9bd0000	-0.0003604888916015625	-0x1.7a00000000000p-12	-189	524288	normal	55933
5550	b9be	b9be0000	-0.000362396240234375	-0x1.7c00000000000p-12	-95	262144	normal	56585
5551	b9bf	b9bf0000	-0.0003643035888671875	-0x1.7e00000000000p-12	-191	524288	normal	56386
5552	b9c0	b9c00000	-0.0003662109375	-0x1.8000000000000p-12	-3	8192	normal	56439
5553	b9c1	b9c10000	-0.0003681182861328125	-0x1.8200000000000p-12	-193	524288	normal	56540
5554	b9c2	b9c20000	-0.000370025634765625	-0x1.8400000000000p-12	-97	262144	normal	56379
5555	b9c3	b9c30000	-0.0003719329833984375	-0x1.8600000000000p-12	-195	524288	normal	56159
5556	b9c4	b9c40000	-0.00037384033203125	-0x1.8800000000000p-12	-49	131072	normal	56574
5557	b9c5	b9c50000	-0.0003757476806640625	-0x1.8a00000000000p-12	-197	524288	normal	56415
5558	b9c6	b9c60000	-0.000377655029296875	-0x1.8c00000000000p-12	-99	262144	normal	56350
5559	b9c7	b9c70000	-0.0003795623779296875	-0x1.8e00000000000p-12	-199	524288	normal	56471
5560	b9c8	b9c80000	-0.0003814697265625	-0x1.9000000000000p-12	-25	65536	normal	56238
5561	b9c9	b9c90000	-0.0003833770751953125	-0x1.9200000000000p-12	-201	524288	normal	56342
5562	b9ca	b9ca0000	-0.000385284423828125	-0x1.9400000000000p-12	-101	262144	normal	56540
5563	b9cb	b9cb0000	-0.0003871917724609375	-0x1.9600000000000p-12	-203	524288	normal	56027
5564	b9cc	b9cc0000	-0.00038909912109375	-0x1.9800000000000p-12	-51	131072	normal	56240
5565	b9cd	b9cd0000	-0.0003910064697265625	-0x1.9a00000000000p-12	-205	524288	normal	56066
5566	b9ce	b9ce0000	-0.000392913818359375	-0x1.9c00000000000p-12	-103	262144	normal	55939
5567	b9cf	b9cf0000	-0.0003948211669921875	-0x1.9e00000000000p-12	-207	524288	normal	56168
5568	b9d0	b9d00000	-0.000396728515625	-0x1.a000000000000p-12	-13	32768	normal	56574
5569	b9d1	b9d10000	-0.0003986358642578125	-0x1.a200000000000p-12	-209	524288	normal	56465
5570	b9d2	b9d20000	-0.000400543212890625	-0x1.a400000000000p-12	-105	262144	normal	56230
5571	b9d3	b9d30000	-0.0004024505615234375	-0x1.a600000000000p-12	-211	524288	normal	56283
5572	b9d4	b9d40000	-0.00040435791015625	-0x1.a800000000000p-12	-53	131072	normal	56115
5573	b9d5	b9d50000	-0.0004062652587890625	-0x1.aa00000000000p-12	-213	524288	normal	56229
5574	b9d6	b9d60000	-0.000408172607421875	-0x1.ac00000000000p-12	-107	262144	normal	55784
5575	b9d7	b9d70000	-0.0004100799560546875	-0x1.ae00000000000p-12	-215	524288	normal	56256
5576	b9d8	b9d80000	-0.0004119873046875	-0x1.b000000000000p-12	-27	65536	normal	56320
5577	b9d9	b9d90000	-0.0004138946533203125	-0x1.b200000000000p-12	-217	524288	normal	56391
5578	b9da	b9da0000	-0.000415802001953125	-0x1.b400000000000p-12	-109	262144	normal	55944
5579	b9db	b9db0000	-0.0004177093505859375	-0x1.b600000000000p-12	-219	524288	normal	56514
5580	b9dc	b9dc0000	-0.00041961669921875	-0x1.b800000000000p-12	-55	131072	normal	56262
5581	b9dd	b9dd0000	-0.0004215240478515625	-0x1.ba00000000000p-12	-221	524288	normal	55835
5582	b9de	b9de0000	-0.000423431396484375	-0x1.bc00000000000p-12	-111	262144	normal	56617
5583	b9df	b9df0000	-0.0004253387451171875	-0x1.be00000000000p-12	-223	524288	normal	56343
5584	b9e0	b9e00000	-0.00042724609375	-0x1.c000000000000p-12	-7	16384	normal	56414
5585	b9e1	b9e10000	-0.0004291534423828125	-0x1.c200000000000p-12	-225	524288	normal	55975
5586	b9e2	b9e20000	-0.000431060791015625	-0x1.c400000000000p-12	-113	262144	normal	56082
5587	b9e3	b9e30000	-0.0004329681396484375	-0x1.c600000000000p-12	-227	524288	normal	56204
5588	b9e4	b9e40000	-0.00043487548828125	-0x1.c800000000000p-12	-57	131072	normal	56078
5589	b9e5	b9e50000	-0.0004367828369140625	-0x1.ca00000000000p-12	-229	524288	normal	56700
5590	b9e6	b9e60000	-0.000438690185546875	-0x1.cc00000000000p-12	-115	262144	normal	56136
5591	b9e7	b9e70000	-0.0004405975341796875	-0x1.ce00000000000p-12	-231	524288	normal	56058
5592	b9e8	b9e80000	-0.0004425048828125	-0x1.d000000000000p-12	-29	65536	normal	55794
5593	b9e9	b9e90000	-0.0004444122314453125	-0x1.d200000000000p-12	-233	524288	normal	56379
5594	b9ea	b9ea0000	-0.000446319580078125	-0x1.d400000000000p-12	-117	262144	normal	56650
5595	b9eb	b9eb0000	-0.0004482269287109375	-0x1.d600000000000p-12	-235	524288	normal	56156
5596	b9ec	b9ec0000	-0.00045013427734375	-0x1.d800000000000p-12	-59	131072	normal	56791
5597	b9ed	b9ed0000	-0.0004520416259765625	-0x1.da00000000000p-12	-237	524288	normal	56090
5598	b9ee	b9ee0000	-0.000453948974609375	-0x1.dc00000000000p-12	-119	262144	normal	56012
5599	b9ef	b9ef0000	-0.0004558563232421875	-0x1.de00000000000p-12	-239	524288	normal	56190
5600	b9f0	b9f00000	-0.000457763671875	-0x1.e000000000000p-12	-15	32768	normal	56178
5601	b9f1	b9f10000	-0.0004596710205078125	-0x1.e200000000000p-12	-241	524288	normal	56415
5602	b9f2	b9f20000	-0.000461578369140625	-0x1.e400000000000p-12	-121	262144	normal	55958
5603	b9f3	b9f30000	-0.0004634857177734375	-0x1.e600000000000p-12	-243	524288	normal	56512
5604	b9f4	b9f40000	-0.00046539306640625	-0x1.e800000000000p-12	-61	131072	normal	56161
5605	b9f5	b9f50000	-0.0004673004150390625	-0x1.ea00000000000p-12	-245	524288	normal	56316
5606	b9f6	b9f60000	-0.000469207763671875	-0x1.ec00000000000p-12	-123	262144	normal	56060
5607	b9f7	b9f70000	-0.0004711151123046875	-0x1.ee00000000000p-12	-247	524288	normal	56429
5608	b9f8	b9f80000	-0.0004730224609375	-0x1.f000000000000p-12	-31	65536	normal	55853
5609	b9f9	b9f90000	-0.0004749298095703125	-0x1.f200000000000p-12	-249	524288	normal	56142
5610	b9fa	b9fa0000	-0.000476837158203125	-0x1.f400000000000p-12	-125	262144	normal	55835
5611	b9fb	b9fb0000	-0.0004787445068359375	-0x1.f600000000000p-12	-251	524288	normal	56216
5612	b9fc	b9fc0000	-0.00048065185546875	-0x1.f800000000000p-12	-63	131072	normal	55640
5613	b9fd	b9fd0000	-0.0004825592041015625	-0x1.fa00000000000p-12	-253	524288	normal	56602
5614	b9fe	b9fe0000	-0.000484466552734375	-0x1.fc00000000000p-12	-127	262144	normal	56297
5615	b9ff	b9ff0000	-0.0004863739013671875	-0x1.fe00000000000p-12	-255	524288	normal	56415
5616	ba00	ba000000	-0.00048828125	-0x1.0000000000000p-11	-1	2048	normal	84511
5617	ba01	ba010000	-0.000492095947265625	-0x1.0200000000000p-11	-129	262144	normal	111702
5618	ba02	ba020000	-0.00049591064453125	-0x1.0400000000000p-11	-65	131072	normal	111958
5619	ba03	ba030000	-0.000499725341796875	-0x1.0600000000000p-11	-131	262144	normal	111965
5620	ba04	ba040000	-0.0005035400390625	-0x1.0800000000000p-11	-33	65536	normal	111883
5621	ba05	ba050000	-0.000507354736328125	-0x1.0a00000000000p-11	-133	262144	normal	112355
5622	ba06	ba060000	-0.00051116943359375	-0x1.0c00000000000p-11	-67	131072	normal	112634
5623	ba07	ba070000	-0.000514984130859375	-0x1.0e00000000000p-11	-135	262144	normal	112496
5624	ba08	ba080000	-0.000518798828125	-0x1.1000000000000p-11	-17	32768	normal	112440
5625	ba09	ba090000	-0.000522613525390625	-0x1.1200000000000p-11	-137	262144	normal	113004
5626	ba0a	ba0a0000	-0.00052642822265625	-0x1.1400000000000p-11	-69	131072	normal	112730
5627	ba0b	ba0b0000	-0.000530242919921875	-0x1.1600000000000p-11	-139	262144	normal	112075
5628	ba0c	ba0c0000	-0.0005340576171875	-0x1.1800000000000p-11	-35	65536	normal	112578
5629	ba0d	ba0d0000	-0.000537872314453125	-0x1.1a00000000000p-11	-141	262144	normal	112430
5630	ba0e	ba0e0000	-0.00054168701171875	-0x1.1c00000000000p-11	-71	131072	normal	111897
5631	ba0f	ba0f0000	-0.000545501708984375	-0x1.1e00000000000p-11	-143	262144	normal	112636
5632	ba10	ba100000	-0.00054931640625	-0x1.2000000000000p-11	-9	16384	normal	112319
5633	ba11	ba110000	-0.000553131103515625	-0x1.2200000000000p-11	-145	262144	normal	112420
5634	ba12	ba120000	-0.00055694580078125	-0x1.2400000000000p-11	-73	131072	normal	111861
5635	ba13	ba130000	-0.000560760498046875	-0x1.2600000000000p-11	-147	262144	normal	112339
5636	ba14	ba140000	-0.0005645751953125	-0x1.2800000000000p-11	-37	65536	normal	112580
5637	ba15	ba150000	-0.000568389892578125	-0x1.2a00000000000p-11	-149	262144	normal	111581
5638	ba16	ba160000	-0.00057220458984375	-0x1.2c00000000000p-11	-75	131072	normal	112778
5639	ba17	ba170000	-0.000576019287109375	-0x1.2e00000000000p-11	-151	262144	normal	112393
5640	ba18	ba180000	-0.000579833984375	-0x1.3000000000000p-11	-19	32768	normal	112317
5641	ba19	ba190000	-0.000583648681640625	-0x1.3200000000000p-11	-153	262144	normal	112342
5642	ba1a	ba1a0000	-0.00058746337890625	-0x1.3400000000000p-11	-77	131072	normal	112876
5643	ba1b	ba1b0000	-0.000591278076171875	-0x1.3600000000000p-11	-155	262144	normal	112707
5644	ba1c	ba1c0000	-0.0005950927734375	-0x1.3800000000000p-11	-39	65536	normal	112037
5645	ba1d	ba1d0000	-0.000598907470703125	-0x1.3a00000000000p-11	-157	262144	normal	112525
5646	ba1e	ba1e0000	-0.00060272216796875	-0x1.3c00000000000p-11	-79	131072	normal	112931
5647	ba1f	ba1f0000	-0.000606536865234375	-0x1.3e00000000000p-11	-159	262144	normal	112393
5648	ba20	ba200000	-0.0006103515625	-0x1.4000000000000p-11	-5	8192	normal	111682
5649	ba21	ba210000	-0.000614166259765625	-0x1.4200000000000p-11	-161	262144	normal	113421
5650	ba22	ba220000	-0.00061798095703125	-0x1.4400000000000p-11	-81	131072	normal	112315
5651	ba23	ba230000	-0.000621795654296875	-0x1.4600000000000p-11	-163	262144	normal	112681
5652	ba24	ba240000	-0.0006256103515625	-0x1.4800000000000p-11	-41	65536	normal	112642
5653	ba25	ba250000	-0.000629425048828125	-0x1.4a00000000000p-11	-165	262144	normal	112324
5654	ba26	ba260000	-0.00063323974609375	-0x1.4c00000000000p-11	-83	131072	normal	112811
5655	ba27	ba270000	-0.000637054443359375	-0x1.4e00000000000p-11	-167	262144	normal	111953
5656	ba28	ba280000	-0.000640869140625	-0x1.5000000000000p-11	-21	32768	normal	112238
5657	ba29	ba290000	-0.000644683837890625	-0x1.5200000000000p-11	-169	262144	normal	112064
5658	ba2a	ba2a0000	-0.00064849853515625	-0x1.5400000000000p-11	-85	131072	normal	111957
5659	ba2b	ba2b0000	-0.000652313232421875	-0x1.5600000000000p-11	-171	262144	normal	112358
5660	ba2c	ba2c0000	-0.0006561279296875	-0x1.5800000000000p-11	-43	65536	normal	112070
5661	ba2d	ba2d0000	-0.000659942626953125	-0x1.5a00000000000p-11	-173	262144	normal	112331
5662	ba2e	ba2e0000	-0.00066375732421875	-0x1.5c00000000000p-11	-87	131072	normal	112095
5663	ba2f	ba2f0000	-0.000667572021484375	-0x1.5e00000000000p-11	-175	262144	normal	112422
5664	ba30	ba300000	-0.00067138671875	-0x1.6000000000000p-11	-11	16384	normal	112806
5665	ba31	ba310000	-0.000675201416015625	-0x1.6200000000000p-11	-177	262144	normal	112508
5666	ba32	ba320000	-0.00067901611328125	-0x1.6400000000000p-11	-89	131072	normal	112587
5667	ba33	ba330000	-0.000682830810546875	-0x1.6600000000000p-11	-179	262144	normal	112227
5668	ba34	ba340000	-0.0006866455078125	-0x1.6800000000000p-11	-45	65536	normal	112398
5669	ba35	ba350000	-0.000690460205078125	-0x1.6a00000000000p-11	-181	262144	normal	112799
5670	ba36	ba360000	-0.00069427490234375	-0x1.6c00000000000p-11	-91	131072	normal	112044
5671	ba37	ba370000	-0.000698089599609375	-0x1.6e00000000000p-11	-183	262144	normal	112263
5672	ba38	ba380000	-0.000701904296875	-0x1.7000000000000p-11	-23	32768	normal	112111
5673	ba39	ba390000	-0.000705718994140625	-0x1.7200000000000p-11	-185	262144	normal	112330
5674	ba3a	ba3a0000	-0.00070953369140625	-0x1.7400000000000p-11	-93	131072	normal	112742
5675	ba3b	ba3b0000	-0.000713348388671875	-0x1.7600000000000p-11	-187	262144	normal	112229
5676	ba3c	ba3c0000	-0.0007171630859375	-0x1.7800000000000p-11	-47	65536	normal	112632
5677	ba3d	ba3d0000	-0.000720977783203125	-0x1.7a00000000000p-11	-189	262144	normal	112213
5678	ba3e	ba3e0000	-0.00072479248046875	-0x1.7c00000000000p-11	-95	131072	normal	112128
5679	ba3f	ba3f0000	-0.000728607177734375	-0x1.7e00000000000p-11	-191	262144	normal	112256
5680	ba40	ba400000	-0.000732421875	-0x1.8000000000000p-11	-3	4096	normal	112013
5681	ba41	ba410000	-0.000736236572265625	-0x1.8200000000000p-11	-193	262144	normal	112425
5682	ba42	ba420000	-0.00074005126953125	-0x1.8400000000000p-11	-97	131072	normal	112256
5683	ba43	ba430000	-0.000743865966796875	-0x1.8600000000000p-11	-195	262144	normal	112375
5684	ba44	ba440000	-0.0007476806640625	-0x1.8800000000000p-11	-49	65536	normal	112383
5685	ba45	ba450000	-0.000751495361328125	-0x1.8a00000000000p-11	-197	262144	normal	112151
5686	ba46	ba460000	-0.00075531005859375	-0x1.8c00000000000p-11	-99	131072	normal	112049
5687	ba47	ba470000	-0.000759124755859375	-0x1.8e00000000000p-11	-199	262144	normal	112279
5688	ba48	ba480000	-0.000762939453125	-0x1.9000000000000p-11	-25	32768	normal	111945
5689	ba49	ba490000	-0.000766754150390625	-0x1.9200000000000p-11	-201	262144	normal	112181
5690	ba4a	ba4a0000	-0.00077056884765625	-0x1.9400000000000p-11	-101	131072	normal	112372
5691	ba4b	ba4b0000	-0.000774383544921875	-0x1.9600000000000p-11	-203	262144	normal	112196
5692	ba4c	ba4c0000	-0.0007781982421875	-0x1.9800000000000p-11	-51	65536	normal	112030
5693	ba4d	ba4d0000	-0.000782012939453125	-0x1.9a00000000000p-11	-205	262144	normal	112455
5694	ba4e	ba4e0000	-0.00078582763671875	-0x1.9c00000000000p-11	-103	131072	normal	112548
5695	ba4f	ba4f0000	-0.000789642333984375	-0x1.9e00000000000p-11	-207	262144	normal	112270
5696	ba50	ba500000	-0.00079345703125	-0x1.a000000000000p-11	-13	16384	normal	112612
5697	ba51	ba510000	-0.000797271728515625	-0x1.a200000000000p-11	-209	262144	normal	112575
5698	ba52	ba520000	-0.00080108642578125	-0x1.a400000000000p-11	-105	131072	normal	112338
5699	ba53	ba530000	-0.000804901123046875	-0x1.a600000000000p-11	-211	262144	normal	112544
5700	ba54	ba540000	-0.0008087158203125	-0x1.a800000000000p-11	-53	65536	normal	112213
5701	ba55	ba550000	-0.000812530517578125	-0x1.aa00000000000p-11	-213	262144	normal	112475
5702	ba56	ba560000	-0.00081634521484375	-0x1.ac00000000000p-11	-107	131072	normal	111422
5703	ba57	ba570000	-0.000820159912109375	-0x1.ae00000000000p-11	-215	262144	normal	111997
5704	ba58	ba580000	-0.000823974609375	-0x1.b000000000000p-11	-27	32768	normal	112455
5705	ba59	ba590000	-0.000827789306640625	-0x1.b200000000000p-11	-217	262144	normal	112167
5706	ba5a	ba5a0000	-0.00083160400390625	-0x1.b400000000000p-11	-109	131072	normal	112609
5707	ba5b	ba5b0000	-0.000835418701171875	-0x1.b600000000000p-11	-219	262144	normal	112549
5708	ba5c	ba5c0000	-0.0008392333984375	-0x1.b800000000000p-11	-55	65536	normal	112656
5709	ba5d	ba5d0000	-0.000843048095703125	-0x1.ba00000000000p-11	-221	262144	normal	112395
5710	ba5e	ba5e0000	-0.00084686279296875	-0x1.bc00000000000p-11	-111	131072	normal	112460
5711	ba5f	ba5f0000	-0.000850677490234375	-0x1.be00000000000p-11	-223	262144	normal	111994
5712	ba60	ba600000	-0.0008544921875	-0x1.c000000000000p-11	-7	8192	normal	112515
5713	ba61	ba610000	-0.000858306884765625	-0x1.c200000000000p-11	-225	262144	normal	112053
5714	ba62	ba620000	-0.00086212158203125	-0x1.c400000000000p-11	-113	131072	normal	111849
5715	ba63	ba630000	-0.000865936279296875	-0x1.c600000000000p-11	-227	262144	normal	112334
5716	ba64	ba640000	-0.0008697509765625	-0x1.c800000000000p-11	-57	65536	normal	111856
5717	ba65	ba650000	-0.000873565673828125	-0x1.ca00000000000p-11	-229	262144	normal	112473
5718	ba66	ba660000	-0.00087738037109375	-0x1.cc00000000000p-11	-115	131072	normal	112267
5719	ba67	ba670000	-0.000881195068359375	-0x1.ce00000000000p-11	-231	262144	normal	111743
5720	ba68	ba680000	-0.000885009765625	-0x1.d000000000000p-11	-29	32768	normal	112134
5721	ba69	ba690000	-0.000888824462890625	-0x1.d200000000000p-11	-233	262144	normal	112563
5722	ba6a	ba6a0000	-0.00089263916015625	-0x1.d400000000000p-11	-117	131072	normal	112522
5723	ba6b	ba6b0000	-0.000896453857421875	-0x1.d600000000000p-11	-235	262144	normal	112570
5724	ba6c	ba6c0000	-0.0009002685546875	-0x1.d800000000000p-11	-59	65536	normal	112301
5725	ba6d	ba6d0000	-0.000904083251953125	-0x1.da00000000000p-11	-237	262144	normal	111765
5726	ba6e	ba6e0000	-0.00090789794921875	-0x1.dc00000000000p-11	-119	131072	normal	112062
5727	ba6f	ba6f0000	-0.000911712646484375	-0x1.de00000000000p-11	-239	262144	normal	111470
5728	ba70	ba700000	-0.00091552734375	-0x1.e000000000000p-11	-15	16384	normal	112806
5729	ba71	ba710000	-0.000919342041015625	-0x1.e200000000000p-11	-241	262144	normal	111926
5730	ba72	ba720000	-0.00092315673828125	-0x1.e400000000000p-11	-121	131072	normal	111693
5731	ba73	ba730000	-0.000926971435546875	-0x1.e600000000000p-11	-243	262144	normal	112345
5732	ba74	ba740000	-0.0009307861328125	-0x1.e800000000000p-11	-61	65536	normal	112571
5733	ba75	ba750000	-0.000934600830078125	-0x1.ea00000000000p-11	-245	262144	normal	112006
5734	ba76	ba760000	-0.00093841552734375	-0x1.ec00000000000p-11	-123	131072	normal	112355
5735	ba77	ba770000	-0.000942230224609375	-0x1.ee00000000000p-11	-247	262144	normal	112064
5736	ba78	ba780000	-0.000946044921875	-0x1.f000000000000p-11	-31	32768	normal	111848
5737	ba79	ba790000	-0.000949859619140625	-0x1.f200000000000p-11	-249	262144	normal	112228
5738	ba7a	ba7a0000	-0.00095367431640625	-0x1.f400000000000p-11	-125	131072	normal	111806
5739	ba7b	ba7b0000	-0.000957489013671875	-0x1.f600000000000p-11	-251	262144	normal	111855
5740	ba7c	ba7c0000	-0.0009613037109375	-0x1.f800000000000p-11	-63	65536	normal	112317
5741	ba7d	ba7d0000	-0.000965118408203125	-0x1.fa00000000000p-11	-253	262144	normal	113297
5742	ba7e	ba7e0000	-0.00096893310546875	-0x1.fc00000000000p-11	-127	131072	normal	111989
5743	ba7f	ba7f0000	-0.000972747802734375	-0x1.fe00000000000p-11	-255	262144	normal	112773
5744	ba80	ba800000	-0.0009765625	-0x1.0000000000000p-10	-1	1024	normal	167766
5745	ba81	ba810000	-0.00098419189453125	-0x1.0200000000000p-10	-129	131072	normal	224371
5746	ba82	ba820000	-0.0009918212890625	-0x1.0400000000000p-10	-65	65536	normal	224177
5747	ba83	ba830000	-0.00099945068359375	-0x1.0600000000000p-10	-131	131072	normal	223313
5748	ba84	ba840000	-0.001007080078125	-0x1.0800000000000p-10	-33	32768	normal	224447
5749	ba85	ba850000	-0.00101470947265625	-0x1.0a00000000000p-10	-133	131072	normal	224193
5750	ba86	ba860000	-0.0010223388671875	-0x1.0c00000000000p-10	-67	65536	normal	224869
5751	ba87	ba870000	-0.00102996826171875	-0x1.0e00000000000p-10	-135	131072	normal	224853
5752	ba88	ba880000	-0.00103759765625	-0x1.1000000000000p-10	-17	16384	normal	223996
5753	ba89	ba890000	-0.00104522705078125	-0x1.1200000000000p-10	-137	131072	normal	223452
5754	ba8a	ba8a0000	-0.0010528564453125	-0x1.1400000000000p-10	-69	65536	normal	224066
5755	ba8b	ba8b0000	-0.00106048583984375	-0x1.1600000000000p-10	-139	131072	normal	223427
5756	ba8c	ba8c0000	-0.001068115234375	-0x1.1800000000000p-10	-35	32768	normal	223970
5757	ba8d	ba8d0000	-0.00107574462890625	-0x1.1a00000000000p-10	-141	131072	normal	223148
5758	ba8e	ba8e0000	-0.0010833740234375	-0x1.1c00000000000p-10	-71	65536	normal	224747
5759	ba8f	ba8f0000	-0.00109100341796875	-0x1.1e00000000000p-10	-143	131072	normal	224612
5760	ba90	ba900000	-0.0010986328125	-0x1.2000000000000p-10	-9	8192	normal	224239
5761	ba91	ba910000	-0.00110626220703125	-0x1.2200000000000p-10	-145	131072	normal	223526
5762	ba92	ba920000	-0.0011138916015625	-0x1.2400000000000p-10	-73	65536	normal	224701
5763	ba93	ba930000	-0.00112152099609375	-0x1.2600000000000p-10	-147	131072	normal	223750
5764	ba94	ba940000	-0.001129150390625	-0x1.2800000000000p-10	-37	32768	normal	224331
5765	ba95	ba950000	-0.00113677978515625	-0x1.2a00000000000p-10	-149	131072	normal	224495
5766	ba96	ba960000	-0.0011444091796875	-0x1.2c00000000000p-10	-75	65536	normal	223455
5767	ba97	ba970000	-0.00115203857421875	-0x1.2e00000000000p-10	-151	131072	normal	224486
5768	ba98	ba980000	-0.00115966796875	-0x1.3000000000000p-10	-19	16384	normal	224203
5769	ba99	ba990000	-0.00116729736328125	-0x1.3200000000000p-10	-153	131072	normal	223607
5770	ba9a	ba9a0000	-0.0011749267578125	-0x1.3400000000000p-10	-77	65536	normal	224303
5771	ba9b	ba9b0000	-0.00118255615234375	-0x1.3600000000000p-10	-155	131072	normal	223882
5772	ba9c	ba9c0000	-0.001190185546875	-0x1.3800000000000p-10	-39	32768	normal	223635
5773	ba9d	ba9d0000	-0.00119781494140625	-0x1.3a00000000000p-10	-157	131072	normal	224214
5774	ba9e	ba9e0000	-0.0012054443359375	-0x1.3c00000000000p-10	-79	65536	normal	223500
5775	ba9f	ba9f0000	-0.00121307373046875	-0x1.3e00000000000p-10	-159	131072	normal	224145
5776	baa0	baa00000	-0.001220703125	-0x1.4000000000000p-10	-5	4096	normal	223987
5777	baa1	baa10000	-0.00122833251953125	-0x1.4200000000000p-10	-161	131072	normal	224861
5778	baa2	baa20000	-0.0012359619140625	-0x1.4400000000000p-10	-81	65536	normal	223413
5779	baa3	baa30000	-0.00124359130859375	-0x1.4600000000000p-10	-163	131072	normal	224139
5780	baa4	baa40000	-0.001251220703125	-0x1.4800000000000p-10	-41	32768	normal	224270
5781	baa5	baa50000	-0.00125885009765625	-0x1.4a00000000000p-10	-165	131072	normal	223747
5782	baa6	baa60000	-0.0012664794921875	-0x1.4c00000000000p-10	-83	65536	normal	224218
5783	baa7	baa70000	-0.00127410888671875	-0x1.4e00000000000p-10	-167	131072	normal	224280
5784	baa8	baa80000	-0.00128173828125	-0x1.5000000000000p-10	-21	16384	normal	223925
5785	baa9	baa90000	-0.00128936767578125	-0x1.5200000000000p-10	-169	131072	normal	224317
5786	baaa	baaa0000	-0.0012969970703125	-0x1.5400000000000p-10	-85	65536	normal	223074
5787	baab	baab0000	-0.00130462646484375	-0x1.5600000000000p-10	-171	131072	normal	224317
5788	baac	baac0000	-0.001312255859375	-0x1.5800000000000p-10	-43	32768	normal	223493
5789	baad	baad0000	-0.00131988525390625	-0x1.5a00000000000p-10	-173	131072	normal	223952
5790	baae	baae0000	-0.0013275146484375	-0x1.5c00000000000p-10	-87	65536	normal	223038
5791	baaf	baaf0000	-0.00133514404296875	-0x1.5e00000000000p-10	-175	131072	normal	224087
5792	bab0	bab00000	-0.0013427734375	-0x1.6000000000000p-10	-11	8192	normal	223582
5793	bab1	bab10000	-0.00135040283203125	-0x1.6200000000000p-10	-177	131072	normal	222981
5794	bab2	bab20000	-0.0013580322265625	-0x1.6400000000000p-10	-89	65536	normal	222867
5795	bab3	bab30000	-0.00136566162109375	-0x1.6600000000000p-10	-179	131072	normal	224021
5796	bab4	bab40000	-0.001373291015625	-0x1.6800000000000p-10	-45	32768	normal	223802
5797	bab5	bab50000	-0.00138092041015625	-0x1.6a00000000000p-10	-181	131072	normal	223169
5798	bab6	bab60000	-0.0013885498046875	-0x1.6c00000000000p-10	-91	65536	normal	223828
5799	bab7	bab70000	-0.00139617919921875	-0x1.6e00000000000p-10	-183	131072	normal	223470
5800	bab8	bab80000	-0.00140380859375	-0x1.7000000000000p-10	-23	16384	normal	223983
5801	bab9	bab90000	-0.00141143798828125	-0x1.7200000000000p-10	-185	131072	normal	223617
5802	baba	baba0000	-0.0014190673828125	-0x1.7400000000000p-10	-93	65536	normal	223411
5803	babb	babb0000	-0.00142669677734375	-0x1.7600000000000p-10	-187	131072	normal	223828
5804	babc	babc0000	-0.001434326171875	-0x1.7800000000000p-10	-47	32768	normal	223669
5805	babd	babd0000	-0.00144195556640625	-0x1.7a00000000000p-10	-189	131072	normal	223766
5806	babe	babe0000	-0.0014495849609375	-0x1.7c00000000000p-10	-95	65536	normal	224217
5807	babf	babf0000	-0.00145721435546875	-0x1.7e00000000000p-10	-191	131072	normal	224230
5808	bac0	bac00000	-0.00146484375	-0x1.8000000000000p-10	-3	2048	normal	223279
5809	bac1	bac10000	-0.00147247314453125	-0x1.8200000000000p-10	-193	131072	normal	222913
5810	bac2	bac20000	-0.0014801025390625	-0x1.8400000000000p-10	-97	65536	normal	223067
5811	bac3	bac30000	-0.00148773193359375	-0x1.8600000000000p-10	-195	131072	normal	223070
5812	bac4	bac40000	-0.001495361328125	-0x1.8800000000000p-10	-49	32768	normal	222237
5813	bac5	bac50000	-0.00150299072265625	-0x1.8a00000000000p-10	-197	131072	normal	222997
5814	bac6	bac60000	-0.0015106201171875	-0x1.8c00000000000p-10	-99	65536	normal	222679
5815	bac7	bac70000	-0.00151824951171875	-0x1.8e00000000000p-10	-199	131072	normal	223139
5816	bac8	bac80000	-0.00152587890625	-0x1.9000000000000p-10	-25	16384	normal	223882
5817	bac9	bac90000	-0.00153350830078125	-0x1.9200000000000p-10	-201	131072	normal	223512
5818	baca	baca0000	-0.0015411376953125	-0x1.9400000000000p-10	-101	65536	normal	222760
5819	bacb	bacb0000	-0.00154876708984375	-0x1.9600000000000p-10	-203	131072	normal	223205
5820	bacc	bacc0000	-0.001556396484375	-0x1.9800000000000p-10	-51	32768	normal	223487
5821	bacd	bacd0000	-0.00156402587890625	-0x1.9a00000000000p-10	-205	131072	normal	222833
5822	bace	bace0000	-0.0015716552734375	-0x1.9c00000000000p-10	-103	65536	normal	223731
5823	bacf	bacf0000	-0.00157928466796875	-0x1.9e00000000000p-10	-207	131072	normal	223206
5824	bad0	bad00000	-0.0015869140625	-0x1.a000000000000p-10	-13	8192	normal	222786
5825	bad1	bad10000	-0.00159454345703125	-0x1.a200000000000p-10	-209	131072	normal	223272
5826	bad2	bad20000	-0.0016021728515625	-0x1.a400000000000p-10	-105	65536	normal	223248
5827	bad3	bad30000	-0.00160980224609375	-0x1.a600000000000p-10	-211	131072	normal	223508
5828	bad4	bad40000	-0.001617431640625	-0x1.a800000000000p-10	-53	32768	normal	223566
5829	bad5	bad50000	-0.00162506103515625	-0x1.aa00000000000p-10	-213	131072	normal	223155
5830	bad6	bad60000	-0.0016326904296875	-0x1.ac00000000000p-10	-107	65536	normal	223491
5831	bad7	bad70000	-0.00164031982421875	-0x1.ae00000000000p-10	-215	131072	normal	223541
5832	bad8	bad80000	-0.00164794921875	-0x1.b000000000000p-10	-27	16384	normal	223053
5833	bad9	bad90000	-0.00165557861328125	-0x1.b200000000000p-10	-217	131072	normal	222861
5834	bada	bada0000	-0.0016632080078125	-0x1.b400000000000p-10	-109	65536	normal	221765
5835	badb	badb0000	-0.00167083740234375	-0x1.b600000000000p-10	-219	131072	normal	223292
5836	badc	badc0000	-0.001678466796875	-0x1.b800000000000p-10	-55	32768	normal	222869
5837	badd	badd0000	-0.00168609619140625	-0x1.ba00000000000p-10	-221	131072	normal	222914
5838	bade	bade0000	-0.0016937255859375	-0x1.bc00000000000p-10	-111	65536	normal	222887
5839	badf	badf0000	-0.00170135498046875	-0x1.be00000000000p-10	-223	131072	normal	222687
5840	bae0	bae00000	-0.001708984375	-0x1.c000000000000p-10	-7	4096	normal	222344
5841	bae1	bae10000	-0.00171661376953125	-0x1.c200000000000p-10	-225	131072	normal	223154
5842	bae2	bae20000	-0.0017242431640625	-0x1.c400000000000p-10	-113	65536	normal	222799
5843	bae3	bae30000	-0.00173187255859375	-0x1.c600000000000p-10	-227	131072	normal	222238
5844	bae4	bae40000	-0.001739501953125	-0x1.c800000000000p-10	-57	32768	normal	223222
5845	bae5	bae50000	-0.00174713134765625	-0x1.ca00000000000p-10	-229	131072	normal	222520
5846	bae6	bae60000	-0.0017547607421875	-0x1.cc00000000000p-10	-115	65536	normal	222760
5847	bae7	bae70000	-0.00176239013671875	-0x1.ce00000000000p-10	-231	131072	normal	222693
5848	bae8	bae80000	-0.00177001953125	-0x1.d000000000000p-10	-29	16384	normal	222857
5849	bae9	bae90000	-0.00177764892578125	-0x1.d200000000000p-10	-233	131072	normal	223803
5850	baea	baea0000	-0.0017852783203125	-0x1.d400000000000p-10	-117	65536	normal	222931
5851	baeb	baeb0000	-0.00179290771484375	-0x1.d600000000000p-10	-235	131072	normal	223049
5852	baec	baec0000	-0.001800537109375	-0x1.d800000000000p-10	-59	32768	normal	222767
5853	baed	baed0000	-0.00180816650390625	-0x1.da00000000000p-10	-237	131072	normal	223096
5854	baee	baee0000	-0.0018157958984375	-0x1.dc00000000000p-10	-119	65536	normal	222447
5855	baef	baef0000	-0.00182342529296875	-0x1.de00000000000p-10	-239	131072	normal	222457
5856	baf0	baf00000	-0.0018310546875	-0x1.e000000000000p-10	-15	8192	normal	222742
5857	baf1	baf10000	-0.00183868408203125	-0x1.e200000000000p-10	-241	131072	normal	222317
5858	baf2	baf20000	-0.0018463134765625	-0x1.e400000000000p-10	-121	65536	normal	222869
5859	baf3	baf30000	-0.00185394287109375	-0x1.e600000000000p-10	-243	131072	normal	222202
5860	baf4	baf40000	-0.001861572265625	-0x1.e800000000000p-10	-61	32768	normal	222746
5861	baf5	baf50000	-0.00186920166015625	-0x1.ea00000000000p-10	-245	131072	normal	222253
5862	baf6	baf60000	-0.0018768310546875	-0x1.ec00000000000p-10	-123	65536	normal	221791
5863	baf7	baf70000	-0.00188446044921875	-0x1.ee00000000000p-10	-247	131072	normal	223394
5864	baf8	baf80000	-0.00189208984375	-0x1.f000000000000p-10	-31	16384	normal	222427
5865	baf9	baf90000	-0.00189971923828125	-0x1.f200000000000p-10	-249	131072	normal	223159
5866	bafa	bafa0000	-0.0019073486328125	-0x1.f400000000000p-10	-125	65536	normal	223254
5867	bafb	bafb0000	-0.00191497802734375	-0x1.f600000000000p-10	-251	131072	normal	222352
5868	bafc	bafc0000	-0.001922607421875	-0x1.f800000000000p-10	-63	32768	normal	222697
5869	bafd	bafd0000	-0.00193023681640625	-0x1.fa00000000000p-10	-253	131072	normal	223960
5870	bafe	bafe0000	-0.0019378662109375	-0x1.fc00000000000p-10	-127	65536	normal	223111
5871	baff	baff0000	-0.00194549560546875	-0x1.fe00000000000p-10	-255	131072	normal	222807
5872	bb00	bb000000	-0.001953125	-0x1.0000000000000p-9	-1	512	normal	333626
5873	bb01	bb010000	-0.0019683837890625	-0x1.0200000000000p-9	-129	65536	normal	443271
5874	bb02	bb020000	-0.001983642578125	-0x1.0400000000000p-9	-65	32768	normal	442785
5875	bb03	bb030000	-0.0019989013671875	-0x1.0600000000000p-9	-131	65536	normal	443416
5876	bb04	bb040000	-0.00201416015625	-0x1.0800000000000p-9	-33	16384	normal	444513
5877	bb05	bb050000	-0.0020294189453125	-0x1.0a00000000000p-9	-133	65536	normal	442671
5878	bb06	bb060000	-0.002044677734375	-0x1.0c00000000000p-9	-67	32768	normal	444414
5879	bb07	bb070000	-0.0020599365234375	-0x1.0e00000000000p-9	-135	65536	normal	443126
5880	bb08	bb080000	-0.0020751953125	-0x1.1000000000000p-9	-17	8192	normal	444326
5881	bb09	bb090000	-0.0020904541015625	-0x1.1200000000000p-9	-137	65536	normal	444310
5882	bb0a	bb0a0000	-0.002105712890625	-0x1.1400000000000p-9	-69	32768	normal	444306
5883	bb0b	bb0b0000	-0.0021209716796875	-0x1.1600000000000p-9	-139	65536	normal	444008
5884	bb0c	bb0c0000	-0.00213623046875	-0x1.1800000000000p-9	-35	16384	normal	443839
5885	bb0d	bb0d0000	-0.0021514892578125	-0x1.1a00000000000p-9	-141	65536	normal	444031
5886	bb0e	bb0e0000	-0.002166748046875	-0x1.1c00000000000p-9	-71	32768	normal	442125
5887	bb0f	bb0f0000	-0.0021820068359375	-0x1.1e00000000000p-9	-143	65536	normal	441854
5888	bb10	bb100000	-0.002197265625	-0x1.2000000000000p-9	-9	4096	normal	444678
5889	bb11	bb110000	-0.0022125244140625	-0x1.2200000000000p-9	-145	65536	normal	444385
5890	bb12	bb120000	-0.002227783203125	-0x1.2400000000000p-9	-73	32768	normal	444002
5891	bb13	bb130000	-0.0022430419921875	-0x1.2600000000000p-9	-147	65536	normal	443332
5892	bb14	bb140000	-0.00225830078125	-0x1.2800000000000p-9	-37	16384	normal	443263
5893	bb15	bb150000	-0.0022735595703125	-0x1.2a00000000000p-9	-149	65536	normal	442522
5894	bb16	bb160000	-0.002288818359375	-0x1.2c00000000000p-9	-75	32768	normal	442921
5895	bb17	bb170000	-0.0023040771484375	-0x1.2e00000000000p-9	-151	65536	normal	442264
5896	bb18	bb180000	-0.0023193359375	-0x1.3000000000000p-9	-19	8192	normal	442850
5897	bb19	bb190000	-0.0023345947265625	-0x1.3200000000000p-9	-153	65536	normal	443182
5898	bb1a	bb1a0000	-0.002349853515625	-0x1.3400000000000p-9	-77	32768	normal	444425
5899	bb1b	bb1b0000	-0.0023651123046875	-0x1.3600000000000p-9	-155	65536	normal	441758
5900	bb1c	bb1c0000	-0.00238037109375	-0x1.3800000000000p-9	-39	16384	normal	443568
5901	bb1d	bb1d0000	-0.0023956298828125	-0x1.3a00000000000p-9	-157	65536	normal	441367
5902	bb1e	bb1e0000	-0.002410888671875	-0x1.3c00000000000p-9	-79	32768	normal	442661
5903	bb1f	bb1f0000	-0.0024261474609375	-0x1.3e00000000000p-9	-159	65536	normal	442561
5904	bb20	bb200000	-0.00244140625	-0x1.4000000000000p-9	-5	2048	normal	443181
5905	bb21	bb210000	-0.0024566650390625	-0x1.4200000000000p-9	-161	65536	normal	442916
5906	bb22	bb220000	-0.002471923828125	-0x1.4400000000000p-9	-81	32768	normal	440741
5907	bb23	bb230000	-0.0024871826171875	-0x1.4600000000000p-9	-163	65536	normal	441295
5908	bb24	bb240000	-0.00250244140625	-0x1.4800000000000p-9	-41	16384	normal	441792
5909	bb25	bb250000	-0.0025177001953125	-0x1.4a00000000000p-9	-165	65536	normal	441381
5910	bb26	bb260000	-0.002532958984375	-0x1.4c00000000000p-9	-83	32768	normal	442989
5911	bb27	bb270000	-0.0025482177734375	-0x1.4e00000000000p-9	-167	65536	normal	441578
5912	bb28	bb280000	-0.0025634765625	-0x1.5000000000000p-9	-21	8192	normal	441683
5913	bb29	bb290000	-0.0025787353515625	-0x1.5200000000000p-9	-169	65536	normal	441897
5914	bb2a	bb2a0000	-0.002593994140625	-0x1.5400000000000p-9	-85	32768	normal	440706
5915	bb2b	bb2b0000	-0.0026092529296875	-0x1.5600000000000p-9	-171	65536	normal	441523
5916	bb2c	bb2c0000	-0.00262451171875	-0x1.5800000000000p-9	-43	16384	normal	441273
5917	bb2d	bb2d0000	-0.0026397705078125	-0x1.5a00000000000p-9	-173	65536	normal	441092
5918	bb2e	bb2e0000	-0.002655029296875	-0x1.5c00000000000p-9	-87	32768	normal	441394
5919	bb2f	bb2f0000	-0.0026702880859375	-0x1.5e00000000000p-9	-175	65536	normal	441330
5920	bb30	bb300000	-0.002685546875	-0x1.6000000000000p-9	-11	4096	normal	440724
5921	bb31	bb310000	-0.0027008056640625	-0x1.6200000000000p-9	-177	65536	normal	441198
5922	bb32	bb320000	-0.002716064453125	-0x1.6400000000000p-9	-89	32768	normal	440356
5923	bb33	bb330000	-0.0027313232421875	-0x1.6600000000000p-9	-179	65536	normal	441118
5924	bb34	bb340000	-0.00274658203125	-0x1.6800000000000p-9	-45	16384	normal	441062
5925	bb35	bb350000	-0.0027618408203125	-0x1.6a00000000000p-9	-181	65536	normal	439554
5926	bb36	bb360000	-0.002777099609375	-0x1.6c00000000000p-9	-91	32768	normal	439619
5927	bb37	bb370000	-0.0027923583984375	-0x1.6e00000000000p-9	-183	65536	normal	440087
5928	bb38	bb380000	-0.0028076171875	-0x1.7000000000000p-9	-23	8192	normal	440417
5929	bb39	bb390000	-0.0028228759765625	-0x1.7200000000000p-9	-185	65536	normal	440170
5930	bb3a	bb3a0000	-0.002838134765625	-0x1.7400000000000p-9	-93	32768	normal	439253
5931	bb3b	bb3b0000	-0.0028533935546875	-0x1.7600000000000p-9	-187	65536	normal	439949
5932	bb3c	bb3c0000	-0.00286865234375	-0x1.7800000000000p-9	-47	16384	normal	439616
5933	bb3d	bb3d0000	-0.0028839111328125	-0x1.7a00000000000p-9	-189	65536	normal	439874
5934	bb3e	bb3e0000	-0.002899169921875	-0x1.7c00000000000p-9	-95	32768	normal	439350
5935	bb3f	bb3f0000	-0.0029144287109375	-0x1.7e00000000000p-9	-191	65536	normal	440038
5936	bb40	bb400000	-0.0029296875	-0x1.8000000000000p-9	-3	1024	normal	439116
5937	bb41	bb410000	-0.0029449462890625	-0x1.8200000000000p-9	-193	65536	normal	438428
5938	bb42	bb420000	-0.002960205078125	-0x1.8400000000000p-9	-97	32768	normal	439059
5939	bb43	bb430000	-0.0029754638671875	-0x1.8600000000000p-9	-195	65536	normal	440174
5940	bb44	bb440000	-0.00299072265625	-0x1.8800000000000p-9	-49	16384	normal	439114
5941	bb45	bb450000	-0.0030059814453125	-0x1.8a00000000000p-9	-197	65536	normal	439508
5942	bb46	bb460000	-0.003021240234375	-0x1.8c00000000000p-9	-99	32768	normal	438955
5943	bb47	bb470000	-0.0030364990234375	-0x1.8e00000000000p-9	-199	65536	normal	436857
5944	bb48	bb480000	-0.0030517578125	-0x1.9000000000000p-9	-25	8192	normal	438601
5945	bb49	bb490000	-0.0030670166015625	-0x1.9200000000000p-9	-201	65536	normal	436480
5946	bb4a	bb4a0000	-0.003082275390625	-0x1.9400000000000p-9	-101	32768	normal	439228
5947	bb4b	bb4b0000	-0.0030975341796875	-0x1.9600000000000p-9	-203	65536	normal	439252
5948	bb4c	bb4c0000	-0.00311279296875	-0x1.9800000000000p-9	-51	16384	normal	438394
5949	bb4d	bb4d0000	-0.0031280517578125	-0x1.9a00000000000p-9	-205	65536	normal	437185
5950	bb4e	bb4e0000	-0.003143310546875	-0x1.9c00000000000p-9	-103	32768	normal	438125
5951	bb4f	bb4f0000	-0.0031585693359375	-0x1.9e00000000000p-9	-207	65536	normal	438012
5952	bb50	bb500000	-0.003173828125	-0x1.a000000000000p-9	-13	4096	normal	437030
5953	bb51	bb510000	-0.0031890869140625	-0x1.a200000000000p-9	-209	65536	normal	436819
5954	bb52	bb520000	-0.003204345703125	-0x1.a400000000000p-9	-105	32768	normal	438128
5955	bb53	bb530000	-0.0032196044921875	-0x1.a600000000000p-9	-211	65536	normal	436511
5956	bb54	bb540000	-0.00323486328125	-0x1.a800000000000p-9	-53	16384	normal	437049
5957	bb55	bb550000	-0.0032501220703125	-0x1.aa00000000000p-9	-213	65536	normal	437856
5958	bb56	bb560000	-0.003265380859375	-0x1.ac00000000000p-9	-107	32768	normal	437320
5959	bb57	bb570000	-0.0032806396484375	-0x1.ae00000000000p-9	-215	65536	normal	436159
5960	bb58	bb580000	-0.0032958984375	-0x1.b000000000000p-9	-27	8192	normal	437398
5961	bb59	bb590000	-0.0033111572265625	-0x1.b200000000000p-9	-217	65536	normal	437044
5962	bb5a	bb5a0000	-0.003326416015625	-0x1.b400000000000p-9	-109	32768	normal	437534
5963	bb5b	bb5b0000	-0.0033416748046875	-0x1.b600000000000p-9	-219	65536	normal	436228
5964	bb5c	bb5c0000	-0.00335693359375	-0x1.b800000000000p-9	-55	16384	normal	436587
5965	bb5d	bb5d0000	-0.0033721923828125	-0x1.ba00000000000p-9	-221	65536	normal	435475
5966	bb5e	bb5e0000	-0.003387451171875	-0x1.bc00000000000p-9	-111	32768	normal	436421
5967	bb5f	bb5f0000	-0.0034027099609375	-0x1.be00000000000p-9	-223	65536	normal	435035
5968	bb60	bb600000	-0.00341796875	-0x1.c000000000000p-9	-7	2048	normal	437223
5969	bb61	bb610000	-0.0034332275390625	-0x1.c200000000000p-9	-225	65536	normal	435540
5970	bb62	bb620000	-0.003448486328125	-0x1.c400000000000p-9	-113	32768	normal	435787
5971	bb63	bb630000	-0.0034637451171875	-0x1.c600000000000p-9	-227	65536	normal	436733
5972	bb64	bb640000	-0.00347900390625	-0x1.c800000000000p-9	-57	16384	normal	434754
5973	bb65	bb650000	-0.0034942626953125	-0x1.ca00000000000p-9	-229	65536	normal	435571
5974	bb66	bb660000	-0.003509521484375	-0x1.cc00000000000p-9	-115	32768	normal	435018
5975	bb67	bb670000	-0.0035247802734375	-0x1.ce00000000000p-9	-231	65536	normal	436039
5976	bb68	bb680000	-0.0035400390625	-0x1.d000000000000p-9	-29	8192	normal	435134
5977	bb69	bb690000	-0.0035552978515625	-0x1.d200000000000p-9	-233	65536	normal	435112
5978	bb6a	bb6a0000	-0.003570556640625	-0x1.d400000000000p-9	-117	32768	normal	434771
5979	bb6b	bb6b0000	-0.0035858154296875	-0x1.d600000000000p-9	-235	65536	normal	434977
5980	bb6c	bb6c0000	-0.00360107421875	-0x1.d800000000000p-9	-59	16384	normal	435032
5981	bb6d	bb6d0000	-0.0036163330078125	-0x1.da00000000000p-9	-237	65536	normal	434688
5982	bb6e	bb6e0000	-0.003631591796875	-0x1.dc00000000000p-9	-119	32768	normal	434355
5983	bb6f	bb6f0000	-0.0036468505859375	-0x1.de00000000000p-9	-239	65536	normal	434989
5984	bb70	bb700000	-0.003662109375	-0x1.e000000000000p-9	-15	4096	normal	434053
5985	bb71	bb710000	-0.0036773681640625	-0x1.e200000000000p-9	-241	65536	normal	435067
5986	bb72	bb720000	-0.003692626953125	-0x1.e400000000000p-9	-121	32768	normal	434011
5987	bb73	bb730000	-0.0037078857421875	-0x1.e600000000000p-9	-243	65536	normal	432956
5988	bb74	bb740000	-0.00372314453125	-0x1.e800000000000p-9	-61	16384	normal	434319
5989	bb75	bb750000	-0.0037384033203125	-0x1.ea00000000000p-9	-245	65536	normal	435113
5990	bb76	bb760000	-0.003753662109375	-0x1.ec00000000000p-9	-123	32768	normal	434505
5991	bb77	bb770000	-0.0037689208984375	-0x1.ee00000000000p-9	-247	65536	normal	434047
5992	bb78	bb780000	-0.0037841796875	-0x1.f000000000000p-9	-31	8192	normal	434615
5993	bb79	bb790000	-0.0037994384765625	-0x1.f200000000000p-9	-249	65536	normal	432908
5994	bb7a	bb7a0000	-0.003814697265625	-0x1.f400000000000p-9	-125	32768	normal	434746
5995	bb7b	bb7b0000	-0.0038299560546875	-0x1.f600000000000p-9	-251	65536	normal	434812
5996	bb7c	bb7c0000	-0.00384521484375	-0x1.f800000000000p-9	-63	16384	normal	433291
5997	bb7d	bb7d0000	-0.0038604736328125	-0x1.fa00000000000p-9	-253	65536	normal	436018
5998	bb7e	bb7e0000	-0.003875732421875	-0x1.fc00000000000p-9	-127	32768	normal	435608
5999	bb7f	bb7f0000	-0.0038909912109375	-0x1.fe00000000000p-9	-255	65536	normal	439097
6000	bb80	bb800000	-0.00390625	-0x1.0000000000000p-8	-1	256	normal	646116
6001	bb81	bb810000	-0.003936767578125	-0x1.0200000000000p-8	-129	32768	normal	857292
6002	bb82	bb820000	-0.00396728515625	-0x1.0400000000000p-8	-65	16384	normal	859206
6003	bb83	bb830000	-0.003997802734375	-0x1.0600000000000p-8	-131	32768	normal	860018
6004	bb84	bb840000	-0.0040283203125	-0x1.0800000000000p-8	-33	8192	normal	861057
6005	bb85	bb850000	-0.004058837890625	-0x1.0a00000000000p-8	-133	32768	normal	860853
6006	bb86	bb860000	-0.00408935546875	-0x1.0c00000000000p-8	-67	16384	normal	859382
6007	bb87	bb870000	-0.004119873046875	-0x1.0e00000000000p-8	-135	32768	normal	859483
6008	bb88	bb880000	-0.004150390625	-0x1.1000000000000p-8	-17	4096	normal	860134
6009	bb89	bb890000	-0.004180908203125	-0x1.1200000000000p-8	-137	32768	normal	860759
6010	bb8a	bb8a0000	-0.00421142578125	-0x1.1400000000000p-8	-69	16384	normal	859220
6011	bb8b	bb8b0000	-0.004241943359375	-0x1.1600000000000p-8	-139	32768	normal	858247
6012	bb8c	bb8c0000	-0.0042724609375	-0x1.1800000000000p-8	-35	8192	normal	859221
6013	bb8d	bb8d0000	-0.004302978515625	-0x1.1a00000000000p-8	-141	32768	normal	857809
6014	bb8e	bb8e0000	-0.00433349609375	-0x1.1c00000000000p-8	-71	16384	normal	857206
6015	bb8f	bb8f0000	-0.004364013671875	-0x1.1e00000000000p-8	-143	32768	normal	857144
6016	bb90	bb900000	-0.00439453125	-0x1.2000000000000p-8	-9	2048	normal	856090
6017	bb91	bb910000	-0.004425048828125	-0x1.2200000000000p-8	-145	32768	normal	854118
6018	bb92	bb920000	-0.00445556640625	-0x1.2400000000000p-8	-73	16384	normal	855294
6019	bb93	bb930000	-0.004486083984375	-0x1.2600000000000p-8	-147	32768	normal	854359
6020	bb94	bb940000	-0.0045166015625	-0x1.2800000000000p-8	-37	8192	normal	851927
6021	bb95	bb950000	-0.004547119140625	-0x1.2a00000000000p-8	-149	32768	normal	852967
6022	bb96	bb960000	-0.00457763671875	-0x1.2c00000000000p-8	-75	16384	normal	852598
6023	bb97	bb970000	-0.004608154296875	-0x1.2e00000000000p-8	-151	32768	normal	852089
6024	bb98	bb980000	-0.004638671875	-0x1.3000000000000p-8	-19	4096	normal	852217
6025	bb99	bb990000	-0.004669189453125	-0x1.3200000000000p-8	-153	32768	normal	850781
6026	bb9a	bb9a0000	-0.00469970703125	-0x1.3400000000000p-8	-77	16384	normal	851038
6027	bb9b	bb9b0000	-0.004730224609375	-0x1.3600000000000p-8	-155	32768	normal	848846
6028	bb9c	bb9c0000	-0.0047607421875	-0x1.3800000000000p-8	-39	8192	normal	851097
6029	bb9d	bb9d0000	-0.004791259765625	-0x1.3a00000000000p-8	-157	32768	normal	848217
6030	bb9e	bb9e0000	-0.00482177734375	-0x1.3c00000000000p-8	-79	16384	normal	849204
6031	bb9f	bb9f0000	-0.004852294921875	-0x1.3e00000000000p-8	-159	32768	normal	848596
6032	bba0	bba00000	-0.0048828125	-0x1.4000000000000p-8	-5	1024	normal	847358
6033	bba1	bba10000	-0.004913330078125	-0x1.4200000000000p-8	-161	32768	normal	847983
6034	bba2	bba20000	-0.00494384765625	-0x1.4400000000000p-8	-81	16384	normal	846602
6035	bba3	bba30000	-0.004974365234375	-0x1.4600000000000p-8	-163	32768	normal	845544
6036	bba4	bba40000	-0.0050048828125	-0x1.4800000000000p-8	-41	8192	normal	844432
6037	bba5	bba50000	-0.005035400390625	-0x1.4a00000000000p-8	-165	32768	normal	844715
6038	bba6	bba60000	-0.00506591796875	-0x1.4c00000000000p-8	-83	16384	normal	844354
6039	bba7	bba70000	-0.005096435546875	-0x1.4e00000000000p-8	-167	32768	normal	842655
6040	bba8	bba80000	-0.005126953125	-0x1.5000000000000p-8	-21	4096	normal	842790
6041	bba9	bba90000	-0.005157470703125	-0x1.5200000000000p-8	-169	32768	normal	842151
6042	bbaa	bbaa0000	-0.00518798828125	-0x1.5400000000000p-8	-85	16384	normal	840412
6043	bbab	bbab0000	-0.005218505859375	-0x1.5600000000000p-8	-171	32768	normal	839644
6044	bbac	bbac0000	-0.0052490234375	-0x1.5800000000000p-8	-43	8192	normal	839942
6045	bbad	bbad0000	-0.005279541015625	-0x1.5a00000000000p-8	-173	32768	normal	839765
6046	bbae	bbae0000	-0.00531005859375	-0x1.5c00000000000p-8	-87	16384	normal	838727
6047	bbaf	bbaf0000	-0.005340576171875	-0x1.5e00000000000p-8	-175	32768	normal	836745
6048	bbb0	bbb00000	-0.00537109375	-0x1.6000000000000p-8	-11	2048	normal	836204
6049	bbb1	bbb10000	-0.005401611328125	-0x1.6200000000000p-8	-177	32768	normal	837178
6050	bbb2	bbb20000	-0.00543212890625	-0x1.6400000000000p-8	-89	16384	normal	837062
6051	bbb3	bbb30000	-0.005462646484375	-0x1.6600000000000p-8	-179	32768	normal	837208
6052	bbb4	bbb40000	-0.0054931640625	-0x1.6800000000000p-8	-45	8192	normal	835215
6053	bbb5	bbb50000	-0.005523681640625	-0x1.6a00000000000p-8	-181	32768	normal	835281
6054	bbb6	bbb60000	-0.00555419921875	-0x1.6c00000000000p-8	-91	16384	normal	833990
6055	bbb7	bbb70000	-0.005584716796875	-0x1.6e00000000000p-8	-183	32768	normal	833368
6056	bbb8	bbb80000	-0.005615234375	-0x1.7000000000000p-8	-23	4096	normal	832121
6057	bbb9	bbb90000	-0.005645751953125	-0x1.7200000000000p-8	-185	32768	normal	831678
6058	bbba	bbba0000	-0.00567626953125	-0x1.7400000000000p-8	-93	16384	normal	830261
6059	bbbb	bbbb0000	-0.005706787109375	-0x1.7600000000000p-8	-187	32768	normal	830398
6060	bbbc	bbbc0000	-0.0057373046875	-0x1.7800000000000p-8	-47	8192	normal	829803
6061	bbbd	bbbd0000	-0.005767822265625	-0x1.7a00000000000p-8	-189	32768	normal	829681
6062	bbbe	bbbe0000	-0.00579833984375	-0x1.7c00000000000p-8	-95	16384	normal	829054
6063	bbbf	bbbf0000	-0.005828857421875	-0x1.7e00000000000p-8	-191	32768	normal	828322
6064	bbc0	bbc00000	-0.005859375	-0x1.8000000000000p-8	-3	512	normal	829276
6065	bbc1	bbc10000	-0.005889892578125	-0x1.8200000000000p-8	-193	32768	normal	825500
6066	bbc2	bbc20000	-0.00592041015625	-0x1.8400000000000p-8	-97	16384	normal	825892
6067	bbc3	bbc30000	-0.005950927734375	-0x1.8600000000000p-8	-195	32768	normal	825431
6068	bbc4	bbc40000	-0.0059814453125	-0x1.8800000000000p-8	-49	8192	normal	823779
6069	bbc5	bbc50000	-0.006011962890625	-0x1.8a00000000000p-8	-197	32768	normal	823946
6070	bbc6	bbc60000	-0.00604248046875	-0x1.8c00000000000p-8	-99	16384	normal	821938
6071	bbc7	bbc70000	-0.006072998046875	-0x1.8e00000000000p-8	-199	32768	normal	821704
6072	bbc8	bbc80000	-0.006103515625	-0x1.9000000000000p-8	-25	4096	normal	821027
6073	bbc9	bbc90000	-0.006134033203125	-0x1.9200000000000p-8	-201	32768	normal	821728
6074	bbca	bbca0000	-0.00616455078125	-0x1.9400000000000p-8	-101	16384	normal	821013
6075	bbcb	bbcb0000	-0.006195068359375	-0x1.9600000000000p-8	-203	32768	normal	819803
6076	bbcc	bbcc0000	-0.0062255859375	-0x1.9800000000000p-8	-51	8192	normal	818919
6077	bbcd	bbcd0000	-0.006256103515625	-0x1.9a00000000000p-8	-205	32768	normal	818434
6078	bbce	bbce0000	-0.00628662109375	-0x1.9c00000000000p-8	-103	16384	normal	818347
6079	bbcf	bbcf0000	-0.006317138671875	-0x1.9e00000000000p-8	-207	32768	normal	818348
6080	bbd0	bbd00000	-0.00634765625	-0x1.a000000000000p-8	-13	2048	normal	816597
6081	bbd1	bbd10000	-0.006378173828125	-0x1.a200000000000p-8	-209	32768	normal	816641
6082	bbd2	bbd20000	-0.00640869140625	-0x1.a400000000000p-8	-105	16384	normal	814935
6083	bbd3	bbd30000	-0.006439208984375	-0x1.a600000000000p-8	-211	32768	normal	813846
6084	bbd4	bbd40000	-0.0064697265625	-0x1.a800000000000p-8	-53	8192	normal	813742
6085	bbd5	bbd50000	-0.006500244140625	-0x1.aa00000000000p-8	-213	32768	normal	811592
6086	bbd6	bbd60000	-0.00653076171875	-0x1.ac00000000000p-8	-107	16384	normal	811324
6087	bbd7	bbd70000	-0.006561279296875	-0x1.ae00000000000p-8	-215	32768	normal	811906
6088	bbd8	bbd80000	-0.006591796875	-0x1.b000000000000p-8	-27	4096	normal	809869
6089	bbd9	bbd90000	-0.006622314453125	-0x1.b200000000000p-8	-217	32768	normal	808226
6090	bbda	bbda0000	-0.00665283203125	-0x1.b400000000000p-8	-109	16384	normal	809586
6091	bbdb	bbdb0000	-0.006683349609375	-0x1.b600000000000p-8	-219	32768	normal	807504
6092	bbdc	bbdc0000	-0.0067138671875	-0x1.b800000000000p-8	-55	8192	normal	807305
6093	bbdd	bbdd0000	-0.006744384765625	-0x1.ba00000000000p-8	-221	32768	normal	807066
6094	bbde	bbde0000	-0.00677490234375	-0x1.bc00000000000p-8	-111	16384	normal	805465
6095	bbdf	bbdf0000	-0.006805419921875	-0x1.be00000000000p-8	-223	32768	normal	805053
6096	bbe0	bbe00000	-0.0068359375	-0x1.c000000000000p-8	-7	1024	normal	806334
6097	bbe1	bbe10000	-0.006866455078125	-0x1.c200000000000p-8	-225	32768	normal	806413
6098	bbe2	bbe20000	-0.00689697265625	-0x1.c400000000000p-8	-113	16384	normal	804257
6099	bbe3	bbe30000	-0.006927490234375	-0x1.c600000000000p-8	-227	32768	normal	802331
6100	bbe4	bbe40000	-0.0069580078125	-0x1.c800000000000p-8	-57	8192	normal	801432
6101	bbe5	bbe50000	-0.006988525390625	-0x1.ca00000000000p-8	-229	32768	normal	800579
6102	bbe6	bbe60000	-0.00701904296875	-0x1.cc00000000000p-8	-115	16384	normal	799867
6103	bbe7	bbe70000	-0.007049560546875	-0x1.ce00000000000p-8	-231	32768	normal	799429
6104	bbe8	bbe80000	-0.007080078125	-0x1.d000000000000p-8	-29	4096	normal	798303
6105	bbe9	bbe90000	-0.007110595703125	-0x1.d200000000000p-8	-233	32768	normal	799531
6106	bbea	bbea0000	-0.00714111328125	-0x1.d400000000000p-8	-117	16384	normal	796766
6107	bbeb	bbeb0000	-0.007171630859375	-0x1.d600000000000p-8	-235	32768	normal	796046
6108	bbec	bbec0000	-0.0072021484375	-0x1.d800000000000p-8	-59	8192	normal	795967
6109	bbed	bbed0000	-0.007232666015625	-0x1.da00000000000p-8	-237	32768	normal	795184
6110	bbee	bbee0000	-0.00726318359375	-0x1.dc00000000000p-8	-119	16384	normal	794299
6111	bbef	bbef0000	-0.007293701171875	-0x1.de00000000000p-8	-239	32768	normal	793020
6112	bbf0	bbf00000	-0.00732421875	-0x1.e000000000000p-8	-15	2048	normal	794916
6113	bbf1	bbf10000	-0.007354736328125	-0x1.e200000000000p-8	-241	32768	normal	792954
6114	bbf2	bbf20000	-0.00738525390625	-0x1.e400000000000p-8	-121	16384	normal	791233
6115	bbf3	bbf30000	-0.007415771484375	-0x1.e600000000000p-8	-243	32768	normal	791968
6116	bbf4	bbf40000	-0.0074462890625	-0x1.e800000000000p-8	-61	8192	normal	789398
6117	bbf5	bbf50000	-0.007476806640625	-0x1.ea00000000000p-8	-245	32768	normal	790530
6118	bbf6	bbf60000	-0.00750732421875	-0x1.ec00000000000p-8	-123	16384	normal	789694
6119	bbf7	bbf70000	-0.007537841796875	-0x1.ee00000000000p-8	-247	32768	normal	787729
6120	bbf8	bbf80000	-0.007568359375	-0x1.f000000000000p-8	-31	4096	normal	788307
6121	bbf9	bbf90000	-0.007598876953125	-0x1.f200000000000p-8	-249	32768	normal	789019
6122	bbfa	bbfa0000	-0.00762939453125	-0x1.f400000000000p-8	-125	16384	normal	785653
6123	bbfb	bbfb0000	-0.007659912109375	-0x1.f600000000000p-8	-251	32768	normal	786967
6124	bbfc	bbfc0000	-0.0076904296875	-0x1.f800000000000p-8	-63	8192	normal	787083
6125	bbfd	bbfd0000	-0.007720947265625	-0x1.fa00000000000p-8	-253	32768	normal	791144
6126	bbfe	bbfe0000	-0.00775146484375	-0x1.fc00000000000p-8	-127	16384	normal	794710
6127	bbff	bbff0000	-0.007781982421875	-0x1.fe00000000000p-8	-255	32768	normal	809569
6128	bc00	bc000000	-0.0078125	-0x1.0000000000000p-7	-1	128	normal	1149512
6129	bc01	bc010000	-0.00787353515625	-0x1.0200000000000p-7	-129	16384	normal	1524206
6130	bc02	bc020000	-0.0079345703125	-0x1.0400000000000p-7	-65	8192	normal	1542839
6131	bc03	bc030000	-0.00799560546875	-0x1.0600000000000p-7	-131	16384	normal	1541991
6132	bc04	bc040000	-0.008056640625	-0x1.0800000000000p-7	-33	4096	normal	1543345
6133	bc05	bc050000	-0.00811767578125	-0x1.0a00000000000p-7	-133	16384	normal	1539146
6134	bc06	bc060000	-0.0081787109375	-0x1.0c00000000000p-7	-67	8192	normal	1539562
6135	bc07	bc070000	-0.00823974609375	-0x1.0e00000000000p-7	-135	16384	normal	1533957
6136	bc08	bc080000	-0.00830078125	-0x1.1000000000000p-7	-17	2048	normal	1531122
6137	bc09	bc090000	-0.00836181640625	-0x1.1200000000000p-7	-137	16384	normal	1529592
6138	bc0a	bc0a0000	-0.0084228515625	-0x1.1400000000000p-7	-69	8192	normal	1530551
6139	bc0b	bc0b0000	-0.00848388671875	-0x1.1600000000000p-7	-139	16384	normal	1523019
6140	bc0c	bc0c0000	-0.008544921875	-0x1.1800000000000p-7	-35	4096	normal	1521543
6141	bc0d	bc0d0000	-0.00860595703125	-0x1.1a00000000000p-7	-141	16384	normal	1515853
6142	bc0e	bc0e0000	-0.0086669921875	-0x1.1c00000000000p-7	-71	8192	normal	1514981
6143	bc0f	bc0f0000	-0.00872802734375	-0x1.1e00000000000p-7	-143	16384	normal	1510510
6144	bc10	bc100000	-0.0087890625	-0x1.2000000000000p-7	-9	1024	normal	1507274
6145	bc11	bc110000	-0.00885009765625	-0x1.2200000000000p-7	-145	16384	normal	1502608
6146	bc12	bc120000	-0.0089111328125	-0x1.2400000000000p-7	-73	8192	normal	1498493
6147	bc13	bc130000	-0.00897216796875	-0x1.2600000000000p-7	-147	16384	normal	1493845
6148	bc14	bc140000	-0.009033203125	-0x1.2800000000000p-7	-37	4096	normal	1491992
6149	bc15	bc150000	-0.00909423828125	-0x1.2a00000000000p-7	-149	16384	normal	1487274
6150	bc16	bc160000	-0.0091552734375	-0x1.2c00000000000p-7	-75	8192	normal	1486367
6151	bc17	bc170000	-0.00921630859375	-0x1.2e00000000000p-7	-151	16384	normal	1481803
6152	bc18	bc180000	-0.00927734375	-0x1.3000000000000p-7	-19	2048	normal	1476970
6153	bc19	bc190000	-0.00933837890625	-0x1.3200000000000p-7	-153	16384	normal	1475455
6154	bc1a	bc1a0000	-0.0093994140625	-0x1.3400000000000p-7	-77	8192	normal	1468993
6155	bc1b	bc1b0000	-0.00946044921875	-0x1.3600000000000p-7	-155	16384	normal	1466036
6156	bc1c	bc1c0000	-0.009521484375	-0x1.3800000000000p-7	-39	4096	normal	1462357
6157	bc1d	bc1d0000	-0.00958251953125	-0x1.3a00000000000p-7	-157	16384	normal	1460142
6158	bc1e	bc1e0000	-0.0096435546875	-0x1.3c00000000000p-7	-79	8192	normal	1458737
6159	bc1f	bc1f0000	-0.00970458984375	-0x1.3e00000000000p-7	-159	16384	normal	1455501
6160	bc20	bc200000	-0.009765625	-0x1.4000000000000p-7	-5	512	normal	1449090
6161	bc21	bc210000	-0.00982666015625	-0x1.4200000000000p-7	-161	16384	normal	1447574
6162	bc22	bc220000	-0.0098876953125	-0x1.4400000000000p-7	-81	8192	normal	1442236
6163	bc23	bc230000	-0.00994873046875	-0x1.4600000000000p-7	-163	16384	normal	1439135
6164	bc24	bc240000	-0.010009765625	-0x1.4800000000000p-7	-41	4096	normal	1436294
6165	bc25	bc250000	-0.01007080078125	-0x1.4a00000000000p-7	-165	16384	normal	1428574
6166	bc26	bc260000	-0.0101318359375	-0x1.4c00000000000p-7	-83	8192	normal	1426940
6167	bc27	bc270000	-0.01019287109375	-0x1.4e00000000000p-7	-167	16384	normal	1422210
6168	bc28	bc280000	-0.01025390625	-0x1.5000000000000p-7	-21	2048	normal	1417964
6169	bc29	bc290000	-0.01031494140625	-0x1.5200000000000p-7	-169	16384	normal	1415516
6170	bc2a	bc2a0000	-0.0103759765625	-0x1.5400000000000p-7	-85	8192	normal	1409594
6171	bc2b	bc2b0000	-0.01043701171875	-0x1.5600000000000p-7	-171	16384	normal	1408180
6172	bc2c	bc2c0000	-0.010498046875	-0x1.5800000000000p-7	-43	4096	normal	1403081
6173	bc2d	bc2d0000	-0.01055908203125	-0x1.5a00000000000p-7	-173	16384	normal	1398457
6174	bc2e	bc2e0000	-0.0106201171875	-0x1.5c00000000000p-7	-87	8192	normal	1395259
6175	bc2f	bc2f0000	-0.01068115234375	-0x1.5e00000000000p-7	-175	16384	normal	1393308
6176	bc30	bc300000	-0.0107421875	-0x1.6000000000000p-7	-11	1024	normal	1388990
6177	bc31	bc310000	-0.01080322265625	-0x1.6200000000000p-7	-177	16384	normal	1385361
6178	bc32	bc320000	-0.0108642578125	-0x1.6400000000000p-7	-89	8192	normal	1381491
6179	bc33	bc330000	-0.01092529296875	-0x1.6600000000000p-7	-179	16384	normal	1378164
6180	bc34	bc340000	-0.010986328125	-0x1.6800000000000p-7	-45	4096	normal	1374118
6181	bc35	bc350000	-0.01104736328125	-0x1.6a00000000000p-7	-181	16384	normal	1371147
6182	bc36	bc360000	-0.0111083984375	-0x1.6c00000000000p-7	-91	8192	normal	1366381
6183	bc37	bc370000	-0.01116943359375	-0x1.6e00000000000p-7	-183	16384	normal	1362474
6184	bc38	bc380000	-0.01123046875	-0x1.7000000000000p-7	-23	2048	normal	1359027
6185	bc39	bc390000	-0.01129150390625	-0x1.7200000000000p-7	-185	16384	normal	1352477
6186	bc3a	bc3a0000	-0.0113525390625	-0x1.7400000000000p-7	-93	8192	normal	1349809
6187	bc3b	bc3b0000	-0.01141357421875	-0x1.7600000000000p-7	-187	16384	normal	1344699
6188	bc3c	bc3c0000	-0.011474609375	-0x1.7800000000000p-7	-47	4096	normal	1342235
6189	bc3d	bc3d0000	-0.01153564453125	-0x1.7a00000000000p-7	-189	16384	normal	1339501
6190	bc3e	bc3e0000	-0.0115966796875	-0x1.7c00000000000p-7	-95	8192	normal	1333606
6191	bc3f	bc3f0000	-0.01165771484375	-0x1.7e00000000000p-7	-191	16384	normal	1330426
6192	bc40	bc400000	-0.01171875	-0x1.8000000000000p-7	-3	256	normal	1326959
6193	bc41	bc410000	-0.01177978515625	-0x1.8200000000000p-7	-193	16384	normal	1322433
6194	bc42	bc420000	-0.0118408203125	-0x1.8400000000000p-7	-97	8192	normal	1316785
6195	bc43	bc430000	-0.01190185546875	-0x1.8600000000000p-7	-195	16384	normal	1313356
6196	bc44	bc440000	-0.011962890625	-0x1.8800000000000p-7	-49	4096	normal	1310220
6197	bc45	bc450000	-0.01202392578125	-0x1.8a00000000000p-7	-197	16384	normal	1308306
6198	bc46	bc460000	-0.0120849609375	-0x1.8c00000000000p-7	-99	8192	normal	1302744
6199	bc47	bc470000	-0.01214599609375	-0x1.8e00000000000p-7	-199	16384	normal	1300754
6200	bc48	bc480000	-0.01220703125	-0x1.9000000000000p-7	-25	2048	normal	1296371
6201	bc49	bc490000	-0.01226806640625	-0x1.9200000000000p-7	-201	16384	normal	1292172
6202	bc4a	bc4a0000	-0.0123291015625	-0x1.9400000000000p-7	-101	8192	normal	1287296
6203	bc4b	bc4b0000	-0.01239013671875	-0x1.9600000000000p-7	-203	16384	normal	1284562
6204	bc4c	bc4c0000	-0.012451171875	-0x1.9800000000000p-7	-51	4096	normal	1280992
6205	bc4d	bc4d0000	-0.01251220703125	-0x1.9a00000000000p-7	-205	16384	normal	1277220
6206	bc4e	bc4e0000	-0.0125732421875	-0x1.9c00000000000p-7	-103	8192	normal	1270321
6207	bc4f	bc4f0000	-0.01263427734375	-0x1.9e00000000000p-7	-207	16384	normal	1266402
6208	bc50	bc500000	-0.0126953125	-0x1.a000000000000p-7	-13	1024	normal	1260803
6209	bc51	bc510000	-0.01275634765625	-0x1.a200000000000p-7	-209	16384	normal	1258413
6210	bc52	bc520000	-0.0128173828125	-0x1.a400000000000p-7	-105	8192	normal	1255181
6211	bc53	bc530000	-0.01287841796875	-0x1.a600000000000p-7	-211	16384	normal	1251512
6212	bc54	bc540000	-0.012939453125	-0x1.a800000000000p-7	-53	4096	normal	1247853
6213	bc55	bc550000	-0.01300048828125	-0x1.aa00000000000p-7	-213	16384	normal	1243647
6214	bc56	bc560000	-0.0130615234375	-0x1.ac00000000000p-7	-107	8192	normal	1238999
6215	bc57	bc570000	-0.01312255859375	-0x1.ae00000000000p-7	-215	16384	normal	1234208
6216	bc58	bc580000	-0.01318359375	-0x1.b000000000000p-7	-27	2048	normal	1228213
6217	bc59	bc590000	-0.01324462890625	-0x1.b200000000000p-7	-217	16384	normal	1224925
6218	bc5a	bc5a0000	-0.0133056640625	-0x1.b400000000000p-7	-109	8192	normal	1221564
6219	bc5b	bc5b0000	-0.01336669921875	-0x1.b600000000000p-7	-219	16384	normal	1217518
6220	bc5c	bc5c0000	-0.013427734375	-0x1.b800000000000p-7	-55	4096	normal	1215283
6221	bc5d	bc5d0000	-0.01348876953125	-0x1.ba00000000000p-7	-221	16384	normal	1212447
6222	bc5e	bc5e0000	-0.0135498046875	-0x1.bc00000000000p-7	-111	8192	normal	1206624
6223	bc5f	bc5f0000	-0.01361083984375	-0x1.be00000000000p-7	-223	16384	normal	1202985
6224	bc60	bc600000	-0.013671875	-0x1.c000000000000p-7	-7	512	normal	1199744
6225	bc61	bc610000	-0.01373291015625	-0x1.c200000000000p-7	-225	16384	normal	1197988
6226	bc62	bc620000	-0.0137939453125	-0x1.c400000000000p-7	-113	8192	normal	1193037
6227	bc63	bc630000	-0.01385498046875	-0x1.c600000000000p-7	-227	16384	normal	1186994
6228	bc64	bc640000	-0.013916015625	-0x1.c800000000000p-7	-57	4096	normal	1183153
6229	bc65	bc650000	-0.01397705078125	-0x1.ca00000000000p-7	-229	16384	normal	1178875
6230	bc66	bc660000	-0.0140380859375	-0x1.cc00000000000p-7	-115	8192	normal	1174774
6231	bc67	bc670000	-0.01409912109375	-0x1.ce00000000000p-7	-231	16384	normal	1170066
6232	bc68	bc680000	-0.01416015625	-0x1.d000000000000p-7	-29	2048	normal	1164765
6233	bc69	bc690000	-0.01422119140625	-0x1.d200000000000p-7	-233	16384	normal	1161750
6234	bc6a	bc6a0000	-0.0142822265625	-0x1.d400000000000p-7	-117	8192	normal	1157546
6235	bc6b	bc6b0000	-0.01434326171875	-0x1.d600000000000p-7	-235	16384	normal	1151815
6236	bc6c	bc6c0000	-0.014404296875	-0x1.d800000000000p-7	-59	4096	normal	1148880
6237	bc6d	bc6d0000	-0.01446533203125	-0x1.da00000000000p-7	-237	16384	normal	1145631
6238	bc6e	bc6e0000	-0.0145263671875	-0x1.dc00000000000p-7	-119	8192	normal	1141956
6239	bc6f	bc6f0000	-0.01458740234375	-0x1.de00000000000p-7	-239	16384	normal	1137602
6240	bc70	bc700000	-0.0146484375	-0x1.e000000000000p-7	-15	1024	normal	1134572
6241	bc71	bc710000	-0.01470947265625	-0x1.e200000000000p-7	-241	16384	normal	1131671
6242	bc72	bc720000	-0.0147705078125	-0x1.e400000000000p-7	-121	8192	normal	1125830
6243	bc73	bc730000	-0.01483154296875	-0x1.e600000000000p-7	-243	16384	normal	1122939
6244	bc74	bc740000	-0.014892578125	-0x1.e800000000000p-7	-61	4096	normal	1121541
6245	bc75	bc750000	-0.01495361328125	-0x1.ea00000000000p-7	-245	16384	normal	1116559
6246	bc76	bc760000	-0.0150146484375	-0x1.ec00000000000p-7	-123	8192	normal	1113133
6247	bc77	bc770000	-0.01507568359375	-0x1.ee00000000000p-7	-247	16384	normal	1109288
6248	bc78	bc780000	-0.01513671875	-0x1.f000000000000p-7	-31	2048	normal	1104940
6249	bc79	bc790000	-0.01519775390625	-0x1.f200000000000p-7	-249	16384	normal	1102588
6250	bc7a	bc7a0000	-0.0152587890625	-0x1.f400000000000p-7	-125	8192	normal	1096827
6251	bc7b	bc7b0000	-0.01531982421875	-0x1.f600000000000p-7	-251	16384	normal	1096151
6252	bc7c	bc7c0000	-0.015380859375	-0x1.f800000000000p-7	-63	4096	normal	1089912
6253	bc7d	bc7d0000	-0.01544189453125	-0x1.fa00000000000p-7	-253	16384	normal	1094061
6254	bc7e	bc7e0000	-0.0155029296875	-0x1.fc00000000000p-7	-127	8192	normal	1099941
6255	bc7f	bc7f0000	-0.01556396484375	-0x1.fe00000000000p-7	-255	16384	normal	1152849
6256	bc80	bc800000	-0.015625	-0x1.0000000000000p-6	-1	64	normal	1536068
6257	bc81	bc810000	-0.0157470703125	-0x1.0200000000000p-6	-129	8192	normal	2060778
6258	bc82	bc820000	-0.015869140625	-0x1.0400000000000p-6	-65	4096	normal	2087523
6259	bc83	bc830000	-0.0159912109375	-0x1.0600000000000p-6	-131	8192	normal	2076954
6260	bc84	bc840000	-0.01611328125	-0x1.0800000000000p-6	-33	2048	normal	2066198
6261	bc85	bc850000	-0.0162353515625	-0x1.0a00000000000p-6	-133	8192	normal	2050952
6262	bc86	bc860000	-0.016357421875	-0x1.0c00000000000p-6	-67	4096	normal	2039075
6263	bc87	bc870000	-0.0164794921875	-0x1.0e00000000000p-6	-135	8192	normal	2022266
6264	bc88	bc880000	-0.0166015625	-0x1.1000000000000p-6	-17	1024	normal	2007467
6265	bc89	bc890000	-0.0167236328125	-0x1.1200000000000p-6	-137	8192	normal	1996879
6266	bc8a	bc8a0000	-0.016845703125	-0x1.1400000000000p-6	-69	4096	normal	1980681
6267	bc8b	bc8b0000	-0.0169677734375	-0x1.1600000000000p-6	-139	8192	normal	1965756
6268	bc8c	bc8c0000	-0.01708984375	-0x1.1800000000000p-6	-35	2048	normal	1945197
6269	bc8d	bc8d0000	-0.0172119140625	-0x1.1a00000000000p-6	-141	8192	normal	1928336
6270	bc8e	bc8e0000	-0.017333984375	-0x1.1c00000000000p-6	-71	4096	normal	1912486
6271	bc8f	bc8f0000	-0.0174560546875	-0x1.1e00000000000p-6	-143	8192	normal	1896576
6272	bc90	bc900000	-0.017578125	-0x1.2000000000000p-6	-9	512	normal	1879382
6273	bc91	bc910000	-0.0177001953125	-0x1.2200000000000p-6	-145	8192	normal	1865346
6274	bc92	bc920000	-0.017822265625	-0x1.2400000000000p-6	-73	4096	normal	1850643
6275	bc93	bc930000	-0.0179443359375	-0x1.2600000000000p-6	-147	8192	normal	1833622
6276	bc94	bc940000	-0.01806640625	-0x1.2800000000000p-6	-37	2048	normal	1819548
6277	bc95	bc950000	-0.0181884765625	-0x1.2a00000000000p-6	-149	8192	normal	1800643
6278	bc96	bc960000	-0.018310546875	-0x1.2c00000000000p-6	-75	4096	normal	1785300
6279	bc97	bc970000	-0.0184326171875	-0x1.2e00000000000p-6	-151	8192	normal	1773025
6280	bc98	bc980000	-0.0185546875	-0x1.3000000000000p-6	-19	1024	normal	1756759
6281	bc99	bc990000	-0.0186767578125	-0x1.3200000000000p-6	-153	8192	normal	1740161
6282	bc9a	bc9a0000	-0.018798828125	-0x1.3400000000000p-6	-77	4096	normal	1724828
6283	bc9b	bc9b0000	-0.0189208984375	-0x1.3600000000000p-6	-155	8192	normal	1708909
6284	bc9c	bc9c0000	-0.01904296875	-0x1.3800000000000p-6	-39	2048	normal	1696221
6285	bc9d	bc9d0000	-0.0191650390625	-0x1.3a00000000000p-6	-157	8192	normal	1681308
6286	bc9e	bc9e0000	-0.019287109375	-0x1.3c00000000000p-6	-79	4096	normal	1668521
6287	bc9f	bc9f0000	-0.0194091796875	-0x1.3e00000000000p-6	-159	8192	normal	1652108
6288	bca0	bca00000	-0.01953125	-0x1.4000000000000p-6	-5	256	normal	1642665
6289	bca1	bca10000	-0.0196533203125	-0x1.4200000000000p-6	-161	8192	normal	1625643
6290	bca2	bca20000	-0.019775390625	-0x1.4400000000000p-6	-81	4096	normal	1610781
6291	bca3	bca30000	-0.0198974609375	-0x1.4600000000000p-6	-163	8192	normal	1589408
6292	bca4	bca40000	-0.02001953125	-0x1.4800000000000p-6	-41	2048	normal	1577201
6293	bca5	bca50000	-0.0201416015625	-0x1.4a00000000000p-6	-165	8192	normal	1563267
6294	bca6	bca60000	-0.020263671875	-0x1.4c00000000000p-6	-83	4096	normal	1547796
6295	bca7	bca70000	-0.0203857421875	-0x1.4e00000000000p-6	-167	8192	normal	1532090
6296	bca8	bca80000	-0.0205078125	-0x1.5000000000000p-6	-21	1024	normal	1519836
6297	bca9	bca90000	-0.0206298828125	-0x1.5200000000000p-6	-169	8192	normal	1503683
6298	bcaa	bcaa0000	-0.020751953125	-0x1.5400000000000p-6	-85	4096	normal	1491569
6299	bcab	bcab0000	-0.0208740234375	-0x1.5600000000000p-6	-171	8192	normal	1474978
6300	bcac	bcac0000	-0.02099609375	-0x1.5800000000000p-6	-43	2048	normal	1463322
6301	bcad	bcad0000	-0.0211181640625	-0x1.5a00000000000p-6	-173	8192	normal	1446914
6302	bcae	bcae0000	-0.021240234375	-0x1.5c00000000000p-6	-87	4096	normal	1434655
6303	bcaf	bcaf0000	-0.0213623046875	-0x1.5e00000000000p-6	-175	8192	normal	1420813
6304	bcb0	bcb00000	-0.021484375	-0x1.6000000000000p-6	-11	512	normal	1407480
6305	bcb1	bcb10000	-0.0216064453125	-0x1.6200000000000p-6	-177	8192	normal	1393380
6306	bcb2	bcb20000	-0.021728515625	-0x1.6400000000000p-6	-89	4096	normal	1380271
6307	bcb3	bcb30000	-0.0218505859375	-0x1.6600000000000p-6	-179	8192	normal	1367652
6308	bcb4	bcb40000	-0.02197265625	-0x1.6800000000000p-6	-45	2048	normal	1354073
6309	bcb5	bcb50000	-0.0220947265625	-0x1.6a00000000000p-6	-181	8192	normal	1342539
6310	bcb6	bcb60000	-0.022216796875	-0x1.6c00000000000p-6	-91	4096	normal	1327928
6311	bcb7	bcb70000	-0.0223388671875	-0x1.6e00000000000p-6	-183	8192	normal	1314606
6312	bcb8	bcb80000	-0.0224609375	-0x1.7000000000000p-6	-23	1024	normal	1299314
6313	bcb9	bcb90000	-0.0225830078125	-0x1.7200000000000p-6	-185	8192	normal	1287905
6314	bcba	bcba0000	-0.022705078125	-0x1.7400000000000p-6	-93	4096	normal	1270571
6315	bcbb	bcbb0000	-0.0228271484375	-0x1.7600000000000p-6	-187	8192	normal	1259662
6316	bcbc	bcbc0000	-0.02294921875	-0x1.7800000000000p-6	-47	2048	normal	1247466
6317	bcbd	bcbd0000	-0.0230712890625	-0x1.7a00000000000p-6	-189	8192	normal	1234810
6318	bcbe	bcbe0000	-0.023193359375	-0x1.7c00000000000p-6	-95	4096	normal	1220235
6319	bcbf	bcbf0000	-0.0233154296875	-0x1.7e00000000000p-6	-191	8192	normal	1209249
6320	bcc0	bcc00000	-0.0234375	-0x1.8000000000000p-6	-3	128	normal	1196266
6321	bcc1	bcc10000	-0.0235595703125	-0x1.8200000000000p-6	-193	8192	normal	1183893
6322	bcc2	bcc20000	-0.023681640625	-0x1.8400000000000p-6	-97	4096	normal	1169756
6323	bcc3	bcc30000	-0.0238037109375	-0x1.8600000000000p-6	-195	8192	normal	1159590
6324	bcc4	bcc40000	-0.02392578125	-0x1.8800000000000p-6	-49	2048	normal	1147269
6325	bcc5	bcc50000	-0.0240478515625	-0x1.8a00000000000p-6	-197	8192	normal	1137243
6326	bcc6	bcc60000	-0.024169921875	-0x1.8c00000000000p-6	-99	4096	normal	1122819
6327	bcc7	bcc70000	-0.0242919921875	-0x1.8e00000000000p-6	-199	8192	normal	1110216
6328	bcc8	bcc80000	-0.0244140625	-0x1.9000000000000p-6	-25	1024	normal	1099329
6329	bcc9	bcc90000	-0.0245361328125	-0x1.9200000000000p-6	-201	8192	normal	1089722
6330	bcca	bcca0000	-0.024658203125	-0x1.9400000000000p-6	-101	4096	normal	1078410
6331	bccb	bccb0000	-0.0247802734375	-0x1.9600000000000p-6	-203	8192	normal	1066590
6332	bccc	bccc0000	-0.02490234375	-0x1.9800000000000p-6	-51	2048	normal	1054170
6333	bccd	bccd0000	-0.0250244140625	-0x1.9a00000000000p-6	-205	8192	normal	1042992
6334	bcce	bcce0000	-0.025146484375	-0x1.9c00000000000p-6	-103	4096	normal	1029233
6335	bccf	bccf0000	-0.0252685546875	-0x1.9e00000000000p-6	-207	8192	normal	1019513
6336	bcd0	bcd00000	-0.025390625	-0x1.a000000000000p-6	-13	512	normal	1008690
6337	bcd1	bcd10000	-0.0255126953125	-0x1.a200000000000p-6	-209	8192	normal	995095
6338	bcd2	bcd20000	-0.025634765625	-0x1.a400000000000p-6	-105	4096	normal	985281
6339	bcd3	bcd30000	-0.0257568359375	-0x1.a600000000000p-6	-211	8192	normal	972675
6340	bcd4	bcd40000	-0.02587890625	-0x1.a800000000000p-6	-53	2048	normal	961524
6341	bcd5	bcd50000	-0.0260009765625	-0x1.aa00000000000p-6	-213	8192	normal	950394
6342	bcd6	bcd60000	-0.026123046875	-0x1.ac00000000000p-6	-107	4096	normal	941166
6343	bcd7	bcd70000	-0.0262451171875	-0x1.ae00000000000p-6	-215	8192	normal	929170
6344	bcd8	bcd80000	-0.0263671875	-0x1.b000000000000p-6	-27	1024	normal	920241
6345	bcd9	bcd90000	-0.0264892578125	-0x1.b200000000000p-6	-217	8192	normal	910600
6346	bcda	bcda0000	-0.026611328125	-0x1.b400000000000p-6	-109	4096	normal	899133
6347	bcdb	bcdb0000	-0.0267333984375	-0x1.b600000000000p-6	-219	8192	normal	890068
6348	bcdc	bcdc0000	-0.02685546875	-0x1.b800000000000p-6	-55	2048	normal	879974
6349	bcdd	bcdd0000	-0.0269775390625	-0x1.ba00000000000p-6	-221	8192	normal	870443
6350	bcde	bcde0000	-0.027099609375	-0x1.bc00000000000p-6	-111	4096	normal	859408
6351	bcdf	bcdf0000	-0.0272216796875	-0x1.be00000000000p-6	-223	8192	normal	850768
6352	bce0	bce00000	-0.02734375	-0x1.c000000000000p-6	-7	256	normal	843273
6353	bce1	bce10000	-0.0274658203125	-0x1.c200000000000p-6	-225	8192	normal	831705
6354	bce2	bce20000	-0.027587890625	-0x1.c400000000000p-6	-113	4096	normal	820950
6355	bce3	bce30000	-0.0277099609375	-0x1.c600000000000p-6	-227	8192	normal	811725
6356	bce4	bce40000	-0.02783203125	-0x1.c800000000000p-6	-57	2048	normal	801699
6357	bce5	bce50000	-0.0279541015625	-0x1.ca00000000000p-6	-229	8192	normal	792980
6358	bce6	bce60000	-0.028076171875	-0x1.cc00000000000p-6	-115	4096	normal	782750
6359	bce7	bce70000	-0.0281982421875	-0x1.ce00000000000p-6	-231	8192	normal	772247
6360	bce8	bce80000	-0.0283203125	-0x1.d000000000000p-6	-29	1024	normal	764203
6361	bce9	bce90000	-0.0284423828125	-0x1.d200000000000p-6	-233	8192	normal	754155
6362	bcea	bcea0000	-0.028564453125	-0x1.d400000000000p-6	-117	4096	normal	746598
6363	bceb	bceb0000	-0.0286865234375	-0x1.d600000000000p-6	-235	8192	normal	736610
6364	bcec	bcec0000	-0.02880859375	-0x1.d800000000000p-6	-59	2048	normal	727752
6365	bced	bced0000	-0.0289306640625	-0x1.da00000000000p-6	-237	8192	normal	718633
6366	bcee	bcee0000	-0.029052734375	-0x1.dc00000000000p-6	-119	4096	normal	709702
6367	bcef	bcef0000	-0.0291748046875	-0x1.de00000000000p-6	-239	8192	normal	699824
6368	bcf0	bcf00000	-0.029296875	-0x1.e000000000000p-6	-15	512	normal	694131
6369	bcf1	bcf10000	-0.0294189453125	-0x1.e200000000000p-6	-241	8192	normal	683959
6370	bcf2	bcf20000	-0.029541015625	-0x1.e400000000000p-6	-121	4096	normal	678009
6371	bcf3	bcf30000	-0.0296630859375	-0x1.e600000000000p-6	-243	8192	normal	669841
6372	bcf4	bcf40000	-0.02978515625	-0x1.e800000000000p-6	-61	2048	normal	660963
6373	bcf5	bcf50000	-0.0299072265625	-0x1.ea00000000000p-6	-245	8192	normal	654788
6374	bcf6	bcf60000	-0.030029296875	-0x1.ec00000000000p-6	-123	4096	normal	646848
6375	bcf7	bcf70000	-0.0301513671875	-0x1.ee00000000000p-6	-247	8192	normal	637831
6376	bcf8	bcf80000	-0.0302734375	-0x1.f000000000000p-6	-31	1024	normal	629959
6377	bcf9	bcf90000	-0.0303955078125	-0x1.f200000000000p-6	-249	8192	normal	624091
6378	bcfa	bcfa0000	-0.030517578125	-0x1.f400000000000p-6	-125	4096	normal	614138
6379	bcfb	bcfb0000	-0.0306396484375	-0x1.f600000000000p-6	-251	8192	normal	610935
6380	bcfc	bcfc0000	-0.03076171875	-0x1.f800000000000p-6	-63	2048	normal	602936
6381	bcfd	bcfd0000	-0.0308837890625	-0x1.fa00000000000p-6	-253	8192	normal	598677
6382	bcfe	bcfe0000	-0.031005859375	-0x1.fc00000000000p-6	-127	4096	normal	593302
6383	bcff	bcff0000	-0.0311279296875	-0x1.fe00000000000p-6	-255	8192	normal	622627
6384	bd00	bd000000	-0.03125	-0x1.0000000000000p-5	-1	32	normal	792988
6385	bd01	bd010000	-0.031494140625	-0x1.0200000000000p-5	-129	4096	normal	1075317
6386	bd02	bd020000	-0.03173828125	-0x1.0400000000000p-5	-65	2048	normal	1065142
6387	bd03	bd030000	-0.031982421875	-0x1.0600000000000p-5	-131	4096	normal	1043892
6388	bd04	bd040000	-0.0322265625	-0x1.0800000000000p-5	-33	1024	normal	1022478
6389	bd05	bd050000	-0.032470703125	-0x1.0a00000000000p-5	-133	4096	normal	997245
6390	bd06	bd060000	-0.03271484375	-0x1.0c00000000000p-5	-67	2048	normal	969771
6391	bd07	bd070000	-0.032958984375	-0x1.0e00000000000p-5	-135	4096	normal	948615
6392	bd08	bd080000	-0.033203125	-0x1.1000000000000p-5	-17	512	normal	923558
6393	bd09	bd090000	-0.033447265625	-0x1.1200000000000p-5	-137	4096	normal	900419
6394	bd0a	bd0a0000	-0.03369140625	-0x1.1400000000000p-5	-69	2048	normal	877085
6395	bd0b	bd0b0000	-0.033935546875	-0x1.1600000000000p-5	-139	4096	normal	853501
6396	bd0c	bd0c0000	-0.0341796875	-0x1.1800000000000p-5	-35	1024	normal	829987
6397	bd0d	bd0d0000	-0.034423828125	-0x1.1a00000000000p-5	-141	4096	normal	805945
6398	bd0e	bd0e0000	-0.03466796875	-0x1.1c00000000000p-5	-71	2048	normal	784553
6399	bd0f	bd0f0000	-0.034912109375	-0x1.1e00000000000p-5	-143	4096	normal	762760
6400	bd10	bd100000	-0.03515625	-0x1.2000000000000p-5	-9	256	normal	742051
6401	bd11	bd110000	-0.035400390625	-0x1.2200000000000p-5	-145	4096	normal	721081
6402	bd12	bd120000	-0.03564453125	-0x1.2400000000000p-5	-73	2048	normal	701727
6403	bd13	bd130000	-0.035888671875	-0x1.2600000000000p-5	-147	4096	normal	682185
6404	bd14	bd140000	-0.0361328125	-0x1.2800000000000p-5	-37	1024	normal	664336
6405	bd15	bd150000	-0.036376953125	-0x1.2a00000000000p-5	-149	4096	normal	645688
6406	bd16	bd160000	-0.03662109375	-0x1.2c00000000000p-5	-75	2048	normal	628112
6407	bd17	bd170000	-0.036865234375	-0x1.2e00000000000p-5	-151	4096	normal	611213
6408	bd18	bd180000	-0.037109375	-0x1.3000000000000p-5	-19	512	normal	592027
6409	bd19	bd190000	-0.037353515625	-0x1.3200000000000p-5	-153	4096	normal	575579
6410	bd1a	bd1a0000	-0.03759765625	-0x1.3400000000000p-5	-77	2048	normal	560860
6411	bd1b	bd1b0000	-0.037841796875	-0x1.3600000000000p-5	-155	4096	normal	545051
6412	bd1c	bd1c0000	-0.0380859375	-0x1.3800000000000p-5	-39	1024	normal	528675
6413	bd1d	bd1d0000	-0.038330078125	-0x1.3a00000000000p-5	-157	4096	normal	514983
6414	bd1e	bd1e0000	-0.03857421875	-0x1.3c00000000000p-5	-79	2048	normal	499857
6415	bd1f	bd1f0000	-0.038818359375	-0x1.3e00000000000p-5	-159	4096	normal	486233
6416	bd20	bd200000	-0.0390625	-0x1.4000000000000p-5	-5	128	normal	473079
6417	bd21	bd210000	-0.039306640625	-0x1.4200000000000p-5	-161	4096	normal	459041
6418	bd22	bd220000	-0.03955078125	-0x1.4400000000000p-5	-81	2048	normal	444165
6419	bd23	bd230000	-0.039794921875	-0x1.4600000000000p-5	-163	4096	normal	429898
6420	bd24	bd240000	-0.0400390625	-0x1.4800000000000p-5	-41	1024	normal	418136
6421	bd25	bd250000	-0.040283203125	-0x1.4a00000000000p-5	-165	4096	normal	406010
6422	bd26	bd260000	-0.04052734375	-0x1.4c00000000000p-5	-83	2048	normal	395428
6423	bd27	bd270000	-0.040771484375	-0x1.4e00000000000p-5	-167	4096	normal	382343
6424	bd28	bd280000	-0.041015625	-0x1.5000000000000p-5	-21	512	normal	370733
6425	bd29	bd290000	-0.041259765625	-0x1.5200000000000p-5	-169	4096	normal	361880
6426	bd2a	bd2a0000	-0.04150390625	-0x1.5400000000000p-5	-85	2048	normal	348919
6427	bd2b	bd2b0000	-0.041748046875	-0x1.5600000000000p-5	-171	4096	normal	339292
6428	bd2c	bd2c0000	-0.0419921875	-0x1.5800000000000p-5	-43	1024	normal	329176
6429	bd2d	bd2d0000	-0.042236328125	-0x1.5a00000000000p-5	-173	4096	normal	319355
6430	bd2e	bd2e0000	-0.04248046875	-0x1.5c00000000000p-5	-87	2048	normal	308823
6431	bd2f	bd2f0000	-0.042724609375	-0x1.5e00000000000p-5	-175	4096	normal	300326
6432	bd30	bd300000	-0.04296875	-0x1.6000000000000p-5	-11	256	normal	291502
6433	bd31	bd310000	-0.043212890625	-0x1.6200000000000p-5	-177	4096	normal	281551
6434	bd32	bd320000	-0.04345703125	-0x1.6400000000000p-5	-89	2048	normal	273576
6435	bd33	bd330000	-0.043701171875	-0x1.6600000000000p-5	-179	4096	normal	265897
6436	bd34	bd340000	-0.0439453125	-0x1.6800000000000p-5	-45	1024	normal	257516
6437	bd35	bd350000	-0.044189453125	-0x1.6a00000000000p-5	-181	4096	normal	251278
6438	bd36	bd360000	-0.04443359375	-0x1.6c00000000000p-5	-91	2048	normal	242637
6439	bd37	bd370000	-0.044677734375	-0x1.6e00000000000p-5	-183	4096	normal	235004
6440	bd38	bd380000	-0.044921875	-0x1.7000000000000p-5	-23	512	normal	227052
6441	bd39	bd390000	-0.045166015625	-0x1.7200000000000p-5	-185	4096	normal	219398
6442	bd3a	bd3a0000	-0.04541015625	-0x1.7400000000000p-5	-93	2048	normal	212708
6443	bd3b	bd3b0000	-0.045654296875	-0x1.7600000000000p-5	-187	4096	normal	205966
6444	bd3c	bd3c0000	-0.0458984375	-0x1.7800000000000p-5	-47	1024	normal	199935
6445	bd3d	bd3d0000	-0.046142578125	-0x1.7a00000000000p-5	-189	4096	normal	193083
6446	bd3e	bd3e0000	-0.04638671875	-0x1.7c00000000000p-5	-95	2048	normal	187878
6447	bd3f	bd3f0000	-0.046630859375	-0x1.7e00000000000p-5	-191	4096	normal	181605
6448	bd40	bd400000	-0.046875	-0x1.8000000000000p-5	-3	64	normal	176407
6449	bd41	bd410000	-0.047119140625	-0x1.8200000000000p-5	-193	4096	normal	170039
6450	bd42	bd420000	-0.04736328125	-0x1.8400000000000p-5	-97	2048	normal	164381
6451	bd43	bd430000	-0.047607421875	-0x1.8600000000000p-5	-195	4096	normal	159403
6452	bd44	bd440000	-0.0478515625	-0x1.8800000000000p-5	-49	1024	normal	153546
6453	bd45	bd450000	-0.048095703125	-0x1.8a00000000000p-5	-197	4096	normal	149803
6454	bd46	bd460000	-0.04833984375	-0x1.8c00000000000p-5	-99	2048	normal	144188
6455	bd47	bd470000	-0.048583984375	-0x1.8e00000000000p-5	-199	4096	normal	139965
6456	bd48	bd480000	-0.048828125	-0x1.9000000000000p-5	-25	512	normal	135555
6457	bd49	bd490000	-0.049072265625	-0x1.9200000000000p-5	-201	4096	normal	131033
6458	bd4a	bd4a0000	-0.04931640625	-0x1.9400000000000p-5	-101	2048	normal	127463
6459	bd4b	bd4b0000	-0.049560546875	-0x1.9600000000000p-5	-203	4096	normal	123372
6460	bd4c	bd4c0000	-0.0498046875	-0x1.9800000000000p-5	-51	1024	normal	119102
6461	bd4d	bd4d0000	-0.050048828125	-0x1.9a00000000000p-5	-205	4096	normal	114627
6462	bd4e	bd4e0000	-0.05029296875	-0x1.9c00000000000p-5	-103	2048	normal	110860
6463	bd4f	bd4f0000	-0.050537109375	-0x1.9e00000000000p-5	-207	4096	normal	107296
6464	bd50	bd500000	-0.05078125	-0x1.a000000000000p-5	-13	256	normal	103820
6465	bd51	bd510000	-0.051025390625	-0x1.a200000000000p-5	-209	4096	normal	100966
6466	bd52	bd520000	-0.05126953125	-0x1.a400000000000p-5	-105	2048	normal	96983
6467	bd53	bd530000	-0.051513671875	-0x1.a600000000000p-5	-211	4096	normal	93642
6468	bd54	bd540000	-0.0517578125	-0x1.a800000000000p-5	-53	1024	normal	90906
6469	bd55	bd550000	-0.052001953125	-0x1.aa00000000000p-5	-213	4096	normal	87086
6470	bd56	bd560000	-0.05224609375	-0x1.ac00000000000p-5	-107	2048	normal	84683
6471	bd57	bd570000	-0.052490234375	-0x1.ae00000000000p-5	-215	4096	normal	81466
6472	bd58	bd580000	-0.052734375	-0x1.b000000000000p-5	-27	512	normal	79074
6473	bd59	bd590000	-0.052978515625	-0x1.b200000000000p-5	-217	4096	normal	76293
6474	bd5a	bd5a0000	-0.05322265625	-0x1.b400000000000p-5	-109	2048	normal	73021
6475	bd5b	bd5b0000	-0.053466796875	-0x1.b600000000000p-5	-219	4096	normal	71275
6476	bd5c	bd5c0000	-0.0537109375	-0x1.b800000000000p-5	-55	1024	normal	69030
6477	bd5d	bd5d0000	-0.053955078125	-0x1.ba00000000000p-5	-221	4096	normal	66815
6478	bd5e	bd5e0000	-0.05419921875	-0x1.bc00000000000p-5	-111	2048	normal	64291
6479	bd5f	bd5f0000	-0.054443359375	-0x1.be00000000000p-5	-223	4096	normal	61694
6480	bd60	bd600000	-0.0546875	-0x1.c000000000000p-5	-7	128	normal	60051
6481	bd61	bd610000	-0.054931640625	-0x1.c200000000000p-5	-225	4096	normal	57823
6482	bd62	bd620000	-0.05517578125	-0x1.c400000000000p-5	-113	2048	normal	55880
6483	bd63	bd630000	-0.055419921875	-0x1.c600000000000p-5	-227	4096	normal	54036
6484	bd64	bd640000	-0.0556640625	-0x1.c800000000000p-5	-57	1024	normal	52261
6485	bd65	bd650000	-0.055908203125	-0x1.ca00000000000p-5	-229	4096	normal	50551
6486	bd66	bd660000	-0.05615234375	-0x1.cc00000000000p-5	-115	2048	normal	48713
6487	bd67	bd670000	-0.056396484375	-0x1.ce00000000000p-5	-231	4096	normal	46793
6488	bd68	bd680000	-0.056640625	-0x1.d000000000000p-5	-29	512	normal	44830
6489	bd69	bd690000	-0.056884765625	-0x1.d200000000000p-5	-233	4096	normal	43381
6490	bd6a	bd6a0000	-0.05712890625	-0x1.d400000000000p-5	-117	2048	normal	42370
6491	bd6b	bd6b0000	-0.057373046875	-0x1.d600000000000p-5	-235	4096	normal	41152
6492	bd6c	bd6c0000	-0.0576171875	-0x1.d800000000000p-5	-59	1024	normal	39458
6493	bd6d	bd6d0000	-0.057861328125	-0x1.da00000000000p-5	-237	4096	normal	38185
6494	bd6e	bd6e0000	-0.05810546875	-0x1.dc00000000000p-5	-119	2048	normal	36762
6495	bd6f	bd6f0000	-0.058349609375	-0x1.de00000000000p-5	-239	4096	normal	35437
6496	bd70	bd700000	-0.05859375	-0x1.e000000000000p-5	-15	256	normal	33898
6497	bd71	bd710000	-0.058837890625	-0x1.e200000000000p-5	-241	4096	normal	33024
6498	bd72	bd720000	-0.05908203125	-0x1.e400000000000p-5	-121	2048	normal	31774
6499	bd73	bd730000	-0.059326171875	-0x1.e600000000000p-5	-243	4096	normal	30704
6500	bd74	bd740000	-0.0595703125	-0x1.e800000000000p-5	-61	1024	normal	29596
6501	bd75	bd750000	-0.059814453125	-0x1.ea00000000000p-5	-245	4096	normal	28523
6502	bd76	bd760000	-0.06005859375	-0x1.ec00000000000p-5	-123	2048	normal	27645
6503	bd77	bd770000	-0.060302734375	-0x1.ee00000000000p-5	-247	4096	normal	26277
6504	bd78	bd780000	-0.060546875	-0x1.f000000000000p-5	-31	512	normal	25310
6505	bd79	bd790000	-0.060791015625	-0x1.f200000000000p-5	-249	4096	normal	24566
6506	bd7a	bd7a0000	-0.06103515625	-0x1.f400000000000p-5	-125	2048	normal	23693
6507	bd7b	bd7b0000	-0.061279296875	-0x1.f600000000000p-5	-251	4096	normal	22820
6508	bd7c	bd7c0000	-0.0615234375	-0x1.f800000000000p-5	-63	1024	normal	22222
6509	bd7d	bd7d0000	-0.061767578125	-0x1.fa00000000000p-5	-253	4096	normal	21591
6510	bd7e	bd7e0000	-0.06201171875	-0x1.fc00000000000p-5	-127	2048	normal	21263
6511	bd7f	bd7f0000	-0.062255859375	-0x1.fe00000000000p-5	-255	4096	normal	20756
6512	bd80	bd800000	-0.0625	-0x1.0000000000000p-4	-1	16	normal	26800
6513	bd81	bd810000	-0.06298828125	-0x1.0200000000000p-4	-129	2048	normal	34142
6514	bd82	bd820000	-0.0634765625	-0x1.0400000000000p-4	-65	1024	normal	32250
6515	bd83	bd830000	-0.06396484375	-0x1.0600000000000p-4	-131	2048	normal	30025
6516	bd84	bd840000	-0.064453125	-0x1.0800000000000p-4	-33	512	normal	28185
6517	bd85	bd850000	-0.06494140625	-0x1.0a00000000000p-4	-133	2048	normal	26317
6518	bd86	bd860000	-0.0654296875	-0x1.0c00000000000p-4	-67	1024	normal	24184
6519	bd87	bd870000	-0.06591796875	-0x1.0e00000000000p-4	-135	2048	normal	22599
6520	bd88	bd880000	-0.06640625	-0x1.1000000000000p-4	-17	256	normal	20991
6521	bd89	bd890000	-0.06689453125	-0x1.1200000000000p-4	-137	2048	normal	19588
6522	bd8a	bd8a0000	-0.0673828125	-0x1.1400000000000p-4	-69	1024	normal	17915
6523	bd8b	bd8b0000	-0.06787109375	-0x1.1600000000000p-4	-139	2048	normal	16699
6524	bd8c	bd8c0000	-0.068359375	-0x1.1800000000000p-4	-35	512	normal	15459
6525	bd8d	bd8d0000	-0.06884765625	-0x1.1a00000000000p-4	-141	2048	normal	14298
6526	bd8e	bd8e0000	-0.0693359375	-0x1.1c00000000000p-4	-71	1024	normal	13003
6527	bd8f	bd8f0000	-0.06982421875	-0x1.1e00000000000p-4	-143	2048	normal	12211
6528	bd90	bd900000	-0.0703125	-0x1.2000000000000p-4	-9	128	normal	11362
6529	bd91	bd910000	-0.07080078125	-0x1.2200000000000p-4	-145	2048	normal	10555
6530	bd92	bd920000	-0.0712890625	-0x1.2400000000000p-4	-73	1024	normal	9584
6531	bd93	bd930000	-0.07177734375	-0x1.2600000000000p-4	-147	2048	normal	8985
6532	bd94	bd940000	-0.072265625	-0x1.2800000000000p-4	-37	512	normal	8499
6533	bd95	bd950000	-0.07275390625	-0x1.2a00000000000p-4	-149	2048	normal	7759
6534	bd96	bd960000	-0.0732421875	-0x1.2c00000000000p-4	-75	1024	normal	6993
6535	bd97	bd970000	-0.07373046875	-0x1.2e00000000000p-4	-151	2048	normal	6451
6536	bd98	bd980000	-0.07421875	-0x1.3000000000000p-4	-19	256	normal	6016
6537	bd99	bd990000	-0.07470703125	-0x1.3200000000000p-4	-153	2048	normal	5509
6538	bd9a	bd9a0000	-0.0751953125	-0x1.3400000000000p-4	-77	1024	normal	5236
6539	bd9b	bd9b0000	-0.07568359375	-0x1.3600000000000p-4	-155	2048	normal	4778
6540	bd9c	bd9c0000	-0.076171875	-0x1.3800000000000p-4	-39	512	normal	4286
6541	bd9d	bd9d0000	-0.07666015625	-0x1.3a00000000000p-4	-157	2048	normal	3934
6542	bd9e	bd9e0000	-0.0771484375	-0x1.3c00000000000p-4	-79	1024	normal	3784
6543	bd9f	bd9f0000	-0.07763671875	-0x1.3e00000000000p-4	-159	2048	normal	3406
6544	bda0	bda00000	-0.078125	-0x1.4000000000000p-4	-5	64	normal	3109
6545	bda1	bda10000	-0.07861328125	-0x1.4200000000000p-4	-161	2048	normal	2918
6546	bda2	bda20000	-0.0791015625	-0x1.4400000000000p-4	-81	1024	normal	2732
6547	bda3	bda30000	-0.07958984375	-0x1.4600000000000p-4	-163	2048	normal	2537
6548	bda4	bda40000	-0.080078125	-0x1.4800000000000p-4	-41	512	normal	2246
6549	bda5	bda50000	-0.08056640625	-0x1.4a00000000000p-4	-165	2048	normal	2050
6550	bda6	bda60000	-0.0810546875	-0x1.4c00000000000p-4	-83	1024	normal	1957
6551	bda7	bda70000	-0.08154296875	-0x1.4e00000000000p-4	-167	2048	normal	1830
6552	bda8	bda80000	-0.08203125	-0x1.5000000000000p-4	-21	256	normal	1717
6553	bda9	bda90000	-0.08251953125	-0x1.5200000000000p-4	-169	2048	normal	1520
6554	bdaa	bdaa0000	-0.0830078125	-0x1.5400000000000p-4	-85	1024	normal	1366
6555	bdab	bdab0000	-0.08349609375	-0x1.5600000000000p-4	-171	2048	normal	1315
6556	bdac	bdac0000	-0.083984375	-0x1.5800000000000p-4	-43	512	normal	1190
6557	bdad	bdad0000	-0.08447265625	-0x1.5a00000000000p-4	-173	2048	normal	1119
6558	bdae	bdae0000	-0.0849609375	-0x1.5c00000000000p-4	-87	1024	normal	981
6559	bdaf	bdaf0000	-0.08544921875	-0x1.5e00000000000p-4	-175	2048	normal	981
6560	bdb0	bdb00000	-0.0859375	-0x1.6000000000000p-4	-11	128	normal	858
6561	bdb1	bdb10000	-0.08642578125	-0x1.6200000000000p-4	-177	2048	normal	770
6562	bdb2	bdb20000	-0.0869140625	-0x1.6400000000000p-4	-89	1024	normal	700
6563	bdb3	bdb30000	-0.08740234375	-0x1.6600000000000p-4	-179	2048	normal	658
6564	bdb4	bdb40000	-0.087890625	-0x1.6800000000000p-4	-45	512	normal	572
6565	bdb5	bdb50000	-0.08837890625	-0x1.6a00000000000p-4	-181	2048	normal	598
6566	bdb6	bdb60000	-0.0888671875	-0x1.6c00000000000p-4	-91	1024	normal	513
6567	bdb7	bdb70000	-0.08935546875	-0x1.6e00000000000p-4	-183	2048	normal	493
6568	bdb8	bdb80000	-0.08984375	-0x1.7000000000000p-4	-23	256	normal	416
6569	bdb9	bdb90000	-0.09033203125	-0x1.7200000000000p-4	-185	2048	normal	390
6570	bdba	bdba0000	-0.0908203125	-0x1.7400000000000p-4	-93	1024	normal	386
6571	bdbb	bdbb0000	-0.09130859375	-0x1.7600000000000p-4	-187	2048	normal	329
6572	bdbc	bdbc0000	-0.091796875	-0x1.7800000000000p-4	-47	512	normal	279
6573	bdbd	bdbd0000	-0.09228515625	-0x1.7a00000000000p-4	-189	2048	normal	284
6574	bdbe	bdbe0000	-0.0927734375	-0x1.7c00000000000p-4	-95	1024	normal	284
6575	bdbf	bdbf0000	-0.09326171875	-0x1.7e00000000000p-4	-191	2048	normal	206
6576	bdc0	bdc00000	-0.09375	-0x1.8000000000000p-4	-3	32	normal	240
6577	bdc1	bdc10000	-0.09423828125	-0x1.8200000000000p-4	-193	2048	normal	205
6578	bdc2	bdc20000	-0.0947265625	-0x1.8400000000000p-4	-97	1024	normal	176
6579	bdc3	bdc30000	-0.09521484375	-0x1.8600000000000p-4	-195	2048	normal	170
6580	bdc4	bdc40000	-0.095703125	-0x1.8800000000000p-4	-49	512	normal	152
6581	bdc5	bdc50000	-0.09619140625	-0x1.8a00000000000p-4	-197	2048	normal	130
6582	bdc6	bdc60000	-0.0966796875	-0x1.8c00000000000p-4	-99	1024	normal	116
6583	bdc7	bdc70000	-0.09716796875	-0x1.8e00000000000p-4	-199	2048	normal	118
6584	bdc8	bdc80000	-0.09765625	-0x1.9000000000000p-4	-25	256	normal	117
6585	bdc9	bdc90000	-0.09814453125	-0x1.9200000000000p-4	-201	2048	normal	82
6586	bdca	bdca0000	-0.0986328125	-0x1.9400000000000p-4	-101	1024	normal	84
6587	bdcb	bdcb0000	-0.09912109375	-0x1.9600000000000p-4	-203	2048	normal	89
6588	bdcc	bdcc0000	-0.099609375	-0x1.9800000000000p-4	-51	512	normal	73
6589	bdcd	bdcd0000	-0.10009765625	-0x1.9a00000000000p-4	-205	2048	normal	61
6590	bdce	bdce0000	-0.1005859375	-0x1.9c00000000000p-4	-103	1024	normal	64
6591	bdcf	bdcf0000	-0.10107421875	-0x1.9e00000000000p-4	-207	2048	normal	65
6592	bdd0	bdd00000	-0.1015625	-0x1.a000000000000p-4	-13	128	normal	54
6593	bdd1	bdd10000	-0.10205078125	-0x1.a200000000000p-4	-209	2048	normal	47
6594	bdd2	bdd20000	-0.1025390625	-0x1.a400000000000p-4	-105	1024	normal	38
6595	bdd3	bdd30000	-0.10302734375	-0x1.a600000000000p-4	-211	2048	normal	37
6596	bdd4	bdd40000	-0.103515625	-0x1.a800000000000p-4	-53	512	normal	31
6597	bdd5	bdd50000	-0.10400390625	-0x1.aa00000000000p-4	-213	2048	normal	27
6598	bdd6	bdd60000	-0.1044921875	-0x1.ac00000000000p-4	-107	1024	normal	37
6599	bdd7	bdd70000	-0.10498046875	-0x1.ae00000000000p-4	-215	2048	normal	33
6600	bdd8	bdd80000	-0.10546875	-0x1.b000000000000p-4	-27	256	normal	29
6601	bdd9	bdd90000	-0.10595703125	-0x1.b200000000000p-4	-217	2048	normal	20
6602	bdda	bdda0000	-0.1064453125	-0x1.b400000000000p-4	-109	1024	normal	25
6603	bddb	bddb0000	-0.10693359375	-0x1.b600000000000p-4	-219	2048	normal	24
6604	bddc	bddc0000	-0.107421875	-0x1.b800000000000p-4	-55	512	normal	23
6605	bddd	bddd0000	-0.10791015625	-0x1.ba00000000000p-4	-221	2048	normal	24
6606	bdde	bdde0000	-0.1083984375	-0x1.bc00000000000p-4	-111	1024	normal	17
6607	bddf	bddf0000	-0.10888671875	-0x1.be00000000000p-4	-223	2048	normal	9
6608	bde0	bde00000	-0.109375	-0x1.c000000000000p-4	-7	64	normal	17
6609	bde1	bde10000	-0.10986328125	-0x1.c200000000000p-4	-225	2048	normal	12
6610	bde2	bde20000	-0.1103515625	-0x1.c400000000000p-4	-113	1024	normal	14
6611	bde3	bde30000	-0.11083984375	-0x1.c600000000000p-4	-227	2048	normal	16
6612	bde4	bde40000	-0.111328125	-0x1.c800000000000p-4	-57	512	normal	12
6613	bde5	bde50000	-0.11181640625	-0x1.ca00000000000p-4	-229	2048	normal	11
6614	bde6	bde60000	-0.1123046875	-0x1.cc00000000000p-4	-115	1024	normal	8
6615	bde7	bde70000	-0.11279296875	-0x1.ce00000000000p-4	-231	2048	normal	8
6616	bde8	bde80000	-0.11328125	-0x1.d000000000000p-4	-29	256	normal	12
6617	bde9	bde90000	-0.11376953125	-0x1.d200000000000p-4	-233	2048	normal	5
6618	bdea	bdea0000	-0.1142578125	-0x1.d400000000000p-4	-117	1024	normal	3
6619	bdeb	bdeb0000	-0.11474609375	-0x1.d600000000000p-4	-235	2048	normal	9
6620	bdec	bdec0000	-0.115234375	-0x1.d800000000000p-4	-59	512	normal	5
6621	bded	bded0000	-0.11572265625	-0x1.da00000000000p-4	-237	2048	normal	3
6622	bdee	bdee0000	-0.1162109375	-0x1.dc00000000000p-4	-119	1024	normal	1
6623	bdef	bdef0000	-0.11669921875	-0x1.de00000000000p-4	-239	2048	normal	3
6624	bdf0	bdf00000	-0.1171875	-0x1.e000000000000p-4	-15	128	normal	3
6625	bdf1	bdf10000	-0.11767578125	-0x1.e200000000000p-4	-241	2048	normal	8
6626	bdf2	bdf20000	-0.1181640625	-0x1.e400000000000p-4	-121	1024	normal	5
6627	bdf3	bdf30000	-0.11865234375	-0x1.e600000000000p-4	-243	2048	normal	4
6628	bdf4	bdf40000	-0.119140625	-0x1.e800000000000p-4	-61	512	normal	4
6629	bdf5	bdf50000	-0.11962890625	-0x1.ea00000000000p-4	-245	2048	normal	2
6630	bdf6	bdf60000	-0.1201171875	-0x1.ec00000000000p-4	-123	1024	normal	3
6631	bdf7	bdf70000	-0.12060546875	-0x1.ee00000000000p-4	-247	2048	normal	2
6632	bdf8	bdf80000	-0.12109375	-0x1.f000000000000p-4	-31	256	normal	6
6633	bdf9	bdf90000	-0.12158203125	-0x1.f200000000000p-4	-249	2048	normal	6
6634	bdfa	bdfa0000	-0.1220703125	-0x1.f400000000000p-4	-125	1024	normal	5
6635	bdfb	bdfb0000	-0.12255859375	-0x1.f600000000000p-4	-251	2048	normal	1
6636	bdfc	bdfc0000	-0.123046875	-0x1.f800000000000p-4	-63	512	normal	4
6637	bdfd	bdfd0000	-0.12353515625	-0x1.fa00000000000p-4	-253	2048	normal	4
6638	bdfe	bdfe0000	-0.1240234375	-0x1.fc00000000000p-4	-127	1024	normal	1
6639	bdff	bdff0000	-0.12451171875	-0x1.fe00000000000p-4	-255	2048	normal	3
6640	be00	be000000	-0.125	-0x1.0000000000000p-3	-1	8	normal	1
6641	be01	be010000	-0.1259765625	-0x1.0200000000000p-3	-129	1024	normal	3
6642	be02	be020000	-0.126953125	-0x1.0400000000000p-3	-65	512	normal	2
6643	be03	be030000	-0.1279296875	-0x1.0600000000000p-3	-131	1024	normal	4
6644	be04	be040000	-0.12890625	-0x1.0800000000000p-3	-33	256	normal	3
6645	be07	be070000	-0.1318359375	-0x1.0e00000000000p-3	-135	1024	normal	3
6646	be09	be090000	-0.1337890625	-0x1.1200000000000p-3	-137	1024	normal	1
6647	be0a	be0a0000	-0.134765625	-0x1.1400000000000p-3	-69	512	normal	3
6648	be0d	be0d0000	-0.1376953125	-0x1.1a00000000000p-3	-141	1024	normal	1
6649	be0e	be0e0000	-0.138671875	-0x1.1c00000000000p-3	-71	512	normal	1
6650	be12	be120000	-0.142578125	-0x1.2400000000000p-3	-73	512	normal	1
6651	be13	be130000	-0.1435546875	-0x1.2600000000000p-3	-147	1024	normal	1
6652	be18	be180000	-0.1484375	-0x1.3000000000000p-3	-19	128	normal	1
6653	be24	be240000	-0.16015625	-0x1.4800000000000p-3	-41	256	normal	1
6654	be25	be250000	-0.1611328125	-0x1.4a00000000000p-3	-165	1024	normal	2
6655	be27	be270000	-0.1630859375	-0x1.4e00000000000p-3	-167	1024	normal	1
6656	be55	be550000	-0.2080078125	-0x1.aa00000000000p-3	-213	1024	normal	1
6657	beb4	beb40000	-0.3515625	-0x1.6800000000000p-2	-45	128	normal	1
